code,subject,number,title,credits_min,credits_max,level,school,section_count
AAAD-A 100,AAAD,100,AF AM DANCE COMPNY FOUNDATIONS,2.0,2.0,100,African Am & Afri Diaspora Std (AAAD),1
AAAD-A 110,AAAD,110,AF AM CHORAL ENSEMBL FOUNDATNS,2.0,2.0,100,African Am & Afri Diaspora Std (AAAD),1
AAAD-A 113,AAAD,113,ATKINS LLC FOUNDATIONAL COURSE,1.0,1.0,100,African Am & Afri Diaspora Std (AAAD),1
AAAD-A 120,AAAD,120,SOUL REVUE FOUNDATIONS,2.0,2.0,100,African Am & Afri Diaspora Std (AAAD),1
AAAD-A 150,AAAD,150,SURV CULTR OF BLACK AMERICANS,3.0,3.0,100,African Am & Afri Diaspora Std (AAAD),5
AAAD-A 156,AAAD,156,JIM CROW AND APARTHEID,3.0,3.0,100,African Am & Afri Diaspora Std (AAAD),1
AAAD-A 199,AAAD,199,SPEC TPC ARTS & HUMANITIES AAADS,3.0,3.0,100,African Am & Afri Diaspora Std (AAAD),1
AAAD-A 221,AAAD,221,DANCE IN THE AFRICAN DIASPORA,3.0,3.0,200,African Am & Afri Diaspora Std (AAAD),1
AAAD-A 238,AAAD,238,COMMUNICATION IN BLACK AMERICA,3.0,3.0,200,African Am & Afri Diaspora Std (AAAD),1
AAAD-A 249,AAAD,249,AFRICAN AMERICAN AUTOBIOGRAPHY,3.0,3.0,200,African Am & Afri Diaspora Std (AAAD),1
AAAD-A 263,AAAD,263,CONTEMP SOC ISS-AFR AMER COMM,3.0,3.0,200,African Am & Afri Diaspora Std (AAAD),1
AAAD-A 264,AAAD,264,HIST SPORT & AFRO-AMERICAN EXPER,3.0,3.0,200,African Am & Afri Diaspora Std (AAAD),5
AAAD-A 295,AAAD,295,SURVEY OF HIP HOP,3.0,3.0,200,African Am & Afri Diaspora Std (AAAD),1
AAAD-A 297,AAAD,297,POPULAR MUSIC OF BLACK AMERICA,3.0,3.0,200,African Am & Afri Diaspora Std (AAAD),1
AAAD-A 331,AAAD,331,VISUAL ARTS HARLEM RENAISSANCE,3.0,3.0,300,African Am & Afri Diaspora Std (AAAD),1
AAAD-A 337,AAAD,337,SOUL REVUE ADV STU PRACT,2.0,2.0,300,African Am & Afri Diaspora Std (AAAD),1
AAAD-A 338,AAAD,338,AF AM DANCE CO ADV STDIES PRAC,2.0,2.0,300,African Am & Afri Diaspora Std (AAAD),1
AAAD-A 339,AAAD,339,AACE ADV STU AND PRACT,2.0,2.0,300,African Am & Afri Diaspora Std (AAAD),1
AAAD-A 354,AAAD,354,TRANSNATIONAL AMERICAS,3.0,3.0,300,African Am & Afri Diaspora Std (AAAD),1
AAAD-A 355,AAAD,355,AFRICAN-AMERICAN HISTORY I,3.0,3.0,300,African Am & Afri Diaspora Std (AAAD),1
AAAD-A 388,AAAD,388,MOTOWN,3.0,3.0,300,African Am & Afri Diaspora Std (AAAD),1
AAAD-A 398,AAAD,398,ADV TPCS IN SOCIAL & HIST AAADS,3.0,3.0,300,African Am & Afri Diaspora Std (AAAD),1
AAAD-A 479,AAAD,479,CONTEMPORARY BLACK POETRY,3.0,3.0,400,African Am & Afri Diaspora Std (AAAD),1
AAAD-A 481,AAAD,481,RACISM AND THE LAW,3.0,3.0,400,African Am & Afri Diaspora Std (AAAD),1
AAAD-A 493,AAAD,493,SENIOR SEMINAR IN AAADS,3.0,3.0,400,African Am & Afri Diaspora Std (AAAD),1
AAAD-A 499,AAAD,499,HONORS THESIS,3.0,3.0,400,African Am & Afri Diaspora Std (AAAD),1
AAAD-A 556,AAAD,556,RACE & CULTURE-AFRICAN DIASPORA,4.0,4.0,500,African Am & Afri Diaspora Std (AAAD),1
AAAD-A 599,AAAD,599,MA THESIS RESEARCH,1.0,6.0,500,African Am & Afri Diaspora Std (AAAD),1
AAAD-A 669,AAAD,669,INDEP PROJ BLACK SOCIAL ISSUES,3.0,3.0,600,African Am & Afri Diaspora Std (AAAD),1
AAAD-A 679,AAAD,679,CONTEMPORARY BLACK POETRY,3.0,3.0,600,African Am & Afri Diaspora Std (AAAD),1
AAAD-A 686,AAAD,686,GRAD INTERNSHIP AFRO-AMER STDS,4.0,4.0,600,African Am & Afri Diaspora Std (AAAD),1
AAAD-A 689,AAAD,689,INDEP. PROG. IN BLK LITERATURE,3.0,3.0,600,African Am & Afri Diaspora Std (AAAD),1
AAAD-A 690,AAAD,690,CORE RDGS IN AFRO-AMER STUDIES,4.0,4.0,600,African Am & Afri Diaspora Std (AAAD),1
AAAD-A 698,AAAD,698,FIELD STUDY SEMINAR,4.0,4.0,600,African Am & Afri Diaspora Std (AAAD),1
AAAD-A 699,AAAD,699,INDPT PROJECT IN BLACK MUS,3.0,3.0,600,African Am & Afri Diaspora Std (AAAD),2
AAAD-A 799,AAAD,799,STUDY & RESEARCH ABROAD IN AAADS,3.0,3.0,700,African Am & Afri Diaspora Std (AAAD),1
AAAD-A 899,AAAD,899,PHD DISSERTATION RESEARCH,1.0,12.0,800,African Am & Afri Diaspora Std (AAAD),1
AAAD-G 599,AAAD,599,THESIS RESEARCH,0.0,0.0,500,African Am & Afri Diaspora Std (AAAD),1
AAAD-G 901,AAAD,901,ADVANCED RESEARCH,6.0,6.0,900,African Am & Afri Diaspora Std (AAAD),1
AAAD-X 373,AAAD,373,INTERNSHIP IN AAADS,3.0,3.0,300,African Am & Afri Diaspora Std (AAAD),1
AAAD-X 490,AAAD,490,INDIV READ IN AFR AMER STUDIES,1.0,3.0,400,African Am & Afri Diaspora Std (AAAD),10
AADM-Y 500,AADM,500,TOPICS IN ARTS ADMINISTRATION,3.0,3.0,500,Arts Administration (AADM),3
AADM-Y 502,AADM,502,INTRO ARTS ADMIN & ORG BEHVIOR,3.0,3.0,500,Arts Administration (AADM),1
AADM-Y 506,AADM,506,CURATING IN GALLERIES & MUSEUM,3.0,3.0,500,Arts Administration (AADM),1
AADM-Y 511,AADM,511,PERFORMING ARTS CENTER MGMT,3.0,3.0,500,Arts Administration (AADM),1
AADM-Y 515,AADM,515,FINANCIAL MANAGEMENT FOR ARTS,3.0,3.0,500,Arts Administration (AADM),1
AADM-Y 550,AADM,550,PRACTICUM IN ARTS ADMIN,0.0,3.0,500,Arts Administration (AADM),2
AADM-Y 559,AADM,559,PUBLIC POLICY AND THE ARTS,3.0,3.0,500,Arts Administration (AADM),1
AADM-Y 562,AADM,562,LEGAL ISSUES IN THE ARTS,3.0,3.0,500,Arts Administration (AADM),1
AADM-Y 650,AADM,650,SEMINAR IN ARTS ADMINISTRATION,3.0,3.0,600,Arts Administration (AADM),1
AADM-Y 680,AADM,680,READINGS IN ARTS ADMIN,1.0,3.0,600,Arts Administration (AADM),1
AADM-Y 690,AADM,690,INDPT STUDY IN ARTS ADMIN,1.0,3.0,600,Arts Administration (AADM),1
AADM-Y 750,AADM,750,INTERNSHIP IN ARTS ADMIN,0.0,3.0,700,Arts Administration (AADM),1
AAST-A 200,AAST,200,ASIAN AMERICAN LITERATURE,3.0,3.0,200,Asian American Studies (AAST),1
AAST-A 201,AAST,201,ASIAN DIASPORA EXPERIENCE,3.0,3.0,200,Asian American Studies (AAST),1
ABEH-A 101,ABEH,101,INTRO ANIMAL BEHAVIOR,3.0,3.0,100,Animal Behavior (ABEH),1
ABEH-A 200,ABEH,200,ANIMAL BEHAVIOR WORKSHOP,3.0,3.0,200,Animal Behavior (ABEH),1
ABEH-A 310,ABEH,310,ANIMAL PHYSIOLOGY,3.0,3.0,300,Animal Behavior (ABEH),1
ABEH-A 350,ABEH,350,ANIMAL BEHAVIOR LABORATORY,3.0,3.0,300,Animal Behavior (ABEH),1
ABEH-A 400,ABEH,400,ADV WORKSHOP IN ANIMAL BEHAVR,3.0,3.0,400,Animal Behavior (ABEH),1
ABEH-A 401,ABEH,401,TOPICS IN ANIMAL BEHAVIOR,3.0,3.0,400,Animal Behavior (ABEH),1
ABEH-A 501,ABEH,501,SEM INTEG STDY OF ANM BEH,3.0,3.0,500,Animal Behavior (ABEH),1
ABEH-X 473,ABEH,473,ANIMAL BEHAVIOR INTERNSHIP,1.0,6.0,400,Animal Behavior (ABEH),1
ABEH-X 491,ABEH,491,IND STUDY IN ANIMAL BEHAVIOR,1.0,3.0,400,Animal Behavior (ABEH),2
AERO-A 100,AERO,100,INTRO TO AEROSPACE STUDIES,2.0,2.0,100,Aerospace Studies (AERO),1
AERO-A 101,AERO,101,INTRO TO THE AIR FORCE I,1.0,1.0,100,Aerospace Studies (AERO),2
AERO-A 151,AERO,151,AF LLAB I,1.0,1.0,100,Aerospace Studies (AERO),1
AERO-A 201,AERO,201,TEAM AND LDRSP FUND USAF I,1.0,1.0,200,Aerospace Studies (AERO),1
AERO-A 215,AERO,215,AIR FORCE ROTC PT,1.0,1.0,200,Aerospace Studies (AERO),1
AERO-A 301,AERO,301,LEADING AND COMM USAF I,3.0,3.0,300,Aerospace Studies (AERO),1
AERO-A 401,AERO,401,NATL SEC PREP ACTV DUTY I,3.0,3.0,400,Aerospace Studies (AERO),1
AFRI-A 100,AFRI,100,INTRO TO AFRICAN STUDIES,3.0,3.0,100,African Studies (AFRI),1
AFRI-A 300,AFRI,300,"QUEENS, WARRIORS, PRES: W. AFR",3.0,3.0,300,Gender Studies (GNDR),0
AFRI-A 500,AFRI,500,ADV TOPICS IN AFRICAN STUDIES,1.0,4.0,500,African Studies (AFRI),1
AFRI-A 651,AFRI,651,IND RESEARCH/DIRECTED READINGS,1.0,3.0,600,African Studies (AFRI),1
AFRI-B 101,AFRI,101,ELEMENTARY BAMANA I,4.0,4.0,100,African Studies (AFRI),1
AFRI-B 201,AFRI,201,INTERMEDIATE BAMANA I,3.0,3.0,200,African Studies (AFRI),1
AFRI-B 301,AFRI,301,ADVANCED BAMANA I,3.0,3.0,300,African Studies (AFRI),1
AFRI-B 501,AFRI,501,ELEMENTARY BAMANA I,3.0,3.0,500,African Studies (AFRI),1
AFRI-B 601,AFRI,601,INTERMEDIATE BAMANA I,3.0,3.0,600,African Studies (AFRI),1
AFRI-B 701,AFRI,701,ADVANCED BAMANA I,3.0,3.0,700,African Studies (AFRI),1
AFRI-K 101,AFRI,101,ELEMENTARY AKAN I,4.0,4.0,100,African Studies (AFRI),2
AFRI-K 201,AFRI,201,INTERMEDIATE AKAN I,3.0,3.0,200,African Studies (AFRI),2
AFRI-K 301,AFRI,301,ADVANCED AKAN I,3.0,3.0,300,African Studies (AFRI),1
AFRI-K 501,AFRI,501,ELEMENTARY AKAN I,3.0,3.0,500,African Studies (AFRI),1
AFRI-K 601,AFRI,601,INTERMEDIATE AKAN I,3.0,3.0,600,African Studies (AFRI),2
AFRI-K 701,AFRI,701,ADVANCED AKAN I,3.0,3.0,700,African Studies (AFRI),1
AFRI-L 100,AFRI,100,TOPICS IN AFRI SOCIETY & CULTURE,3.0,3.0,100,African Studies (AFRI),1
AFRI-L 101,AFRI,101,YOUTH MIGRATION/LDRSHIP AFRICA,3.0,3.0,100,African Studies (AFRI),1
AFRI-L 231,AFRI,231,AFRICAN CIVILIZATION,3.0,3.0,200,African Studies (AFRI),1
AFRI-L 232,AFRI,232,CONTEMPORARY AFRICA,3.0,3.0,200,African Studies (AFRI),1
AFRI-L 250,AFRI,250,AFRICAN EXPRESSIVE ROUTINES,3.0,3.0,200,African Studies (AFRI),1
AFRI-L 506,AFRI,506,TUTORIAL INSTRUCT FOREIGN LANG,1.0,6.0,500,African Studies (AFRI),1
AFRI-S 101,AFRI,101,ELEMENTARY SWAHILI 1,4.0,4.0,100,African Studies (AFRI),1
AFRI-S 201,AFRI,201,INTERMEDIATE SWAHILI 1,3.0,3.0,200,African Studies (AFRI),1
AFRI-S 301,AFRI,301,ADVANCED SWAHILI 1,3.0,3.0,300,African Studies (AFRI),1
AFRI-S 501,AFRI,501,ELEMENTARY SWAHILI I,3.0,3.0,500,African Studies (AFRI),1
AFRI-S 601,AFRI,601,INTERMEDIATE SWAHILI I,3.0,3.0,600,African Studies (AFRI),1
AFRI-S 701,AFRI,701,ADVANCED SWAHILI I,3.0,3.0,700,African Studies (AFRI),1
AFRI-X 390,AFRI,390,READINGS & RSRCH: AFRICAN STUDIES,1.0,3.0,300,African Studies (AFRI),1
AFRI-X 391,AFRI,391,INDIVL STDY OF AN AFRICAN LANG,1.0,4.0,300,African Studies (AFRI),1
AFRI-X 473,AFRI,473,INTERNSHIP IN AFRICAN STUDIES,1.0,4.0,400,African Studies (AFRI),1
AFRI-X 491,AFRI,491,ADV INDIV STUDY: AFRICAN LANG,3.0,3.0,400,African Studies (AFRI),2
AFRI-X 773,AFRI,773,INTERNSHIP IN AFRICAN STUDIES,1.0,6.0,700,African Studies (AFRI),1
AFRI-Y 101,AFRI,101,ELEMENTARY YORUBA I,4.0,4.0,100,African Studies (AFRI),1
AFRI-Y 201,AFRI,201,INTERMEDIATE YORUBA I,3.0,3.0,200,African Studies (AFRI),1
AFRI-Y 301,AFRI,301,ADVANCED YORUBA I,3.0,3.0,300,African Studies (AFRI),2
AFRI-Y 501,AFRI,501,ELEMENTARY YORUBA I,3.0,3.0,500,African Studies (AFRI),1
AFRI-Y 601,AFRI,601,INTERMEDIATE YORUBA I,3.0,3.0,600,African Studies (AFRI),1
AFRI-Y 701,AFRI,701,ADVANCED YORUBA I,3.0,3.0,700,African Studies (AFRI),2
AMST-A 100,AMST,100,WHAT IS AMERICA?,3.0,3.0,100,American Studies (AMST),10
AMST-A 200,AMST,200,COMPARATIVE AMER IDENTITIES,3.0,3.0,200,American Studies (AMST),1
AMST-A 201,AMST,201,U.S. MOVEMENTS & INSTITUTIONS,3.0,3.0,200,American Studies (AMST),2
AMST-A 207,AMST,207,POPULAR MUSIC CRITICAL THEORY,3.0,3.0,200,American Studies (AMST),1
AMST-A 305,AMST,305,WWII INTERNMENT FILM HIST ART,3.0,3.0,300,American Studies (AMST),1
AMST-A 350,AMST,350,TOPICS: INTERDISCIPLINARY AMST,3.0,3.0,300,American Studies (AMST),1
AMST-A 399,AMST,399,ADVANCED TOPICS S & H FOR AMST,3.0,3.0,300,American Studies (AMST),1
AMST-G 620,AMST,620,COLLOQUIUM IN AMERICAN STUDIES,3.0,4.0,600,American Studies (AMST),1
AMST-G 751,AMST,751,"RACE, GENDER & DISABILITY",4.0,4.0,700,Afro-American Studies (AFRO),0
AMST-G 753,AMST,753,INDEPENDENT STUDY,1.0,4.0,700,American Studies (AMST),1
AMST-G 805,AMST,805,PHD THESIS,1.0,12.0,800,American Studies (AMST),1
AMST-G 901,AMST,901,ADVANCED RESEARCH,6.0,6.0,900,American Studies (AMST),1
AMST-X 390,AMST,390,READINGS IN AMERICAN STUDIES,1.0,3.0,300,American Studies (AMST),1
ANAT-A 225,ANAT,225,HUMAN ANATOMY,5.0,5.0,200,Anatomy (ANAT),14
ANAT-A 464,ANAT,464,HUMAN TISSUE BIOLOGY,4.0,4.0,400,Anatomy (ANAT),1
ANAT-A 515,ANAT,515,HUMAN ANATOMY FOR EDUCATORS,5.0,5.0,500,Anatomy (ANAT),1
ANAT-A 530,ANAT,530,SPECIAL TOPICS,1.0,5.0,500,Biology (BIOL),1
ANAT-A 620,ANAT,620,HUMAN STRUCTURE,9.0,9.0,600,Anatomy (ANAT),1
ANAT-A 800,ANAT,800,RESEARCH IN ANATOMY,1.0,12.0,800,Anatomy (ANAT),1
ANAT-A 850,ANAT,850,TOPICAL SEMINAR IN ANATOMY,1.0,1.0,800,Anatomy (ANAT),1
ANAT-A 878,ANAT,878,ANATOMY TEACHING PRACTICUM,2.0,2.0,800,Anatomy (ANAT),1
ANTH-A 102,ANTH,102,HUMAN EXPERIENCE,3.0,3.0,100,Anthropology (ANTH),1
ANTH-A 107,ANTH,107,BECOMING HUMAN: EVOLUTION,3.0,3.0,100,Anthropology (ANTH),4
ANTH-A 122,ANTH,122,INTERPERSONAL COMMUNICATION,3.0,3.0,100,Anthropology (ANTH),15
ANTH-A 399,ANTH,399,HONORS TUTORIAL,3.0,3.0,300,Anthropology (ANTH),1
ANTH-A 521,ANTH,521,INTRO TO COLLEGE TEACHING,3.0,3.0,500,Anthropology (ANTH),1
ANTH-A 576,ANTH,576,GRADUATE MUSEUM PRACTICUM,1.0,6.0,500,Anthropology (ANTH),1
ANTH-A 578,ANTH,578,GRADUATE INTERNSHIP ANTHROPLGY,1.0,6.0,500,Anthropology (ANTH),1
ANTH-A 595,ANTH,595,GRADUATE READINGS IN ANTH,1.0,4.0,500,Anthropology (ANTH),3
ANTH-A 800,ANTH,800,RESEARCH,1.0,18.0,800,Anthropology (ANTH),4
ANTH-B 111,ANTH,111,INTRO TO CHIMPANZEE BEHAVIOR,3.0,3.0,100,Anthropology (ANTH),1
ANTH-B 200,ANTH,200,BIOANTHROPOLOGY,4.0,4.0,200,Anthropology (ANTH),7
ANTH-B 370,ANTH,370,HUMAN VARIATION,3.0,3.0,300,Anthropology (ANTH),1
ANTH-B 380,ANTH,380,EVOLUTION OF HUMAN COGNITION,3.0,3.0,300,Anthropology (ANTH),1
ANTH-B 464,ANTH,464,HUMAN PALAEONTOLOGY,3.0,3.0,400,Anthropology (ANTH),1
ANTH-B 500,ANTH,500,PROSEMINAR IN BIOANTHROPOLOGY,3.0,3.0,500,Anthropology (ANTH),1
ANTH-B 570,ANTH,570,HUMAN ADAPTATION: BIOL APPRCHS,3.0,3.0,500,Anthropology (ANTH),1
ANTH-E 200,ANTH,200,SOCIAL & CULTURAL ANTHROPOLOGY,3.0,3.0,200,Anthropology (ANTH),1
ANTH-E 206,ANTH,206,CHANTING DOWN BABYLON,3.0,3.0,200,Anthropology (ANTH),1
ANTH-E 208,ANTH,208,"GLOBAL JAZZ, REGGAE, & HIP HOP",3.0,3.0,200,Anthropology (ANTH),1
ANTH-E 260,ANTH,260,"CULTURE, HEALTH AND ILLNESS",3.0,3.0,200,Anthropology (ANTH),7
ANTH-E 302,ANTH,302,ETHNOGRAPHIC METHODS,3.0,3.0,300,Anthropology (ANTH),1
ANTH-E 344,ANTH,344,ON THE MOVE ACROSS ASIA,3.0,3.0,300,Anthropology (ANTH),1
ANTH-E 346,ANTH,346,GLOBAL ANARCHY,3.0,3.0,300,Anthropology (ANTH),1
ANTH-E 386,ANTH,386,"PERF, CULTURE, PWR IN MID EAST",3.0,3.0,300,Anthropology (ANTH),1
ANTH-E 400,ANTH,400,UNDERGRADUATE SEMINAR,3.0,3.0,400,Anthropology (ANTH),1
ANTH-E 418,ANTH,418,GLOBALIZATION & CONSUMER CULTR,3.0,3.0,400,Anthropology (ANTH),1
ANTH-E 421,ANTH,421,FOOD AND CULTURE,3.0,3.0,400,Anthropology (ANTH),1
ANTH-E 600,ANTH,600,SEMINAR CULTURAL & SOCIAL ANTH,3.0,3.0,600,Anthropology (ANTH),1
ANTH-E 612,ANTH,612,ANTH OF RUSSIA AND EAST EUROPE,3.0,3.0,600,Anthropology (ANTH),1
ANTH-E 621,ANTH,621,FOOD AND CULTURE,3.0,3.0,600,Anthropology (ANTH),1
ANTH-E 648,ANTH,648,"POWER, SUBJECTIVITY, & THE STATE",3.0,3.0,600,Anthropology (ANTH),1
ANTH-G 599,ANTH,599,THESIS RESEARCH,0.0,0.0,500,Anthropology (ANTH),1
ANTH-G 901,ANTH,901,ADVANCED RESEARCH,6.0,6.0,900,Anthropology (ANTH),1
ANTH-H 500,ANTH,500,HIST ANTH THGHT 19TH-20TH CENT,3.0,3.0,500,Anthropology (ANTH),1
ANTH-L 200,ANTH,200,LANGUAGE AND CULTURE,3.0,3.0,200,Anthropology (ANTH),1
ANTH-L 314,ANTH,314,PERFRMNCE AS COMMUNICATVE PRAC,3.0,3.0,300,Anthropology (ANTH),1
ANTH-L 400,ANTH,400,SEM IN ETHNOGRAPHY OF COMM,3.0,3.0,400,Anthropology (ANTH),1
ANTH-L 600,ANTH,600,SEMINAR IN ETHNOGRAPHY OF COMM,3.0,3.0,600,Anthropology (ANTH),1
ANTH-P 200,ANTH,200,INTRODUCTION TO ARCHAEOLOGY,3.0,3.0,200,Anthropology (ANTH),4
ANTH-P 375,ANTH,375,FOOD IN THE ANCIENT WORLD,3.0,3.0,300,Anthropology (ANTH),1
ANTH-P 385,ANTH,385,LITHIC TECH ORGANIZATION,3.0,3.0,300,Anthropology (ANTH),1
ANTH-P 575,ANTH,575,FOOD IN THE ANCIENT WORLD,3.0,3.0,500,Anthropology (ANTH),1
ANTH-X 371,ANTH,371,UGRD TEACHING PRACTICUM,1.0,6.0,300,Anthropology (ANTH),1
ANTH-X 476,ANTH,476,MUSEUM PRACTICUM,1.0,4.0,400,Anthropology (ANTH),1
ANTH-X 477,ANTH,477,FIELDWORK IN ANTHROPOLOGY,1.0,8.0,400,Anthropology (ANTH),1
ANTH-X 478,ANTH,478,PRACTICUM IN ANTHROPOLOGY,1.0,8.0,400,Anthropology (ANTH),1
ANTH-X 479,ANTH,479,FIELDWORK IN BIOANTHROPOLOGY,1.0,8.0,400,Anthropology (ANTH),1
ANTH-X 490,ANTH,490,INDIVIDUAL READINGS IN ANTH,1.0,4.0,400,Anthropology (ANTH),3
ARTH-A 101,ARTH,101,ANCIENT AND MEDIEVAL ART,3.0,3.0,100,Art History (ARTH),4
ARTH-A 102,ARTH,102,RENAISSANCE THROUGH MODERN ART,3.0,3.0,100,Art History (ARTH),5
ARTH-A 155,ARTH,155,INTRODUCTION TO AFRICAN ART,3.0,3.0,100,Art History (ARTH),1
ARTH-A 160,ARTH,160,INTRODUCTION TO EAST ASIAN ART,3.0,3.0,100,Art History (ARTH),1
ARTH-A 200,ARTH,200,TOPICS IN ART HISTORY,3.0,3.0,200,Art History (ARTH),1
ARTH-A 204,ARTH,204,EAST ASIAN BUDDHIST ART,3.0,3.0,200,Art History (ARTH),1
ARTH-A 205,ARTH,205,BAROQUE ART IN EUROPE,3.0,3.0,200,Art History (ARTH),1
ARTH-A 206,ARTH,206,CLASSICAL ART & ARCHEOLOGY,3.0,3.0,200,Art History (ARTH),1
ARTH-A 207,ARTH,207,INTRO TO CONTEMPORARY ART,3.0,3.0,200,Art History (ARTH),1
ARTH-A 224,ARTH,224,THE GOTHIC CATHEDRAL,3.0,3.0,200,Art History (ARTH),1
ARTH-A 226,ARTH,226,ENVISIONING THE SACRED,3.0,3.0,200,Art History (ARTH),1
ARTH-A 282,ARTH,282,THE ART OF THE COMIC BOOK,3.0,3.0,200,Art History (ARTH),1
ARTH-A 300,ARTH,300,TOPICS IN ART HISTORY,3.0,3.0,300,Art History (ARTH),1
ARTH-A 303,ARTH,303,18TH CENTURY ART AND IDEAS,3.0,3.0,300,Art History (ARTH),1
ARTH-A 327,ARTH,327,CONTEMPORARY ART OF WEST ASIA,3.0,3.0,300,Art History (ARTH),1
ARTH-A 343,ARTH,343,HIST OF 20TH CENT PHOTOGRAPHY,3.0,3.0,300,Art History (ARTH),1
ARTH-A 361,ARTH,361,JAPANESE WOODBLOCK PRINTS,3.0,3.0,300,Art History (ARTH),1
ARTH-A 363,ARTH,363,CHINESE PAINTING,3.0,3.0,300,Art History (ARTH),1
ARTH-A 400,ARTH,400,SENIOR SEMINAR,3.0,3.0,400,Art History (ARTH),1
ARTH-A 412,ARTH,412,ART & ARCH OF THE AEGEAN,3.0,3.0,400,Art History (ARTH),1
ARTH-A 434,ARTH,434,VISUAL CULTURE-INTERWAR YEARS,3.0,3.0,400,Art History (ARTH),1
ARTH-A 436,ARTH,436,ITALIAN ART OF THE 15TH CENT,3.0,3.0,400,Art History (ARTH),1
ARTH-A 456,ARTH,456,THE ARABESQUE: KANT TO COMICS,3.0,3.0,400,Art History (ARTH),1
ARTH-A 490,ARTH,490,TOPICS IN ART HISTORY,3.0,3.0,400,Art History (ARTH),1
ARTH-A 500,ARTH,500,HISTORIOGRAPHY OF WESTERN ART,3.0,3.0,500,Art History (ARTH),1
ARTH-A 501,ARTH,501,TOPICS IN ANCIENT ART,3.0,3.0,500,Art History (ARTH),2
ARTH-A 534,ARTH,534,VISUAL CULTURE INTERWAR YEARS,3.0,3.0,500,Art History (ARTH),1
ARTH-A 590,ARTH,590,MUSEUM STUDIES,3.0,3.0,500,Art History (ARTH),1
ARTH-A 638,ARTH,638,PROB 16TH C ART OUTSIDE ITALY,3.0,3.0,600,Art History (ARTH),1
ARTH-A 640,ARTH,640,PROBLEMS IN MODERN ART,3.0,3.0,600,Art History (ARTH),1
ARTH-A 691,ARTH,691,CURATING MUSEUM EXHIBITIONS,3.0,3.0,600,Art History (ARTH),1
ARTH-A 775,ARTH,775,ADV READINGS AND RESEARCH,1.0,8.0,700,Art History (ARTH),3
ARTH-A 779,ARTH,779,DIRECTED FIELD WORK,1.0,12.0,700,Art History (ARTH),2
ARTH-A 879,ARTH,879,DOCTORAL DISSERTATION,1.0,12.0,800,Art History (ARTH),2
ARTH-G 901,ARTH,901,ADVANCED RESEARCH,6.0,6.0,900,Art History (ARTH),1
ARTH-X 376,ARTH,376,PROF PRACTICE HISTORY OF ART,1.0,6.0,300,Art History (ARTH),1
ARTH-X 491,ARTH,491,RDGS & RESEARCH IN ART HIST,1.0,3.0,400,Art History (ARTH),2
ASCS-Q 295,ASCS,295,DESIGN YOUR LIFE AND CAREER,2.0,2.0,200,Arts&Sciences Career Services (ASCS),32
ASCS-Q 299,ASCS,299,BUILD YOUR PROFESSIONAL STORY,1.0,1.0,200,Arts&Sciences Career Services (ASCS),13
ASCS-Q 300,ASCS,300,DESIGN YOUR CAREER,3.0,3.0,300,Arts&Sciences Career Services (ASCS),2
ASCS-X 265,ASCS,265,ARTS & SCIENCES GLOBAL TECH EXP,6.0,6.0,200,Arts&Sciences Career Services (ASCS),1
ASCS-X 373,ASCS,373,INTERNSHIP: THRY INTO PRACTICE,1.0,3.0,300,Arts&Sciences Career Services (ASCS),1
AST-A 100,AST,100,THE SOLAR SYSTEM,3.0,3.0,100,Astronomy (AST),3
AST-A 103,AST,103,SEARCH FOR LIFE THE UNIVERSE,3.0,3.0,100,Astronomy (AST),1
AST-A 105,AST,105,STARS AND GALAXIES,3.0,3.0,100,Astronomy (AST),2
AST-A 115,AST,115,BIRTH & DEATH OF THE UNIVERSE,3.0,3.0,100,Astronomy (AST),1
AST-A 305,AST,305,MOD OBSERVATIONAL TECHNIQUES,3.0,3.0,300,Astronomy (AST),1
AST-A 405,AST,405,COMPUTATIONAL ASTROPHYSICS,3.0,3.0,400,Astronomy (AST),1
AST-A 575,AST,575,STRUCT & EVOLUTION OF GALAXIES,3.0,3.0,500,Astronomy (AST),1
AST-A 780,AST,780,SEMINAR IN ASTRONOMY,2.0,2.0,700,Astronomy (AST),1
AST-A 890,AST,890,INTRODUCTION TO RESEARCH,1.0,12.0,800,Astronomy (AST),2
AST-A 899,AST,899,RESEARCH,1.0,12.0,800,Astronomy (AST),2
AST-G 901,AST,901,ADVANCED RESEARCH,6.0,6.0,900,Astronomy (AST),2
AST-S 499,AST,499,HONORS RESEARCH,3.0,3.0,400,Astronomy (AST),1
AST-X 299,AST,299,EXPLR RESEARCH: ASTRONOMY,1.0,1.0,200,Astronomy (AST),2
AST-X 390,AST,390,READING COURSE,1.0,6.0,300,Astronomy (AST),1
AST-X 399,AST,399,RESEARCH IN ASTRONOMY,1.0,6.0,300,Astronomy (AST),1
BIOC-B 530,BIOC,530,MACROMOLECULAR STRUCT/FUNCTION,1.5,1.5,500,Biochemistry (BIOC),1
BIOC-B 580,BIOC,580,INTRO TO BIOCHEMICAL RESEARCH,3.0,3.0,500,Biochemistry (BIOC),1
BIOC-B 600,BIOC,600,SEMINAR IN BIOCHEMISTRY,1.0,1.0,600,Biochemistry (BIOC),1
BIOC-B 680,BIOC,680,SPECIAL TOPICS IN BIOCHEMISTRY,1.5,1.5,600,Biochemistry (BIOC),3
BIOC-B 880,BIOC,880,RESEARCH: BIOCHEMISTRY,1.0,12.0,800,Biochemistry (BIOC),12
BIOC-G 901,BIOC,901,ADVANCED RESEARCH,6.0,6.0,900,Biochemistry (BIOC),1
BIOL-B 221,BIOL,221,THE BIOLOGY OF COFFEE,3.0,3.0,200,Biology (BIOL),2
BIOL-B 370,BIOL,370,PLANT & HUMAN AFFRS GENOME ERA,3.0,3.0,300,Biology (BIOL),1
BIOL-G 599,BIOL,599,THESIS RESEARCH,0.0,0.0,500,Biology (BIOL),1
BIOL-G 901,BIOL,901,ADVANCED RESEARCH,6.0,6.0,900,Biology (BIOL),1
BIOL-H 122,BIOL,122,HONORS INTRODUCTORY BIOLOGY,4.0,4.0,100,Biology (BIOL),1
BIOL-L 104,BIOL,104,INTRODUCTORY BIOLOGY LECTURES,3.0,3.0,100,Biology (BIOL),2
BIOL-L 111,BIOL,111,"FNDTNS OF BIOL:DIVRS,EVOL,ECOL",4.0,4.0,100,Honors (HON),34
BIOL-L 112,BIOL,112,FNDTNS OF BIOL: BIOL MECHANISMS,4.0,4.0,100,Biology (BIOL),30
BIOL-L 113,BIOL,113,BIOLOGY LABORATORY,3.0,3.0,100,Biology (BIOL),20
BIOL-L 211,BIOL,211,MOLECULAR BIOLOGY,3.0,3.0,200,Biology (BIOL),4
BIOL-L 307,BIOL,307,BIODIVERSITY,3.0,3.0,300,Biology (BIOL),1
BIOL-L 311,BIOL,311,GENETICS,3.0,3.0,300,Biology (BIOL),12
BIOL-L 312,BIOL,312,CELL BIOLOGY,3.0,3.0,300,Biology (BIOL),1
BIOL-L 313,BIOL,313,CELL BIOLOGY LABORATORY,3.0,3.0,300,Biology (BIOL),2
BIOL-L 318,BIOL,318,EVOLUTION,3.0,3.0,300,Animal Behavior (ABEH),2
BIOL-L 319,BIOL,319,GENETICS LABORATORY,3.0,3.0,300,Biology (BIOL),3
BIOL-L 323,BIOL,323,MOLECULAR BIOLOGY LABORATORY,3.0,3.0,300,Biology (BIOL),4
BIOL-L 326,BIOL,326,BIODIVERSE-CITY,3.0,3.0,300,Biology (BIOL),1
BIOL-L 340,BIOL,340,BIOLOGY OF SEXUAL DIVERSITY,3.0,3.0,300,Biology (BIOL),1
BIOL-L 410,BIOL,410,TOPICAL ISSUES IN BIOLOGY,3.0,3.0,400,Biology (BIOL),2
BIOL-L 417,BIOL,417,DEVELPMTL BIOLOGY & STEM CELLS,3.0,3.0,400,Biology (BIOL),1
BIOL-L 474,BIOL,474,FIELD & LABORATORY ECOLOGY,3.0,3.0,400,Biology (BIOL),1
BIOL-L 485,BIOL,485,"GENETICS, BIOLOGICAL RESEARCH",3.0,3.0,400,Biology (BIOL),1
BIOL-L 500,BIOL,500,INDEPENDENT STUDY,1.0,12.0,500,Biology (BIOL),1
BIOL-L 501,BIOL,501,INDEP STUDY ROTATIONS,1.0,6.0,500,Biology (BIOL),1
BIOL-L 570,BIOL,570,SEM IN ECOLOGY & ENVIRON BIOL,1.0,1.0,500,Animal Behavior (ABEH),1
BIOL-L 577,BIOL,577,THEORETICAL ECOLOGY,3.0,3.0,500,Biology (BIOL),1
BIOL-L 585,BIOL,585,MOLECULAR GENETICS,3.0,3.0,500,Biology (BIOL),1
BIOL-L 800,BIOL,800,L-800 RESEARCH,1.0,12.0,800,Biology (BIOL),13
BIOL-M 250,BIOL,250,MICROBIOLOGY,3.0,3.0,200,Biology (BIOL),1
BIOL-M 315,BIOL,315,MICROBIOLOGY LABORATORY,2.0,2.0,300,Biology (BIOL),9
BIOL-M 316,BIOL,316,MOLECULAR MICROBIOLOGY LAB,3.0,3.0,300,Biology (BIOL),1
BIOL-M 380,BIOL,380,MICROBIOLOGY OF INFECT DISEASE,3.0,3.0,300,Biology (BIOL),1
BIOL-M 430,BIOL,430,VIROLOGY LECTURE,3.0,3.0,400,Biology (BIOL),1
BIOL-M 435,BIOL,435,VIRAL-TISSUE-CULTURE LAB,3.0,3.0,400,Biology (BIOL),1
BIOL-M 440,BIOL,440,MEDICAL MICROBIOLOGY LECTURES,3.0,3.0,400,Biology (BIOL),1
BIOL-M 445,BIOL,445,MED MICROBIOLOGY LABORATORY,3.0,3.0,400,Biology (BIOL),1
BIOL-M 480,BIOL,480,MICROBIAL & MOLECULAR GENETICS,3.0,3.0,400,Biology (BIOL),1
BIOL-M 500,BIOL,500,INTRODUCTION TO RESEARCH,1.0,6.0,500,Biology (BIOL),1
BIOL-M 550,BIOL,550,MICROBIOLOGY,3.0,3.0,500,Biology (BIOL),1
BIOL-M 800,BIOL,800,M-800 RESEARCH,1.0,12.0,800,Biology (BIOL),12
BIOL-P 451,BIOL,451,INTEGRATIVE HUMAN PHYSIOLOGY,4.0,4.0,400,Biology (BIOL),3
BIOL-S 211,BIOL,211,"MOLECULAR BIOLOGY, HONORS",5.0,5.0,200,Biology (BIOL),2
BIOL-S 311,BIOL,311,"GENETICS, HONORS",3.0,3.0,300,Biology (BIOL),1
BIOL-S 318,BIOL,318,"EVOLUTION, HONORS",4.0,4.0,300,Biology (BIOL),2
BIOL-T 575,BIOL,575,MOLECULAR BIOLOGY,3.0,3.0,500,Biology (BIOL),1
BIOL-T 583,BIOL,583,PROB IN GENETICS-HIGHER ORGAN,3.0,3.0,500,Biology (BIOL),1
BIOL-T 591,BIOL,591,HISTORY OF LIFE,3.0,3.0,500,Biology (BIOL),1
BIOL-X 150,BIOL,150,ASURE BIOL RES 1,4.0,4.0,100,Biology (BIOL),5
BIOL-X 371,BIOL,371,INTERNSHIP IN BIOL INSTRUCTION,3.0,3.0,300,Biology (BIOL),2
BIOL-X 473,BIOL,473,INTERNSHIP IN BIOLOGY,1.0,6.0,400,Biology (BIOL),1
BIOL-X 490,BIOL,490,INDIVIDUAL STUDY,1.0,12.0,400,Biology (BIOL),1
BIOL-Z 374,BIOL,374,INVERTEBRATE ZOOLOGY,3.0,3.0,300,Biology (BIOL),1
BIOL-Z 375,BIOL,375,INVERTEBRATE ZOOLOGY LAB,2.0,2.0,300,Biology (BIOL),1
BIOL-Z 460,BIOL,460,ANIMAL BEHAVIOR,3.0,3.0,400,Animal Behavior (ABEH),1
BIOL-Z 620,BIOL,620,SPECIAL TOPICS IN ZOOLOGY,3.0,3.0,600,Biology (BIOL),6
BIOT-T 105,BIOT,105,INTRODUCTION TO BIOTECHNOLOGY,3.0,3.0,100,Biotechnology (BIOT),1
BIOT-T 301,BIOT,301,SEMINAR IN BIOTECHNOLOGY,1.0,1.0,300,Biotechnology (BIOT),1
BIOT-T 310,BIOT,310,BIOTECHNOLOGY LECTURE,3.0,3.0,300,Biotechnology (BIOT),1
BIOT-T 315,BIOT,315,BIOTECHNOLOGY LABORATORY,3.0,3.0,300,Biotechnology (BIOT),1
BIOT-T 322,BIOT,322,BIOTECHNOLOGY WRITING & COMM,3.0,3.0,300,Biotechnology (BIOT),1
BIOT-T 425,BIOT,425,LAB IN MACROMOLECULES,3.0,3.0,400,Biotechnology (BIOT),1
BIOT-T 500,BIOT,500,PROJECT LAB IN BIOTECHNOLOGY,1.0,3.0,500,Biotechnology (BIOT),2
BIOT-T 501,BIOT,501,BIOCHEMISTRY INSTRUMENTATION,2.0,2.0,500,Biotechnology (BIOT),2
BIOT-T 502,BIOT,502,MAMMALIAN TISSUE CULTURE,2.0,2.0,500,Biotechnology (BIOT),2
BIOT-T 508,BIOT,508,THEORY & APPL OF BIOTECH LECT I,3.0,3.0,500,Biotechnology (BIOT),1
BIOT-T 521,BIOT,521,CONTEMP TOPICS IN RES ETHICS,3.0,3.0,500,Biotechnology (BIOT),1
BIOT-T 525,BIOT,525,"PROTEIN EXPRSN, PURIF & CHAR LAB",3.0,3.0,500,Biotechnology (BIOT),1
BIOT-T 590,BIOT,590,GRADUATE RESEARCH,1.0,3.0,500,Biotechnology (BIOT),4
BIOT-T 680,BIOT,680,SPECIALIZED TOPICS IN BIOT,1.0,1.0,600,Biotechnology (BIOT),1
BIOT-X 150,BIOT,150,ASURE BIOTECH RESEARCH LAB 1,3.0,3.0,100,Biotechnology (BIOT),1
BIOT-X 371,BIOT,371,TEACHING IN BIOTECH,1.0,3.0,300,Biotechnology (BIOT),1
BIOT-X 498,BIOT,498,INDEPENDT RESEARCH: BIOTECH,1.0,3.0,400,Biotechnology (BIOT),1
BIOT-X 499,BIOT,499,CAPSTONE IN BIOTECH,1.0,3.0,400,Biotechnology (BIOT),1
BUS-A 100,BUS,100,INTRO TO ACCOUNTING PRINCIPLES,1.0,1.0,100,Business (BUS),12
BUS-A 200,BUS,200,ACCOUNTING NON-BUSINESS MAJORS,3.0,3.0,200,Business (BUS),5
BUS-A 304,BUS,304,FINANCIAL REPORTING & ANALYSIS,3.0,3.0,300,Business (BUS),47
BUS-A 306,BUS,306,MANAGEMENT ACCTING & ANALYSIS,3.0,3.0,300,Business (BUS),44
BUS-A 307,BUS,307,FINANCIAL REPORTING: HONORS,3.0,3.0,300,Honors (HON),3
BUS-A 310,BUS,310,INTERM FINANCIAL REPORT: USERS,3.0,3.0,300,Business (BUS),13
BUS-A 311,BUS,311,INTERM FIN'L REPRTNG & ANALYS I,3.0,3.0,300,Business (BUS),7
BUS-A 312,BUS,312,INTER FIN'L REPRTNG & ANALYS II,3.0,3.0,300,Business (BUS),8
BUS-A 313,BUS,313,INTRO TO CAREERS IN ACCOUNTING,1.5,1.5,300,Business (BUS),5
BUS-A 314,BUS,314,ACCOUNTING ANALYTICS AND AI,3.0,3.0,300,Business (BUS),10
BUS-A 315,BUS,315,ASSURANCE & RISK ADVSRY WKSHP,1.5,1.5,300,Business (BUS),1
BUS-A 316,BUS,316,TAX ADVISORY SERVICES WORKSHOP,1.5,1.5,300,Business (BUS),1
BUS-A 317,BUS,317,CORP ACCTNG & ADVISORY WRKSHOP,1.5,1.5,300,Business (BUS),1
BUS-A 324,BUS,324,MGMT ACCOUNTING FOR FINANCE,1.5,1.5,300,Business (BUS),11
BUS-A 325,BUS,325,COST & PERFORMANCE MEASUREMENT,3.0,3.0,300,Business (BUS),6
BUS-A 327,BUS,327,TAX ANALYSIS AND APPLICATIONS,1.5,1.5,300,Business (BUS),11
BUS-A 329,BUS,329,TAXES AND DECISION MAKING,3.0,3.0,300,Business (BUS),7
BUS-A 333,BUS,333,TAXES AND FINANCIAL PLANNING,1.5,1.5,300,Business (BUS),1
BUS-A 337,BUS,337,ACCOUNTING INFORMATION SYSTEMS,3.0,3.0,300,Business (BUS),4
BUS-A 345,BUS,345,SUSTAINABILITY REPORT & ANALYS,3.0,3.0,300,Business (BUS),2
BUS-A 420,BUS,420,FINANCIAL STATEMENT ANALYSIS,3.0,3.0,400,Business (BUS),1
BUS-A 422,BUS,422,ACCOUNTING: MERGER/ACQUISITION,3.0,3.0,400,Business (BUS),2
BUS-A 424,BUS,424,FOUNDATIONS OF AUDITING,3.0,3.0,400,Business (BUS),3
BUS-A 437,BUS,437,ADVANCED MANAGEMENT ACCOUNTING,3.0,3.0,400,Business (BUS),1
BUS-A 506,BUS,506,FINANCIAL REPORTG & ANALYSIS I,1.5,1.5,500,Business (BUS),1
BUS-A 507,BUS,507,FINANCIAL REPORT & ANALYSIS II,1.5,1.5,500,Business (BUS),1
BUS-A 509,BUS,509,CAREER SUCCESS SKILLS,3.0,3.0,500,Business (BUS),5
BUS-A 514,BUS,514,AUDITING THEORY AND PRACTICE,3.0,3.0,500,Business (BUS),3
BUS-A 527,BUS,527,TAXES AND FINANCIAL STATEMENTS,1.5,1.5,500,Business (BUS),2
BUS-A 531,BUS,531,TAX OF PARTNERSHIPS & S CORPS,1.5,1.5,500,Business (BUS),1
BUS-A 537,BUS,537,CORPORATE TAXATION I,1.5,1.5,500,Business (BUS),2
BUS-A 540,BUS,540,FINANCIAL ACCOUNTING CONCEPTS,3.0,3.0,500,Business (BUS),2
BUS-A 547,BUS,547,STRATEGIC TAX PLANNING,1.5,1.5,500,Business (BUS),2
BUS-A 562,BUS,562,ADVANCED FINANCIAL ACCOUNTING,3.0,3.0,500,Business (BUS),2
BUS-A 568,BUS,568,APPL LDRSHIP PWR PERS & PRO PR,1.5,1.5,500,Business (BUS),2
BUS-A 569,BUS,569,FIELD CONSULTING,3.0,3.0,500,Business (BUS),3
BUS-A 576,BUS,576,STRATEGIC COST MANAGEMENT,1.5,1.5,500,Business (BUS),2
BUS-A 591,BUS,591,FINANCIAL ACCOUNTING THEORY,1.5,1.5,500,Business (BUS),3
BUS-A 602,BUS,602,EXPERIMENTAL RESEARCH IN ACCTG,3.0,3.0,600,Business (BUS),1
BUS-A 603,BUS,603,SPECIAL RSRCH TOPICS IN ACCT,1.5,1.5,600,Business (BUS),1
BUS-A 604,BUS,604,COLLOQUIUM IN ACCTG RESEARCH,1.5,1.5,600,Business (BUS),1
BUS-BE 265,BUS,265,BE: BUS-W265/BUS-W 365,3.0,3.0,200,Business (BUS),1
BUS-BE 304,BUS,304,BE:BUS HONORS I-CORE,14.0,14.0,300,Honors (HON),6
BUS-BE 314,BUS,314,BE: BUS-R 314/315,3.0,3.0,300,Business (BUS),2
BUS-BE 375,BUS,375,BUS-BE: I-CORE,12.0,12.0,300,Business (BUS),12
BUS-C 104,BUS,104,BUSINESS PRESENTATIONS,3.0,3.0,100,Business (BUS),63
BUS-C 106,BUS,106,BUSINESS PRESENTATIONS-HONORS,3.0,3.0,100,Honors (HON),10
BUS-C 204,BUS,204,BUSINESS WRITING,3.0,3.0,200,Business (BUS),58
BUS-C 205,BUS,205,BUSINESS WRITING: HONORS,3.0,3.0,200,Honors (HON),5
BUS-C 300,BUS,300,BUS & PROF COMMUNICATION,3.0,3.0,300,Business (BUS),3
BUS-C 355,BUS,355,TOPICS IN COMMUNICATION SKILLS,1.5,1.5,300,Business (BUS),3
BUS-D 270,BUS,270,GLOBAL BUS ENVIRONMENTS,1.5,1.5,200,Russian & East European Inst (REEI),10
BUS-D 271,BUS,271,GLOBAL BUS ANLS-INTER BUS MGMT,1.5,1.5,200,Business (BUS),10
BUS-D 311,BUS,311,GLOBAL MANAGEMENT,3.0,3.0,300,Russian & East European Inst (REEI),3
BUS-D 312,BUS,312,BUILD MNG CROSS CLTRL COMPET,3.0,3.0,300,Business (BUS),3
BUS-D 350,BUS,350,INTERNATIONAL MUSIC BUSINESS,1.5,1.5,300,Business (BUS),1
BUS-D 351,BUS,351,INTL MUSIC BUSINESS ANALYSIS,1.5,1.5,300,Business (BUS),1
BUS-D 411,BUS,411,INTERNATIONAL COMP STRATEGY,3.0,3.0,400,Business (BUS),2
BUS-D 503,BUS,503,NAVIGATING GLOBAL BUS ENVIRON,1.5,1.5,500,Latin American Studies (LTAM),1
BUS-D 620,BUS,620,DOCTORAL SEM INTERNATIONAL BUS,3.0,3.0,600,Business (BUS),1
BUS-F 100,BUS,100,INTRO TO FINANCIAL & RE CAREERS,3.0,3.0,100,Business (BUS),6
BUS-F 205,BUS,205,KC: BASICS OF EQUITY RESEARCH,1.5,1.5,200,Business (BUS),1
BUS-F 210,BUS,210,INVESTMENT BANKING & CAP MRKTS,1.5,1.5,200,Business (BUS),15
BUS-F 212,BUS,212,KNALL-COHEN FUND,1.5,1.5,200,Business (BUS),2
BUS-F 255,BUS,255,TOPICS IN FINANCE,1.5,1.5,200,Business (BUS),7
BUS-F 260,BUS,260,PERSONAL FINANCE,3.0,3.0,200,Business (BUS),4
BUS-F 300,BUS,300,INTRO FINANCIAL MANAGEMENT,3.0,3.0,300,Business (BUS),2
BUS-F 303,BUS,303,INTERMEDIATE INVESTMENTS,3.0,3.0,300,Business (BUS),19
BUS-F 304,BUS,304,HONORS FINANCIAL MANAGEMENT,3.0,3.0,300,Honors (HON),6
BUS-F 305,BUS,305,INTERMEDIATE CORPORATE FINANCE,3.0,3.0,300,Business (BUS),20
BUS-F 306,BUS,306,FINANCIAL MARKETS,3.0,3.0,300,Business (BUS),2
BUS-F 307,BUS,307,WORKING CAPITAL MANAGEMENT,3.0,3.0,300,Business (BUS),4
BUS-F 317,BUS,317,VENTURE CAPITAL & ENTREP FIN,3.0,3.0,300,Business (BUS),5
BUS-F 325,BUS,325,CRYPTOASSETS,3.0,3.0,300,Business (BUS),3
BUS-F 335,BUS,335,SECRTY TRADING & MARKET MAKING,3.0,3.0,300,Business (BUS),3
BUS-F 355,BUS,355,TOPICS IN FINANCE,3.0,3.0,300,Business (BUS),4
BUS-F 365,BUS,365,PERSONAL FINANCIAL PLANNING,3.0,3.0,300,Business (BUS),2
BUS-F 369,BUS,369,INS AND RETIREMENT PLANNING,3.0,3.0,300,Business (BUS),3
BUS-F 370,BUS,370,I-CORE - FINANCE COMPONENT,3.0,3.0,300,Business (BUS),12
BUS-F 375,BUS,375,WEALTH MANAGEMENT WORKSHOP I,1.5,1.5,300,Business (BUS),1
BUS-F 400,BUS,400,INVESTMENT BANKING WORKSHOP II,1.5,1.5,400,Business (BUS),1
BUS-F 402,BUS,402,CORP FINANCL STRAT/GOVERNANCE,3.0,3.0,400,Business (BUS),2
BUS-F 412,BUS,412,INVESTMENT MANAGEMENT WKSH II,1.5,1.5,400,Business (BUS),1
BUS-F 415,BUS,415,CORP FIN/FP & A WRKSHP CAPSTONE,3.0,3.0,400,Business (BUS),1
BUS-F 419,BUS,419,BEHAVIORAL FINANCE,3.0,3.0,400,Business (BUS),2
BUS-F 420,BUS,420,EQUITY & FIXED INCOME INVSTMNT,3.0,3.0,400,Business (BUS),3
BUS-F 421,BUS,421,DERIV SECURITS/CORP RISK MGMT,3.0,3.0,400,Business (BUS),1
BUS-F 446,BUS,446,BANK & FINANCL INTERMEDIATION,3.0,3.0,400,Business (BUS),1
BUS-F 455,BUS,455,TOPICS IN FINANCE,1.5,1.5,400,Business (BUS),1
BUS-F 507,BUS,507,SHORT-TERM FINANCIAL MGMT,1.5,1.5,500,Business (BUS),1
BUS-F 508,BUS,508,VALUATION OF REAL OPTIONS,1.5,1.5,500,Business (BUS),1
BUS-F 511,BUS,511,MSF PRACTICUM I,1.5,1.5,500,Business (BUS),2
BUS-F 516,BUS,516,CORPORATE FINANCE & VALUATION,1.5,1.5,500,Business (BUS),1
BUS-F 517,BUS,517,VENTURE CAPITAL & ENTREPRN FIN,1.5,1.5,500,Business (BUS),2
BUS-F 519,BUS,519,BEHAVIORAL FINANCE,1.5,1.5,500,Business (BUS),1
BUS-F 520,BUS,520,ASSET VALUATION & STRATEGY,1.5,1.5,500,Business (BUS),2
BUS-F 525,BUS,525,CORPORATE FINANCIAL RISK MGMT,1.5,1.5,500,Business (BUS),2
BUS-F 533,BUS,533,FINTECH FOR MANAGERS,1.5,1.5,500,Business (BUS),1
BUS-F 534,BUS,534,FINTECH IN MACHINE LEARNING,1.5,1.5,500,Business (BUS),1
BUS-F 540,BUS,540,THE FIRM IN THE CAPITAL MARKET,1.5,1.5,500,Business (BUS),3
BUS-F 541,BUS,541,SPREADSHEET MODELS IN FINANCE,1.5,1.5,500,Business (BUS),2
BUS-F 550,BUS,550,APPLIED PORTFOLIO SELECTION,1.5,1.5,500,Business (BUS),1
BUS-F 600,BUS,600,ASSET PRICING THEORY,3.0,3.0,600,Business (BUS),1
BUS-F 644,BUS,644,TOPICS IN FINANCE,3.0,3.0,600,Business (BUS),1
BUS-G 202,BUS,202,"BUSINESS, GOVERNMENT, AND SOC",3.0,3.0,200,Business (BUS),6
BUS-G 300,BUS,300,INTRO TO MGRL ECON AND STRAT,3.0,3.0,300,Business (BUS),2
BUS-G 303,BUS,303,GAME THEORY FOR BUS STRATEGY,3.0,3.0,300,Business (BUS),2
BUS-G 304,BUS,304,MANAGERIAL ECONOMICS,3.0,3.0,300,Business (BUS),2
BUS-G 316,BUS,316,SUSTAINABLE ENTERPRISE,3.0,3.0,300,Latin American Studies (LTAM),1
BUS-G 345,BUS,345,"MONEY, BANKING & CAPTL MARKETS",3.0,3.0,300,Business (BUS),4
BUS-G 350,BUS,350,BUSINESS ECONOMETRICS,3.0,3.0,300,Business (BUS),8
BUS-G 400,BUS,400,CAPSTONE IN ECON CONSULTING,3.0,3.0,400,Business (BUS),1
BUS-G 406,BUS,406,BUS ENTERPRISE & PUBLIC POLICY,3.0,3.0,400,Business (BUS),1
BUS-G 455,BUS,455,TOPICS BUS ECON & PUBLC POLICY,3.0,3.0,400,Business (BUS),2
BUS-G 492,BUS,492,PREDICTIVE ANALYTICS BUS STRAT,3.0,3.0,400,Business (BUS),3
BUS-G 540,BUS,540,MANAGERIAL ECONOMICS,1.5,1.5,500,Business (BUS),2
BUS-G 570,BUS,570,THK STRAT: GAME THRY/BUS STRAT,1.5,1.5,500,Business (BUS),2
BUS-G 651,BUS,651,ECONOMETRIC METHODS IN BUS I,3.0,3.0,600,Business (BUS),1
BUS-G 751,BUS,751,GAME THEORY,1.5,1.5,700,Business (BUS),1
BUS-G 752,BUS,752,INFORMATION ECONOMICS,1.5,1.5,700,Business (BUS),1
BUS-G 901,BUS,901,ADVANCED RESEARCH,6.0,6.0,900,Business (BUS),1
BUS-I 304,BUS,304,HONORS I-CORE DISCUSSION,2.0,2.0,300,Honors (HON),6
BUS-J 285,BUS,285,COMPETITIVE STRAT & INDUSTRY,3.0,3.0,200,Business (BUS),3
BUS-J 304,BUS,304,HONORS STRATEGIC MANAGEMENT,3.0,3.0,300,Honors (HON),6
BUS-J 306,BUS,306,STRATEGIC MGMT & LEADERSHIP,3.0,3.0,300,Business (BUS),6
BUS-J 375,BUS,375,STRATEGIC MANAGEMENT,3.0,3.0,300,Business (BUS),11
BUS-J 420,BUS,420,ADV CASE ANLS & EFF CONSULT PRES,1.5,1.5,400,Business (BUS),1
BUS-J 501,BUS,501,DEVELOP AND IMPLEMENT STRATEGY,1.5,1.5,500,Business (BUS),1
BUS-J 540,BUS,540,STRATEGIC PLNG & MGMT PROCESS,3.0,3.0,500,Business (BUS),2
BUS-K 201,BUS,201,INTRO BUS IS & DECISIONS,3.0,3.0,200,Business (BUS),62
BUS-K 204,BUS,204,INTRO BUS IS & DECISIONS-HON,3.0,3.0,200,Honors (HON),11
BUS-K 303,BUS,303,TECHNOLOGY & BUS ANALYSIS,3.0,3.0,300,Business (BUS),41
BUS-K 304,BUS,304,TECHNOLOGY & BUS ANALYSIS HON,3.0,3.0,300,Honors (HON),3
BUS-K 327,BUS,327,MODELING BUSINESS DATA,3.0,3.0,300,Business (BUS),4
BUS-K 353,BUS,353,BUSINESS ANALYTICS & MODELING,3.0,3.0,300,Business (BUS),9
BUS-K 507,BUS,507,INTRO TO SPREADSHEET MODELING,1.5,1.5,500,Business (BUS),3
BUS-K 513,BUS,513,PREDICT ANALYTICS/DATA MINING,1.5,1.5,500,Business (BUS),2
BUS-K 529,BUS,529,CLOUD-BASED ANALYTICS,1.5,1.5,500,Business (BUS),1
BUS-K 605,BUS,605,DYNAMIC PROGRAMMING,1.5,1.5,600,Business (BUS),1
BUS-K 635,BUS,635,SPCL TOPIC IN DECISION SCIENCE,1.5,1.5,600,Business (BUS),1
BUS-L 100,BUS,100,PERSONAL LAW,3.0,3.0,100,Business (BUS),1
BUS-L 201,BUS,201,LEGAL ENVIRONMENT OF BUSINESS,3.0,3.0,200,Business (BUS),11
BUS-L 293,BUS,293,HONORS-LEGAL ENVIR OF BUS,3.0,3.0,200,Honors (HON),3
BUS-L 304,BUS,304,"CRIT THINK, DEC MAKING & ADVOC",1.5,1.5,300,Business (BUS),2
BUS-L 305,BUS,305,BUS PLANNING AND CORPORATE LAW,1.5,1.5,300,Business (BUS),2
BUS-L 311,BUS,311,LAW FOR ENTREPRENEURS,3.0,3.0,300,Business (BUS),1
BUS-L 318,BUS,318,BUSINESS & POVERTY ALLEVIATION,3.0,3.0,300,Business (BUS),1
BUS-L 319,BUS,319,CLIMATE CHANGE LAW & POLICY,3.0,3.0,300,Business (BUS),1
BUS-L 328,BUS,328,SPORTS INDUSTRY WORKSHOP I,3.0,3.0,300,Business (BUS),1
BUS-L 360,BUS,360,TOPICS IN BUSINESS ETHICS,1.5,1.5,300,Business (BUS),1
BUS-L 375,BUS,375,INTRODUCTION BUSINESS ETHICS,3.0,3.0,300,Business (BUS),26
BUS-L 376,BUS,376,INTRO BUSINESS ETHICS HONORS,3.0,3.0,300,Honors (HON),3
BUS-L 395,BUS,395,"LAW, ETHICS INFO AGE",3.0,3.0,300,Business (BUS),1
BUS-L 408,BUS,408,REAL ESTATE LAW,3.0,3.0,400,Business (BUS),1
BUS-L 413,BUS,413,APPLIED DISPUTE RESOLUTION,1.5,1.5,400,Business (BUS),1
BUS-L 521,BUS,521,CRIT THOUGHT/PRACTICAL WISDOM,1.5,1.5,500,Business (BUS),2
BUS-L 540,BUS,540,COM FINANCE LAW: CREDTRS' RIGHT,1.5,1.5,500,Business (BUS),2
BUS-L 541,BUS,541,CORP FIN LAW & BUS PLANNING,1.5,1.5,500,Business (BUS),2
BUS-L 579,BUS,579,EXP CRSE IN BUS LAW & ETHICS,1.5,1.5,500,Business (BUS),1
BUS-M 155,BUS,155,TOPICS IN MARKETING,1.5,1.5,100,Business (BUS),3
BUS-M 255,BUS,255,TOPICS IN MARKETING,1.5,1.5,200,Business (BUS),2
BUS-M 300,BUS,300,INTRODUCTION TO MARKETING,3.0,3.0,300,Business (BUS),5
BUS-M 303,BUS,303,MARKETING RESEARCH,3.0,3.0,300,Business (BUS),9
BUS-M 304,BUS,304,HONORS MARKETING MANAGEMENT,3.0,3.0,300,Honors (HON),6
BUS-M 306,BUS,306,GLOBAL SALES WORKSHOP I,1.5,1.5,300,Business (BUS),1
BUS-M 310,BUS,310,BRAND MANAGEMENT PRACTICUM,3.0,3.0,300,Business (BUS),3
BUS-M 311,BUS,311,INTRO TO MKTG COMMUNICATION,3.0,3.0,300,Business (BUS),3
BUS-M 312,BUS,312,RETAIL MARKETING MANAGEMENT,3.0,3.0,300,Business (BUS),2
BUS-M 330,BUS,330,CONSULTATIVE SELLING,3.0,3.0,300,Business (BUS),5
BUS-M 339,BUS,339,RETAIL MARKETING ANALYTICS,3.0,3.0,300,Business (BUS),1
BUS-M 344,BUS,344,CREATIVITY AND COMMUNICATION,3.0,3.0,300,Business (BUS),4
BUS-M 346,BUS,346,ANALYSIS OF MARKETING DATA,3.0,3.0,300,Business (BUS),9
BUS-M 349,BUS,349,RETAIL WORKSHOP,1.5,1.5,300,Business (BUS),1
BUS-M 355,BUS,355,TOPICS IN MARKETING,3.0,3.0,300,Business (BUS),1
BUS-M 370,BUS,370,I-CORE - MARKETING COMPONENT,3.0,3.0,300,Business (BUS),12
BUS-M 401,BUS,401,INTERNATIONAL MARKETING,3.0,3.0,400,Business (BUS),1
BUS-M 405,BUS,405,CONSUMER BEHAVIOR,3.0,3.0,400,Business (BUS),5
BUS-M 406,BUS,406,GLOBAL SALES WORKSHOP 2,1.5,1.5,400,Business (BUS),1
BUS-M 407,BUS,407,BUSINESS-TO-BUSINESS MARKETING,3.0,3.0,400,Business (BUS),1
BUS-M 415,BUS,415,ADVERTISING & IMC,3.0,3.0,400,Business (BUS),1
BUS-M 419,BUS,419,RETAIL STRATEGY,3.0,3.0,400,Business (BUS),1
BUS-M 426,BUS,426,SALES MANAGEMENT,3.0,3.0,400,Business (BUS),2
BUS-M 428,BUS,428,CRM AND DIGITAL ANALYTICS,3.0,3.0,400,Business (BUS),1
BUS-M 432,BUS,432,DIGITAL MARKETING,3.0,3.0,400,Business (BUS),3
BUS-M 450,BUS,450,MARKETING STRATEGY,3.0,3.0,400,Business (BUS),2
BUS-M 455,BUS,455,TOPICS IN MARKETING,3.0,3.0,400,Business (BUS),5
BUS-M 512,BUS,512,MARKETING STRATEGY,1.5,1.5,500,Business (BUS),2
BUS-M 522,BUS,522,NEW PRODUCTS MANAGEMENT,1.5,1.5,500,Business (BUS),1
BUS-M 530,BUS,530,BUS MARKETING STRATEGY & MGMT,1.5,1.5,500,Business (BUS),1
BUS-M 550,BUS,550,CONSUMER INSIGHTS,1.5,1.5,500,Business (BUS),2
BUS-M 574,BUS,574,PRICING MANAGEMENT,1.5,1.5,500,Business (BUS),2
BUS-M 650,BUS,650,RESEARCH METHODS IN MARKETING,3.0,3.0,600,Business (BUS),1
BUS-M 653,BUS,653,MANAGERIAL RESEARCH IN MKTG,1.5,1.5,600,Business (BUS),2
BUS-P 254,BUS,254,BUSINESS OPERATIONS CONSULTING,1.5,1.5,200,Business (BUS),1
BUS-P 300,BUS,300,INTRO TO OPERATIONS MANAGEMENT,3.0,3.0,300,Business (BUS),3
BUS-P 304,BUS,304,HONORS OPERATIONS MANAGEMENT,3.0,3.0,300,Honors (HON),6
BUS-P 319,BUS,319,SUPPLY CHAIN MGMT DIGITAL TECH,3.0,3.0,300,Business (BUS),3
BUS-P 320,BUS,320,SUP CHAIN MGMT: GLOBAL SOURCING,3.0,3.0,300,Business (BUS),3
BUS-P 354,BUS,354,ESSENTIALS FOR OPS CONSULTING,1.5,1.5,300,Business (BUS),1
BUS-P 370,BUS,370,I-CORE - OPERATIONS COMPONENT,3.0,3.0,300,Business (BUS),12
BUS-P 429,BUS,429,OPERATIONS PROCESSES,3.0,3.0,400,Business (BUS),3
BUS-P 454,BUS,454,SUPPLY CHAIN CONSULT PRACTICUM,3.0,3.0,400,Business (BUS),1
BUS-P 455,BUS,455,TOPICS IN OPERATIONS & SCM,3.0,3.0,400,Business (BUS),1
BUS-P 481,BUS,481,SUPPLY CHAIN PLAN & ANALYTICS,3.0,3.0,400,Business (BUS),2
BUS-P 520,BUS,520,STRATEGIC SOURCING,1.5,1.5,500,Business (BUS),1
BUS-P 604,BUS,604,SERVICE OPS & PROCESS DESIGN,1.5,1.5,600,Business (BUS),1
BUS-R 300,BUS,300,PRINCIPLES OF REAL ESTATE,3.0,3.0,300,Business (BUS),2
BUS-R 305,BUS,305,INTRO TO REAL ESTATE ANALYSIS,3.0,3.0,300,Business (BUS),2
BUS-R 314,BUS,314,COMMERCIAL REAL ESTATE WKSH I,1.5,1.5,300,Business (BUS),2
BUS-R 315,BUS,315,COMMERCIAL REAL ESTATE WKSH II,1.5,1.5,300,Business (BUS),2
BUS-R 440,BUS,440,REAL ESTATE APPRAISALS,3.0,3.0,400,Business (BUS),1
BUS-R 448,BUS,448,REAL ESTATE PE FUND,1.5,1.5,400,Business (BUS),1
BUS-R 510,BUS,510,REAL ESTATE INVESTMENT ANALYS,1.5,1.5,500,Business (BUS),1
BUS-S 302,BUS,302,DIGITAL BUSINESS TECHNOLOGIES,3.0,3.0,300,Business (BUS),3
BUS-S 305,BUS,305,TECHNOLOGY INFRASTRUCTURE,3.0,3.0,300,Business (BUS),3
BUS-S 306,BUS,306,DIGITAL SOLUTIONS WITH AI,3.0,3.0,300,Business (BUS),2
BUS-S 307,BUS,307,DATA DESIGN & MANAGEMENT,3.0,3.0,300,Business (BUS),3
BUS-S 310,BUS,310,DIGITAL ANALYSIS & DESIGN,3.0,3.0,300,Business (BUS),3
BUS-S 326,BUS,326,WEB AND SOCIAL MEDIA ANALYTICS,3.0,3.0,300,Business (BUS),2
BUS-S 355,BUS,355,TOPICS IN INFORMATION SYSTEMS,3.0,3.0,300,Business (BUS),1
BUS-S 364,BUS,364,BUSINESS DATA PROGRAMMING,3.0,3.0,300,Business (BUS),6
BUS-S 375,BUS,375,INTRODUCTION TECH CONSULTING,1.5,1.5,300,Business (BUS),1
BUS-S 400,BUS,400,INTEGRATION OF SYS & THE BUS,3.0,3.0,400,Business (BUS),4
BUS-S 475,BUS,475,TECH CONSULTING ESSENTIALS,1.5,1.5,400,Business (BUS),1
BUS-S 523,BUS,523,ENTERPRISE DATA MANAGEMENT,1.5,1.5,500,Business (BUS),2
BUS-S 535,BUS,535,ADV TOPICS IN MGMNT INFO SYS,1.5,1.5,500,Business (BUS),2
BUS-S 546,BUS,546,CAPSTONE PROJECT,3.0,3.0,500,Business (BUS),1
BUS-S 571,BUS,571,MSIS INTERNSHIP/PRACTICUM,0.0,0.0,500,Business (BUS),1
BUS-S 600,BUS,600,FOUNDATNS IN INFO SYS RESEARCH,1.5,1.5,600,Business (BUS),1
BUS-S 601,BUS,601,TECH ISSUES INFO SYSTEMS RSCH,1.5,1.5,600,Business (BUS),1
BUS-S 602,BUS,602,INDIV ISSUES INFO SYSTEMS RSCH,1.5,1.5,600,Business (BUS),1
BUS-S 798,BUS,798,THEORY DEVELOPMENT,1.5,1.5,700,Business (BUS),1
BUS-T 175,BUS,175,KELLEY COMPASS 1,1.5,1.5,100,Business (BUS),46
BUS-T 275,BUS,275,KELLEY COMPASS 2,1.5,1.5,200,Business (BUS),33
BUS-T 375,BUS,375,KELLEY COMPASS 3,1.0,1.0,300,Business (BUS),36
BUS-W 212,BUS,212,EXPLORE ENTREPRENEURSHIP,3.0,3.0,200,Business (BUS),7
BUS-W 235,BUS,235,IDEA VALID & BUS MODEL DEVELOP,3.0,3.0,200,Business (BUS),3
BUS-W 265,BUS,265,EXPLORING ENTRPRENRL ECOSYSTEM,1.5,1.5,200,Business (BUS),1
BUS-W 300,BUS,300,NEW VENTURE MANAGEMENT,3.0,3.0,300,Business (BUS),3
BUS-W 313,BUS,313,NEW VENTURE PLANNING,3.0,3.0,300,Business (BUS),1
BUS-W 365,BUS,365,ENGAGING WITH THE ECOSYSTEM,1.5,1.5,300,Business (BUS),1
BUS-W 430,BUS,430,ORG & ORG CHANGE,3.0,3.0,400,Business (BUS),1
BUS-W 499,BUS,499,COOP-INTERN WORK ASSIGN-OFF-CA,0.0,0.0,400,Business (BUS),1
BUS-W 505,BUS,505,PWR PERS INFLUENCE NEGOTIATION,1.5,1.5,500,Business (BUS),2
BUS-W 506,BUS,506,ENTRPSHP: LEADERSHP & PRACTICE,1.5,1.5,500,Business (BUS),2
BUS-W 550,BUS,550,MANAGEMENT CONSULTING,1.5,1.5,500,Business (BUS),1
BUS-W 574,BUS,574,CORP ENTREPRENEURSHP & INNOVTN,1.5,1.5,500,Business (BUS),1
BUS-W 579,BUS,579,EXP CRSE IN MANAGEMENT,1.5,1.5,500,Business (BUS),1
BUS-W 610,BUS,610,THEORETCL FNDTNS ENTREPRENRSHP,3.0,3.0,600,Business (BUS),1
BUS-X 101,BUS,101,GENAI 101,1.5,1.5,100,Business (BUS),25
BUS-X 155,BUS,155,TOPICS IN BUSINESS,1.0,1.0,100,Business (BUS),1
BUS-X 170,BUS,170,HOW BUSINESS WORKS,3.0,3.0,100,Business (BUS),1
BUS-X 180,BUS,180,JLLC COMMUNITY DEVELOPMENT,1.0,1.0,100,Business (BUS),20
BUS-X 403,BUS,403,THE CONSULTING INDUSTRY,1.5,1.5,400,Business (BUS),1
BUS-X 404,BUS,404,STRUC THINK & INPERS ASP OF CONS,1.5,1.5,400,Business (BUS),1
BUS-X 419,BUS,419,LIFE SCI INDST-RSCH TO PATIENT,1.5,1.5,400,Business (BUS),1
BUS-X 496,BUS,496,SUP IND HON RES:,3.0,3.0,400,Honors (HON),1
BUS-X 501,BUS,501,INFORMATION SYSTEMS CORE,15.0,15.0,500,Business (BUS),2
BUS-X 505,BUS,505,"LEADERSHP, PROFESSL & CAREER DVP",1.5,1.5,500,Business (BUS),1
BUS-X 515,BUS,515,ACADEMY INTENSIVE WEEK #1,1.5,1.5,500,Business (BUS),6
BUS-X 519,BUS,519,BUSINESS OF LIFE SCI: VALUE CH,1.5,1.5,500,Business (BUS),1
BUS-X 520,BUS,520,WASHINGTON CAMPUS PROGRAM,3.0,3.0,500,Business (BUS),1
BUS-X 530,BUS,530,OVERSEAS BUS STUDY: - - - -,1.0,15.0,500,Business (BUS),3
BUS-X 540,BUS,540,INTERNATIONAL PRACTICUM,0.0,0.0,500,Business (BUS),5
BUS-X 541,BUS,541,MBA FOUNDATIONS CORE 1,7.5,7.5,500,Business (BUS),2
BUS-X 542,BUS,542,MBA FOUNDATIONS CORE 2,7.5,7.5,500,Business (BUS),2
BUS-X 572,BUS,572,EXP COURSE FOR MBA PROGRAM,1.5,1.5,500,Business (BUS),2
BUS-X 630,BUS,630,DOCTORAL TEACHING DEV SEM I,1.5,1.5,600,Business (BUS),1
BUS-X 699,BUS,699,PHD VARIABLE TOPICS COURSE,1.5,1.5,600,Business (BUS),2
BUS-X 799,BUS,799,DISSERTATION IN BUSINESS ADM,1.0,12.0,700,Business (BUS),1
BUS-Z 204,BUS,204,EFFECTIVE NEGOTIATIONS,3.0,3.0,200,Business (BUS),2
BUS-Z 302,BUS,302,MANAGING & BEHAVR IN ORGANIZTN,3.0,3.0,300,Business (BUS),5
BUS-Z 304,BUS,304,LEADERSHIP-HONORS,3.0,3.0,300,Honors (HON),2
BUS-Z 305,BUS,305,TALENT MANAGEMENT WORKSHOP 1,1.5,1.5,300,Business (BUS),1
BUS-Z 340,BUS,340,INTRO TO HUMAN RESOURCES,3.0,3.0,300,Business (BUS),2
BUS-Z 370,BUS,370,I-CORE - LEADERSHIP COMPONENT,3.0,3.0,300,Business (BUS),12
BUS-Z 447,BUS,447,"LEADERSHIP, CULTURE & COLLAB.",3.0,3.0,400,Business (BUS),2
BUS-Z 494,BUS,494,WELLS HONOR SEM IN LEADERSHIP,3.0,3.0,400,Honors (HON),1
BUS-Z 504,BUS,504,FOUNDATIONS ORG BEHAV & HR MGT,1.5,1.5,500,Business (BUS),1
BUS-Z 525,BUS,525,FOUNDATIONS OF LEADERSHIP,1.5,1.5,500,Business (BUS),1
BUS-Z 531,BUS,531,STRATEGIC HUMAN RESOURCE MGMT,1.5,1.5,500,Business (BUS),1
BUS-Z 565,BUS,565,MBA LEADERSHIP ACAD - FALL,1.5,1.5,500,Business (BUS),1
BUS-Z 601,BUS,601,SEM IN ORGANIZATIONAL BEHAVIOR,3.0,3.0,600,Business (BUS),1
CEUS-G 599,CEUS,599,THESIS RESEARCH,0.0,0.0,500,Central Eurasian Studies (CEUS),1
CEUS-G 901,CEUS,901,ADVANCED RESEARCH,6.0,6.0,900,Central Eurasian Studies (CEUS),2
CEUS-R 110,CEUS,110,CNTRL ASIA: CULTURES & CUSTOMS,3.0,3.0,100,Central Eurasian Studies (CEUS),1
CEUS-R 199,CEUS,199,INTRO TPC: CNTRL EURASN STUDIES,3.0,3.0,100,Central Eurasian Studies (CEUS),3
CEUS-R 290,CEUS,290,INTRO C ASIA MONGOLIA & TIBET,3.0,3.0,200,Central Eurasian Studies (CEUS),1
CEUS-R 299,CEUS,299,INTERM TPCS CENTRL EURASIAN ST,3.0,3.0,200,Central Eurasian Studies (CEUS),2
CEUS-R 302,CEUS,302,MODERN FINLAND,3.0,3.0,300,Central Eurasian Studies (CEUS),1
CEUS-R 309,CEUS,309,TPCS IN BALTIC-FINNISH STUDIES,3.0,3.0,300,Central Eurasian Studies (CEUS),1
CEUS-R 315,CEUS,315,POLITICS AND SOCIETY IN C ASIA,3.0,3.0,300,Central Eurasian Studies (CEUS),1
CEUS-R 329,CEUS,329,TOPICS IN CENTRL ASIAN STUDIES,3.0,3.0,300,Central Eurasian Studies (CEUS),1
CEUS-R 341,CEUS,341,HUNGARY: PAST AND PRESENT,3.0,3.0,300,Central Eurasian Studies (CEUS),1
CEUS-R 349,CEUS,349,TOPICS IN HUNGARIAN STUDIES,3.0,3.0,300,Central Eurasian Studies (CEUS),3
CEUS-R 351,CEUS,351,PROPHETS POETS KINGS: IRAN CIV,3.0,3.0,300,Central Eurasian Studies (CEUS),1
CEUS-R 354,CEUS,354,PERSIAN LIT IN TRANSLATION,3.0,3.0,300,Central Eurasian Studies (CEUS),1
CEUS-R 355,CEUS,355,IRAN IN CONTEMP PERSIAN GULF,3.0,3.0,300,Central Eurasian Studies (CEUS),1
CEUS-R 371,CEUS,371,TIBET AND THE WEST,3.0,3.0,300,Central Eurasian Studies (CEUS),1
CEUS-R 372,CEUS,372,TIBET AND CHINA IN HISTORY,3.0,3.0,300,Central Eurasian Studies (CEUS),1
CEUS-R 385,CEUS,385,STRUCTURE OF TURKISH,3.0,3.0,300,Central Eurasian Studies (CEUS),1
CEUS-R 386,CEUS,386,ISLAM AND ISLAMISM IN TURKEY,3.0,3.0,300,Central Eurasian Studies (CEUS),1
CEUS-R 393,CEUS,393,THE MONGOL CENTURY,3.0,3.0,300,Central Eurasian Studies (CEUS),1
CEUS-R 441,CEUS,441,ART & MUSIC 19 & 20 C HUNGARY,3.0,3.0,400,Central Eurasian Studies (CEUS),1
CEUS-R 493,CEUS,493,PROBS OF C EURASIAN NATIONALSM,3.0,3.0,400,Central Eurasian Studies (CEUS),1
CEUS-R 502,CEUS,502,MODERN FINLAND,3.0,3.0,500,Central Eurasian Studies (CEUS),1
CEUS-R 509,CEUS,509,TPCS IN BALTIC-FINNISH STUDIES,3.0,3.0,500,Central Eurasian Studies (CEUS),1
CEUS-R 515,CEUS,515,POLITICS & SOC CENTRAL ASIA,3.0,3.0,500,Central Eurasian Studies (CEUS),1
CEUS-R 529,CEUS,529,TOPCS IN CENTRAL ASIAN STUDIES,3.0,3.0,500,Central Eurasian Studies (CEUS),1
CEUS-R 549,CEUS,549,TOPICS IN HUNGARIAN STUDIES,3.0,3.0,500,Central Eurasian Studies (CEUS),4
CEUS-R 551,CEUS,551,PROPHETS POETS KINGS: IRAN CIV,3.0,3.0,500,Central Eurasian Studies (CEUS),1
CEUS-R 554,CEUS,554,PERSIAN LIT IN TRANSLATION,3.0,3.0,500,Central Eurasian Studies (CEUS),1
CEUS-R 559,CEUS,559,TOPICS IN IRANIAN STUDIES,3.0,3.0,500,Central Eurasian Studies (CEUS),1
CEUS-R 571,CEUS,571,TIBET AND THE WEST,3.0,3.0,500,Central Eurasian Studies (CEUS),1
CEUS-R 572,CEUS,572,SINO-TIBETAN RELATIONS,3.0,3.0,500,Central Eurasian Studies (CEUS),1
CEUS-R 585,CEUS,585,STRUCTURE OF TURKISH,3.0,3.0,500,Central Eurasian Studies (CEUS),1
CEUS-R 586,CEUS,586,ISLAM AND ISLAMISM IN TURKEY,3.0,3.0,500,Central Eurasian Studies (CEUS),1
CEUS-R 600,CEUS,600,ADV RDGS BALTC-FINNISH STUDIES,1.0,6.0,600,Central Eurasian Studies (CEUS),1
CEUS-R 610,CEUS,610,ADV READGS IN CENTRAL ASIAN ST,1.0,6.0,600,Central Eurasian Studies (CEUS),1
CEUS-R 640,CEUS,640,ADV READNGS IN HUNGARN STUDIES,1.0,6.0,600,Central Eurasian Studies (CEUS),1
CEUS-R 641,CEUS,641,ART & MUSIC-19 & 20TH CNT HUNGARY,3.0,3.0,600,Central Eurasian Studies (CEUS),1
CEUS-R 670,CEUS,670,ADV READNGS IN TIBETAN STUDIES,1.0,6.0,600,Central Eurasian Studies (CEUS),1
CEUS-R 680,CEUS,680,ADV READNGS IN TURKISH STUDIES,1.0,6.0,600,Central Eurasian Studies (CEUS),1
CEUS-R 690,CEUS,690,ADV RDGS CENTRL EURASN STUDIES,1.0,6.0,600,Central Eurasian Studies (CEUS),2
CEUS-R 691,CEUS,691,CEUS MA THESIS RESEARCH,3.0,3.0,600,Central Eurasian Studies (CEUS),1
CEUS-R 693,CEUS,693,PROBS OF C EURASIAN NATIONALSM,3.0,3.0,600,Central Eurasian Studies (CEUS),1
CEUS-R 890,CEUS,890,PHD THESIS,1.0,6.0,800,Central Eurasian Studies (CEUS),3
CEUS-T 101,CEUS,101,INTRODUCTORY FINNISH I,4.0,4.0,100,Central Eurasian Studies (CEUS),1
CEUS-T 103,CEUS,103,INTRODUCTORY ESTONIAN I,4.0,4.0,100,Central Eurasian Studies (CEUS),3
CEUS-T 111,CEUS,111,INTRODUCTORY UZBEK I,4.0,4.0,100,Central Eurasian Studies (CEUS),3
CEUS-T 113,CEUS,113,INTRODUCTORY KAZAKH I,4.0,4.0,100,Central Eurasian Studies (CEUS),1
CEUS-T 131,CEUS,131,INTRODUCTORY UYGHUR I,4.0,4.0,100,Central Eurasian Studies (CEUS),3
CEUS-T 141,CEUS,141,INTRODUCTORY HUNGARIAN I,4.0,4.0,100,Central Eurasian Studies (CEUS),3
CEUS-T 151,CEUS,151,INTRODUCTORY PERSIAN I,4.0,4.0,100,Central Eurasian Studies (CEUS),1
CEUS-T 161,CEUS,161,INTRODUCTORY MONGOLIAN I,4.0,4.0,100,Central Eurasian Studies (CEUS),3
CEUS-T 171,CEUS,171,INTRODUCTORY TIBETAN I,4.0,4.0,100,Central Eurasian Studies (CEUS),3
CEUS-T 181,CEUS,181,INTRODUCTORY TURKISH I,4.0,4.0,100,Central Eurasian Studies (CEUS),1
CEUS-T 198,CEUS,198,INTRO CENTRAL EURASIAN LANG I,4.0,4.0,100,Central Eurasian Studies (CEUS),1
CEUS-T 201,CEUS,201,INTERMEDIATE FINNISH I,4.0,4.0,200,Central Eurasian Studies (CEUS),1
CEUS-T 203,CEUS,203,INTERMEDIATE ESTONIAN I,4.0,4.0,200,Central Eurasian Studies (CEUS),3
CEUS-T 211,CEUS,211,INTERMEDIATE UZBEK I,4.0,4.0,200,Central Eurasian Studies (CEUS),2
CEUS-T 213,CEUS,213,INTERMEDIATE KAZAKH I,4.0,4.0,200,Central Eurasian Studies (CEUS),1
CEUS-T 241,CEUS,241,INTERMEDIATE HUNGARIAN I,4.0,4.0,200,Central Eurasian Studies (CEUS),3
CEUS-T 251,CEUS,251,INTERMEDIATE PERSIAN I,4.0,4.0,200,Central Eurasian Studies (CEUS),1
CEUS-T 261,CEUS,261,INTERMEDIATE MONGOLIAN I,4.0,4.0,200,Central Eurasian Studies (CEUS),3
CEUS-T 271,CEUS,271,INTERMEDIATE TIBETAN I,4.0,4.0,200,Central Eurasian Studies (CEUS),3
CEUS-T 281,CEUS,281,INTERMEDIATE TURKISH I,4.0,4.0,200,Central Eurasian Studies (CEUS),1
CEUS-T 298,CEUS,298,INTRMD CENTRAL EURASIAN LANG I,4.0,4.0,200,Central Eurasian Studies (CEUS),1
CEUS-T 301,CEUS,301,ADVANCED FINNISH I,3.0,3.0,300,Central Eurasian Studies (CEUS),1
CEUS-T 303,CEUS,303,ADVANCED ESTONIAN I,4.0,4.0,300,Central Eurasian Studies (CEUS),3
CEUS-T 311,CEUS,311,ADVANCED UZBEK I,4.0,4.0,300,Central Eurasian Studies (CEUS),2
CEUS-T 313,CEUS,313,ADVANCED KAZAKH I,4.0,4.0,300,Central Eurasian Studies (CEUS),1
CEUS-T 341,CEUS,341,ADVANCED HUNGARIAN I,4.0,4.0,300,Central Eurasian Studies (CEUS),3
CEUS-T 351,CEUS,351,ADVANCED PERSIAN I,4.0,4.0,300,Central Eurasian Studies (CEUS),3
CEUS-T 361,CEUS,361,ADVANCED MONGOLIAN I,4.0,4.0,300,Central Eurasian Studies (CEUS),3
CEUS-T 371,CEUS,371,ADVANCED TIBETAN I,4.0,4.0,300,Central Eurasian Studies (CEUS),2
CEUS-T 381,CEUS,381,ADVANCED TURKISH I,4.0,4.0,300,Central Eurasian Studies (CEUS),2
CEUS-T 398,CEUS,398,ADV CENTRAL EURASIAN LANG I,3.0,3.0,300,Central Eurasian Studies (CEUS),1
CEUS-T 493,CEUS,493,ADV STUDY OF A CEUS LANG I,4.0,4.0,400,Central Eurasian Studies (CEUS),12
CEUS-T 501,CEUS,501,INTRODUCTORY FINNISH I,3.0,3.0,500,Central Eurasian Studies (CEUS),1
CEUS-T 503,CEUS,503,INTRODUCTORY ESTONIAN I,3.0,3.0,500,Central Eurasian Studies (CEUS),3
CEUS-T 511,CEUS,511,INTRODUCTORY UZBEK I,3.0,3.0,500,Central Eurasian Studies (CEUS),3
CEUS-T 513,CEUS,513,INTRODUCTORY KAZAKH I,3.0,3.0,500,Central Eurasian Studies (CEUS),1
CEUS-T 531,CEUS,531,INTRODUCTORY UYGHUR I,3.0,3.0,500,Central Eurasian Studies (CEUS),3
CEUS-T 541,CEUS,541,INTRODUCTORY HUNGARIAN I,3.0,3.0,500,Central Eurasian Studies (CEUS),3
CEUS-T 551,CEUS,551,INTRODUCTORY PERSIAN I,3.0,3.0,500,Central Eurasian Studies (CEUS),1
CEUS-T 561,CEUS,561,INTRODUCTORY MONGOLIAN I,3.0,3.0,500,Central Eurasian Studies (CEUS),3
CEUS-T 571,CEUS,571,INTRODUCTORY TIBETAN I,3.0,3.0,500,Central Eurasian Studies (CEUS),3
CEUS-T 581,CEUS,581,INTRODUCTORY TURKISH I,3.0,3.0,500,Central Eurasian Studies (CEUS),1
CEUS-T 598,CEUS,598,INTR CENTRL EURASN LANGUAGES I,3.0,3.0,500,Central Eurasian Studies (CEUS),1
CEUS-T 601,CEUS,601,INTERMEDIATE FINNISH I,3.0,3.0,600,Central Eurasian Studies (CEUS),1
CEUS-T 603,CEUS,603,INTERMEDIATE ESTONIAN I,3.0,3.0,600,Central Eurasian Studies (CEUS),3
CEUS-T 611,CEUS,611,INTERMEDIATE UZBEK I,3.0,3.0,600,Central Eurasian Studies (CEUS),3
CEUS-T 613,CEUS,613,INTERMEDIATE KAZAKH I,3.0,3.0,600,Central Eurasian Studies (CEUS),1
CEUS-T 641,CEUS,641,INTERMEDIATE HUNGARIAN I,3.0,3.0,600,Central Eurasian Studies (CEUS),3
CEUS-T 651,CEUS,651,INTERMEDIATE PERSIAN I,3.0,3.0,600,Central Eurasian Studies (CEUS),1
CEUS-T 661,CEUS,661,INTERMEDIATE MONGOLIAN I,3.0,3.0,600,Central Eurasian Studies (CEUS),3
CEUS-T 671,CEUS,671,INTERMEDIATE TIBETAN I,3.0,3.0,600,Central Eurasian Studies (CEUS),3
CEUS-T 681,CEUS,681,INTERMEDIATE TURKISH I,3.0,3.0,600,Central Eurasian Studies (CEUS),1
CEUS-T 698,CEUS,698,INTERM CENTRL EURASIAN LANGS I,3.0,3.0,600,Central Eurasian Studies (CEUS),1
CEUS-T 701,CEUS,701,ADVANCED FINNISH I,3.0,3.0,700,Central Eurasian Studies (CEUS),1
CEUS-T 703,CEUS,703,ADVANCED ESTONIAN I,3.0,3.0,700,Central Eurasian Studies (CEUS),3
CEUS-T 711,CEUS,711,ADVANCED UZBEK I,3.0,3.0,700,Central Eurasian Studies (CEUS),3
CEUS-T 713,CEUS,713,ADVANCED KAZAKH I,3.0,3.0,700,Central Eurasian Studies (CEUS),1
CEUS-T 741,CEUS,741,ADVANCED HUNGARIAN I,3.0,3.0,700,Central Eurasian Studies (CEUS),3
CEUS-T 751,CEUS,751,ADVANCED PERSIAN I,3.0,3.0,700,Central Eurasian Studies (CEUS),3
CEUS-T 761,CEUS,761,ADVANCED MONGOLIAN I,3.0,3.0,700,Central Eurasian Studies (CEUS),3
CEUS-T 771,CEUS,771,ADVANCED TIBETAN I,3.0,3.0,700,Central Eurasian Studies (CEUS),2
CEUS-T 781,CEUS,781,ADVANCED TURKISH I,3.0,3.0,700,Central Eurasian Studies (CEUS),1
CEUS-T 798,CEUS,798,ADV CENTRAL EURASN LANGUAGES I,3.0,3.0,700,Central Eurasian Studies (CEUS),15
CEUS-X 490,CEUS,490,ADV RDGS CENTRAL EURASIAN ST,1.0,1.0,400,Central Eurasian Studies (CEUS),1
CHEM-A 315,CHEM,315,CHEMICAL MEASUREMENTS LAB,2.0,2.0,300,Chemistry (CHEM),3
CHEM-A 800,CHEM,800,2ND YR ANALYTICAL CHEM REVIEW,2.0,2.0,800,Chemistry (CHEM),1
CHEM-B 800,CHEM,800,BIOLOGICAL CHEM RESCH SEMINAR,2.0,2.0,800,Chemistry (CHEM),1
CHEM-C 100,CHEM,100,THE WORLD OF CHEMISTRY,3.0,3.0,100,Chemistry (CHEM),4
CHEM-C 101,CHEM,101,ELEMENTARY CHEMISTRY 1,3.0,3.0,100,Chemistry (CHEM),5
CHEM-C 103,CHEM,103,INTRO TO CHEMICAL PRINCIPLES,5.0,5.0,100,Chemistry (CHEM),40
CHEM-C 116,CHEM,116,PROB SOLVING IN GENERAL CHEM,1.0,1.0,100,Chemistry (CHEM),4
CHEM-C 117,CHEM,117,PRINC OF CHEM & BIOCHEM I,3.0,3.0,100,Chemistry (CHEM),24
CHEM-C 118,CHEM,118,PRINC OF CHEM & BIOCHEM II,5.0,5.0,100,Chemistry (CHEM),11
CHEM-C 121,CHEM,121,ELEMENTARY CHEMISTRY LAB 1,2.0,2.0,100,Chemistry (CHEM),5
CHEM-C 127,CHEM,127,PRINC OF CHEM & BIOCHEM I LAB,2.0,2.0,100,Chemistry (CHEM),31
CHEM-C 240,CHEM,240,PROB SOLVING IN ORGANIC CHEM,1.0,1.0,200,Chemistry (CHEM),4
CHEM-C 243,CHEM,243,SUPPLEMENTAL GENERAL CHEMISTRY,2.0,2.0,200,Chemistry (CHEM),21
CHEM-C 317,CHEM,317,EQUILIBRIA & ELECTROCHEMISTRY,2.0,2.0,300,Chemistry (CHEM),1
CHEM-C 321,CHEM,321,ADVANCED & NANOSCALE MATERIALS,3.0,3.0,300,Chemistry (CHEM),1
CHEM-C 341,CHEM,341,ORGANIC CHEMISTRY 1 LECTURES,3.0,3.0,300,Chemistry (CHEM),16
CHEM-C 342,CHEM,342,ORGANIC CHEMISTRY LECTURES 2,3.0,3.0,300,Chemistry (CHEM),10
CHEM-C 343,CHEM,343,ORGANIC CHEMISTRY LABORATORY 1,2.0,2.0,300,Chemistry (CHEM),18
CHEM-C 344,CHEM,344,ORGANIC CHEMISTRY LABORATORY 2,2.0,2.0,300,Chemistry (CHEM),3
CHEM-C 360,CHEM,360,INTRODUCTORY PHYSICAL CHEM,3.0,3.0,300,Chemistry (CHEM),3
CHEM-C 362,CHEM,362,PHYSICAL CHEM OF MOLECULES,3.0,3.0,300,Chemistry (CHEM),2
CHEM-C 383,CHEM,383,HUMAN BIOCHEMISTRY,3.0,3.0,300,Chemistry (CHEM),6
CHEM-C 427,CHEM,427,ADV & NANOSCALE MATERIALS LAB,2.0,2.0,400,Chemistry (CHEM),3
CHEM-C 432,CHEM,432,SPECTRSC MTHDS INORGANIC CHEM,3.0,3.0,400,Chemistry (CHEM),1
CHEM-C 443,CHEM,443,ORGANIC SPECTROSCOPY,3.0,3.0,400,Chemistry (CHEM),1
CHEM-C 450,CHEM,450,ADVANCED ORGANIC CHEMISTRY,3.0,3.0,400,Chemistry (CHEM),1
CHEM-C 453,CHEM,453,INTRO TO CHEMICAL BIOLOGY I,1.5,1.5,400,Chemistry (CHEM),1
CHEM-C 454,CHEM,454,INTRO TO CHEMICAL BIOLOGY II,1.5,1.5,400,Chemistry (CHEM),1
CHEM-C 483,CHEM,483,BIOLOGICAL CHEMISTRY,3.0,3.0,400,Chemistry (CHEM),5
CHEM-C 484,CHEM,484,BIOMOLECULES AND CATABOLISM,3.0,3.0,400,Chemistry (CHEM),3
CHEM-C 485,CHEM,485,BIOSYNTHTC PATHWY & CNTRL MTBLSM,3.0,3.0,400,Chemistry (CHEM),1
CHEM-C 500,CHEM,500,INTRODUCTION TO RESEARCH,2.0,2.0,500,Chemistry (CHEM),1
CHEM-C 501,CHEM,501,CHEMICAL INSTRUMENTATION,4.0,4.0,500,Chemistry (CHEM),3
CHEM-C 502,CHEM,502,INORGANIC SPECTROSCOPY,3.0,3.0,500,Chemistry (CHEM),1
CHEM-C 503,CHEM,503,SPECTROSC METH STRUC DETERM,3.0,3.0,500,Chemistry (CHEM),1
CHEM-C 505,CHEM,505,GRAD PROF DEV SEM,1.0,1.0,500,Chemistry (CHEM),1
CHEM-C 540,CHEM,540,ADVANCED ORGANIC CHEMISTRY,3.0,3.0,500,Chemistry (CHEM),1
CHEM-C 543,CHEM,543,ORGANIC REACTIONS,3.0,3.0,500,Chemistry (CHEM),1
CHEM-C 561,CHEM,561,ATOMIC & MOL QUANTUM THEORY,3.0,3.0,500,Chemistry (CHEM),1
CHEM-C 567,CHEM,567,CHEMICAL STATISTICAL MECHANICS,3.0,3.0,500,Chemistry (CHEM),1
CHEM-C 581,CHEM,581,MACROMOLECULAR STRUCT/FUNCTION,1.5,1.5,500,Chemistry (CHEM),1
CHEM-C 582,CHEM,582,BIOMOLECULAR ANALYSIS/INTERACT,1.5,1.5,500,Chemistry (CHEM),1
CHEM-C 612,CHEM,612,SPECTRO CHEM METH OF ANALYSIS,2.0,2.0,600,Chemistry (CHEM),1
CHEM-C 619,CHEM,619,SEMINAR: ANALYTICAL CHEMISTRY,1.0,1.0,600,Chemistry (CHEM),1
CHEM-C 634,CHEM,634,TRANSITION METAL CHEMISTRY,3.0,3.0,600,Chemistry (CHEM),1
CHEM-C 638,CHEM,638,SEMINAR INORGANIC CHEMISTRY,1.0,3.0,600,Chemistry (CHEM),1
CHEM-C 648,CHEM,648,SEMINAR ORGANIC CHEMISTRY,1.0,1.0,600,Chemistry (CHEM),1
CHEM-C 668,CHEM,668,SEMINAR PHYSICAL CHEMISTRY,1.0,1.0,600,Chemistry (CHEM),1
CHEM-C 680,CHEM,680,INTRO QUANTITATV BIOL/MEASURE,1.5,1.5,600,Chemistry (CHEM),1
CHEM-C 681,CHEM,681,INTRO TO CHEMICAL BIOLOGY I,1.5,1.5,600,Chemistry (CHEM),1
CHEM-C 682,CHEM,682,INTRO TO CHEMICAL BIOLOGY II,1.5,1.5,600,Chemistry (CHEM),1
CHEM-C 688,CHEM,688,SEMINAR IN BIOCHEMISTRY,1.0,1.0,600,Chemistry (CHEM),1
CHEM-C 810,CHEM,810,RESEARCH ANALYTICAL CHEMISTRY,1.0,12.0,800,Chemistry (CHEM),1
CHEM-C 820,CHEM,820,RESEARCH: MATERIALS CHEMISTRY,1.0,12.0,800,Chemistry (CHEM),1
CHEM-C 830,CHEM,830,RESEARCH INORGANIC CHEMISTRY,1.0,12.0,800,Chemistry (CHEM),1
CHEM-C 840,CHEM,840,RESEARCH ORGANIC CHEMISTRY,1.0,12.0,800,Chemistry (CHEM),1
CHEM-C 860,CHEM,860,RESEARCH PHYSICAL CHEMISTRY,1.0,12.0,800,Chemistry (CHEM),3
CHEM-C 880,CHEM,880,RESEARCH BIOLOGICAL CHEMISTRY,1.0,12.0,800,Chemistry (CHEM),1
CHEM-G 599,CHEM,599,THESIS RESEARCH,0.0,0.0,500,Chemistry (CHEM),1
CHEM-G 901,CHEM,901,ADVANCED RESEARCH,6.0,6.0,900,Chemistry (CHEM),2
CHEM-H 117,CHEM,117,"PRIN CHEM & BIOCHEM I, HONORS",3.0,3.0,100,Chemistry (CHEM),3
CHEM-H 127,CHEM,127,PRINC CHEM BIOCHM I LAB HONORS,2.0,2.0,100,Chemistry (CHEM),3
CHEM-H 342,CHEM,342,ORGANIC CHEM 2 LECTURES-HONORS,3.0,3.0,300,Honors (HON),3
CHEM-J 117,CHEM,117,"PRIN CHEM & BIOCH I, SCI MJR",3.0,3.0,100,Chemistry (CHEM),4
CHEM-J 341,CHEM,341,PRINCIPLES OF ORGANIC CHEM I,3.0,3.0,300,Chemistry (CHEM),3
CHEM-J 342,CHEM,342,PRINCIPLES OF ORGANIC CHEM II,3.0,3.0,300,Chemistry (CHEM),5
CHEM-J 343,CHEM,343,ORG CHEM LAB I FOR MAJORS,2.0,2.0,300,Chemistry (CHEM),6
CHEM-M 501,CHEM,501,FUNDAMENTALS OF MATERIALS I,3.0,3.0,500,Chemistry (CHEM),1
CHEM-M 503,CHEM,503,SUPRAMOLECULAR CHEMISTRY,3.0,3.0,500,Chemistry (CHEM),1
CHEM-M 608,CHEM,608,SEMINAR: MATERIALS CHEMISTRY,1.0,1.0,600,Chemistry (CHEM),1
CHEM-M 800,CHEM,800,MATERIALS CHEMISTRY RESRCH SEM,2.0,2.0,800,Chemistry (CHEM),1
CHEM-N 331,CHEM,331,INTERMEDIATE INORGANIC CHEM,3.0,3.0,300,Chemistry (CHEM),6
CHEM-N 337,CHEM,337,INTERMEDIATE INORG CHEM LAB,2.0,2.0,300,Chemistry (CHEM),4
CHEM-N 800,CHEM,800,INORGANIC CHEM RESEARCH SEMINR,2.0,2.0,800,Chemistry (CHEM),1
CHEM-P 360,CHEM,360,PHYSICAL CHEM FOR BIOCHEMISTS,3.0,3.0,300,Chemistry (CHEM),3
CHEM-P 800,CHEM,800,PHYSICAL CHEM RESEARCH SEM,2.0,2.0,800,Chemistry (CHEM),1
CHEM-R 800,CHEM,800,ORGANIC CHEMISTRY RESEARCH SEM,2.0,2.0,800,Chemistry (CHEM),1
CHEM-T 540,CHEM,540,PHYSICAL CHEMISTRY,3.0,3.0,500,Chemistry (CHEM),1
CHEM-T 555,CHEM,555,SURVEY IN CHEMISTRY,3.0,3.0,500,Chemistry (CHEM),1
CHEM-X 325,CHEM,325,ASURE CHEM RESEARCH LAB II,3.0,3.0,300,Chemistry (CHEM),4
CHEM-X 371,CHEM,371,INTERNSHIP CHEMICAL INSTRUCTN,0.0,2.0,300,Chemistry (CHEM),3
CHEM-X 373,CHEM,373,PROF PRACTICE IN CHEMISTRY,1.0,6.0,300,Chemistry (CHEM),1
CHEM-X 399,CHEM,399,CHEMICAL RESEARCH,0.0,3.0,300,Chemistry (CHEM),1
CHEM-X 499,CHEM,499,CHEMICAL RESEARCH CAPSTONE,2.0,2.0,400,Chemistry (CHEM),1
CJUS-G 901,CJUS,901,ADVANCED RESEARCH,6.0,6.0,900,Criminology/Criminal Justice (CJUS),1
CJUS-K 300,CJUS,300,TECHNIQUES OF DATA ANALYSIS,3.0,3.0,300,Criminology/Criminal Justice (CJUS),13
CJUS-P 100,CJUS,100,INTRO TO CRIMINAL JUSTICE,3.0,3.0,100,Criminology/Criminal Justice (CJUS),6
CJUS-P 200,CJUS,200,THEORIES OF CRIME AND DEVIANCE,3.0,3.0,200,Criminology/Criminal Justice (CJUS),8
CJUS-P 245,CJUS,245,SOCIAL JUSTICE & JUSTICE SYS,3.0,3.0,200,Criminology/Criminal Justice (CJUS),4
CJUS-P 290,CJUS,290,THE NATURE OF INQUIRY,3.0,3.0,200,Criminology/Criminal Justice (CJUS),1
CJUS-P 301,CJUS,301,POLICE IN CONTEMPORARY SOCIETY,3.0,3.0,300,Criminology/Criminal Justice (CJUS),1
CJUS-P 304,CJUS,304,PROBATION & PAROLE,3.0,3.0,300,Criminology/Criminal Justice (CJUS),2
CJUS-P 314,CJUS,314,LAW AND SOCIAL SCIENCE,3.0,3.0,300,Criminology/Criminal Justice (CJUS),7
CJUS-P 330,CJUS,330,CRIMINAL JUSTICE ETHICS,3.0,3.0,300,Criminology/Criminal Justice (CJUS),1
CJUS-P 332,CJUS,332,CRIMINAL PROSECUTION,3.0,3.0,300,Criminology/Criminal Justice (CJUS),1
CJUS-P 333,CJUS,333,FORENSIC EVID IN PROSECUTIONS,3.0,3.0,300,Criminology/Criminal Justice (CJUS),1
CJUS-P 371,CJUS,371,CRIMINAL PROCEDURE,3.0,3.0,300,Criminology/Criminal Justice (CJUS),1
CJUS-P 399,CJUS,399,READINGS FOR HONORS,1.0,6.0,300,Criminology/Criminal Justice (CJUS),1
CJUS-P 407,CJUS,407,TERRORISM,3.0,3.0,400,Criminology/Criminal Justice (CJUS),1
CJUS-P 408,CJUS,408,MASS IMPRISONMENT,3.0,3.0,400,Criminology/Criminal Justice (CJUS),1
CJUS-P 411,CJUS,411,CRIMINAL JUSTICE MANAGEMENT,3.0,3.0,400,Criminology/Criminal Justice (CJUS),1
CJUS-P 414,CJUS,414,ADOLESCENTS AND THE LAW,3.0,3.0,400,Criminology/Criminal Justice (CJUS),1
CJUS-P 415,CJUS,415,CRIME AND MADNESS,3.0,3.0,400,Criminology/Criminal Justice (CJUS),1
CJUS-P 425,CJUS,425,WOMEN & THE CRIMINAL JUST SYS,3.0,3.0,400,Criminology/Criminal Justice (CJUS),1
CJUS-P 426,CJUS,426,JUVENILE DELINQUENCY,3.0,3.0,400,Criminology/Criminal Justice (CJUS),1
CJUS-P 433,CJUS,433,LAW OF WAR,3.0,3.0,400,Criminology/Criminal Justice (CJUS),1
CJUS-P 440,CJUS,440,"PRIVACY, LAW AND SECURITY",3.0,3.0,400,Criminology/Criminal Justice (CJUS),1
CJUS-P 472,CJUS,472,RESTORATIVE JUSTICE,3.0,3.0,400,Criminology/Criminal Justice (CJUS),1
CJUS-P 499,CJUS,499,SENIOR HONORS THESIS,3.0,6.0,400,Criminology/Criminal Justice (CJUS),1
CJUS-P 502,CJUS,502,ADVANCED CRIMINOLOGICAL THEORY,3.0,3.0,500,Criminology/Criminal Justice (CJUS),1
CJUS-P 503,CJUS,503,PROF DEV CRIMINOLOGY/CRIM JUST,1.0,1.0,500,Criminology/Criminal Justice (CJUS),1
CJUS-P 505,CJUS,505,RESEARCH CAREERS IN CJUS,1.0,1.0,500,Criminology/Criminal Justice (CJUS),1
CJUS-P 594,CJUS,594,INTRO TO RESEARCH METHODS,3.0,3.0,500,Criminology/Criminal Justice (CJUS),2
CJUS-P 599,CJUS,599,RESEARCH PRACTICUM,1.0,6.0,500,Criminology/Criminal Justice (CJUS),1
CJUS-P 619,CJUS,619,CRIME AND PUBLIC POLICY,3.0,3.0,600,Criminology/Criminal Justice (CJUS),1
CJUS-P 680,CJUS,680,ISSUES IN CCJ,3.0,3.0,600,Criminology/Criminal Justice (CJUS),1
CJUS-P 694,CJUS,694,MA RESEARCH IN CCJ,1.0,6.0,600,Criminology/Criminal Justice (CJUS),2
CJUS-P 794,CJUS,794,THESIS (A.M.),1.0,6.0,700,Criminology/Criminal Justice (CJUS),1
CJUS-P 851,CJUS,851,READINGS IN CCJ,1.0,6.0,800,Criminology/Criminal Justice (CJUS),2
CJUS-P 855,CJUS,855,DOCTORAL RESEARCH IN CCJ,1.0,6.0,800,Criminology/Criminal Justice (CJUS),2
CJUS-P 859,CJUS,859,PH D THESIS,1.0,12.0,800,Criminology/Criminal Justice (CJUS),1
CJUS-X 371,CJUS,371,TEACHING INTERNSHIP,1.0,3.0,300,Criminology/Criminal Justice (CJUS),1
CJUS-X 477,CJUS,477,FIELD EXPERIENCE IN CRIM JUS,1.0,6.0,400,Criminology/Criminal Justice (CJUS),1
CJUS-X 490,CJUS,490,INDIVIDUAL READINGS,1.0,6.0,400,Criminology/Criminal Justice (CJUS),1
CJUS-X 498,CJUS,498,RESEARCH IN CRIM & CJUS,1.0,3.0,400,Criminology/Criminal Justice (CJUS),2
CLAS-C 101,CLAS,101,ANCIENT GREEK CULTURE,3.0,3.0,100,Classical Studies (CLAS),1
CLAS-C 102,CLAS,102,ROMAN CULTURE,3.0,3.0,100,Classical Studies (CLAS),1
CLAS-C 205,CLAS,205,CLASSICAL MYTHOLOGY,3.0,3.0,200,Classical Studies (CLAS),5
CLAS-C 206,CLAS,206,CLASSICAL ART & ARCHAEOLOGY,3.0,3.0,200,Classical Studies (CLAS),1
CLAS-C 209,CLAS,209,MED TERMS FROM GREEK & LATIN,2.0,2.0,200,Classical Studies (CLAS),3
CLAS-C 211,CLAS,211,ANCIENT ATHLETICS,3.0,3.0,200,Classical Studies (CLAS),2
CLAS-C 311,CLAS,311,CLASSICAL EPICS,3.0,3.0,300,Classical Studies (CLAS),1
CLAS-C 351,CLAS,351,CHNG & INNOV IN ANCIENT GREECE,3.0,3.0,300,Classical Studies (CLAS),1
CLAS-C 399,CLAS,399,READING FOR HONORS,1.0,12.0,300,Classical Studies (CLAS),1
CLAS-C 412,CLAS,412,ART & ARCH OF THE AEGEAN,3.0,3.0,400,Classical Studies (CLAS),1
CLAS-C 421,CLAS,421,TOPO & MONUMENTS OF ANCNT ROME,3.0,3.0,400,Classical Studies (CLAS),1
CLAS-C 499,CLAS,499,READING FOR HONORS,1.0,12.0,400,Classical Studies (CLAS),1
CLAS-C 503,CLAS,503,THE ANCIENT CITY,4.0,4.0,500,Classical Studies (CLAS),1
CLAS-C 512,CLAS,512,ART AND ARCHAEOLOGY OF AEGEAN,3.0,3.0,500,Classical Studies (CLAS),1
CLAS-C 875,CLAS,875,RESEARCH IN GREEK OR LATIN,1.0,12.0,800,Classical Studies (CLAS),1
CLAS-C 880,CLAS,880,PH D THESIS,1.0,12.0,800,Classical Studies (CLAS),1
CLAS-G 100,CLAS,100,ELEMENTARY ANCIENT GREEK I,4.0,4.0,100,Classical Studies (CLAS),1
CLAS-G 200,CLAS,200,INTERMEDIATE ANCIENT GREEK I,3.0,3.0,200,Classical Studies (CLAS),1
CLAS-G 410,CLAS,410,GREEK PROSE AUTHORS,3.0,3.0,400,Classical Studies (CLAS),1
CLAS-G 500,CLAS,500,ELEMENTARY GREEK I,2.0,2.0,500,Classical Studies (CLAS),1
CLAS-G 535,CLAS,535,HISTORY OF GREEK LITERATURE,3.0,3.0,500,Classical Studies (CLAS),1
CLAS-G 600,CLAS,600,INTERMEDIATE GREEK,3.0,3.0,600,Classical Studies (CLAS),1
CLAS-G 803,CLAS,803,SUPERVISED READING PROGRAM,1.0,4.0,800,Classical Studies (CLAS),1
CLAS-G 901,CLAS,901,ADVANCED RESEARCH,6.0,6.0,900,Classical Studies (CLAS),1
CLAS-L 100,CLAS,100,ELEMENTARY LATIN I,4.0,4.0,100,Classical Studies (CLAS),2
CLAS-L 150,CLAS,150,ELEMENTARY LATIN II,4.0,4.0,100,Classical Studies (CLAS),1
CLAS-L 200,CLAS,200,SECOND-YEAR LATIN I,3.0,3.0,200,Classical Studies (CLAS),1
CLAS-L 250,CLAS,250,SECOND-YEAR LATIN II,3.0,3.0,200,Classical Studies (CLAS),1
CLAS-L 307,CLAS,307,CICERO,3.0,3.0,300,Classical Studies (CLAS),1
CLAS-L 430,CLAS,430,LUCRETIUS,3.0,3.0,400,Classical Studies (CLAS),1
CLAS-L 518,CLAS,518,INTRODUCTION TO CICERO,3.0,3.0,500,Classical Studies (CLAS),1
CLAS-L 547,CLAS,547,LUCRETIUS,3.0,3.0,500,Classical Studies (CLAS),1
CLAS-L 803,CLAS,803,SUPERVISED READING PROGRAM,1.0,4.0,800,Classical Studies (CLAS),1
CLAS-X 473,CLAS,473,INTRNSHP IN CLASSICAL STUDIES,1.0,3.0,400,Classical Studies (CLAS),1
CLAS-X 476,CLAS,476,PRACTICUM IN CLASSICAL STUDIES,1.0,3.0,400,Classical Studies (CLAS),1
CLAS-X 490,CLAS,490,INDIVIDUAL READING IN CLASSICS,1.0,3.0,400,Classical Studies (CLAS),1
CLAS-X 491,CLAS,491,INDIVIDUAL READING IN GREEK,1.0,3.0,400,Classical Studies (CLAS),1
CLAS-X 492,CLAS,492,INDIVIDUAL READING IN LATIN,1.0,3.0,400,Classical Studies (CLAS),1
CLLC-L 102,CLLC,102,EDIBLE WILD PLANTS,1.0,1.0,100,Collins Living-Learning Center (CLLC),1
CLLC-L 110,CLLC,110,"TEXT, IMAGE, SOUND",3.0,3.0,100,Collins Living-Learning Center (CLLC),1
CLLC-L 210,CLLC,210,"CULTURE, THE ARTS, AND SOCIETY",3.0,3.0,200,Collins Living-Learning Center (CLLC),2
CLLC-L 220,CLLC,220,USES OF THE PAST,3.0,3.0,200,Collins Living-Learning Center (CLLC),1
CLLC-Q 199,CLLC,199,RESIDENTIAL LEARNING WORKSHOP,1.0,1.0,100,Collins Living-Learning Center (CLLC),13
CLLC-X 273,CLLC,273,COLLINS INTERNSHIP,1.0,3.0,200,Collins Living-Learning Center (CLLC),1
CLLC-X 490,CLLC,490,INDEPENDENT STUDY,1.0,3.0,400,Collins Living-Learning Center (CLLC),1
CMCL-C 810,CMCL,810,PH D THESIS,1.0,15.0,800,Communication & Culture (CMCL),1
CMCL-G 901,CMCL,901,ADVANCED RESEARCH,6.0,6.0,900,Communication & Culture (CMCL),1
CMLT-C 110,CMLT,110,WRITING THE WORLD,3.0,3.0,100,Comparative Literature (CMLT),7
CMLT-C 111,CMLT,111,READING THE WORLD,3.0,3.0,100,Comparative Literature (CMLT),1
CMLT-C 147,CMLT,147,IMGS OF THE SELF: EAST & WEST,3.0,3.0,100,Comparative Literature (CMLT),1
CMLT-C 151,CMLT,151,INTRO TO POPULAR CULTURE,3.0,3.0,100,Comparative Literature (CMLT),2
CMLT-C 155,CMLT,155,CULTURE AND MODERN EXPERIENCE,3.0,3.0,100,Comparative Literature (CMLT),1
CMLT-C 200,CMLT,200,HONORS SEMINAR,3.0,3.0,200,Comparative Literature (CMLT),1
CMLT-C 205,CMLT,205,COMPARATIVE LITERARY ANALYSIS,3.0,3.0,200,Comparative Literature (CMLT),1
CMLT-C 216,CMLT,216,"SCI FICTN, FANTASY & WEST TRAD",3.0,3.0,200,Comparative Literature (CMLT),1
CMLT-C 251,CMLT,251,LYRICS & POPULAR SONG,3.0,3.0,200,Comparative Literature (CMLT),1
CMLT-C 291,CMLT,291,STUDIES IN NON-WESTERN FILM,3.0,3.0,200,Comparative Literature (CMLT),1
CMLT-C 317,CMLT,317,"EPIC: HEROES, GODS, AND REBELS",3.0,3.0,300,Comparative Literature (CMLT),1
CMLT-C 318,CMLT,318,SATIRE,3.0,3.0,300,Comparative Literature (CMLT),1
CMLT-C 321,CMLT,321,MEDIEVAL LITERATURE,3.0,3.0,300,Medieval Studies (MEST),0
CMLT-C 355,CMLT,355,LIT-ARTS & THEIR INTERRELATNSHIP,3.0,3.0,300,Comparative Literature (CMLT),1
CMLT-C 400,CMLT,400,STUDIES IN COMPARATIVE LIT,3.0,3.0,400,Comparative Literature (CMLT),1
CMLT-C 499,CMLT,499,STUDIES FOR HONORS,2.0,6.0,400,Comparative Literature (CMLT),1
CMLT-C 501,CMLT,501,INTRO CONTEMPORARY LIT STUDIES,3.0,3.0,500,Comparative Literature (CMLT),1
CMLT-C 502,CMLT,502,FIELDS & METHODS OF COMP LIT,1.0,1.0,500,Comparative Literature (CMLT),1
CMLT-C 523,CMLT,523,MEDIEVAL LITERATURE,4.0,4.0,500,Comparative Literature (CMLT),1
CMLT-C 581,CMLT,581,WKSHP IN LITERARY TRANSLATION,4.0,4.0,500,Comparative Literature (CMLT),1
CMLT-C 602,CMLT,602,CONTEM THEOR ISS & APPROACHES,4.0,4.0,600,Comparative Literature (CMLT),1
CMLT-C 603,CMLT,603,TOPICS IN COMPARATIVE LIT,4.0,4.0,600,Comparative Literature (CMLT),1
CMLT-C 604,CMLT,604,INDIV READINGS IN LITERATURE,1.0,4.0,600,Comparative Literature (CMLT),1
CMLT-C 647,CMLT,647,LITERARY STUDIES & PHILOSOPHY,4.0,4.0,600,Comparative Literature (CMLT),1
CMLT-C 655,CMLT,655,TOPICS IN INTER-ARTS STUDIES,4.0,4.0,600,Comparative Literature (CMLT),1
CMLT-C 680,CMLT,680,TOPICS IN TRANSLATION STUDIES,4.0,4.0,600,Comparative Literature (CMLT),1
CMLT-C 801,CMLT,801,RESEARCH,1.0,8.0,800,Comparative Literature (CMLT),1
CMLT-C 805,CMLT,805,MASTER'S THESIS,1.0,6.0,800,Comparative Literature (CMLT),1
CMLT-C 810,CMLT,810,PH D THESIS,1.0,12.0,800,Comparative Literature (CMLT),1
CMLT-G 599,CMLT,599,THESIS RESEARCH,0.0,0.0,500,Comparative Literature (CMLT),1
CMLT-G 901,CMLT,901,ADVANCED RESEARCH,6.0,6.0,900,Comparative Literature (CMLT),2
CMLT-X 490,CMLT,490,INDIV READINGS IN COMP LIT,1.0,3.0,400,Comparative Literature (CMLT),1
CMLT-X 491,CMLT,491,INDIV STUDIES IN FILM & LIT,1.0,3.0,400,Comparative Literature (CMLT),1
COGS-G 901,COGS,901,ADVANCED RESEARCH,6.0,6.0,900,Cognitive Science (COGS),1
COGS-Q 101,COGS,101,INTRO TO COGNITIVE SCIENCE,3.0,3.0,100,Cognitive Science (COGS),4
COGS-Q 260,COGS,260,PROGRAMNG COGNITIVE & INFO SCI,3.0,3.0,200,Cognitive Science (COGS),2
COGS-Q 350,COGS,350,MATH & LOGIC FOR COGNITIVE SCI,4.0,4.0,300,Cognitive Science (COGS),2
COGS-Q 351,COGS,351,INTRO TO ART INTEL/COMP SIMUL,3.0,3.0,300,Cognitive Science (COGS),1
COGS-Q 370,COGS,370,EXPERIMNTS & MODELS IN COGNITN,4.0,4.0,300,Cognitive Science (COGS),2
COGS-Q 380,COGS,380,EVOLUTION OF HUMAN COGNITION,3.0,3.0,300,Cognitive Science (COGS),1
COGS-Q 499,COGS,499,HONORS RSCH PJT COG & INFO SCI,3.0,3.0,400,Cognitive Science (COGS),1
COGS-Q 510,COGS,510,COG SCI PROFESSNAL DEVELOPMENT,2.0,2.0,500,Cognitive Science (COGS),1
COGS-Q 540,COGS,540,PHIL FNDTNS COGNITIVE/INFO SCI,3.0,3.0,500,Cognitive Science (COGS),1
COGS-Q 580,COGS,580,INTRO TO DYN SYS IN COG SCI,3.0,3.0,500,Cognitive Science (COGS),1
COGS-Q 733,COGS,733,COLLOQUIUM SERIES,1.0,1.0,700,Cognitive Science (COGS),1
COGS-Q 799,COGS,799,READINGS & RESEARCH IN COG SCI,1.0,6.0,700,Cognitive Science (COGS),19
COGS-Q 899,COGS,899,DISSERTATION RESEARCH,1.0,12.0,800,Cognitive Science (COGS),22
COGS-X 373,COGS,373,INTRNSHP IN PROFESSIONAL PRACT,1.0,6.0,300,Cognitive Science (COGS),1
COGS-X 490,COGS,490,RDGS IN COGNITIVE & INFO SCI,1.0,3.0,400,Cognitive Science (COGS),1
COGS-X 497,COGS,497,RSRCH IN COGNITIVE & INFO SCI,1.0,3.0,400,Cognitive Science (COGS),2
COGS-X 498,COGS,498,PROJECT IN COG & INFO SCIENCES,1.0,3.0,400,Cognitive Science (COGS),1
COLL-C 103,COLL,103,CRIT APPROACHES: ARTS & HUMNTIES,3.0,3.0,100,College of Arts & Sciences (COLL),18
COLL-C 104,COLL,104,CRIT APPROACHES: SOCIAL & HIST,3.0,3.0,100,College of Arts & Sciences (COLL),11
COLL-C 105,COLL,105,CRIT APPROACHES: NATL & MATH SCI,3.0,3.0,100,College of Arts & Sciences (COLL),7
COLL-C 200,COLL,200,CIC COURSESHARE,3.0,3.0,200,College of Arts & Sciences (COLL),1
COLL-C 500,COLL,500,CIC COURSESHARE,3.0,3.0,500,College of Arts & Sciences (COLL),1
COLL-G 123,COLL,123,SUCCESS FOR GROUPS SCHOLARS,1.0,1.0,100,College of Arts & Sciences (COLL),1
COLL-G 133,COLL,133,GROUPS FIRST-YEAR SEMINAR I,1.0,1.0,100,College of Arts & Sciences (COLL),1
COLL-P 155,COLL,155,PUBLIC ORAL COMMUNICATION,3.0,3.0,100,College of Arts & Sciences (COLL),28
COLL-X 112,COLL,112,TRADITIONS & CULTURES OF IU,2.0,2.0,100,College of Arts & Sciences (COLL),1
COLL-X 250,COLL,250,ACAD EDITING & PUBLISHING SEM,1.0,1.0,200,College of Arts & Sciences (COLL),1
COLL-X 294,COLL,294,STEM LLC RESIDENTIAL SEMINAR,1.0,1.0,200,College of Arts & Sciences (COLL),1
COLL-X 311,COLL,311,EXPERIMENTAL TOPICS,3.0,3.0,300,College of Arts & Sciences (COLL),1
CSCI-A 110,CSCI,110,INTRO TO COMPUTERS & COMPUTING,3.0,3.0,100,Computer Science (CSCI),10
CSCI-A 201,CSCI,201,INTRODUCTION TO PROGRAMMING I,4.0,4.0,200,Computer Science (CSCI),3
CSCI-A 216,CSCI,216,DIGITL MULTIMEDIA CONCPTS/TECH,3.0,3.0,200,Computer Science (CSCI),2
CSCI-A 290,CSCI,290,TOOLS FOR COMPUTING,1.5,1.5,200,Computer Science (CSCI),4
CSCI-A 310,CSCI,310,PROBLEM SOLVING USING DATA,3.0,3.0,300,Computer Science (CSCI),5
CSCI-A 338,CSCI,338,NETWORK TECH & SYSTEMS ADMIN,4.0,4.0,300,Computer Science (CSCI),2
CSCI-A 538,CSCI,538,NETWORK TECH & SYSTEMS ADMIN,3.0,3.0,500,Computer Science (CSCI),2
CSCI-A 541,CSCI,541,COMPUTING & TECHNOLOGY BOOTCAMP,3.0,3.0,500,Computer Science (CSCI),4
CSCI-A 581,CSCI,581,INTRO COMPUTERS & PROGRAMMING,3.0,3.0,500,Computer Science (CSCI),2
CSCI-A 590,CSCI,590,TOPICS IN PROGRAMMING,1.5,1.5,500,Computer Science (CSCI),4
CSCI-A 591,CSCI,591,INTRO TO COMPUTER SCIENCE,3.0,3.0,500,Computer Science (CSCI),4
CSCI-A 592,CSCI,592,INTRO TO SOFTWARE SYSTEMS,3.0,3.0,500,Cognitive Science (COGS),5
CSCI-A 593,CSCI,593,COMPUTER STRUCTURES,3.0,3.0,500,Cognitive Science (COGS),4
CSCI-A 594,CSCI,594,DATA STRUCTURES,3.0,3.0,500,Cognitive Science (COGS),2
CSCI-A 595,CSCI,595,FUNDAMENTALS OF COMPUTG THEORY,3.0,3.0,500,Computer Science (CSCI),2
CSCI-A 596,CSCI,596,PROGRAMMING LANGUAGES,3.0,3.0,500,Computer Science (CSCI),2
CSCI-A 597,CSCI,597,INTRODUCTION TO PROGRAMMING I,3.0,3.0,500,Computer Science (CSCI),2
CSCI-B 351,CSCI,351,INTRO ARTIFICIAL INTELLIGENCE,3.0,3.0,300,Computer Science (CSCI),1
CSCI-B 355,CSCI,355,AUTONOMOUS ROBOTICS,3.0,3.0,300,Computer Science (CSCI),1
CSCI-B 363,CSCI,363,BIOINFORMATICS ALGORITHMS,4.0,4.0,300,Computer Science (CSCI),3
CSCI-B 365,CSCI,365,DATA ANALYSIS AND MINING,3.0,3.0,300,Computer Science (CSCI),1
CSCI-B 401,CSCI,401,FUNDAMENTALS OF COMPUTG THEORY,3.0,3.0,400,Computer Science (CSCI),2
CSCI-B 403,CSCI,403,INTRO ALGORITHM DES & ANALYS,3.0,3.0,400,Computer Science (CSCI),1
CSCI-B 405,CSCI,405,APPLIED ALGORITHMS,3.0,3.0,400,Computer Science (CSCI),1
CSCI-B 430,CSCI,430,SECURITY FOR NETWORKED SYSTEMS,3.0,3.0,400,Computer Science (CSCI),5
CSCI-B 455,CSCI,455,PRINCIPLES OF MACHINE LEARNING,3.0,3.0,400,Computer Science (CSCI),1
CSCI-B 461,CSCI,461,DATABASE CONCEPTS,3.0,3.0,400,Computer Science (CSCI),1
CSCI-B 481,CSCI,481,INTERACTIVE GRAPHICS,4.0,4.0,400,Computer Science (CSCI),2
CSCI-B 490,CSCI,490,SEMINAR IN COMPUTER SCIENCE,3.0,3.0,400,Computer Science (CSCI),5
CSCI-B 501,CSCI,501,THEORY OF COMPUTING,3.0,3.0,500,Cognitive Science (COGS),2
CSCI-B 503,CSCI,503,ALGORITHMS DESIGN AND ANALYSIS,3.0,3.0,500,Computer Science (CSCI),1
CSCI-B 505,CSCI,505,APPLIED ALGORITHMS,3.0,3.0,500,Computer Science (CSCI),4
CSCI-B 521,CSCI,521,PROGRAMMING LANGUAGE PRINC,3.0,3.0,500,Cognitive Science (COGS),1
CSCI-B 544,CSCI,544,SECURITY FOR NETWORKED SYSTEMS,3.0,3.0,500,Computer Science (CSCI),4
CSCI-B 551,CSCI,551,ELEM ARTIFICIAL INTELLIGENCE,3.0,3.0,500,Cognitive Science (COGS),2
CSCI-B 557,CSCI,557,MUSIC INFO PROCESSING: AUDIO,3.0,3.0,500,Computer Science (CSCI),1
CSCI-B 565,CSCI,565,DATA MINING,3.0,3.0,500,Computer Science (CSCI),1
CSCI-B 581,CSCI,581,ADVANCED COMPUTER GRAPHICS,3.0,3.0,500,Computer Science (CSCI),2
CSCI-B 590,CSCI,590,TOPICS IN COMPUTER SCIENCE,3.0,3.0,500,Computer Science (CSCI),9
CSCI-B 599,CSCI,599,TEACHING IN COMPUTER SCIENCE,1.0,1.0,500,Computer Science (CSCI),1
CSCI-B 609,CSCI,609,TPCS ALGORITHMS & COMP THEORY,3.0,3.0,600,Computer Science (CSCI),1
CSCI-B 629,CSCI,629,TPCS IN PROGRAMMING LANGUAGES,3.0,3.0,600,Computer Science (CSCI),1
CSCI-B 649,CSCI,649,TOPICS IN SYSTEMS,3.0,3.0,600,Computer Science (CSCI),1
CSCI-B 659,CSCI,659,TOPICS ARTIFICIAL INTELLIGENCE,3.0,3.0,600,Computer Science (CSCI),3
CSCI-C 102,CSCI,102,GREAT IDEAS IN COMPUTING,3.0,3.0,100,Computer Science (CSCI),2
CSCI-C 200,CSCI,200,INTRO COMPUTERS & PROGRAMMING,4.0,4.0,200,Computer Science (CSCI),28
CSCI-C 211,CSCI,211,INTRO TO COMPUTER SCIENCE,4.0,4.0,200,Computer Science (CSCI),7
CSCI-C 212,CSCI,212,INTRO TO SOFTWARE SYSTEMS,4.0,4.0,200,Computer Science (CSCI),11
CSCI-C 231,CSCI,231,INTRO: MATH OF CYBERSECURITY,3.0,3.0,200,Computer Science (CSCI),1
CSCI-C 241,CSCI,241,DISCRETE STRUCTURES FOR CSCI,3.0,3.0,200,Computer Science (CSCI),8
CSCI-C 291,CSCI,291,SYSTEM PROG WITH C AND UNIX,3.0,3.0,200,Computer Science (CSCI),5
CSCI-C 292,CSCI,292,INTRO TO GAME PROGRAMMING,3.0,3.0,200,Computer Science (CSCI),2
CSCI-C 295,CSCI,295,LEADERSHIP AND LEARNING,1.0,1.0,200,Computer Science (CSCI),1
CSCI-C 311,CSCI,311,PROGRAMMING LANGUAGES,4.0,4.0,300,Computer Science (CSCI),3
CSCI-C 322,CSCI,322,OBJECT-ORIENTED SOFTWARE MTHDS,4.0,4.0,300,Computer Science (CSCI),4
CSCI-C 323,CSCI,323,MOBILE APP DEVELOPMENT,3.0,3.0,300,Computer Science (CSCI),3
CSCI-C 335,CSCI,335,COMPUTER STRUCTURES,4.0,4.0,300,Computer Science (CSCI),7
CSCI-C 343,CSCI,343,DATA STRUCTURES,4.0,4.0,300,Computer Science (CSCI),6
CSCI-C 460,CSCI,460,SENIOR PROJECT I,3.0,3.0,400,Computer Science (CSCI),2
CSCI-G 901,CSCI,901,ADVANCED RESEARCH,6.0,6.0,900,Computer Science (CSCI),2
CSCI-H 200,CSCI,200,"INTRO CMPTRS & PRGRMNG, HONORS",4.0,4.0,200,Computer Science (CSCI),2
CSCI-H 211,CSCI,211,INTRO TO CMPTR SCIENCE-HONORS,4.0,4.0,200,Honors (HON),2
CSCI-H 311,CSCI,311,PROGRAMMING LANGUAGES HONORS,4.0,4.0,300,Honors (HON),2
CSCI-H 343,CSCI,343,"DATA STRUCTURES, HONORS",4.0,4.0,300,Honors (HON),3
CSCI-P 423,CSCI,423,COMPILERS,4.0,4.0,400,Computer Science (CSCI),1
CSCI-P 438,CSCI,438,INTRO TO COMPUTER NETWORKS,4.0,4.0,400,Computer Science (CSCI),2
CSCI-P 465,CSCI,465,SOFTWARE ENG FOR INFO SYS I,3.0,3.0,400,Computer Science (CSCI),1
CSCI-P 466,CSCI,466,SOFTWARE ENG FOR INFO SYS II,3.0,3.0,400,Computer Science (CSCI),1
CSCI-P 523,CSCI,523,PROGRAMMING LANGUAGE IMPLEMENT,3.0,3.0,500,Computer Science (CSCI),1
CSCI-P 538,CSCI,538,COMPUTER NETWORKS,3.0,3.0,500,Computer Science (CSCI),3
CSCI-P 556,CSCI,556,APPLIED MACHINE LEARNING,3.0,3.0,500,Computer Science (CSCI),2
CSCI-P 565,CSCI,565,SOFTWARE ENGINEERING I,3.0,3.0,500,Computer Science (CSCI),1
CSCI-P 566,CSCI,566,SOFTWARE ENGINEERING II,3.0,3.0,500,Computer Science (CSCI),1
CSCI-T 500,CSCI,500,COMPUTER SCIENCE FOUNDATIONS,3.0,3.0,500,Computer Science (CSCI),1
CSCI-T 510,CSCI,510,INTRO TO COMP AND PROG,3.0,3.0,500,Computer Science (CSCI),1
CSCI-T 530,CSCI,530,INTRODUCTION TO INFORMATICS,3.0,3.0,500,Computer Science (CSCI),1
CSCI-T 550,CSCI,550,INTRODUCTION TO CYBERSECURITY,3.0,3.0,500,Computer Science (CSCI),1
CSCI-Y 390,CSCI,390,UNDERGRADUATE INDPT STUDY,1.0,3.0,300,Computer Science (CSCI),3
CSCI-Y 391,CSCI,391,UNDERGRADUATE IND SYSTEM DEV,1.0,3.0,300,Computer Science (CSCI),1
CSCI-Y 395,CSCI,395,CAREER DEVELPT FOR CSCI MAJORS,1.0,1.0,300,Computer Science (CSCI),2
CSCI-Y 399,CSCI,399,PROJ IN PROFESSIONAL PRACTICE,3.0,3.0,300,Computer Science (CSCI),2
CSCI-Y 499,CSCI,499,HONORS RESEARCH,1.0,6.0,400,Computer Science (CSCI),2
CSCI-Y 790,CSCI,790,GRADUATE INDEPENDENT STUDY,1.0,6.0,700,Computer Science (CSCI),46
CSCI-Y 791,CSCI,791,GRAD INDEPENDENT SYSTEM DEV,1.0,6.0,700,Computer Science (CSCI),2
CSCI-Y 792,CSCI,792,MASTER'S THESIS,1.0,6.0,700,Computer Science (CSCI),2
CSCI-Y 793,CSCI,793,MASTER'S SOFTWARE THESIS,1.0,6.0,700,Computer Science (CSCI),2
CSCI-Y 798,CSCI,798,PROFSNL PRACTICUM/INTERNSHP,1.0,6.0,700,Computer Science (CSCI),4
CSCI-Y 799,CSCI,799,COMPUTER SCIENCE COLLOQUIUM,1.0,1.0,700,Computer Science (CSCI),1
CSCI-Y 890,CSCI,890,THESIS READINGS AND RESEARCH,1.0,12.0,800,Computer Science (CSCI),2
CTIH-T 600,CTIH,600,TOPICS IN CRITICAL THEORY,3.0,3.0,600,Theoretical Inq in Humanities (CTIH),2
CTIH-T 700,CTIH,700,IND STUDY IN CRITICAL THEORY,1.0,4.0,700,Theoretical Inq in Humanities (CTIH),1
CULS-C 701,CULS,701,SPEC TOPICS IN CULTURAL STDS,3.0,4.0,700,Cultural Studies (CULS),4
CULS-C 790,CULS,790,IND RDGS IN CULTURAL STUDIES,3.0,3.0,700,Cultural Studies (CULS),1
DAH-R 700,DAH,700,DIG ARTS & HUMANITIES CAPSTONE,1.0,5.0,700,Digital Arts & Humanities (DAH),1
DSCI-D 321,DSCI,321,DATA REPRESENTATION,3.0,3.0,300,Data Science (DSCI),1
DSCI-D 351,DSCI,351,BIG DATA ANALYTICS,3.0,3.0,300,Data Science (DSCI),1
DSCI-D 390,DSCI,390,UNDERGRADUATE INDPT STUDY,1.0,3.0,300,Data Science (DSCI),3
DSCI-D 498,DSCI,498,DATA SCIENCE CAPSTONE I,3.0,3.0,400,Data Science (DSCI),1
DSCI-D 532,DSCI,532,APPLIED DATABASE TECHNOLOGIES,3.0,3.0,500,Data Science (DSCI),2
DSCI-D 590,DSCI,590,TOPICS IN DATA SCIENCE,3.0,3.0,500,Data Science (DSCI),5
DSCI-D 591,DSCI,591,GRADUATE INTERNSHIP,0.0,3.0,500,Data Science (DSCI),3
DSCI-D 592,DSCI,592,DATA SCIENCE IN PRACTICE,3.0,3.0,500,Data Science (DSCI),1
DSCI-D 595,DSCI,595,DATA SCIENCE ON-RAMP,1.0,3.0,500,Data Science (DSCI),2
DSCI-D 699,DSCI,699,INDEPENDENT STUDY DATA SCIENCE,1.0,6.0,600,Data Science (DSCI),3
DSCI-Y 399,DSCI,399,PROJECT IN PROFESSIONAL PRACT,3.0,3.0,300,Data Science (DSCI),1
EALC-C 101,EALC,101,ELEMENTARY CHINESE 1,4.0,4.0,100,East Asian Lang & Culture (EALC),32
EALC-C 103,EALC,103,ADV ELEMENTARY CHINESE I,4.0,4.0,100,East Asian Lang & Culture (EALC),1
EALC-C 201,EALC,201,2ND YEAR CHINESE 1,4.0,4.0,200,East Asian Lang & Culture (EALC),16
EALC-C 301,EALC,301,THIRD YEAR CHINESE 1,4.0,4.0,300,East Asian Lang & Culture (EALC),6
EALC-C 306,EALC,306,LITERARY CHINESE I,3.0,3.0,300,East Asian Lang & Culture (EALC),1
EALC-C 401,EALC,401,FOURTH YEAR CHINESE I,3.0,3.0,400,East Asian Lang & Culture (EALC),2
EALC-C 408,EALC,408,CHINESE LANGUAGE PRACTICE I,1.0,1.0,400,East Asian Lang & Culture (EALC),1
EALC-C 425,EALC,425,TEACHING CHINESE LANGUAGE,3.0,3.0,400,East Asian Lang & Culture (EALC),1
EALC-C 454,EALC,454,MEDIA CHINESE,3.0,3.0,400,East Asian Lang & Culture (EALC),1
EALC-C 457,EALC,457,CHINESE IN HUMANITIES,3.0,3.0,400,East Asian Lang & Culture (EALC),2
EALC-C 467,EALC,467,CHINESE IN SOCIAL SCIENCE,3.0,3.0,400,East Asian Lang & Culture (EALC),2
EALC-C 506,EALC,506,LITERARY CHINESE I,3.0,3.0,500,East Asian Lang & Culture (EALC),1
EALC-C 525,EALC,525,TCHG CHINESE FOREIGN/SEC LANG,3.0,3.0,500,East Asian Lang & Culture (EALC),1
EALC-C 533,EALC,533,THIRD YEAR CHINESE I,3.0,3.0,500,East Asian Lang & Culture (EALC),6
EALC-C 543,EALC,543,FOURTH YEAR CHINESE I,3.0,3.0,500,East Asian Lang & Culture (EALC),2
EALC-C 557,EALC,557,CHINESE IN HUMANITIES,3.0,3.0,500,East Asian Lang & Culture (EALC),1
EALC-C 567,EALC,567,CHINESE IN SOCIAL SCIENCES,3.0,3.0,500,East Asian Lang & Culture (EALC),1
EALC-C 581,EALC,581,READ IN CHINESE HISTORIC TXT I,3.0,3.0,500,East Asian Lang & Culture (EALC),1
EALC-C 598,EALC,598,PEDAGOGY PROJECT,1.0,4.0,500,East Asian Lang & Culture (EALC),1
EALC-C 701,EALC,701,M. A. THESIS,1.0,4.0,700,East Asian Lang & Culture (EALC),1
EALC-C 801,EALC,801,PHD THESIS,1.0,12.0,800,East Asian Lang & Culture (EALC),1
EALC-E 100,EALC,100,EAST ASIA: AN INTRODUCTION,3.0,3.0,100,East Asian Lang & Culture (EALC),5
EALC-E 111,EALC,111,WAR AND VIOLENCE IN EAST ASIA,3.0,3.0,100,East Asian Lang & Culture (EALC),1
EALC-E 115,EALC,115,EAST ASIAN LITERATURES OF LOVE,3.0,3.0,100,East Asian Lang & Culture (EALC),1
EALC-E 201,EALC,201,ISS IN EAST ASIAN LITERATURE,3.0,3.0,200,East Asian Lang & Culture (EALC),1
EALC-E 204,EALC,204,ISSUES IN EAST ASIAN SOCIETY,3.0,3.0,200,East Asian Lang & Culture (EALC),1
EALC-E 233,EALC,233,SURVEY OF KOREAN CIVILIZATION,3.0,3.0,200,East Asian Lang & Culture (EALC),1
EALC-E 300,EALC,300,STDS IN EAST ASIAN LITERATURE,3.0,3.0,300,East Asian Lang & Culture (EALC),4
EALC-E 311,EALC,311,KOREAN POPULAR CULTURE,3.0,3.0,300,East Asian Lang & Culture (EALC),1
EALC-E 333,EALC,333,STUDIES IN CHINESE CINEMA,3.0,3.0,300,East Asian Lang & Culture (EALC),1
EALC-E 336,EALC,336,"GHOSTS, IMMORTALS, ANIMAL SPIR",3.0,3.0,300,East Asian Lang & Culture (EALC),1
EALC-E 350,EALC,350,STUDIES IN EAST ASIAN SOCIETY,3.0,3.0,300,East Asian Lang & Culture (EALC),5
EALC-E 352,EALC,352,STUDIES IN EAST ASIAN HISTORY,3.0,3.0,300,East Asian Lang & Culture (EALC),4
EALC-E 386,EALC,386,UNITED STATES-EAST ASIAN RELTN,3.0,3.0,300,East Asian Lang & Culture (EALC),1
EALC-E 399,EALC,399,JAPANESE FOREIGN POLICY,3.0,3.0,300,East Asian Lang & Culture (EALC),1
EALC-E 496,EALC,496,FOREIGN STUDY,1.0,3.0,400,East Asian Lang & Culture (EALC),1
EALC-E 505,EALC,505,TOPICS IN EAST ASIAN STUDIES,3.0,3.0,500,East Asian Lang & Culture (EALC),12
EALC-E 533,EALC,533,STUDIES IN CHINESE CINEMA,3.0,3.0,500,East Asian Lang & Culture (EALC),3
EALC-E 595,EALC,595,INDIVIDUAL READINGS,1.0,6.0,500,East Asian Lang & Culture (EALC),6
EALC-E 596,EALC,596,READINGS IN PEDAGOGY,1.0,3.0,500,East Asian Lang & Culture (EALC),1
EALC-E 597,EALC,597,M.A. ESSAY,1.0,4.0,500,East Asian Lang & Culture (EALC),1
EALC-E 600,EALC,600,SEMINAR IN EAST ASIAN STUDIES,3.0,3.0,600,East Asian Lang & Culture (EALC),3
EALC-E 700,EALC,700,M. A. THESIS,1.0,4.0,700,East Asian Lang & Culture (EALC),1
EALC-G 599,EALC,599,THESIS RESEARCH,0.0,0.0,500,East Asian Lang & Culture (EALC),1
EALC-G 901,EALC,901,ADVANCED RESEARCH,6.0,6.0,900,East Asian Lang & Culture (EALC),1
EALC-H 399,EALC,399,READING FOR HONORS,2.0,6.0,300,East Asian Lang & Culture (EALC),1
EALC-H 499,EALC,499,HONORS THESIS,3.0,3.0,400,East Asian Lang & Culture (EALC),1
EALC-J 101,EALC,101,ELEMENTARY JAPANESE 1,4.0,4.0,100,East Asian Lang & Culture (EALC),32
EALC-J 110,EALC,110,JAPANESE ADVANCED BEGINNERS,3.0,3.0,100,East Asian Lang & Culture (EALC),2
EALC-J 201,EALC,201,SECOND YEAR JAPANESE 1,4.0,4.0,200,East Asian Lang & Culture (EALC),20
EALC-J 301,EALC,301,THIRD YEAR JAPANESE 1,4.0,4.0,300,East Asian Lang & Culture (EALC),2
EALC-J 311,EALC,311,JAPANESE LANG PRACT: HUMANITIES,1.0,1.0,300,East Asian Lang & Culture (EALC),2
EALC-J 401,EALC,401,FOURTH-YEAR JAPANESE I,3.0,3.0,400,East Asian Lang & Culture (EALC),1
EALC-J 421,EALC,421,INTRO TO JAPANESE LINGUISTICS,3.0,3.0,400,East Asian Lang & Culture (EALC),1
EALC-J 461,EALC,461,LITERARY JAPANESE,3.0,3.0,400,East Asian Lang & Culture (EALC),1
EALC-J 506,EALC,506,LITERARY JAPANESE I,3.0,3.0,500,East Asian Lang & Culture (EALC),1
EALC-J 520,EALC,520,INTRO TO JAPANESE LINGUISTICS,3.0,3.0,500,East Asian Lang & Culture (EALC),1
EALC-J 527,EALC,527,PRACT JAPANESE LANG PEDAGOGY,2.0,2.0,500,East Asian Lang & Culture (EALC),1
EALC-J 533,EALC,533,THIRD YEAR JAPANESE I,3.0,3.0,500,East Asian Lang & Culture (EALC),2
EALC-J 543,EALC,543,FOURTH YEAR JAPANESE I,3.0,3.0,500,East Asian Lang & Culture (EALC),1
EALC-J 598,EALC,598,PEDAGOGY PROJECT,1.0,4.0,500,East Asian Lang & Culture (EALC),1
EALC-J 701,EALC,701,M. A. THESIS,1.0,4.0,700,East Asian Lang & Culture (EALC),1
EALC-J 801,EALC,801,PHD THESIS,1.0,6.0,800,East Asian Lang & Culture (EALC),1
EALC-K 101,EALC,101,ELEMENTARY KOREAN 1,4.0,4.0,100,East Asian Lang & Culture (EALC),18
EALC-K 201,EALC,201,SECOND YEAR KOREAN 1,4.0,4.0,200,East Asian Lang & Culture (EALC),12
EALC-K 211,EALC,211,2ND YR KOREAN CONV PRACTICE I,1.0,1.0,200,East Asian Lang & Culture (EALC),1
EALC-K 301,EALC,301,THIRD YEAR KOREAN 1,4.0,4.0,300,East Asian Lang & Culture (EALC),3
EALC-K 311,EALC,311,3RD YR KOREAN CONV PRACT I,1.0,1.0,300,East Asian Lang & Culture (EALC),1
EALC-K 321,EALC,321,BUSINESS KOREAN I,3.0,3.0,300,East Asian Lang & Culture (EALC),1
EALC-K 401,EALC,401,FOURTH YEAR KOREAN I,3.0,3.0,400,East Asian Lang & Culture (EALC),1
EALC-K 501,EALC,501,FOURTH-YEAR KOREAN I,3.0,3.0,500,East Asian Lang & Culture (EALC),1
EALC-K 525,EALC,525,TEACHNG KOREAN AS FOREIGN LANG,3.0,3.0,500,East Asian Lang & Culture (EALC),1
EALC-K 527,EALC,527,PRACT IN KOREAN LANG PEDAGOGY,2.0,3.0,500,East Asian Lang & Culture (EALC),2
EALC-K 533,EALC,533,THIRD YEAR KOREAN 1,3.0,3.0,500,East Asian Lang & Culture (EALC),3
EALC-K 545,EALC,545,PEDAGOGICAL GRAMMAR OF KOREAN,3.0,3.0,500,East Asian Lang & Culture (EALC),1
EALC-K 598,EALC,598,PEDAGOGY PROJECT,1.0,4.0,500,East Asian Lang & Culture (EALC),1
EALC-X 490,EALC,490,INDIVIDUAL READINGS,3.0,3.0,400,East Asian Lang & Culture (EALC),5
EAS-A 332,EAS,332,ATMOS THERMODYN/CLD PROCS,3.0,3.0,300,Earth and Atmospheric Sciences (EAS),1
EAS-A 364,EAS,364,ATMOSPHERIC DYNAMICS I,3.0,3.0,300,Earth and Atmospheric Sciences (EAS),1
EAS-A 476,EAS,476,CLIMATE CHANGE SCIENCE,3.0,3.0,400,Earth and Atmospheric Sciences (EAS),1
EAS-A 477,EAS,477,TRENDS IN EXTREME WEATHER,3.0,3.0,400,Earth and Atmospheric Sciences (EAS),1
EAS-E 103,EAS,103,EARTH SCIENCE-MATLS/PROCESSES,3.0,3.0,100,Earth and Atmospheric Sciences (EAS),1
EAS-E 105,EAS,105,EARTH: OUR HABITABLE PLANET,3.0,3.0,100,Earth and Atmospheric Sciences (EAS),6
EAS-E 114,EAS,114,DINOSAURS AND THEIR RELATIVES,3.0,3.0,100,Earth and Atmospheric Sciences (EAS),6
EAS-E 121,EAS,121,JOURNEY TO MARS,3.0,3.0,100,Earth and Atmospheric Sciences (EAS),1
EAS-E 131,EAS,131,OCEANS & OUR GLOBAL ENVIR,3.0,3.0,100,Earth and Atmospheric Sciences (EAS),2
EAS-E 141,EAS,141,EARTHQUAKES AND VOLCANOES,3.0,3.0,100,Earth and Atmospheric Sciences (EAS),3
EAS-E 144,EAS,144,EXTREME WEATHER AND ITS IMPACT,3.0,3.0,100,Earth and Atmospheric Sciences (EAS),1
EAS-E 225,EAS,225,EARTH MATERIALS,4.0,4.0,200,Earth and Atmospheric Sciences (EAS),3
EAS-E 226,EAS,226,EARTH PROCESSES,3.0,3.0,200,Earth and Atmospheric Sciences (EAS),1
EAS-E 314,EAS,314,DATA ANLYSIS FOR EARTH SCIENCE,3.0,3.0,300,Earth and Atmospheric Sciences (EAS),1
EAS-E 330,EAS,330,HUMAN IMPACTS ON EARTH SYSTEMS,3.0,3.0,300,Earth and Atmospheric Sciences (EAS),1
EAS-E 351,EAS,351,ELEMENTS OF HYDROLOGY,3.0,3.0,300,Earth and Atmospheric Sciences (EAS),1
EAS-E 406,EAS,406,INTRODUCTION TO GEOCHEMISTRY,3.0,3.0,400,Earth and Atmospheric Sciences (EAS),1
EAS-E 454,EAS,454,FUNDAMENTLS OF PLATE TECTONICS,3.0,3.0,400,Earth and Atmospheric Sciences (EAS),1
EAS-E 490,EAS,490,UNDERGRADUATE SEMINAR,3.0,3.0,400,Earth and Atmospheric Sciences (EAS),2
EAS-E 499,EAS,499,HONORS RESEARCH IN GEOSCIENCES,1.0,6.0,400,Earth and Atmospheric Sciences (EAS),1
EAS-G 520,EAS,520,MECHANICS FOR EARTH SCIENCES,3.0,3.0,500,Earth and Atmospheric Sciences (EAS),1
EAS-G 559,EAS,559,EARTH SURFACE PROCESSES,3.0,3.0,500,Earth and Atmospheric Sciences (EAS),1
EAS-G 564,EAS,564,DYNAMIC METEOROLOGY I,3.0,3.0,500,Earth and Atmospheric Sciences (EAS),1
EAS-G 577,EAS,577,TRENDS IN EXTREME WEATHER,3.0,3.0,500,Earth and Atmospheric Sciences (EAS),1
EAS-G 590,EAS,590,PRO DEVELOPMENT IN GEOSCIENCES,3.0,3.0,500,Earth and Atmospheric Sciences (EAS),1
EAS-G 690,EAS,690,ADVANCED GEOLOGY SEMINAR,1.0,12.0,600,Earth and Atmospheric Sciences (EAS),3
EAS-G 700,EAS,700,GEOLOGIC PROBLEMS,3.0,3.0,700,Earth and Atmospheric Sciences (EAS),1
EAS-G 810,EAS,810,RESEARCH,1.0,12.0,800,Earth and Atmospheric Sciences (EAS),25
EAS-G 901,EAS,901,ADVANCED RESEARCH,6.0,6.0,900,Earth and Atmospheric Sciences (EAS),1
EAS-X 150,EAS,150,ASURE EAS RESEARCH LAB,3.0,3.0,100,Earth and Atmospheric Sciences (EAS),1
EAS-X 498,EAS,498,UNDERGRAD RSRCH IN GEOSCIENCES,1.0,6.0,400,Earth and Atmospheric Sciences (EAS),18
ECON-B 251,ECON,251,FUND OF ECON FOR BUSINESS I,3.0,3.0,200,Economics (ECON),12
ECON-B 252,ECON,252,FUND OF ECON FOR BUSINESS II,3.0,3.0,200,Economics (ECON),10
ECON-E 115,ECON,115,EVERYDAY ECONOMICS,3.0,3.0,100,Economics (ECON),1
ECON-E 201,ECON,201,INTRO TO MICROECONOMICS,3.0,3.0,200,Liberal Arts And Mgmt Program (LAMP),0
ECON-E 251,ECON,251,FUNDAMENTALS OF ECONOMICS I,3.0,3.0,200,Economics (ECON),3
ECON-E 252,ECON,252,FUNDAMENTALS OF ECONOMICS II,3.0,3.0,200,Economics (ECON),1
ECON-E 303,ECON,303,SURVEY OF INTERNATIONAL ECON,3.0,3.0,300,Economics (ECON),1
ECON-E 305,ECON,305,MONEY AND BANKING,3.0,3.0,300,Economics (ECON),2
ECON-E 309,ECON,309,TOPICS IN ECONOMICS,3.0,3.0,300,Economics (ECON),2
ECON-E 321,ECON,321,INTERMEDIATE MICROECON THEORY,3.0,3.0,300,Economics (ECON),3
ECON-E 322,ECON,322,INTERMEDIATE MACROECON THEORY,3.0,3.0,300,Economics (ECON),2
ECON-E 327,ECON,327,GAME THEORY,3.0,3.0,300,Economics (ECON),2
ECON-E 331,ECON,331,INTERNATIONAL TRADE,3.0,3.0,300,Economics (ECON),1
ECON-E 362,ECON,362,PUBLIC FINANCE-TAXATION,3.0,3.0,300,Economics (ECON),1
ECON-E 370,ECON,370,STATISTICAL ANALYS BUS & ECON,3.0,3.0,300,Economics (ECON),7
ECON-E 371,ECON,371,INTRO TO APPLIED ECONOMETRICS,3.0,3.0,300,Economics (ECON),2
ECON-E 401,ECON,401,MACHINE LEARNING FOR ECON DATA,3.0,3.0,400,Economics (ECON),1
ECON-E 402,ECON,402,COMPUTATIONAL METHODS IN MACRO,3.0,3.0,400,Economics (ECON),2
ECON-E 425,ECON,425,FINANCIAL ECONOMICS,3.0,3.0,400,Economics (ECON),1
ECON-E 427,ECON,427,SEMINAR EXPERIMENTAL ECONOMICS,3.0,3.0,400,Economics (ECON),1
ECON-E 471,ECON,471,ECONOMETRIC THEORY & PRACT I,3.0,3.0,400,Economics (ECON),1
ECON-E 490,ECON,490,ADV UNDERGRAD SEM IN ECONOMICS,3.0,3.0,400,Economics (ECON),5
ECON-E 499,ECON,499,HONORS THESIS,3.0,3.0,400,Economics (ECON),1
ECON-E 520,ECON,520,OPTIMIZATION THRY ECON ANALYS,3.0,3.0,500,Economics (ECON),2
ECON-E 521,ECON,521,THEORY OF PRICES AND MARKETS 1,3.0,3.0,500,Economics (ECON),2
ECON-E 522,ECON,522,MACROECONOMIC THEORY I,3.0,3.0,500,Economics (ECON),2
ECON-E 530,ECON,530,INTERNATIONAL TRADE,3.0,3.0,500,Economics (ECON),1
ECON-E 571,ECON,571,ECONOMETRICS I-STAT FOUNDATNS,3.0,3.0,500,Economics (ECON),2
ECON-E 671,ECON,671,ECONOMET 3-NONLNEAR/SIMLT MDLS,3.0,3.0,600,Economics (ECON),2
ECON-E 672,ECON,672,MACROECONOMETRICS,3.0,3.0,600,Economics (ECON),1
ECON-E 673,ECON,673,MICROECONOMETRICS,3.0,3.0,600,Economics (ECON),1
ECON-E 724,ECON,724,SEMINAR IN ECONOMIC THEORY,3.0,6.0,700,Economics (ECON),5
ECON-E 800,ECON,800,RESEARCH IN ECONOMICS,1.0,6.0,800,Economics (ECON),1
ECON-E 808,ECON,808,THESIS A M,1.0,6.0,800,Economics (ECON),1
ECON-E 809,ECON,809,THESIS PH D,1.0,12.0,800,Economics (ECON),2
ECON-E 810,ECON,810,READINGS IN ECONOMIC HISTORY,1.0,6.0,800,Economics (ECON),1
ECON-E 824,ECON,824,READINGS IN ECONOMIC THEORY,1.0,6.0,800,Economics (ECON),1
ECON-E 830,ECON,830,READINGS IN INTL TRADE,1.0,6.0,800,Economics (ECON),1
ECON-E 840,ECON,840,ECON OF LABOR & HUM RES DEVEL,1.0,6.0,800,Economics (ECON),1
ECON-E 850,ECON,850,READINGS IN MONETARY ECONOMICS,1.0,6.0,800,Economics (ECON),1
ECON-E 860,ECON,860,READINGS IN PUBLIC ECONOMICS,1.0,6.0,800,Economics (ECON),1
ECON-E 870,ECON,870,READINGS IN ADV ECONOMETRICS,1.0,6.0,800,Economics (ECON),1
ECON-E 880,ECON,880,RDNGS IN INDUST ORGANIZATION,1.0,6.0,800,Economics (ECON),1
ECON-E 890,ECON,890,RDGS IN DEV & EC OF TRANSITION,1.0,6.0,800,Economics (ECON),1
ECON-G 599,ECON,599,THESIS RESEARCH,0.0,0.0,500,Economics (ECON),1
ECON-G 901,ECON,901,ADVANCED RESEARCH,6.0,6.0,900,Economics (ECON),1
ECON-M 500,ECON,500,ANALYTICAL METHDS IN ECONOMICS,3.0,3.0,500,Economics (ECON),1
ECON-M 501,ECON,501,MICROECONOMIC THEORY I,3.0,3.0,500,Economics (ECON),1
ECON-M 504,ECON,504,ECONOMETRICS I,4.0,4.0,500,Economics (ECON),1
ECON-M 513,ECON,513,FINANCIAL ECONOMICS,3.0,3.0,500,Economics (ECON),1
ECON-M 518,ECON,518,BIG DATA IN ECONOMICS,3.0,3.0,500,Economics (ECON),1
ECON-M 524,ECON,524,FINANCIAL ECONOMETRICS,3.0,3.0,500,Economics (ECON),1
ECON-S 370,ECON,370,STAT ANALYSIS BUS & ECON: HON,3.0,3.0,300,Economics (ECON),1
ECON-X 373,ECON,373,INTERNSHIP IN ECONOMICS,1.0,3.0,300,Economics (ECON),1
ECON-X 398,ECON,398,INDEPENDENT RESEARCH IN ECON,1.0,3.0,300,Economics (ECON),1
EDUC-A 308,EDUC,308,LEGAL & ETHICAL ISSUES IN EDUC,3.0,3.0,300,Education (EDUC),4
EDUC-A 500,EDUC,500,INTRO TO EDUCATIONAL LDRSHP,3.0,3.0,500,Education (EDUC),1
EDUC-A 510,EDUC,510,SCHOOL COMMUNITY RELATIONS,3.0,3.0,500,Education (EDUC),1
EDUC-A 515,EDUC,515,INSTRUCTIONAL LEADERSHIP,3.0,3.0,500,Education (EDUC),1
EDUC-A 590,EDUC,590,IND STUDY IN EDUC LEADERSHIP,1.0,3.0,500,Education (EDUC),1
EDUC-A 591,EDUC,591,TEACHER LEADER PATHWAY I,3.0,3.0,500,Education (EDUC),1
EDUC-A 592,EDUC,592,TEACHER LEADER PATHWAY II,3.0,3.0,500,Education (EDUC),1
EDUC-A 593,EDUC,593,TCHR LEADER PATHWAY CAPSTONE,3.0,3.0,500,Education (EDUC),1
EDUC-A 608,EDUC,608,LEGAL & ETHICAL PERSP ON EDUC,3.0,3.0,600,Education (EDUC),1
EDUC-A 624,EDUC,624,EDUC LEDRSP: PRINCIPALSHP K-12,3.0,3.0,600,Education (EDUC),1
EDUC-A 629,EDUC,629,CONTINUOUS SCHOOL IMPROVEMENT,3.0,3.0,600,Education (EDUC),1
EDUC-A 635,EDUC,635,PUBL SCHOOL BUDGETING & ACCTG,3.0,3.0,600,Education (EDUC),1
EDUC-A 653,EDUC,653,ORGANIZATIONAL CONTEXT OF EDUC,3.0,3.0,600,Education (EDUC),1
EDUC-A 671,EDUC,671,PLAN & CHANGE IN ED ORGANIZATN,3.0,3.0,600,Education (EDUC),1
EDUC-A 695,EDUC,695,PRACTICUM IN EDUC LEADERSHIP,1.0,3.0,600,Education (EDUC),3
EDUC-A 720,EDUC,720,WKSP ON SEL PROB IN ED LDRSHIP,3.0,3.0,700,Education (EDUC),1
EDUC-A 785,EDUC,785,INTERNSHIP IN EDUC LEADERSHIP,1.0,6.0,700,Education (EDUC),1
EDUC-A 795,EDUC,795,DISSERTATION PROPOSAL PREP,3.0,3.0,700,Education (EDUC),1
EDUC-A 799,EDUC,799,DOCTORAL THESIS IN EDUC LDRSHP,1.0,6.0,700,Education (EDUC),2
EDUC-BC 251,EDUC,251,BC: EDUC-I 251/EDUC-M 101,4.0,4.0,200,Education (EDUC),6
EDUC-BC 336,EDUC,336,BC: EDUC 336,17.0,17.0,300,Education (EDUC),1
EDUC-BC 454,EDUC,454,BC: EDUC 454,15.0,15.0,400,Education (EDUC),1
EDUC-BD 451,EDUC,451,BD: EDUC 451,8.0,8.0,400,Education (EDUC),4
EDUC-BD 452,EDUC,452,BD: EDUC 452,11.0,11.0,400,Education (EDUC),2
EDUC-BD 453,EDUC,453,BD: EDUC 453,12.0,12.0,400,Education (EDUC),4
EDUC-BE 442,EDUC,442,BE: EDUC-L 442/EDUC-M 401,4.0,4.0,400,Education (EDUC),1
EDUC-BE 445,EDUC,445,BE: EDUC-M 445/403,5.0,5.0,400,Education (EDUC),1
EDUC-BE 502,EDUC,502,BE: EDUC-Y 502/500,4.0,4.0,500,Education (EDUC),1
EDUC-BE 604,EDUC,604,BE: EDUC-Y 604/500,4.0,4.0,600,Education (EDUC),1
EDUC-BG 416,EDUC,416,BG: EDUC-M 416/M 403/S 303,6.0,6.0,400,Education (EDUC),1
EDUC-BG 421,EDUC,421,BG: EDUC-M 421/M 403/S 303,6.0,6.0,400,Education (EDUC),1
EDUC-BG 422,EDUC,422,BG: EDUC-M 422/M 403/S 303,6.0,6.0,400,Education (EDUC),1
EDUC-BG 446,EDUC,446,BG: EDUC-M 446/M 403/S 303,6.0,6.0,400,Education (EDUC),1
EDUC-BG 470,EDUC,470,"BG: EDUC-G 424, M470",6.0,6.0,400,Education (EDUC),1
EDUC-BK 343,EDUC,343,BK: EDUC 343,14.0,14.0,300,Education (EDUC),1
EDUC-BK 427,EDUC,427,BK: EDUC-K 344/361/480 M 427,15.0,15.0,400,Education (EDUC),1
EDUC-C 565,EDUC,565,INTRO TO COLLEGE & UNIV ADM,3.0,3.0,500,Education (EDUC),1
EDUC-C 620,EDUC,620,PROSEMINAR IN HIGHER EDUCATION,3.0,3.0,600,Education (EDUC),1
EDUC-C 675,EDUC,675,SUPERVISED COLLEGE TEACHING,1.0,3.0,600,Education (EDUC),1
EDUC-C 678,EDUC,678,CAPSTONE IN INSTITUTIONL RSRCH,3.0,3.0,600,Education (EDUC),1
EDUC-C 690,EDUC,690,INDEPENDENT STUDY IN HIGHER ED,1.0,3.0,600,Education (EDUC),1
EDUC-C 705,EDUC,705,LEGAL ASPECTS OF HIGHER EDUC,3.0,3.0,700,Education (EDUC),1
EDUC-C 747,EDUC,747,PRACTICUM IN ADMINISTRATION,1.0,6.0,700,Education (EDUC),1
EDUC-C 750,EDUC,750,TOPICAL SEMINAR,3.0,3.0,700,Education (EDUC),1
EDUC-C 760,EDUC,760,INTERNSHIP IN ADMINISTRATION,1.0,6.0,700,Education (EDUC),1
EDUC-C 788,EDUC,788,SEM IN RESEARCH IN HIGHER EDUC,3.0,3.0,700,Education (EDUC),1
EDUC-C 790,EDUC,790,RESEARCH IN HIGHER EDUCATION,1.0,12.0,700,Education (EDUC),1
EDUC-C 799,EDUC,799,DOCTORS THESIS IN HIGHER EDUC,1.0,12.0,700,Education (EDUC),1
EDUC-D 505,EDUC,505,ADULT LRNING THRU THE LIFESPAN,3.0,3.0,500,Education (EDUC),1
EDUC-D 512,EDUC,512,SEM FORMS & FORCES OF ADULT ED,3.0,3.0,500,Education (EDUC),1
EDUC-D 521,EDUC,521,PARTICIPATION TRAINING,3.0,3.0,500,Education (EDUC),1
EDUC-D 550,EDUC,550,PRACTICUM IN ADULT EDUCATION,1.0,3.0,500,Education (EDUC),1
EDUC-D 590,EDUC,590,IND STUDY OR RES IN ADULT EDUC,1.0,3.0,500,Education (EDUC),1
EDUC-D 600,EDUC,600,SEM IN TCH-LRNING TRANS ADULT,3.0,3.0,600,Education (EDUC),1
EDUC-D 625,EDUC,625,TOPICAL SEMINAR,3.0,3.0,600,Education (EDUC),1
EDUC-D 640,EDUC,640,CAPSTONE SEMINAR IN ADULT EDUC,3.0,3.0,600,Education (EDUC),1
EDUC-E 225,EDUC,225,HISTORY/SOCIAL SCI LRNG CONTXT,3.0,3.0,200,Education (EDUC),1
EDUC-E 300,EDUC,300,ELEM EDUC FOR PLURALISTIC SOC,3.0,3.0,300,Education (EDUC),3
EDUC-E 303,EDUC,303,COMPREHSV CLASSROOM MANAGEMENT,1.0,1.0,300,Education (EDUC),4
EDUC-E 325,EDUC,325,SOC STDS IN THE ELEM SCHOOLS,3.0,3.0,300,Education (EDUC),5
EDUC-E 328,EDUC,328,SCIENCE IN THE ELEMENTARY SCHL,3.0,3.0,300,Education (EDUC),3
EDUC-E 335,EDUC,335,INTRO TO EARLY CHILDHOOD ED,3.0,3.0,300,Education (EDUC),2
EDUC-E 336,EDUC,336,PLAY AS DEVELOPMENT,3.0,3.0,300,Education (EDUC),2
EDUC-E 341,EDUC,341,METHODS OF TEACHING READING II,3.0,3.0,300,Education (EDUC),1
EDUC-E 343,EDUC,343,MATH IN THE ELEM SCHOOLS,3.0,3.0,300,Education (EDUC),3
EDUC-E 348,EDUC,348,FOUND OF EARLY CHILDHOOD ED I,3.0,3.0,300,Education (EDUC),1
EDUC-E 352,EDUC,352,TCHNG/LRNING CHILDREN AGES 3-5,3.0,3.0,300,Education (EDUC),1
EDUC-E 525,EDUC,525,ADV CURR ST EARLY CHILDHD ED,3.0,3.0,500,Education (EDUC),1
EDUC-E 555,EDUC,555,HUMAN DIVERSITY IN EDUCATION,3.0,3.0,500,Education (EDUC),1
EDUC-F 110,EDUC,110,WINDOWS ON EDUCATION,1.0,1.0,100,Education (EDUC),2
EDUC-F 203,EDUC,203,TOP EXPLORATION IN EDUCATION,3.0,3.0,200,Education (EDUC),6
EDUC-F 204,EDUC,204,SEMINAR INSPIRE LLC,1.0,3.0,200,Education (EDUC),2
EDUC-F 401,EDUC,401,TOPICAL EXPLORATIONS IN EDUC,3.0,3.0,400,Education (EDUC),3
EDUC-F 500,EDUC,500,TOPICAL EXPLORATION IN EDUC,1.0,1.0,500,Education (EDUC),1
EDUC-G 203,EDUC,203,COMM FOR YOUTH-SERVING PROF,3.0,3.0,200,Education (EDUC),10
EDUC-G 204,EDUC,204,ASIAN AMERICAN MENTAL HEALTH,3.0,3.0,200,Education (EDUC),1
EDUC-G 206,EDUC,206,INTRO TO COUNSELING PSYCHOLOGY,3.0,3.0,200,Education (EDUC),5
EDUC-G 207,EDUC,207,SPORT-ATHLETE MENTAL HEALTH,3.0,3.0,200,Education (EDUC),5
EDUC-G 208,EDUC,208,PREVENTION OF ADOL RISK BEH,3.0,3.0,200,Education (EDUC),1
EDUC-G 222,EDUC,222,LIVING THE GRATEFUL LIFE,3.0,3.0,200,Education (EDUC),1
EDUC-G 272,EDUC,272,INTRO TO SEXUALITY COUNSELING,3.0,3.0,200,Education (EDUC),1
EDUC-G 302,EDUC,302,COUNSELING WITH YOUTH,3.0,3.0,300,Honors (HON),1
EDUC-G 310,EDUC,310,ADDICTIONS COUNSELING,3.0,3.0,300,Education (EDUC),4
EDUC-G 332,EDUC,332,GRP SKILLS: COUNS PSY PERSPECT,3.0,3.0,300,Education (EDUC),1
EDUC-G 355,EDUC,355,POSITIVE PSYCHOLOGY,3.0,3.0,300,Education (EDUC),5
EDUC-G 375,EDUC,375,MULTICULTURAL SKILLS,3.0,3.0,300,Education (EDUC),1
EDUC-G 424,EDUC,424,PROF SKILLS & CAREER PLANNING,3.0,3.0,400,Education (EDUC),1
EDUC-G 490,EDUC,490,INDIVIDUAL STUDY IN GUIDANCE,1.0,3.0,400,Education (EDUC),1
EDUC-G 502,EDUC,502,PROFSNL ORIENTATN & ETHICS,3.0,3.0,500,Education (EDUC),2
EDUC-G 505,EDUC,505,INDIV APPRAIS: PRIN & PROC,3.0,3.0,500,Education (EDUC),1
EDUC-G 510,EDUC,510,INTR TO ALCOHOL & DRUG COUNSELNG,3.0,3.0,500,Education (EDUC),2
EDUC-G 522,EDUC,522,COUNSELING THEORIES,3.0,3.0,500,Education (EDUC),2
EDUC-G 523,EDUC,523,LABORATORY COUNSLNG & GUIDANCE,3.0,3.0,500,Education (EDUC),2
EDUC-G 563,EDUC,563,MENTAL HEALTH COUNSELING,3.0,3.0,500,Education (EDUC),2
EDUC-G 575,EDUC,575,MULTICULTURAL COUNSELING,3.0,3.0,500,Education (EDUC),1
EDUC-G 590,EDUC,590,RESEARCH IN COUNSELING & GUID,1.0,3.0,500,Education (EDUC),1
EDUC-G 599,EDUC,599,THESIS RESEARCH,0.0,0.0,500,Education (EDUC),1
EDUC-G 622,EDUC,622,ADV THEORIES OF COUNSELING,3.0,3.0,600,Education (EDUC),1
EDUC-G 625,EDUC,625,ADV PRAC - IND SUPERVISION,1.0,6.0,600,Education (EDUC),7
EDUC-G 647,EDUC,647,ADV INTERNSHIP IN COUNSELING,1.0,3.0,600,Education (EDUC),5
EDUC-G 690,EDUC,690,ADV IND STUDY IN CSLG PSYCH,1.0,6.0,600,Education (EDUC),1
EDUC-G 699,EDUC,699,INTERNSHIP IN COUNSELING PSYCH,1.0,3.0,600,Education (EDUC),1
EDUC-G 763,EDUC,763,ADV PRACT IN COUNSELING SUPV,3.0,3.0,700,Education (EDUC),1
EDUC-G 795,EDUC,795,DISSERTATION PROPOSAL PREP,1.0,3.0,700,Education (EDUC),2
EDUC-G 799,EDUC,799,DOCTRL THESIS COUNS PSYCHOLOGY,1.0,15.0,700,Education (EDUC),2
EDUC-G 901,EDUC,901,ADVANCED RESEARCH,6.0,6.0,900,Education (EDUC),1
EDUC-H 205,EDUC,205,INTRODUCTION TO EDUC THOUGHT,3.0,3.0,200,Honors (HON),4
EDUC-H 340,EDUC,340,EDUCATION & AMERICAN CULTURE,3.0,3.0,300,Education (EDUC),2
EDUC-H 520,EDUC,520,EDUCATION AND SOCIAL ISSUES,3.0,3.0,500,Education (EDUC),1
EDUC-H 590,EDUC,590,IND ST/RES HIST PHIL COMP ED,1.0,3.0,500,Education (EDUC),2
EDUC-H 622,EDUC,622,EDUCATION POLICY IN PRACTICE,3.0,3.0,600,Education (EDUC),1
EDUC-H 795,EDUC,795,DISSERTATION PROPOSAL PREP,3.0,3.0,700,Education (EDUC),1
EDUC-H 799,EDUC,799,DOCT THESIS HIST OR PHIL OF ED,1.0,15.0,700,Education (EDUC),2
EDUC-I 251,EDUC,251,LEARNING THEORIES FOR TEACHERS,3.0,3.0,200,Education (EDUC),7
EDUC-I 633,EDUC,633,STUDYING LEARNING IN CONTEXT,3.0,3.0,600,Education (EDUC),1
EDUC-I 640,EDUC,640,THINKING & LEARNG SOC CONTEXTS,3.0,3.0,600,Education (EDUC),1
EDUC-I 795,EDUC,795,DISSERTATION PROPOSAL PREP,3.0,3.0,700,Education (EDUC),2
EDUC-I 799,EDUC,799,DOCTORAL THESIS LRNING SCIENCE,1.0,12.0,700,Education (EDUC),2
EDUC-J 500,EDUC,500,INSTRUCT IN CONTEXT OF CURRIC,3.0,3.0,500,Education (EDUC),2
EDUC-J 502,EDUC,502,ASSESSMENT AND EVALUATION,3.0,3.0,500,Education (EDUC),1
EDUC-J 503,EDUC,503,LEADERSHIP & INSTRUC COACHING,3.0,3.0,500,Education (EDUC),1
EDUC-J 605,EDUC,605,IND RSRCH EXPERIENCE-CURR/INST,3.0,3.0,600,Education (EDUC),3
EDUC-J 650,EDUC,650,INDPT STUDY IN CURRICULUM,1.0,3.0,600,Education (EDUC),1
EDUC-J 653,EDUC,653,THE NATURE OF SOCIAL STUDIES,3.0,3.0,600,Education (EDUC),1
EDUC-J 690,EDUC,690,INTERNSHIP IN CURRICULUM,3.0,3.0,600,Education (EDUC),1
EDUC-J 705,EDUC,705,SEM: INQ IN CURR & INSTRUCTION,3.0,3.0,700,Education (EDUC),1
EDUC-J 710,EDUC,710,PARADIGMS & PROG IN TEACHER ED,3.0,3.0,700,Education (EDUC),1
EDUC-J 760,EDUC,760,TOP SEM IN CURR/INSTR ISSUES:,3.0,3.0,700,Education (EDUC),1
EDUC-J 795,EDUC,795,DISSERTATION PROPOSAL PREP,1.0,3.0,700,Education (EDUC),5
EDUC-J 799,EDUC,799,DOCT THESIS-CURRICULUM/INSTR,1.0,12.0,700,Education (EDUC),4
EDUC-K 205,EDUC,205,INTRO TO EXCEPTIONAL CHILDREN,3.0,3.0,200,Education (EDUC),2
EDUC-K 207,EDUC,207,DISABILITY LAWS,1.0,1.0,200,Education (EDUC),1
EDUC-K 305,EDUC,305,TCHG EXCEPTNL LEARNER-ELEM SCH,3.0,3.0,300,Education (EDUC),7
EDUC-K 306,EDUC,306,TCHNG STDS SP NEEDS SEC CL RMS,3.0,3.0,300,Education (EDUC),1
EDUC-K 344,EDUC,344,BEHAVIOR INTERVENTION/SUPPORT,3.0,3.0,300,Education (EDUC),2
EDUC-K 352,EDUC,352,SPECIALLY DESIGNED INSTRUCTION,3.0,3.0,300,Education (EDUC),2
EDUC-K 361,EDUC,361,ASSISTVE TCH ELEM STDNTS DISAB,3.0,3.0,300,Education (EDUC),2
EDUC-K 441,EDUC,441,TRANSITION ACROSS THE LIFESPAN,2.0,3.0,400,Education (EDUC),1
EDUC-K 480,EDUC,480,STUDENT TEACH IN SPEC EDUC,7.0,7.0,400,Education (EDUC),1
EDUC-K 488,EDUC,488,SUPERVISED TCHNG IN SPEC EDUC,10.0,10.0,400,Education (EDUC),1
EDUC-K 505,EDUC,505,INTROD SP ED FOR GRAD STUDENTS,3.0,3.0,500,Education (EDUC),1
EDUC-K 535,EDUC,535,ASSMT FOR INSTRUCTN IN SPEC ED,3.0,3.0,500,Education (EDUC),1
EDUC-K 541,EDUC,541,TRANSITION ACROSS LIFE SPAN,3.0,3.0,500,Education (EDUC),1
EDUC-K 553,EDUC,553,CLASSRM MGMT & BEHAVR SUPPORT,3.0,3.0,500,Education (EDUC),1
EDUC-K 570,EDUC,570,RDG INTERVENTIONS & SUPPORTS,3.0,3.0,500,Education (EDUC),3
EDUC-K 590,EDUC,590,IND ST OR RES IN SPECIAL EDUC,1.0,3.0,500,Education (EDUC),1
EDUC-K 601,EDUC,601,INTRO SPEC ED SCHOLARSHIP,1.0,1.0,600,Education (EDUC),1
EDUC-K 631,EDUC,631,INTRODUCTION TO AUTISM,3.0,3.0,600,Education (EDUC),1
EDUC-K 643,EDUC,643,DISABILITY RIGHTS/POLICY/SRVCS,3.0,3.0,600,Education (EDUC),1
EDUC-K 780,EDUC,780,SEMINAR IN SPECIAL EDUCATION,3.0,3.0,700,Education (EDUC),1
EDUC-K 785,EDUC,785,INTRNSHP IN SPECIAL EDUCATION,1.0,6.0,700,Education (EDUC),1
EDUC-K 795,EDUC,795,DISSERTATION PROPOSAL PREP,3.0,3.0,700,Education (EDUC),1
EDUC-K 799,EDUC,799,DOCTORS THESIS IN SPECIAL EDUC,1.0,15.0,700,Education (EDUC),1
EDUC-L 239,EDUC,239,LANGUAGE AND LEARNING,3.0,3.0,200,Honors (HON),1
EDUC-L 407,EDUC,407,LANG EDUC ISSUES FOR ENG TCHRS,3.0,3.0,400,Education (EDUC),1
EDUC-L 408,EDUC,408,YOUNG ADULT LIT DIVERSE SOC,3.0,3.0,400,Education (EDUC),1
EDUC-L 442,EDUC,442,TCHNG ENGL LANG LRNRS: BIL/ENL,3.0,3.0,400,Education (EDUC),1
EDUC-L 451,EDUC,451,LITERACY INSTRUCT & ASSESS 1,3.0,3.0,400,Education (EDUC),5
EDUC-L 452,EDUC,452,LITERACY INSTRUCT & ASSESS II,3.0,3.0,400,Education (EDUC),3
EDUC-L 453,EDUC,453,LITERACY INSTRUCT & ASSESS III,3.0,3.0,400,Education (EDUC),5
EDUC-L 454,EDUC,454,LIT FOUNDATIONS: APP & ASSESS,3.0,3.0,400,Education (EDUC),5
EDUC-L 490,EDUC,490,RESEARCH IN LANGUAGE EDUCATION,3.0,3.0,400,Education (EDUC),1
EDUC-L 500,EDUC,500,INST ISS IN LCLE,3.0,3.0,500,Education (EDUC),1
EDUC-L 517,EDUC,517,ADV STDY CONTENT RDG & ADL LIT,1.0,3.0,500,Education (EDUC),1
EDUC-L 539,EDUC,539,LANG FOUNDATIONS-ESL/EFL TEACH,3.0,3.0,500,Education (EDUC),1
EDUC-L 540,EDUC,540,ESL/EFL INSTR & ASSMT APPROACHS,3.0,3.0,500,Education (EDUC),1
EDUC-L 600,EDUC,600,"ISSUES IN LIT, CLTR & LANG EDUC",3.0,3.0,600,Education (EDUC),2
EDUC-L 602,EDUC,602,THEORETICAL ISSUES PART II,3.0,3.0,600,Education (EDUC),1
EDUC-L 650,EDUC,650,"INTERN IN LIT, CLTR, LANG EDUC",3.0,3.0,600,Education (EDUC),2
EDUC-L 690,EDUC,690,"RDGS LIT, CULTR AND LANG EDUC",1.0,3.0,600,Education (EDUC),2
EDUC-L 699,EDUC,699,DOCTORAL EARLY INQUIRY LCLE,3.0,3.0,600,Education (EDUC),2
EDUC-L 700,EDUC,700,"SEM-LIT, CLTR & LANG EDUC RSCH",3.0,3.0,700,Education (EDUC),2
EDUC-L 750,EDUC,750,"RSCH SEM IN LIT, CLTR & LANG EDUC",3.0,3.0,700,Education (EDUC),2
EDUC-L 795,EDUC,795,DISSERTATION PROPOSAL PREP,1.0,3.0,700,Education (EDUC),3
EDUC-L 799,EDUC,799,"DOCT THESIS LIT, CLTR & LANG ED",1.0,12.0,700,Education (EDUC),2
EDUC-M 101,EDUC,101,LABORATORY-FIELD EXPERIENCE,1.0,1.0,100,Education (EDUC),7
EDUC-M 130,EDUC,130,CHILD ART,3.0,3.0,100,Education (EDUC),1
EDUC-M 135,EDUC,135,IND INSTRUCTION IN ART,1.0,1.0,100,Education (EDUC),4
EDUC-M 200,EDUC,200,"ARTIFCTS, MUSEUMS & EVERYDAY LIFE",3.0,3.0,200,Education (EDUC),12
EDUC-M 201,EDUC,201,LABORATORY-FIELD EXPERIENCE,0.0,2.0,200,Education (EDUC),8
EDUC-M 202,EDUC,202,JOB SEARCH STRATEGIES FOR EDUC,1.0,1.0,200,Education (EDUC),2
EDUC-M 222,EDUC,222,TRAUMA-INFOR SCH & COMM ART ED,3.0,3.0,200,Education (EDUC),1
EDUC-M 235,EDUC,235,"ART, INTERDISCIPLIN & EDUCATN",3.0,3.0,200,Education (EDUC),4
EDUC-M 300,EDUC,300,TCHNG IN PLURALISTIC SOCIETY,3.0,3.0,300,Education (EDUC),2
EDUC-M 301,EDUC,301,LABORATORY/FIELD EXPERIENCE,0.0,3.0,300,Education (EDUC),8
EDUC-M 302,EDUC,302,MATH THROUGHOUT SECONDARY CURR,3.0,3.0,300,Education (EDUC),2
EDUC-M 303,EDUC,303,LAB/FIELD EXPS: JR HIGH/MDL SCH,1.0,3.0,300,Education (EDUC),1
EDUC-M 323,EDUC,323,TCHING OF MUS IN THE ELEM SCH,2.0,2.0,300,Education (EDUC),5
EDUC-M 333,EDUC,333,ART EXPRNCE FOR THE ELEM TCH,2.0,2.0,300,Education (EDUC),3
EDUC-M 334,EDUC,334,DRAMA IN EDUCATION,2.0,2.0,300,Education (EDUC),2
EDUC-M 401,EDUC,401,LABORATORY/FIELD EXPERIENCE,3.0,3.0,400,Education (EDUC),6
EDUC-M 403,EDUC,403,LAB/FIELD EXPS: VARIABLE TITLE,0.0,3.0,400,Education (EDUC),6
EDUC-M 416,EDUC,416,INQUIRY HIGH SCHOOL ENGLISH,3.0,3.0,400,Education (EDUC),1
EDUC-M 420,EDUC,420,STUDENT TEACHING SEMINAR,1.0,1.0,400,Education (EDUC),1
EDUC-M 421,EDUC,421,MTDS TCHG JR/MID H.S. SOC STDS,3.0,3.0,400,Education (EDUC),1
EDUC-M 422,EDUC,422,TCHNG MATH IN SECONDARY SCHOOL,3.0,3.0,400,Education (EDUC),1
EDUC-M 424,EDUC,424,STUDENT TEACHING: K-PRIMARY,10.0,12.0,400,Education (EDUC),2
EDUC-M 425,EDUC,425,STUDENT TEACH: ELEMENTARY,8.0,16.0,400,Education (EDUC),2
EDUC-M 427,EDUC,427,SP ED STUDENT TEACHING SEMINAR,2.0,2.0,400,Education (EDUC),1
EDUC-M 445,EDUC,445,MTHD OF TCH FOREIGN LANG,3.0,3.0,400,Education (EDUC),1
EDUC-M 446,EDUC,446,METH OF TCH SH/JH/MS SCIENCE,3.0,3.0,400,Education (EDUC),1
EDUC-M 470,EDUC,470,PRACTICUM,3.0,3.0,400,Education (EDUC),4
EDUC-M 480,EDUC,480,STUDENT TCH IN THE SECNDRY SCH,10.0,16.0,400,Education (EDUC),2
EDUC-M 482,EDUC,482,STUDENT TEACHING: ALL GRADES,10.0,16.0,400,Education (EDUC),2
EDUC-M 483,EDUC,483,TEACHING SOCIAL STUDIES 5-12,3.0,3.0,400,Education (EDUC),1
EDUC-M 500,EDUC,500,INTEGRATED PROFESSIONAL SEM,1.0,1.0,500,Education (EDUC),1
EDUC-M 501,EDUC,501,LABORATORY/FIELD EXPERIENCE,1.0,6.0,500,Education (EDUC),3
EDUC-M 502,EDUC,502,MATH THROUGHOUT SECONDARY CURR,3.0,3.0,500,Education (EDUC),2
EDUC-M 550,EDUC,550,STUDENT TEACHING: ALL GRADE,10.0,10.0,500,Speech & Hearing Sciences (SPHS),10
EDUC-M 580,EDUC,580,INTERNSHIP IN MUSIC,10.0,10.0,500,Education (EDUC),1
EDUC-N 101,EDUC,101,TEACH & LEARN ELEM MATH,3.0,3.0,100,Education (EDUC),5
EDUC-N 103,EDUC,103,TEACH & LEARN ELEM MATH II,3.0,3.0,100,Education (EDUC),4
EDUC-N 310,EDUC,310,MATHEMATICS IN MIDDLE SCHOOL,3.0,3.0,300,Education (EDUC),1
EDUC-N 517,EDUC,517,ADV STUDY TCH OF SEC SCHL MATH,3.0,3.0,500,Education (EDUC),1
EDUC-N 518,EDUC,518,ADV MTH OF TEACH MD/JR HS MATH,3.0,3.0,500,Education (EDUC),1
EDUC-N 590,EDUC,590,IND STUDY OR RES IN MATH EDUC,1.0,3.0,500,Education (EDUC),2
EDUC-N 610,EDUC,610,INTERNSHIP IN MATH EDUC,1.0,3.0,600,Education (EDUC),2
EDUC-N 717,EDUC,717,CONTEMPORARY ISSUES IN MATH ED,1.0,3.0,700,Education (EDUC),1
EDUC-N 722,EDUC,722,RESEARCH ON LEARNING MATH EDUC,3.0,3.0,700,Education (EDUC),1
EDUC-N 730,EDUC,730,ASSESSMENTS IN MATH ED,3.0,3.0,700,Education (EDUC),1
EDUC-P 225,EDUC,225,CHILD/ADOLESCENT MENTAL HEALTH,3.0,3.0,200,Education (EDUC),4
EDUC-P 248,EDUC,248,ELEM SCHOOL CHILD: DEVELOPMENT,3.0,3.0,200,Education (EDUC),5
EDUC-P 250,EDUC,250,GENERAL EDUC PSYCHOLOGY,3.0,3.0,200,Education (EDUC),2
EDUC-P 302,EDUC,302,SCHOOL-BASED MENTAL HEALTH,3.0,3.0,300,Education (EDUC),1
EDUC-P 313,EDUC,313,ADOLESCENTS IN A LRNG COMMUN,3.0,3.0,300,Education (EDUC),2
EDUC-P 314,EDUC,314,LIFE SPAN DEVELOPMENT,3.0,3.0,300,Education (EDUC),2
EDUC-P 403,EDUC,403,CHILD & ADOL TRAUMA APPLD SETTNG,3.0,3.0,400,Education (EDUC),2
EDUC-P 404,EDUC,404,BEHAVIOR MANAGEMENT OF YOUTH,3.0,3.0,400,Education (EDUC),2
EDUC-P 507,EDUC,507,ASSESSMENT IN SCHOOLS,3.0,3.0,500,Education (EDUC),1
EDUC-P 514,EDUC,514,LIFE SPAN DEVELPMT: BIRTH-DEATH,3.0,3.0,500,Education (EDUC),2
EDUC-P 590,EDUC,590,IND STUDY OR RES IN EDUC PSYCH,1.0,3.0,500,Education (EDUC),1
EDUC-P 596,EDUC,596,INTERNSHIP IN SCHOOL PSYCH I,1.0,6.0,500,Education (EDUC),1
EDUC-P 602,EDUC,602,INTELLIGENCE & COG ASSESSMENT,3.0,3.0,600,Education (EDUC),2
EDUC-P 624,EDUC,624,BIOLOGY OF BEHAVIOR,3.0,3.0,600,Education (EDUC),2
EDUC-P 650,EDUC,650,TOPIC SEM IN EDUC PSYCHOLOGY,3.0,3.0,600,Education (EDUC),2
EDUC-P 656,EDUC,656,PRACTICUM IN SCHOOL PSYCH 1,3.0,3.0,600,Education (EDUC),1
EDUC-P 670,EDUC,670,BEH ANALYSIS & CONSULT SCH PSY,3.0,3.0,600,Education (EDUC),1
EDUC-P 681,EDUC,681,SOCIAL JUSTICE FRAMEWORK YOUTH,3.0,3.0,600,Education (EDUC),1
EDUC-P 682,EDUC,682,DEV PSYCHOPATH CHILD ADOL,3.0,3.0,600,Education (EDUC),1
EDUC-P 690,EDUC,690,IND STUDY IN ED PSYCHOLOGY,1.0,3.0,600,Education (EDUC),1
EDUC-P 696,EDUC,696,PRACTICUM IN SCHOOL PSYCH 3,3.0,3.0,600,Education (EDUC),1
EDUC-P 697,EDUC,697,ADV PRACTICUM IN SCHOOL PSYCH,1.0,1.0,600,Education (EDUC),1
EDUC-P 699,EDUC,699,INTERNSHIP IN SCHOOL PSYCH II,1.0,2.0,600,Education (EDUC),2
EDUC-P 795,EDUC,795,DISSERTATION PROPOSAL PREP,1.0,3.0,700,Education (EDUC),3
EDUC-P 799,EDUC,799,DOCTORS THES IN ED PSYCHOLOGY,1.0,15.0,700,Education (EDUC),4
EDUC-Q 200,EDUC,200,INTRO TO SCIENTIFIC INQUIRY,3.0,3.0,200,Education (EDUC),6
EDUC-Q 205,EDUC,205,STEM FOR EDUCATORS,3.0,3.0,200,Education (EDUC),5
EDUC-Q 206,EDUC,206,STEM FOR EDUCATORS II,3.0,3.0,200,Education (EDUC),2
EDUC-Q 405,EDUC,405,INTEG SCIENCES-SCIENCE EDUC,3.0,3.0,400,Education (EDUC),1
EDUC-Q 506,EDUC,506,TCHING SECONDARY SCHL SCIENCE,3.0,3.0,500,Education (EDUC),1
EDUC-Q 528,EDUC,528,MAKING FOR LEARNING,3.0,3.0,500,Education (EDUC),1
EDUC-Q 590,EDUC,590,IND STUDY OR RES IN SCI EDUC,1.0,3.0,500,Education (EDUC),1
EDUC-Q 601,EDUC,601,PROF SEM IN SCIENCE EDUCATION,2.0,3.0,600,Education (EDUC),2
EDUC-Q 612,EDUC,612,TOPICAL SEMINAR IN SCIENCE ED,3.0,3.0,600,Education (EDUC),2
EDUC-Q 620,EDUC,620,UNIVERSITY STEM TEACHING,3.0,3.0,600,Education (EDUC),1
EDUC-Q 690,EDUC,690,ADV RESEARCH IN SCIENCE EDU,1.0,6.0,600,Education (EDUC),1
EDUC-R 505,EDUC,505,WKSHP IN INST SYS TECHNOLOGY,3.0,3.0,500,Education (EDUC),3
EDUC-R 511,EDUC,511,INSTR & PERF TECH FOUNDATNS I,3.0,3.0,500,Education (EDUC),1
EDUC-R 521,EDUC,521,INSTRUCT DESIGN & DEV I,3.0,3.0,500,Education (EDUC),1
EDUC-R 546,EDUC,546,"INSTR TECH: THINK, COLL, MOTIVATN",3.0,3.0,500,Education (EDUC),1
EDUC-R 586,EDUC,586,PRACTICUM IN IST,1.0,3.0,500,Education (EDUC),2
EDUC-R 590,EDUC,590,IND STUDY OR RES INST SYS TECH,1.0,3.0,500,Education (EDUC),2
EDUC-R 621,EDUC,621,ANALYSIS FOR INSTR/PERF IMPRV,3.0,3.0,600,Education (EDUC),2
EDUC-R 641,EDUC,641,INST DEVELOPMENT/PRODUCTION II,3.0,3.0,600,Education (EDUC),2
EDUC-R 686,EDUC,686,INTERNSHIP IN IST,3.0,6.0,600,Education (EDUC),1
EDUC-R 695,EDUC,695,TPC INQUIRY SEM INSTR SYS TECH,3.0,3.0,600,Education (EDUC),1
EDUC-R 699,EDUC,699,SPECIALIST PROJECT IN IST,1.0,3.0,600,Education (EDUC),1
EDUC-R 711,EDUC,711,READINGS IN INSTRUCTIONAL TECH,3.0,3.0,700,Education (EDUC),2
EDUC-R 795,EDUC,795,DISSERTATION PROPOSAL PREP,3.0,3.0,700,Education (EDUC),2
EDUC-R 799,EDUC,799,DOCTORAL DISSERTATION IN IST,1.0,15.0,700,Education (EDUC),3
EDUC-S 303,EDUC,303,TOPICS IN SECONDARY EDUCATION:,1.0,1.0,300,Education (EDUC),4
EDUC-S 508,EDUC,508,PROB IN SECONDARY EDUCATION,1.0,1.0,500,Education (EDUC),2
EDUC-S 519,EDUC,519,ADV STUDY TCH SEC SC SOC STDS,3.0,3.0,500,Education (EDUC),1
EDUC-T 450,EDUC,450,CULT/COMM FORCES & THE SCHOOLS,3.0,3.0,400,Education (EDUC),1
EDUC-T 550,EDUC,550,CLTR/COMM FORCES & THE SCHOOLS,3.0,3.0,500,Education (EDUC),3
EDUC-T 590,EDUC,590,IND ST/RES URBAN/MULTICULT ED,1.0,3.0,500,Education (EDUC),1
EDUC-U 208,EDUC,208,TRNG FOR PARAPROF IN STDNT AFF,1.0,3.0,200,Education (EDUC),1
EDUC-U 212,EDUC,212,CURR ISSUES IN UNDERGRAD LIFE,2.0,2.0,200,Education (EDUC),2
EDUC-U 320,EDUC,320,TODAY'S COLLEGE STUDENT,3.0,3.0,300,Education (EDUC),1
EDUC-U 495,EDUC,495,SEMINAR IN LEADERSHIP TRAINING,1.0,1.0,400,Education (EDUC),1
EDUC-U 548,EDUC,548,STUDEN DEV THEORY & RESEARCH,3.0,3.0,500,Education (EDUC),1
EDUC-U 549,EDUC,549,ENVIRONMENT THRY & ASSESSMENT,3.0,3.0,500,Education (EDUC),1
EDUC-U 560,EDUC,560,INTRNSHP IN STUDENT PERSONNEL,1.0,3.0,500,Education (EDUC),1
EDUC-U 590,EDUC,590,IND ST/RES COLL STUD PERS ADM,1.0,3.0,500,Education (EDUC),3
EDUC-U 599,EDUC,599,MA THESIS COL STUDENT PER ADM,3.0,3.0,500,Education (EDUC),1
EDUC-V 551,EDUC,551,COMPARATIVE EDUCATION 1,3.0,3.0,500,Education (EDUC),1
EDUC-V 553,EDUC,553,TRAVEL STUDY,3.0,3.0,500,Education (EDUC),1
EDUC-V 625,EDUC,625,INTL COMPARATIVE ED PRACTICUM,3.0,3.0,600,Education (EDUC),1
EDUC-V 626,EDUC,626,GLOBAL EDUC POLICY & REFORM,3.0,3.0,600,Education (EDUC),1
EDUC-V 637,EDUC,637,TOPICAL SEMINAR COMPARATIVE ED,3.0,3.0,600,Education (EDUC),1
EDUC-V 690,EDUC,690,IND STUDY/RES COMPARATIVE EDUC,3.0,3.0,600,Education (EDUC),1
EDUC-W 200,EDUC,200,TEACHING WITH TECHNOLOGY,3.0,3.0,200,Education (EDUC),10
EDUC-W 204,EDUC,204,RESOURCES FOR BLENDED & ONLINE,3.0,3.0,200,Education (EDUC),1
EDUC-W 450,EDUC,450,INTERN BLENDED/ONLINE TEACHING,3.0,3.0,400,Education (EDUC),1
EDUC-W 500,EDUC,500,PROF DEVELOPMENT CONFERENCE,1.0,6.0,500,Education (EDUC),1
EDUC-W 505,EDUC,505,PROF DEVELOPMENT WORKSHOP,1.0,6.0,500,Education (EDUC),1
EDUC-W 540,EDUC,540,TECHNOLOGY-INFUSED CURRICULUM,3.0,3.0,500,Education (EDUC),1
EDUC-X 101,EDUC,101,TECHNIQUES IN TEXTBOOK READING,2.0,2.0,100,Education (EDUC),4
EDUC-X 105,EDUC,105,LEARNING STRAT FOR ACCOUNTING,1.0,1.0,100,Education (EDUC),16
EDUC-X 150,EDUC,150,READ - LEARN TECHNIQUES 1,2.0,2.0,100,Education (EDUC),11
EDUC-X 151,EDUC,151,READ - LEARN TECHNIQUES 2,2.0,2.0,100,Education (EDUC),3
EDUC-X 152,EDUC,152,READ - LEARN TECHNIQUES 3,2.0,2.0,100,Education (EDUC),12
EDUC-X 156,EDUC,156,COLLEGE AND LIFE LONG LEARNING,2.0,2.0,100,Education (EDUC),6
EDUC-X 158,EDUC,158,CULTURE OF COLLEGE,3.0,3.0,100,Education (EDUC),6
EDUC-X 599,EDUC,599,MASTER'S THESIS IN EDUCATION,1.0,6.0,500,Education (EDUC),1
EDUC-Y 402,EDUC,402,INTRO TO STATS,3.0,3.0,400,Education (EDUC),1
EDUC-Y 435,EDUC,435,PROG EVAL FOR ED PROFESSIONALS,3.0,3.0,400,Education (EDUC),1
EDUC-Y 500,EDUC,500,COMP LAB FOR EDUC INQUIRY,1.0,1.0,500,Education (EDUC),2
EDUC-Y 502,EDUC,502,INTERMDIATE STAT APPLIED TO ED,3.0,3.0,500,Education (EDUC),1
EDUC-Y 520,EDUC,520,STRATEGIES FOR EDUC INQUIRY,3.0,3.0,500,Education (EDUC),4
EDUC-Y 521,EDUC,521,METHODOLOGICL APPR TO EDUC INQ,3.0,3.0,500,Education (EDUC),1
EDUC-Y 527,EDUC,527,EDUC ASSMT & PSYCH MEASUREMENT,3.0,3.0,500,Education (EDUC),1
EDUC-Y 535,EDUC,535,EVALUATION MODELS & TECHNIQUES,3.0,3.0,500,Education (EDUC),1
EDUC-Y 590,EDUC,590,IND STUDY OR RES IN INQ METHOD,1.0,3.0,500,Education (EDUC),1
EDUC-Y 604,EDUC,604,MULTIVARIATE ANLS IN EDUC RES,3.0,3.0,600,Education (EDUC),1
EDUC-Y 611,EDUC,611,QUALITATIVE INQUIRY IN EDUCATN,3.0,3.0,600,Education (EDUC),2
EDUC-Y 640,EDUC,640,ANALYZING QUALITATIVE DATA,3.0,3.0,600,Education (EDUC),1
EDUC-Y 650,EDUC,650,TOPICS IN INQUIRY METHODOLOGY,3.0,3.0,600,Education (EDUC),3
EDUC-Y 660,EDUC,660,AFFINITY RESEARCH GROUP,3.0,3.0,600,Education (EDUC),5
EDUC-Y 795,EDUC,795,DISSERTATION PROPOSAL PREP,1.0,3.0,700,Education (EDUC),2
EDUC-Y 799,EDUC,799,DOCT THESIS IN INQ METHODOLOGY,1.0,12.0,700,Education (EDUC),2
EDUC-Z 204,EDUC,204,APPLIED THEATRE,3.0,3.0,200,Education (EDUC),1
EDUC-Z 533,EDUC,533,UNDERSTANDING CHILD ART,3.0,3.0,500,Education (EDUC),1
EDUC-Z 590,EDUC,590,IND STUDY OR RES IN ART EDUC,1.0,3.0,500,Education (EDUC),1
EDUC-Z 700,EDUC,700,PRACTICUM IN ART EDUCATION,1.0,6.0,700,Education (EDUC),1
EDUC-Z 750,EDUC,750,ART EDUCATION DOCTORAL SEMINAR,3.0,3.0,700,Education (EDUC),1
ENG-G 901,ENG,901,ADVANCED RESEARCH,6.0,6.0,900,English (ENG),1
ENG-L 111,ENG,111,DISCOVERING LITERATURE,3.0,3.0,100,English (ENG),9
ENG-L 203,ENG,203,INTRODUCTION TO DRAMA,3.0,3.0,200,English (ENG),4
ENG-L 204,ENG,204,INTRODUCTION TO FICTION,3.0,3.0,200,English (ENG),11
ENG-L 205,ENG,205,INTRODUCTION TO POETRY,3.0,3.0,200,English (ENG),2
ENG-L 206,ENG,206,INTRO TO PROSE (EXCLUDG FICTN),3.0,3.0,200,English (ENG),1
ENG-L 220,ENG,220,INTRODUCTION TO SHAKESPEARE,3.0,3.0,200,English (ENG),1
ENG-L 224,ENG,224,INTRO TO WORLD LIT IN ENGLISH,3.0,3.0,200,English (ENG),1
ENG-L 260,ENG,260,THINKING WITH TEXTS,3.0,3.0,200,English (ENG),3
ENG-L 295,ENG,295,AMERICAN FILM CULTURE,3.0,3.0,200,English (ENG),1
ENG-L 310,ENG,310,LITERARY HISTORY 1,3.0,3.0,300,English (ENG),1
ENG-L 312,ENG,312,LITERARY HISTORY 2,3.0,3.0,300,English (ENG),1
ENG-L 314,ENG,314,LATE PLAYS OF SHAKESPEARE,3.0,3.0,300,English (ENG),1
ENG-L 316,ENG,316,LITERARY HISTORY 3,3.0,3.0,300,English (ENG),1
ENG-L 338,ENG,338,CELTIC NARRATIVES,3.0,3.0,300,English (ENG),1
ENG-L 348,ENG,348,19TH CENTURY BRITISH FICTION,3.0,3.0,300,English (ENG),1
ENG-L 354,ENG,354,AMERICAN LITERATURE SINCE 1914,3.0,3.0,300,English (ENG),1
ENG-L 357,ENG,357,20TH CENTURY AMERICAN POETRY,3.0,3.0,300,English (ENG),1
ENG-L 359,ENG,359,"AMERICAN LITERATURE, 1960-PRES",3.0,3.0,300,English (ENG),1
ENG-L 369,ENG,369,STDS IN BRITISH & AMR AUTHORS,3.0,3.0,300,English (ENG),1
ENG-L 371,ENG,371,ENCOUNTERS WITH THEORY,3.0,3.0,300,English (ENG),2
ENG-L 378,ENG,378,STUDIES IN WOMEN & LIT,3.0,3.0,300,English (ENG),1
ENG-L 390,ENG,390,CHILDREN'S LITERATURE,3.0,3.0,300,English (ENG),1
ENG-L 396,ENG,396,AFRICAN AMERICAN LITERATURE,3.0,3.0,300,English (ENG),1
ENG-L 450,ENG,450,SEMINAR: BRITISH & AM AUTHORS,3.0,3.0,400,English (ENG),1
ENG-L 460,ENG,460,SEMINAR: LIT FORM MODE & THEME,3.0,3.0,400,English (ENG),1
ENG-L 499,ENG,499,SR INDPT STUDY FOR HONORS,3.0,3.0,400,English (ENG),1
ENG-L 503,ENG,503,TEACHING OF LIT IN COLLEGE,4.0,4.0,500,English (ENG),1
ENG-L 508,ENG,508,PRACT ON TEACHING LIT IN COLL,4.0,4.0,500,English (ENG),1
ENG-L 553,ENG,553,STUDIES IN LITERATURE,4.0,4.0,500,English (ENG),1
ENG-L 599,ENG,599,INTERNSHIP IN ENGLISH,1.0,4.0,500,English (ENG),1
ENG-L 611,ENG,611,EARLY MOD LIT & CLTR 1500-1660,4.0,4.0,600,English (ENG),1
ENG-L 625,ENG,625,READINGS IN SHAKESPEARE,4.0,4.0,600,English (ENG),1
ENG-L 626,ENG,626,"BRITISH LIT & CLTR, 1660-1790",4.0,4.0,600,English (ENG),1
ENG-L 629,ENG,629,RDGS NARRATIVE LIT FROM 1800,4.0,4.0,600,English (ENG),1
ENG-L 635,ENG,635,RDGS AMER ETHNIC LIT & CLTR,4.0,4.0,600,English (ENG),1
ENG-L 643,ENG,643,RDGS COLONIAL & POST-COL LIT,4.0,4.0,600,English (ENG),1
ENG-L 646,ENG,646,"RDGS IN MEDIA, LIT, AND CLTR",4.0,4.0,600,English (ENG),7
ENG-L 660,ENG,660,STUDIES IN BRITISH & AMER LIT,4.0,4.0,600,English (ENG),2
ENG-L 680,ENG,680,SPECIAL TOPICS-LIT STDY & THRY,4.0,4.0,600,English (ENG),1
ENG-L 695,ENG,695,INDIVIDUAL READINGS IN ENGLISH,1.0,4.0,600,English (ENG),3
ENG-L 699,ENG,699,MA THESIS,1.0,4.0,600,English (ENG),1
ENG-L 738,ENG,738,LIT HISTORY & THRY OF HISTORY,4.0,4.0,700,English (ENG),1
ENG-L 740,ENG,740,"RESRCH: AESTHETICS, GENRE, & FORM",4.0,4.0,700,English (ENG),1
ENG-L 746,ENG,746,RSCH TEXTUAL & MEDIA STUDIES,4.0,4.0,700,English (ENG),1
ENG-L 756,ENG,756,RESEARCH IN RHETORICAL STUDIES,4.0,4.0,700,English (ENG),1
ENG-L 790,ENG,790,INDEPENDENT STUDY,1.0,4.0,700,English (ENG),1
ENG-L 799,ENG,799,PH D THESIS,1.0,16.0,700,English (ENG),2
ENG-R 209,ENG,209,TPCS RHET & PUBLIC CULTURE,3.0,3.0,200,English (ENG),3
ENG-R 228,ENG,228,ARGUMENTATION & PUBLIC ADVOCACY,3.0,3.0,200,English (ENG),1
ENG-R 321,ENG,321,"RHETORIC, LAW AND CULTURE",3.0,3.0,300,English (ENG),1
ENG-R 330,ENG,330,"SCIENCE, ADVOCACY & THE PUBLIC",3.0,3.0,300,English (ENG),1
ENG-R 348,ENG,348,ENVIRONMENTAL COMMUNICATION,3.0,3.0,300,English (ENG),1
ENG-R 355,ENG,355,PUBLIC MEMORY IN COMM & CULTURE,3.0,3.0,300,English (ENG),1
ENG-W 103,ENG,103,INTRODUCTORY CREATIVE WRITING,3.0,3.0,100,English (ENG),12
ENG-W 131,ENG,131,"READING, WRITING, & INQUIRY I",3.0,3.0,100,English (ENG),84
ENG-W 170,ENG,170,INTRO TO ARGUMENTATIVE WRITING,3.0,3.0,100,English (ENG),13
ENG-W 171,ENG,171,DIGITAL LITERACY + COMPOSITION,3.0,3.0,100,English (ENG),4
ENG-W 203,ENG,203,CREATIVE WRITING,3.0,3.0,200,English (ENG),9
ENG-W 231,ENG,231,PROFESSIONAL WRITING SKILLS,3.0,3.0,200,English (ENG),2
ENG-W 301,ENG,301,WRITING FICTION,3.0,3.0,300,English (ENG),2
ENG-W 303,ENG,303,WRITING POETRY,3.0,3.0,300,English (ENG),1
ENG-W 311,ENG,311,WRITING CREATIVE NONFICTION,3.0,3.0,300,English (ENG),1
ENG-W 350,ENG,350,ADVANCED EXPOSITORY WRITING,3.0,3.0,300,English (ENG),3
ENG-W 381,ENG,381,THE CRAFT OF FICTION,3.0,3.0,300,English (ENG),1
ENG-W 383,ENG,383,THE CRAFT OF POETRY,3.0,3.0,300,English (ENG),1
ENG-W 401,ENG,401,ADVANCED FICTION WRITING,3.0,3.0,400,English (ENG),1
ENG-W 500,ENG,500,TEACHING COMPOSITION,4.0,4.0,500,English (ENG),1
ENG-W 501,ENG,501,PRACTICUM ON TEACHING OF COMP,1.0,3.0,500,English (ENG),1
ENG-W 508,ENG,508,GRAD CREATIVE WRITING-TEACHERS,4.0,4.0,500,English (ENG),2
ENG-W 554,ENG,554,PRACT: TEACH OF CREATIVE WRITNG,2.0,2.0,500,English (ENG),1
ENG-W 600,ENG,600,TPCS IN RHETORIC & COMPOSITION,4.0,4.0,600,English (ENG),2
ENG-W 602,ENG,602,CONT THEORIES RHET & COMP,4.0,4.0,600,English (ENG),1
ENG-W 611,ENG,611,WRITING FICTION 1,4.0,4.0,600,English (ENG),1
ENG-W 613,ENG,613,WRITING POETRY 1,4.0,4.0,600,English (ENG),1
ENG-W 680,ENG,680,THEORY AND CRAFT OF WRITING,4.0,4.0,600,English (ENG),1
ENG-W 697,ENG,697,INDEPENDENT STUDY IN WRITING 1,1.0,4.0,600,English (ENG),3
ENG-W 699,ENG,699,M.F.A. THESIS,1.0,12.0,600,English (ENG),1
ENG-X 373,ENG,373,PROFESSIONAL PRACT IN ENGLISH,1.0,6.0,300,English (ENG),1
ENG-X 471,ENG,471,TEACHING INTERNSHIP IN ENGLISH,1.0,3.0,400,English (ENG),1
ENG-X 473,ENG,473,INTERNSHIP IN ENGLISH,1.0,3.0,400,English (ENG),1
ENG-X 490,ENG,490,INDIVIDUAL READING IN ENGLISH,1.0,3.0,400,English (ENG),1
ENGR-E 101,ENGR,101,INNOVATION AND DESIGN,3.0,3.0,100,Intelligent Systems Engineerng (ENGR),9
ENGR-E 201,ENGR,201,COMPUTER SYSTEMS ENGINEERING,3.0,3.0,200,Intelligent Systems Engineerng (ENGR),7
ENGR-E 221,ENGR,221,INTELLIGENT SYSTEMS I,3.0,3.0,200,Intelligent Systems Engineerng (ENGR),5
ENGR-E 250,ENGR,250,"SYSTEMS, SIGNALS, AND CONTROL",3.0,3.0,200,Intelligent Systems Engineerng (ENGR),1
ENGR-E 299,ENGR,299,ENGR PROFESSIONLIZATN & ETHICS,1.0,1.0,200,Intelligent Systems Engineerng (ENGR),1
ENGR-E 304,ENGR,304,INTRODUCTION TO BIOENGINEERING,3.0,3.0,300,Intelligent Systems Engineerng (ENGR),1
ENGR-E 311,ENGR,311,CIRCUITS AND DIGITAL SYSTEMS,3.0,3.0,300,Intelligent Systems Engineerng (ENGR),2
ENGR-E 313,ENGR,313,ENGINEERING COMPILERS,3.0,3.0,300,Intelligent Systems Engineerng (ENGR),1
ENGR-E 315,ENGR,315,DIGITAL DESIGN WITH FPGAS,3.0,3.0,300,Intelligent Systems Engineerng (ENGR),1
ENGR-E 318,ENGR,318,ENGINEERING NETWORKS,3.0,3.0,300,Intelligent Systems Engineerng (ENGR),2
ENGR-E 390,ENGR,390,UNDERGRADUATE INDPT STUDY,1.0,3.0,300,Intelligent Systems Engineerng (ENGR),4
ENGR-E 399,ENGR,399,TOPICS IN INTELL SYS ENGINEER,3.0,3.0,300,Intelligent Systems Engineerng (ENGR),13
ENGR-E 412,ENGR,412,DEEP LEARNING ARCH & HARDWARE,3.0,3.0,400,Intelligent Systems Engineerng (ENGR),1
ENGR-E 451,ENGR,451,SIMULATING NANOSCALE SYSTEMS,3.0,3.0,400,Intelligent Systems Engineerng (ENGR),1
ENGR-E 471,ENGR,471,MICROFLUIDIC DEVICES & SYSTEMS,3.0,3.0,400,Intelligent Systems Engineerng (ENGR),1
ENGR-E 484,ENGR,484,SCIENTIFIC VISUALIZATION,3.0,3.0,400,Intelligent Systems Engineerng (ENGR),1
ENGR-E 490,ENGR,490,ENGINEERING CAPSTONE DESIGN I,3.0,3.0,400,Intelligent Systems Engineerng (ENGR),1
ENGR-E 500,ENGR,500,INTRO TO THE ISE PROGRAM,1.0,1.0,500,Intelligent Systems Engineerng (ENGR),1
ENGR-E 501,ENGR,501,INTRO TO COMPUTER ENGINEERING,3.0,3.0,500,Intelligent Systems Engineerng (ENGR),1
ENGR-E 503,ENGR,503,INTRO TO INTELLIGENT SYSTEMS,3.0,3.0,500,Intelligent Systems Engineerng (ENGR),1
ENGR-E 504,ENGR,504,INTRODUCTION TO BIOENGINEERING,3.0,3.0,500,Intelligent Systems Engineerng (ENGR),1
ENGR-E 506,ENGR,506,INTRO TO ISE NEURO-ENGINEERING,3.0,3.0,500,Intelligent Systems Engineerng (ENGR),1
ENGR-E 513,ENGR,513,ENGINEERING COMPILERS,3.0,3.0,500,Intelligent Systems Engineerng (ENGR),1
ENGR-E 516,ENGR,516,ENGINEERING CLOUD COMPUTING,3.0,3.0,500,Intelligent Systems Engineerng (ENGR),3
ENGR-E 518,ENGR,518,ENGINEERING NETWORKS,3.0,3.0,500,Intelligent Systems Engineerng (ENGR),2
ENGR-E 533,ENGR,533,DEEP LEARNING SYSTEMS,3.0,3.0,500,Intelligent Systems Engineerng (ENGR),2
ENGR-E 534,ENGR,534,BIG DATA APPLICATIONS,3.0,3.0,500,Intelligent Systems Engineerng (ENGR),1
ENGR-E 537,ENGR,537,RAPID PROTOTYPING FOR ENGR,3.0,3.0,500,Intelligent Systems Engineerng (ENGR),1
ENGR-E 551,ENGR,551,SIMULATING NANOSCALE SYSTEMS,3.0,3.0,500,Intelligent Systems Engineerng (ENGR),1
ENGR-E 571,ENGR,571,MICROFLUIDIC DEVICES & SYSTEMS,3.0,3.0,500,Intelligent Systems Engineerng (ENGR),1
ENGR-E 584,ENGR,584,SCIENTIFIC VISUALIZATION,3.0,3.0,500,Intelligent Systems Engineerng (ENGR),1
ENGR-E 591,ENGR,591,GRADUATE INTERNSHIP,1.0,6.0,500,Intelligent Systems Engineerng (ENGR),3
ENGR-E 599,ENGR,599,TOPICS IN INTELL SYS ENGINEER,3.0,3.0,500,Intelligent Systems Engineerng (ENGR),15
ENGR-E 687,ENGR,687,IND STUDY INTEL SYS ENGINEER,1.0,6.0,600,Intelligent Systems Engineerng (ENGR),25
ENGR-E 788,ENGR,788,MASTER'S THESIS,1.0,6.0,700,Intelligent Systems Engineerng (ENGR),1
ENGR-E 890,ENGR,890,THESIS READINGS AND RESEARCH,1.0,12.0,800,Intelligent Systems Engineerng (ENGR),1
ENGR-G 901,ENGR,901,ADVANCED RESEARCH,6.0,6.0,900,Intelligent Systems Engineerng (ENGR),2
ENGR-Y 395,ENGR,395,CAREER DEVELPMT FOR ISE MAJORS,1.0,1.0,300,Intelligent Systems Engineerng (ENGR),1
EURO-E 100,EURO,100,BEGINNING MODERN GREEK I,4.0,4.0,100,European Studies (EURO),2
EURO-E 200,EURO,200,INTERMEDIATE MODERN GREEK I,3.0,3.0,200,European Studies (EURO),2
EURO-E 300,EURO,300,ADV MOD GRK I: CLT LIT & CUR EVNT,3.0,3.0,300,European Studies (EURO),1
EURO-E 491,EURO,491,ELEM MODERN GRK FOR GRAD STDS,3.0,3.0,400,European Studies (EURO),1
EURO-G 100,EURO,100,BEGINNING IRISH I,4.0,4.0,100,European Studies (EURO),1
EURO-G 200,EURO,200,INTERMEDIATE IRISH I,3.0,3.0,200,European Studies (EURO),1
EURO-G 230,EURO,230,INTRODUCTION TO IRISH STUDIES,3.0,3.0,200,European Studies (EURO),1
EURO-G 310,EURO,310,IRELAND IN THE WORLD,3.0,3.0,300,European Studies (EURO),1
EURO-W 200,EURO,200,INTRO TO EUROPEAN STUDIES,3.0,3.0,200,European Studies (EURO),1
EURO-W 205,EURO,205,RELIGION IN THE EUROPEAN UNION,3.0,3.0,200,European Studies (EURO),1
EURO-W 301,EURO,301,MOD EUROPN POLITICS & SOCIETY,3.0,3.0,300,European Studies (EURO),1
EURO-W 310,EURO,310,EUROPEAN BORDERLANDS,3.0,3.0,300,European Studies (EURO),1
EURO-W 406,EURO,406,ARTS & HUM TOPICS IN EUR STUDIES,3.0,3.0,400,European Studies (EURO),1
EURO-W 500,EURO,500,EUROPN LESS COMMON TAUGHT LANG,3.0,3.0,500,European Studies (EURO),2
EURO-W 605,EURO,605,SELECT TOPICS IN EUROP STUDIES,3.0,3.0,600,European Studies (EURO),2
EURO-W 800,EURO,800,MA THESIS,3.0,3.0,800,European Studies (EURO),1
EURO-W 805,EURO,805,INDIV READINGS W EUROP STUDIES,1.0,8.0,800,European Studies (EURO),1
FOLK-E 151,FOLK,151,GLOBAL POP MUSIC,3.0,3.0,100,Folklore and Ethnomusicology (FOLK),7
FOLK-E 251,FOLK,251,ETHNOMUSICOLOGY/SOCIAL SCIENCE,3.0,3.0,200,Folklore and Ethnomusicology (FOLK),1
FOLK-E 290,FOLK,290,MUSIC AND VIOLENCE,3.0,3.0,200,Folklore and Ethnomusicology (FOLK),1
FOLK-E 295,FOLK,295,SURVEY OF HIP HOP,3.0,3.0,200,Folklore and Ethnomusicology (FOLK),1
FOLK-E 522,FOLK,522,THE STUDY OF ETHNOMUSICOLOGY,3.0,3.0,500,Folklore and Ethnomusicology (FOLK),1
FOLK-F 101,FOLK,101,INTRODUCTION TO FOLKLORE,3.0,3.0,100,Folklore and Ethnomusicology (FOLK),10
FOLK-F 111,FOLK,111,WORLD MUSIC AND CULTURE,3.0,3.0,100,Folklore and Ethnomusicology (FOLK),10
FOLK-F 121,FOLK,121,WORLD ARTS AND CULTURES,3.0,3.0,100,Folklore and Ethnomusicology (FOLK),7
FOLK-F 141,FOLK,141,URBAN LEGEND,3.0,3.0,100,Folklore and Ethnomusicology (FOLK),7
FOLK-F 252,FOLK,252,FOLKLORE & THE HUMANITIES,3.0,3.0,200,Folklore and Ethnomusicology (FOLK),2
FOLK-F 253,FOLK,253,FOLKLORE & THE SOCIAL SCIENCES,3.0,3.0,200,Folklore and Ethnomusicology (FOLK),1
FOLK-F 312,FOLK,312,EUR FOLKLORE/FOLKLIFE/FOLK MUS,3.0,3.0,300,Folklore and Ethnomusicology (FOLK),1
FOLK-F 314,FOLK,314,IRISH FOLKLORE,3.0,3.0,300,Folklore and Ethnomusicology (FOLK),1
FOLK-F 330,FOLK,330,FOLK CULTURE & RELATED FIELDS,3.0,3.0,300,Folklore and Ethnomusicology (FOLK),1
FOLK-F 348,FOLK,348,PALESTINE IN POP CULTURE/MEDIA,3.0,3.0,300,Folklore and Ethnomusicology (FOLK),1
FOLK-F 359,FOLK,359,EXPLORNG JEWISH IDENTITY TODAY,3.0,3.0,300,Folklore and Ethnomusicology (FOLK),1
FOLK-F 367,FOLK,367,FOLKLORE OF THE SOUTH,3.0,3.0,300,Folklore and Ethnomusicology (FOLK),1
FOLK-F 399,FOLK,399,READINGS FOR HONORS,3.0,3.0,300,Folklore and Ethnomusicology (FOLK),1
FOLK-F 401,FOLK,401,METHODS AND THEORIES,3.0,3.0,400,Folklore and Ethnomusicology (FOLK),1
FOLK-F 404,FOLK,404,TPCS IN FOLKLORE/FOLKLIFE/MUS,3.0,3.0,400,Folklore and Ethnomusicology (FOLK),1
FOLK-F 516,FOLK,516,FOLKLORE THEORY IN PRACTICE,3.0,3.0,500,Folklore and Ethnomusicology (FOLK),1
FOLK-F 532,FOLK,532,PUBLC PRACTICE FOLK & ETHNOMUSIC,3.0,3.0,500,Folklore and Ethnomusicology (FOLK),1
FOLK-F 541,FOLK,541,MATERIAL CULTURE STUDIES,3.0,3.0,500,Folklore and Ethnomusicology (FOLK),1
FOLK-F 617,FOLK,617,MID EAST FOLKLORE/FOLK MUSIC,3.0,3.0,600,Folklore and Ethnomusicology (FOLK),1
FOLK-F 636,FOLK,636,IRISH FOLKLORE,3.0,3.0,600,Folklore and Ethnomusicology (FOLK),1
FOLK-F 638,FOLK,638,LATIN AMER FOLKLORE/FOLK MUSIC,3.0,3.0,600,Folklore and Ethnomusicology (FOLK),1
FOLK-F 722,FOLK,722,COLLOQ IN THEORET FLK/ETHNOMUS,3.0,3.0,700,Folklore and Ethnomusicology (FOLK),1
FOLK-F 800,FOLK,800,RESEARCH IN FOLK & ETHNO,1.0,3.0,800,Folklore and Ethnomusicology (FOLK),2
FOLK-F 801,FOLK,801,TEACHING FOLK/ETHNOMUSICOLOGY,3.0,3.0,800,Folklore and Ethnomusicology (FOLK),1
FOLK-F 802,FOLK,802,TRADITIONAL ARTS INDIANA,1.0,3.0,800,Folklore and Ethnomusicology (FOLK),1
FOLK-F 803,FOLK,803,PRACT IN FOLKLORE/ETHNOMUSIC,1.0,3.0,800,Folklore and Ethnomusicology (FOLK),1
FOLK-F 806,FOLK,806,MUSEUM PRACTICUM IN FOLKLORE,1.0,3.0,800,Folklore and Ethnomusicology (FOLK),1
FOLK-F 850,FOLK,850,THESIS/PROJECT/DISSERTATION,1.0,12.0,800,Folklore and Ethnomusicology (FOLK),2
FOLK-G 901,FOLK,901,ADVANCED RESEARCH,6.0,6.0,900,Folklore and Ethnomusicology (FOLK),1
FOLK-X 402,FOLK,402,TRADITIONAL ARTS INDIANA,1.0,3.0,400,Folklore and Ethnomusicology (FOLK),1
FOLK-X 476,FOLK,476,MUSEUM PRACTICUM IN FOLKLORE,1.0,3.0,400,Folklore and Ethnomusicology (FOLK),1
FOLK-X 477,FOLK,477,FIELD EXPRNC IN FOLKLORE/ETHNO,1.0,3.0,400,Folklore and Ethnomusicology (FOLK),1
FOLK-X 490,FOLK,490,INDIVIDUAL STUDY IN FOLKLORE,1.0,3.0,400,Folklore and Ethnomusicology (FOLK),1
FRIT-F 100,FRIT,100,ELEMENTARY FRENCH I,4.0,4.0,100,French And Italian (FRIT),10
FRIT-F 115,FRIT,115,ACCELERATED ELEMENTARY FRENCH,4.0,4.0,100,French And Italian (FRIT),1
FRIT-F 150,FRIT,150,ELEM FRENCH II: LANG & CUL,4.0,4.0,100,French And Italian (FRIT),7
FRIT-F 152,FRIT,152,BEGINNING FRENCH CONVERSATN II,1.0,1.0,100,French And Italian (FRIT),1
FRIT-F 200,FRIT,200,SEC YR FRENCH I: LANG & CULTR,3.0,3.0,200,French And Italian (FRIT),8
FRIT-F 202,FRIT,202,INTERMEDIATE FREN CONVERSATN I,1.0,1.0,200,French And Italian (FRIT),1
FRIT-F 225,FRIT,225,FRENCH/FRANCOPHONE CULTURE,3.0,3.0,200,French And Italian (FRIT),1
FRIT-F 226,FRIT,226,FRENCH/FRANCOPHONE SOCIETY,3.0,3.0,200,French And Italian (FRIT),1
FRIT-F 250,FRIT,250,SEC YR FRENCH II: LANG/CULTUR,3.0,3.0,200,French And Italian (FRIT),5
FRIT-F 252,FRIT,252,INTERMEDIATE FREN CONV II,1.0,1.0,200,French And Italian (FRIT),1
FRIT-F 300,FRIT,300,FRENCH DRAMA AND MELODRAMA,3.0,3.0,300,European Studies (EURO),4
FRIT-F 305,FRIT,305,STAGE AND PAGE,3.0,3.0,300,French And Italian (FRIT),1
FRIT-F 313,FRIT,313,ADVANCED FRENCH,3.0,3.0,300,French And Italian (FRIT),1
FRIT-F 315,FRIT,315,THE SOUNDS & RHYTHMS OF FRENCH,4.0,4.0,300,French And Italian (FRIT),2
FRIT-F 317,FRIT,317,FRENCH IN THE BUSINESS WORLD,3.0,3.0,300,French And Italian (FRIT),1
FRIT-F 364,FRIT,364,LA FRANCE ACTUELLE,3.0,3.0,300,French And Italian (FRIT),1
FRIT-F 375,FRIT,375,THEMES LITTERAIRES & CULTURELS,3.0,3.0,300,French And Italian (FRIT),1
FRIT-F 399,FRIT,399,READING FOR HONORS,1.0,12.0,300,French And Italian (FRIT),1
FRIT-F 413,FRIT,413,THE FRENCH RENAISSANCE,3.0,3.0,400,French And Italian (FRIT),1
FRIT-F 446,FRIT,446,NINETEENTH-CENTURY POETRY,3.0,3.0,400,French And Italian (FRIT),1
FRIT-F 499,FRIT,499,READING FOR HONORS,1.0,6.0,400,French And Italian (FRIT),1
FRIT-F 572,FRIT,572,PRACTICUM-COLLEGE FRENCH TCHNG,1.0,1.0,500,French And Italian (FRIT),1
FRIT-F 577,FRIT,577,INTRODUCTION TO FRENCH SYNTAX,3.0,3.0,500,French And Italian (FRIT),1
FRIT-F 603,FRIT,603,HIST OF THE FRENCH LANGUAGE 1,3.0,3.0,600,French And Italian (FRIT),2
FRIT-F 615,FRIT,615,STUDIES IN MEDIEVAL FRENCH LIT,3.0,3.0,600,French And Italian (FRIT),1
FRIT-F 667,FRIT,667,SEMINAR IN FRANCOPHONE STUDIES,3.0,3.0,600,French And Italian (FRIT),1
FRIT-F 677,FRIT,677,FRENCH LEXICOLOGY/LEXICOGRAPHY,3.0,3.0,600,French And Italian (FRIT),1
FRIT-F 815,FRIT,815,INDIV READ IN FR LIT & LING,1.0,6.0,800,French And Italian (FRIT),1
FRIT-F 825,FRIT,825,SEM FRENCH/FRANCOPHONE STUDIES,3.0,3.0,800,French And Italian (FRIT),1
FRIT-F 875,FRIT,875,RESEARCH IN FRENCH LIT & LANG,1.0,12.0,800,French And Italian (FRIT),2
FRIT-G 901,FRIT,901,ADVANCED RESEARCH,6.0,6.0,900,French And Italian (FRIT),2
FRIT-M 100,FRIT,100,ELEMENTARY ITALIAN I,4.0,4.0,100,French And Italian (FRIT),9
FRIT-M 112,FRIT,112,ITALIAN THROUGH MUSIC,4.0,4.0,100,French And Italian (FRIT),1
FRIT-M 150,FRIT,150,ELEMENTARY ITALIAN II,4.0,4.0,100,French And Italian (FRIT),4
FRIT-M 200,FRIT,200,INTERMEDIATE ITALIAN I,3.0,3.0,200,French And Italian (FRIT),5
FRIT-M 203,FRIT,203,CONV PRACTICE WITH ITALIANS,1.0,1.0,200,French And Italian (FRIT),1
FRIT-M 215,FRIT,215,ACCELERATED SECND-YEAR ITALIAN,4.0,4.0,200,French And Italian (FRIT),1
FRIT-M 250,FRIT,250,INTERMEDIATE ITALIAN II,3.0,3.0,200,French And Italian (FRIT),3
FRIT-M 300,FRIT,300,VIEWING ITALY THROUGH MEDIA,3.0,3.0,300,French And Italian (FRIT),1
FRIT-M 306,FRIT,306,ITALIAN SHORT FICTION,3.0,3.0,300,French And Italian (FRIT),1
FRIT-M 450,FRIT,450,SEMINAR IN ITALIAN LITERATURE,3.0,3.0,400,French And Italian (FRIT),1
FRIT-M 499,FRIT,499,READING FOR HONORS,1.0,6.0,400,French And Italian (FRIT),1
FRIT-M 503,FRIT,503,MEDIEVAL ITALIAN LIT & CULTURE,3.0,4.0,500,French And Italian (FRIT),1
FRIT-M 504,FRIT,504,RENAISSANCE ITAL LIT & CULTURE,3.0,4.0,500,French And Italian (FRIT),1
FRIT-M 572,FRIT,572,ITALIAN TEACHING PRACTICUM,1.0,1.0,500,French And Italian (FRIT),1
FRIT-M 815,FRIT,815,INDIVID RDGS IN ITALIAN LIT,1.0,6.0,800,French And Italian (FRIT),1
FRIT-M 875,FRIT,875,RESEARCH IN ITALIAN LITERATURE,1.0,12.0,800,French And Italian (FRIT),2
FRIT-X 471,FRIT,471,FRIT TEACHING INTERNSHIP,1.0,3.0,400,French And Italian (FRIT),2
FRIT-X 490,FRIT,490,INDIVIDUAL READINGS IN FRENCH,1.0,3.0,400,French And Italian (FRIT),1
FRIT-X 493,FRIT,493,INDIV READINGS IN ITALIAN LIT,1.0,3.0,400,French And Italian (FRIT),1
FYS-F 100,FYS,100,FIRST YEAR SEMINAR,1.0,1.0,100,First Year Seminar (FYS),20
GEOG-G 107,GEOG,107,PHYSICAL SYS OF ENVIRONMENT,3.0,3.0,100,Geography (GEOG),3
GEOG-G 109,GEOG,109,WEATHER & CLIMATE,3.0,3.0,100,Geography (GEOG),5
GEOG-G 120,GEOG,120,REGIONS OF THE WORLD,3.0,3.0,100,Geography (GEOG),2
GEOG-G 185,GEOG,185,ENVIR CHG: END OF WRLD AS KNOWN,3.0,3.0,100,Geography (GEOG),2
GEOG-G 208,GEOG,208,ENVIRONMENT AND SOCIETY,3.0,3.0,200,Geography (GEOG),5
GEOG-G 237,GEOG,237,MAPPING OUR WORLD,3.0,3.0,200,Geography (GEOG),1
GEOG-G 313,GEOG,313,PLACE AND POLITICS,3.0,3.0,300,Geography (GEOG),1
GEOG-G 314,GEOG,314,URBAN GEOGRAPHY,3.0,3.0,300,Geography (GEOG),1
GEOG-G 315,GEOG,315,ENVIRONMENTAL CONSERVATION,3.0,3.0,300,Geography (GEOG),1
GEOG-G 320,GEOG,320,POPULATION GEOGRAPHY,3.0,3.0,300,Geography (GEOG),1
GEOG-G 323,GEOG,323,GEOGRAPHY OF LATIN AMERICA,3.0,3.0,300,Geography (GEOG),1
GEOG-G 336,GEOG,336,ENVIRONMENTAL REMOTE SENSING,3.0,3.0,300,Geography (GEOG),1
GEOG-G 338,GEOG,338,GEOGRAPHIC INFORMATION SYSTEMS,3.0,3.0,300,Geography (GEOG),2
GEOG-G 352,GEOG,352,FOOD & POVERTY IN AMERICA,3.0,3.0,300,Geography (GEOG),1
GEOG-G 357,GEOG,357,URBAN ALTERNATIVE AGRICULTURE,3.0,3.0,300,Geography (GEOG),2
GEOG-G 369,GEOG,369,THE GEOGRAPHY OF FOOD,3.0,3.0,300,Geography (GEOG),1
GEOG-G 379,GEOG,379,TOPICS IN GEOGRAPHY OF FOODS,3.0,3.0,300,Geography (GEOG),1
GEOG-G 391,GEOG,391,GEOGRAPHY OF INTL DEVELOPMENT,3.0,3.0,300,Geography (GEOG),1
GEOG-G 441,GEOG,441,MIGRATION AND MOBILITY,3.0,3.0,400,Geography (GEOG),1
GEOG-G 451,GEOG,451,PHYSICAL HYDROLOGY,3.0,3.0,400,Geography (GEOG),1
GEOG-G 454,GEOG,454,FEMINIST POLITICAL ECOLOGY,3.0,3.0,400,Gender Studies (GNDR),0
GEOG-G 455,GEOG,455,GIS & WATER RESOURCES,3.0,3.0,400,Geography (GEOG),1
GEOG-G 467,GEOG,467,ECOHYDROLOGY,3.0,3.0,400,Geography (GEOG),1
GEOG-G 488,GEOG,488,APPLIED SPATIAL STATISTICS,3.0,3.0,400,Geography (GEOG),1
GEOG-G 489,GEOG,489,GEOSPATIAL ANALYS BIG DATA PYT,3.0,3.0,400,Geography (GEOG),1
GEOG-G 499,GEOG,499,HONORS RESEARCH IN GEOG,3.0,3.0,400,Geography (GEOG),1
GEOG-G 500,GEOG,500,RESEARCH PROBLEMS IN GEOGRAPHY,3.0,3.0,500,Geography (GEOG),1
GEOG-G 520,GEOG,520,MIGRATION AND MOBILITY,3.0,3.0,500,Geography (GEOG),1
GEOG-G 527,GEOG,527,DEPT OF GEOGRAPHY COLLOQUIUM,1.0,1.0,500,Geography (GEOG),1
GEOG-G 535,GEOG,535,ENVIRONMENTAL REMOTE SENSING,3.0,3.0,500,Geography (GEOG),1
GEOG-G 538,GEOG,538,GEOGRAPHIC INFORMATION SYSTEMS,3.0,3.0,500,Geography (GEOG),2
GEOG-G 551,GEOG,551,PHYSICAL HYDROLOGY,3.0,3.0,500,Geography (GEOG),1
GEOG-G 560,GEOG,560,GEOGRAPHY INTERNSHIP,1.0,4.0,500,Geography (GEOG),1
GEOG-G 567,GEOG,567,ECOHYDROLOGY,3.0,3.0,500,Geography (GEOG),1
GEOG-G 588,GEOG,588,APPLIED SPATIAL STATISTICS,3.0,3.0,500,Geography (GEOG),1
GEOG-G 589,GEOG,589,GEOSPATIAL ANYLS BIG DATA PYT,3.0,3.0,500,Geography (GEOG),1
GEOG-G 599,GEOG,599,THESIS RESEARCH,0.0,0.0,500,Geography (GEOG),1
GEOG-G 655,GEOG,655,GIS & WATER RESOURCES,3.0,3.0,600,Geography (GEOG),1
GEOG-G 830,GEOG,830,READINGS IN GEOGRAPHY,1.0,3.0,800,Geography (GEOG),5
GEOG-G 831,GEOG,831,ADVANCED RESEARCH IN GEOGRAPHY,1.0,6.0,800,Geography (GEOG),1
GEOG-G 840,GEOG,840,RESEARCH IN GEOGRAPHY,1.0,6.0,800,Geography (GEOG),2
GEOG-G 845,GEOG,845,MASTERS PAPERS,1.0,6.0,800,Geography (GEOG),1
GEOG-G 850,GEOG,850,MASTERS THESIS,1.0,6.0,800,Geography (GEOG),1
GEOG-G 860,GEOG,860,PH D THESIS,1.0,12.0,800,Geography (GEOG),2
GEOG-G 901,GEOG,901,ADVANCED RESEARCH,6.0,6.0,900,Geography (GEOG),1
GEOG-X 473,GEOG,473,INTRNSHP GEOGRAPHICAL ANALYSIS,1.0,6.0,400,Geography (GEOG),1
GEOG-X 490,GEOG,490,UNDERGRAD RDGS & RES IN GEOG,1.0,3.0,400,Geography (GEOG),3
GER-E 121,GER,121,AN INTRO TO GERMAN CULTURE,3.0,3.0,100,Germanic Languages (GER),2
GER-E 122,GER,122,FAIRY TALES GRIMMS TO TODAY,3.0,3.0,100,Germanic Languages (GER),1
GER-E 141,GER,141,AMSTERDAM,3.0,3.0,100,Germanic Languages (GER),1
GER-E 162,GER,162,SCANDINAVIAN CULTURE,3.0,3.0,100,Germanic Languages (GER),1
GER-E 212,GER,212,MULTICULTURAL GERMANY,3.0,3.0,200,Germanic Languages (GER),2
GER-G 100,GER,100,BEGINNING GERMAN I,4.0,4.0,100,Germanic Languages (GER),8
GER-G 150,GER,150,BEGINNING GERMAN II,4.0,4.0,100,Germanic Languages (GER),3
GER-G 200,GER,200,INTERMEDIATE GERMAN I,3.0,3.0,200,Germanic Languages (GER),4
GER-G 250,GER,250,INTERMEDIATE GERMAN II,3.0,3.0,200,Germanic Languages (GER),2
GER-G 300,GER,300,FIFTH-SEMESTER COLLEGE GERMAN,3.0,3.0,300,Germanic Languages (GER),1
GER-G 305,GER,305,INTRO TO GERMAN LIT-TYPES,3.0,3.0,300,Germanic Languages (GER),1
GER-G 330,GER,330,SIXTH-SEMESTER COLLEGE GERMAN,3.0,3.0,300,Germanic Languages (GER),1
GER-G 334,GER,334,INTRO GERMAN THOUGHT & CULTURE,3.0,3.0,300,Germanic Languages (GER),1
GER-G 399,GER,399,HONORS TUTORIAL,1.0,2.0,300,Germanic Languages (GER),1
GER-G 416,GER,416,STUDIES IN GERMAN AUTHORS,3.0,3.0,400,Germanic Languages (GER),1
GER-G 491,GER,491,ELEM GERMAN FOR GRAD STUDENTS,4.0,4.0,400,Germanic Languages (GER),2
GER-G 496,GER,496,ADV GERMAN LANGUAGE ABROAD,1.0,6.0,400,Germanic Languages (GER),1
GER-G 499,GER,499,HONORS THESIS,3.0,3.0,400,Germanic Languages (GER),1
GER-G 558,GER,558,PRINCIPLES OF GER MORPHOLOGY,3.0,3.0,500,Germanic Languages (GER),2
GER-G 573,GER,573,HIST STUDY OF GERMAN LIT II,3.0,3.0,500,Germanic Languages (GER),1
GER-G 577,GER,577,HIST STUDY OF GERMAN LIT IV,3.0,3.0,500,Germanic Languages (GER),1
GER-G 599,GER,599,THESIS RESEARCH,0.0,0.0,500,Germanic Languages (GER),1
GER-G 625,GER,625,LIT AND CULTURE: SPECIAL TOPICS,3.0,3.0,600,Germanic Languages (GER),1
GER-G 815,GER,815,INDIVIDUAL READINGS,1.0,3.0,800,Germanic Languages (GER),2
GER-G 820,GER,820,RESEARCH TUTORIAL,1.0,3.0,800,Germanic Languages (GER),1
GER-G 850,GER,850,MASTER'S PROJECT,1.0,1.0,800,Germanic Languages (GER),2
GER-G 875,GER,875,RESEARCH IN GERMAN LITERATURE,1.0,12.0,800,Germanic Languages (GER),2
GER-G 885,GER,885,RSRCH IN GERMANIC LINGUISTICS,1.0,12.0,800,Germanic Languages (GER),2
GER-G 901,GER,901,ADVANCED RESEARCH,6.0,6.0,900,Germanic Languages (GER),1
GER-K 100,GER,100,BEGINNING NORWEGIAN I,4.0,4.0,100,Germanic Languages (GER),1
GER-K 200,GER,200,INTERMEDIATE NORWEGIAN I,3.0,3.0,200,Germanic Languages (GER),1
GER-K 501,GER,501,BEGINNING NORWEGIAN I,3.0,3.0,500,Germanic Languages (GER),1
GER-K 503,GER,503,INTERMEDIATE NORWEGIAN I,3.0,3.0,500,Germanic Languages (GER),1
GER-N 100,GER,100,BEGINNING DUTCH I,4.0,4.0,100,Germanic Languages (GER),1
GER-N 200,GER,200,"DUTCH READING, COMP & CONV I",3.0,3.0,200,Germanic Languages (GER),1
GER-N 401,GER,401,INTENSIVE DUTCH I,3.0,3.0,400,Germanic Languages (GER),1
GER-N 403,GER,403,"DUTCH READ, COMP AND CONV I",3.0,3.0,400,Germanic Languages (GER),1
GER-S 100,GER,100,BEGINNING SWEDISH I,4.0,4.0,100,Germanic Languages (GER),1
GER-S 501,GER,501,BEGINNING SWEDISH I,3.0,3.0,500,Germanic Languages (GER),1
GER-T 560,GER,560,LOCAL GERMAN CULTURE & SOCIETY,3.0,3.0,500,Germanic Languages (GER),1
GER-V 415,GER,415,INDIVIDUAL READ IN GER STUDIES,1.0,3.0,400,Germanic Languages (GER),1
GER-V 605,GER,605,SEL TOPICS IN GERMAN STUDIES,2.0,2.0,600,Germanic Languages (GER),1
GER-V 815,GER,815,INDIV RDGS IN GERMAN STUDIES,1.0,8.0,800,Germanic Languages (GER),1
GER-X 490,GER,490,INDIV READINGS IN GERMANIC LIT,1.0,3.0,400,Germanic Languages (GER),1
GER-X 491,GER,491,INDIV RDNGS: SCANDINAVN STUDIES,1.0,3.0,400,Germanic Languages (GER),1
GER-X 492,GER,492,INDIV RDNGS: NETHERLNDC STUDIES,1.0,3.0,400,Germanic Languages (GER),1
GER-X 493,GER,493,INDIV RDGS IN YIDDISH STDS,1.0,3.0,400,Germanic Languages (GER),1
GER-Y 100,GER,100,BEGINNING YIDDISH I,4.0,4.0,100,Germanic Languages (GER),1
GER-Y 200,GER,200,INTERMEDIATE YIDDISH I,3.0,3.0,200,Germanic Languages (GER),1
GER-Y 501,GER,501,BEGINNING YIDDISH I,3.0,3.0,500,Germanic Languages (GER),1
GER-Y 503,GER,503,INTERMEDIATE YIDDISH I,3.0,3.0,500,Germanic Languages (GER),1
GER-Y 815,GER,815,INDIV READINGS IN YIDDISH STDS,1.0,4.0,800,Germanic Languages (GER),1
GNDR-G 101,GNDR,101,"GENDER, CULTURE, AND SOCIETY",3.0,3.0,100,Gender Studies (GNDR),12
GNDR-G 104,GNDR,104,TOPICS IN GENDER STUDIES,3.0,3.0,100,Gender Studies (GNDR),1
GNDR-G 105,GNDR,105,"SEX, GENDER & THE BODY",3.0,3.0,100,Gender Studies (GNDR),3
GNDR-G 215,GNDR,215,SEX & GNDR: CROSS CLTRL PERSPCT,3.0,3.0,200,Gender Studies (GNDR),1
GNDR-G 225,GNDR,225,GENDER SEXUALITY & POP CULTURE,3.0,3.0,200,Gender Studies (GNDR),3
GNDR-G 250,GNDR,250,"RACE, SEXUALITY & CULTURE",3.0,3.0,200,Gender Studies (GNDR),1
GNDR-G 300,GNDR,300,CORE CONCEPTS AND KEY DEBATES,3.0,3.0,300,Gender Studies (GNDR),1
GNDR-G 402,GNDR,402,PROBLEMS IN GENDER STUDIES,3.0,3.0,400,Gender Studies (GNDR),1
GNDR-G 435,GNDR,435,"HEALTH, SEX AND GENDER",3.0,3.0,400,Gender Studies (GNDR),1
GNDR-G 470,GNDR,470,"GENDER, RACE, SEXUALITY, & LAW",3.0,3.0,400,Gender Studies (GNDR),1
GNDR-G 499,GNDR,499,SENIOR HONORS THESIS,3.0,3.0,400,Gender Studies (GNDR),1
GNDR-G 600,GNDR,600,CONCEPTS OF GENDER,3.0,3.0,600,Gender Studies (GNDR),1
GNDR-G 695,GNDR,695,GRAD RDGS/RSCH IN GENDER ST,1.0,6.0,600,Gender Studies (GNDR),12
GNDR-G 700,GNDR,700,SEXUALIZD GNDRS/GNDRD SEXUALTS,3.0,3.0,700,Gender Studies (GNDR),1
GNDR-G 701,GNDR,701,GRAD TOPICS IN GENDER STUDIES,3.0,3.0,700,Gender Studies (GNDR),1
GNDR-G 702,GNDR,702,RESEARCHING GENDER ISSUES,3.0,3.0,700,Gender Studies (GNDR),1
GNDR-G 710,GNDR,710,"GENDER, MEDICINE AND THE BODY",3.0,3.0,700,Gender Studies (GNDR),1
GNDR-G 899,GNDR,899,PHD DISSERTATION,1.0,12.0,800,Gender Studies (GNDR),1
GNDR-G 901,GNDR,901,ADVANCED RESEARCH,6.0,6.0,900,Gender Studies (GNDR),1
GNDR-X 474,GNDR,474,INTERNSHIP IN GENDER STUDIES,1.0,3.0,400,Gender Studies (GNDR),1
GNDR-X 476,GNDR,476,PRACTICUM IN GENDER STUDIES,3.0,6.0,400,Gender Studies (GNDR),1
GNDR-X 490,GNDR,490,RDGS & RES IN GENDER STUDIES,1.0,6.0,400,Gender Studies (GNDR),14
GRAD-C 516,GRAD,516,CYBERSECURITY CLINIC,3.0,3.0,500,Graduate (GRAD),1
GRAD-C 540,GRAD,540,CYBERSECURITY INTERNSHIP,0.0,3.0,500,Graduate (GRAD),1
GRAD-G 514,GRAD,514,HDGEC: FIELDWORK PRACTICUM,3.0,3.0,500,Graduate (GRAD),1
GRAD-G 597,GRAD,597,IU GRADUATE EXCHANGE,0.0,0.0,500,Graduate (GRAD),2
GRAD-G 741,GRAD,741,PH D RES IN MASS COMMUNICATNS,1.0,15.0,700,Graduate (GRAD),2
GRAD-G 806,GRAD,806,TRAILING STUDENTS,0.0,0.0,800,Graduate (GRAD),3
GRAD-G 888,GRAD,888,CIC TRAVELING SCHOLAR PROGRAM,0.0,0.0,800,Graduate (GRAD),11
GRAD-G 889,GRAD,889,CIC TRAVELING SCHOLAR PROGRAM,0.0,0.0,800,Graduate (GRAD),11
GRAD-L 830,GRAD,830,READINGS IN LANDSCAPE STUDIES,3.0,3.0,800,Graduate (GRAD),1
GRAD-U 595,GRAD,595,CURATORSHIP PRACTICUM,1.0,4.0,500,Graduate (GRAD),2
GRAD-U 600,GRAD,600,CURATORSHIP CAPSTONE,1.0,4.0,600,Graduate (GRAD),1
HHC-H 101,HHC,101,EDUCATION AND ITS AIMS,1.5,1.5,100,Hutton Honors College (HHC),33
HHC-H 202,HHC,202,KNOWLEDGE PRODUCTION AND IU,1.5,1.5,200,Hutton Honors College (HHC),12
HHC-H 211,HHC,211,CLASSIC AUTHORS & QUESTIONS I,3.0,3.0,200,Hutton Honors College (HHC),1
HHC-H 212,HHC,212,"PAST AUTHORS, QUESTIONS II",3.0,3.0,200,Hutton Honors College (HHC),1
HISP-C 105,HISP,105,INTENSIVE CATALAN LANGUAGE,3.0,3.0,100,European Studies (EURO),2
HISP-C 491,HISP,491,ELEM CATALAN FOR GRAD STUDENTS,3.0,3.0,400,European Studies (EURO),2
HISP-C 803,HISP,803,IND RDG IN CATALAN LIT OR LANG,1.0,3.0,800,Spanish & Portuguese (HISP),1
HISP-G 599,HISP,599,THESIS RESEARCH,0.0,0.0,500,Spanish & Portuguese (HISP),2
HISP-G 901,HISP,901,ADVANCED RESEARCH,6.0,6.0,900,Spanish & Portuguese (HISP),2
HISP-P 100,HISP,100,ELEMENTARY PORTUGUESE I,4.0,4.0,100,Spanish & Portuguese (HISP),1
HISP-P 200,HISP,200,SECOND-YEAR PORTUGUESE I,3.0,3.0,200,Spanish & Portuguese (HISP),1
HISP-P 311,HISP,311,ADV GRAMMAR/COMP IN PORTUGUESE,3.0,3.0,300,Spanish & Portuguese (HISP),1
HISP-P 410,HISP,410,BRAZILIAN CINEMA,3.0,3.0,400,Latin American Studies (LTAM),1
HISP-P 470,HISP,470,"LOVE, DESIRE, AND THE LYRIC",3.0,3.0,400,European Studies (EURO),1
HISP-P 491,HISP,491,ELEM PORT FOR GRAD STUDENTS,3.0,4.0,400,Spanish & Portuguese (HISP),1
HISP-P 492,HISP,492,READIN PORT FOR GRAD STUDENTS,3.0,3.0,400,Latin American Studies (LTAM),1
HISP-P 498,HISP,498,BRAZILIAN CINEMA,3.0,3.0,400,Honors (HON),0
HISP-P 499,HISP,499,HONORS RESEARCH IN PORTUGUESE,1.0,3.0,400,Spanish & Portuguese (HISP),1
HISP-P 510,HISP,510,BRAZILIAN CINEMA,3.0,3.0,500,Latin American Studies (LTAM),1
HISP-P 570,HISP,570,"LOVE, DESIRE, AND THE LYRIC",3.0,3.0,500,European Studies (EURO),1
HISP-P 802,HISP,802,M. A. THESIS,1.0,6.0,800,Spanish & Portuguese (HISP),1
HISP-P 803,HISP,803,INDIV READ PORT/BRAZILIAN LIT,1.0,6.0,800,Latin American Studies (LTAM),1
HISP-P 805,HISP,805,PH D THESIS,1.0,12.0,800,Spanish & Portuguese (HISP),2
HISP-S 100,HISP,100,ELEMENTARY SPANISH,4.0,4.0,100,Spanish & Portuguese (HISP),3
HISP-S 105,HISP,105,FIRST YEAR SPANISH,4.0,4.0,100,Honors (HON),34
HISP-S 150,HISP,150,ELEMENTARY SPANISH II,4.0,4.0,100,Spanish & Portuguese (HISP),3
HISP-S 200,HISP,200,SECOND-YEAR SPANISH I,3.0,3.0,200,Honors (HON),27
HISP-S 250,HISP,250,SECOND-YEAR SPANISH II,3.0,3.0,200,Honors (HON),24
HISP-S 251,HISP,251,INTERMED SPAN HERITAGE SPKRS,3.0,3.0,200,Spanish & Portuguese (HISP),2
HISP-S 280,HISP,280,SPANISH GRAMMAR IN CONTEXT,3.0,3.0,200,Honors (HON),11
HISP-S 281,HISP,281,ADVNCD SPAN FOR HERITAGE SPKRS,3.0,3.0,200,Spanish & Portuguese (HISP),4
HISP-S 308,HISP,308,COMPOSITN & CONVERS IN SPANISH,3.0,3.0,300,Honors (HON),3
HISP-S 309,HISP,309,SPAN WRITNG FOR HERITAGE SPKRS,3.0,3.0,300,Spanish & Portuguese (HISP),1
HISP-S 315,HISP,315,SPANISH IN THE BUSINESS WORLD,3.0,3.0,300,European Studies (EURO),1
HISP-S 322,HISP,322,INTRO TO FILM ANALYSIS IN SPAN,3.0,3.0,300,Spanish & Portuguese (HISP),1
HISP-S 324,HISP,324,INTRO STUDY OF HISP CULTURES,3.0,3.0,300,Honors (HON),8
HISP-S 326,HISP,326,INTRO TO HISPANIC LINGUISTICS,3.0,3.0,300,Honors (HON),4
HISP-S 328,HISP,328,INTRO TO HISPANIC LITERATURE,3.0,3.0,300,Honors (HON),5
HISP-S 334,HISP,334,HISPANIC POPULAR CULTURES,3.0,3.0,300,Spanish & Portuguese (HISP),1
HISP-S 411,HISP,411,SPAIN: THE CULTURAL CONTEXT,3.0,3.0,400,Spanish & Portuguese (HISP),1
HISP-S 418,HISP,418,HISPANIC DRAMA,3.0,3.0,400,Latin American Studies (LTAM),0
HISP-S 424,HISP,424,HISPANIC CITIES,3.0,3.0,400,Spanish & Portuguese (HISP),1
HISP-S 425,HISP,425,SPANISH PHONETICS,3.0,3.0,400,Linguistics (LING),1
HISP-S 427,HISP,427,THE STRUCTURE OF SPANISH,3.0,3.0,400,Spanish & Portuguese (HISP),1
HISP-S 431,HISP,431,BILINGUALISM AND SPANISH U.S.,3.0,3.0,400,Linguistics (LING),1
HISP-S 472,HISP,472,DEMOCRACY AND DICTATORSHIP,3.0,3.0,400,Latin American Studies (LTAM),0
HISP-S 474,HISP,474,HISPANIC LITERATURE & SOCIETY,3.0,3.0,400,Spanish & Portuguese (HISP),1
HISP-S 480,HISP,480,ARGENTINE LITERATURE,3.0,3.0,400,Spanish & Portuguese (HISP),1
HISP-S 498,HISP,498,HISP HONORS 400 LEVEL STUDY,3.0,3.0,400,Honors (HON),1
HISP-S 499,HISP,499,HONORS RESEARCH IN SPANISH,1.0,3.0,400,Spanish & Portuguese (HISP),1
HISP-S 504,HISP,504,GRAD STDY & PROFESSIONALIZATN,1.0,1.0,500,Spanish & Portuguese (HISP),2
HISP-S 508,HISP,508,INTRO TO HISPANIC PRAGMATICS,3.0,3.0,500,Linguistics (LING),1
HISP-S 509,HISP,509,SPANISH PHONOLOGY,3.0,3.0,500,Linguistics (LING),1
HISP-S 517,HISP,517,METH OF TCHNG COLLEGE SPANISH,3.0,3.0,500,Spanish & Portuguese (HISP),1
HISP-S 518,HISP,518,MEDIEVAL IBERIAN LIT/CULTURE,3.0,3.0,500,European Studies (EURO),1
HISP-S 538,HISP,538,MODERN IBERIAN REASON/EMOTION,3.0,3.0,500,European Studies (EURO),1
HISP-S 611,HISP,611,TOPICS IN SPANISH SYNTAX,3.0,3.0,600,Spanish & Portuguese (HISP),1
HISP-S 668,HISP,668,ENGAGING TRANSATLANTIC STUDIES,3.0,3.0,600,Latin American Studies (LTAM),1
HISP-S 802,HISP,802,M. A. THESIS,1.0,6.0,800,Spanish & Portuguese (HISP),1
HISP-S 803,HISP,803,INDIV READ SP OR SP AM LIT/LAN,1.0,6.0,800,Spanish & Portuguese (HISP),1
HISP-S 805,HISP,805,PH D THESIS,1.0,12.0,800,Spanish & Portuguese (HISP),2
HISP-X 270,HISP,270,SERVICE LEARNING IN SPANISH,1.0,1.0,200,Spanish & Portuguese (HISP),1
HISP-X 272,HISP,272,EXPERIENTL LEARNNG: PORTUGUESE,1.0,1.0,200,Spanish & Portuguese (HISP),2
HISP-X 370,HISP,370,EXPERIENTIAL LEARNING: SPANISH,1.0,1.0,300,Spanish & Portuguese (HISP),2
HISP-X 398,HISP,398,EXPERIENTIAL RESEARCH,1.0,1.0,300,Spanish & Portuguese (HISP),1
HISP-X 490,HISP,490,INDIV RDGS IN HISPANIC STUDIES,1.0,3.0,400,Spanish & Portuguese (HISP),1
HISP-X 491,HISP,491,INTENSIVE CATALAN LANGUAGE,3.0,3.0,400,European Studies (EURO),1
HISP-X 492,HISP,492,READINGS IN LUSO-BRAZILIAN LIT,1.0,3.0,400,Latin American Studies (LTAM),1
HIST-A 207,HIST,207,INTRO TO NATIVE AMERICAN HIST,3.0,3.0,200,History (HIST),1
HIST-A 222,HIST,222,LAW IN AMERICA,3.0,3.0,200,History (HIST),1
HIST-A 301,HIST,301,COLONIAL AMERICA,3.0,3.0,300,History (HIST),1
HIST-A 348,HIST,348,CIVIL WAR & RECONSTRUCTION,3.0,3.0,300,History (HIST),1
HIST-A 379,HIST,379,ISSUES IN MODERN U.S. HISTORY,3.0,3.0,300,History (HIST),1
HIST-A 394,HIST,394,"WENCHES, WITCHES, WELFARE QUEENS",3.0,3.0,300,History (HIST),1
HIST-A 398,HIST,398,DISABILITY IN THE U.S.,3.0,3.0,300,History (HIST),1
HIST-B 204,HIST,204,MEDIEVAL HEROES,3.0,3.0,200,History (HIST),5
HIST-B 226,HIST,226,MAFIA & OTHER ITALIAN MYSTERIES,3.0,3.0,200,History (HIST),1
HIST-B 351,HIST,351,WSTRN EUROPE-EARLY MIDDLE AGES,3.0,3.0,300,History (HIST),1
HIST-C 220,HIST,220,ANCIENT LEADERS AND LEADERSHIP,3.0,3.0,200,History (HIST),9
HIST-C 320,HIST,320,RISE & FALL OF ROMAN REPUBLIC,3.0,3.0,300,History (HIST),1
HIST-C 390,HIST,390,DECLINE & FALL OF ROMAN EMPIRE,3.0,3.0,300,History (HIST),1
HIST-D 103,HIST,103,THE MAKING OF MODERN RUSSIA,3.0,3.0,100,History (HIST),1
HIST-D 308,HIST,308,EMPIRE OF THE TSARS,3.0,3.0,300,History (HIST),1
HIST-D 312,HIST,312,HISTORIES OF THE COLD WAR,3.0,3.0,300,History (HIST),1
HIST-G 369,HIST,369,MODERN JAPAN,3.0,3.0,300,History (HIST),1
HIST-G 901,HIST,901,ADVANCED RESEARCH,6.0,6.0,900,History (HIST),1
HIST-H 101,HIST,101,THE WORLD IN THE 20TH CENT I,3.0,3.0,100,History (HIST),9
HIST-H 105,HIST,105,AMERICAN HISTORY I,3.0,3.0,100,History (HIST),3
HIST-H 106,HIST,106,AMERICAN HISTORY II,3.0,3.0,100,History (HIST),1
HIST-H 220,HIST,220,AMERICAN MILITARY HISTORY,3.0,3.0,200,History (HIST),1
HIST-H 239,HIST,239,BLOOD & GUTS-WESTERN MEDICINE,3.0,3.0,200,History (HIST),1
HIST-H 251,HIST,251,JEWSH HIST: BIBLE TO SPAN EXPUL,3.0,3.0,200,History (HIST),1
HIST-H 270,HIST,270,WHAT IS HISTORY?,3.0,3.0,200,History (HIST),2
HIST-H 543,HIST,543,PRACTICUM IN PUBLIC HISTORY,1.0,4.0,500,History (HIST),1
HIST-H 575,HIST,575,GRADUATE READINGS IN HISTORY,1.0,5.0,500,History (HIST),3
HIST-H 601,HIST,601,INTRO TO PROF STUDY OF HISTORY,4.0,4.0,600,History (HIST),1
HIST-H 620,HIST,620,COLLOQ-MOD WEST EUROPEAN HIST,4.0,4.0,600,History (HIST),1
HIST-H 650,HIST,650,COLLOQUIUM UNITED STATES HIST,4.0,4.0,600,History (HIST),1
HIST-H 699,HIST,699,COLLOQ IN COMPARATIVE HISTORY,4.0,4.0,600,History (HIST),1
HIST-H 799,HIST,799,SEMINAR IN WORLD HISTORY,4.0,4.0,700,History (HIST),1
HIST-H 898,HIST,898,M.A. THESIS,1.0,6.0,800,History (HIST),1
HIST-H 899,HIST,899,PH D DISSERTATION,1.0,12.0,800,History (HIST),1
HIST-J 300,HIST,300,WRITING IN HISTORY,3.0,3.0,300,History (HIST),5
HIST-J 400,HIST,400,RESEARCH IN HISTORY,3.0,3.0,400,History (HIST),2
HIST-J 425,HIST,425,HISTORY CAPSTONE SEMINAR,3.0,3.0,400,History (HIST),2
HIST-K 392,HIST,392,HONORS SEMINAR,3.0,3.0,300,Honors (HON),1
HIST-K 498,HIST,498,SENIOR HONORS PAPER,1.0,3.0,400,History (HIST),1
HIST-K 499,HIST,499,SENIOR HONORS THESIS,1.0,6.0,400,History (HIST),1
HIST-T 510,HIST,510,HISTORICAL METHODOLOGY,3.0,3.0,500,History (HIST),3
HIST-T 520,HIST,520,TEACHING COLLEGE HISTORY,3.0,3.0,500,History (HIST),3
HIST-T 530,HIST,530,EARLY AMERICA - 1400-1800,3.0,3.0,500,History (HIST),2
HIST-T 540,HIST,540,"LONG 19TH CENTURY, 1800-1917",3.0,3.0,500,History (HIST),1
HIST-T 541,HIST,541,LATIN AMERICAN HISTORY,3.0,3.0,500,History (HIST),2
HIST-T 551,HIST,551,ASIAN HISTORY,3.0,3.0,500,History (HIST),2
HIST-T 560,HIST,560,US & WORLD: COMPARATIVE HIST,3.0,3.0,500,History (HIST),2
HIST-T 570,HIST,570,INTRO DIGITAL & PUBLIC HISTORY,3.0,3.0,500,History (HIST),1
HIST-T 571,HIST,571,WORLD HISTORY,3.0,3.0,500,History (HIST),1
HIST-T 590,HIST,590,RESEARCH SEMINAR IN HISTORY,3.0,3.0,500,History (HIST),4
HIST-T 592,HIST,592,THESIS,3.0,3.0,500,History (HIST),2
HIST-W 200,HIST,200,ISSUES IN WORLD HISTORY,3.0,3.0,200,History (HIST),2
HIST-W 201,HIST,201,SLAVERY IN WORLD HISTORY,3.0,3.0,200,History (HIST),1
HIST-W 203,HIST,203,WORLD WAR I: GLOBAL WAR,3.0,3.0,200,History (HIST),1
HIST-W 300,HIST,300,ISSUES IN WORLD HISTORY,3.0,3.0,300,History (HIST),1
HIST-X 444,HIST,444,HISTORY AT WORK,1.0,1.0,400,History (HIST),1
HIST-X 473,HIST,473,INTERNSHIP FOR HISTORY MAJORS,1.0,3.0,400,History (HIST),1
HIST-X 490,HIST,490,UNDERGRAD READINGS IN HISTORY,1.0,4.0,400,History (HIST),1
HON-BA 298,HON,298,BA: HON-X298/HON-H251,4.0,4.0,200,Honors (HON),1
HON-H 233,HON,233,"GRT AUTHORS, COMPSRS, & ARTISTS",3.0,3.0,200,Honors (HON),2
HON-H 234,HON,234,LITERATURE OF TIME AND PLACE,3.0,3.0,200,Honors (HON),3
HON-H 236,HON,236,USE OF FORCE,3.0,3.0,200,Honors (HON),2
HON-H 237,HON,237,LAW AND SOCIETY,3.0,3.0,200,Honors (HON),2
HON-H 238,HON,238,POLITICS AND COMMUNICATION,3.0,3.0,200,Honors (HON),2
HON-H 240,HON,240,SCIENCE AND SOCIETY,3.0,3.0,200,Honors (HON),3
HON-H 241,HON,241,SCI UNCERTAINTY & DISCOVERY,3.0,3.0,200,Honors (HON),2
HON-H 251,HON,251,HUTTON HONORS STUDY ABROAD,3.0,3.0,200,Honors (HON),3
HON-H 303,HON,303,INTERDEPARTMENTAL COLLOQUIA,3.0,3.0,300,Honors (HON),1
HON-H 304,HON,304,INTERDEPARTMENTAL COLLOQUIA,3.0,3.0,300,Honors (HON),2
HON-X 298,HON,298,HONORS RESEARCH,1.0,3.0,200,Honors (HON),6
HPSC-G 901,HPSC,901,ADVANCED RESEARCH,6.0,6.0,900,Hist & Phil Of Sci & Medicine (HPSC),1
HPSC-X 102,HPSC,102,SCI REVOLUTIONS: PLATO TO NATO,3.0,3.0,100,Hist & Phil Of Sci & Medicine (HPSC),1
HPSC-X 104,HPSC,104,SCIENCE AND CULTURE,3.0,3.0,100,Hist & Phil Of Sci & Medicine (HPSC),1
HPSC-X 111,HPSC,111,ISSUES IN BIOL-MEDICAL ETHICS,3.0,3.0,100,Hist & Phil Of Sci & Medicine (HPSC),1
HPSC-X 125,HPSC,125,CRITICAL MEDICAL HUMANITIES,3.0,3.0,100,Hist & Phil Of Sci & Medicine (HPSC),1
HPSC-X 200,HPSC,200,SCIENTIFIC REASONING,3.0,3.0,200,Hist & Phil Of Sci & Medicine (HPSC),2
HPSC-X 206,HPSC,206,WHO'S AFRAID OF RADIATION?,3.0,3.0,200,Hist & Phil Of Sci & Medicine (HPSC),1
HPSC-X 207,HPSC,207,OCCULT IN WESTERN CIVIL,3.0,3.0,200,Hist & Phil Of Sci & Medicine (HPSC),2
HPSC-X 392,HPSC,392,UNDERGRADUATE READINGS IN HPSC,1.0,5.0,300,Hist & Phil Of Sci & Medicine (HPSC),1
HPSC-X 433,HPSC,433,CAPSTONE: SCI TECH MED IN SOC,3.0,3.0,400,Hist & Phil Of Sci & Medicine (HPSC),1
HPSC-X 521,HPSC,521,RSRCH TPCS: HIST & PHIL OF SCI,3.0,3.0,500,Hist & Phil Of Sci & Medicine (HPSC),1
HPSC-X 533,HPSC,533,CASE STUDY,1.0,1.0,500,Hist & Phil Of Sci & Medicine (HPSC),1
HPSC-X 600,HPSC,600,ADVANCED READINGS COURSE,1.0,4.0,600,Hist & Phil Of Sci & Medicine (HPSC),2
HPSC-X 700,HPSC,700,MASTERS THESIS,1.0,6.0,700,Hist & Phil Of Sci & Medicine (HPSC),1
HPSC-X 706,HPSC,706,SP TOPCS IN HIST & PHIL OF SCI,3.0,3.0,700,Hist & Phil Of Sci & Medicine (HPSC),1
HPSC-X 733,HPSC,733,COLLOQUIUM SERIES,0.5,0.5,700,Hist & Phil Of Sci & Medicine (HPSC),1
HPSC-X 755,HPSC,755,SP TOPICS IN PHILOSOPHY OF SCI,3.0,3.0,700,Hist & Phil Of Sci & Medicine (HPSC),1
HPSC-X 800,HPSC,800,PH D THESIS,1.0,12.0,800,Hist & Phil Of Sci & Medicine (HPSC),1
HUBI-B 200,HUBI,200,THE INTRICATE HUMAN,4.0,4.0,200,Human Biology (HUBI),5
HUBI-B 300,HUBI,300,HUMAN DILEMMAS,4.0,4.0,300,Human Biology (HUBI),8
HUBI-B 400,HUBI,400,COMPLEX PROBLEMS OF HUMANITY,3.0,3.0,400,Human Biology (HUBI),3
HUBI-S 200,HUBI,200,OBESITY AND HUNGER,4.0,4.0,200,Honors (HON),5
HUBI-S 300,HUBI,300,"HUMAN DILEMMAS, HONORS",4.0,4.0,300,Human Biology (HUBI),8
HUBI-X 371,HUBI,371,PEER INSTRUCTION-HUMAN BIOLOGY,3.0,3.0,300,Human Biology (HUBI),1
HUBI-X 498,HUBI,498,UGRD RESEARCH IN HUMAN BIOLOGY,1.0,6.0,400,Human Biology (HUBI),2
ILS-G 901,ILS,901,ADVANCED RESEARCH,6.0,6.0,900,Information & Library Science (ILS),2
ILS-Z 115,ILS,115,BOND TO ZOMBIES: EVAL INTEL,3.0,3.0,100,Information & Library Science (ILS),1
ILS-Z 331,ILS,331,STRATEGIC INTELLIGENCE,3.0,3.0,300,Information & Library Science (ILS),1
ILS-Z 399,ILS,399,TOPICS IN ILS,3.0,3.0,300,Information & Library Science (ILS),2
ILS-Z 410,ILS,410,SOCIAL/ETHICAL IMPACT BIG DATA,3.0,3.0,400,Information & Library Science (ILS),1
ILS-Z 501,ILS,501,USER SERVICES AND TOOLS,3.0,3.0,500,Information & Library Science (ILS),2
ILS-Z 503,ILS,503,REPRESENTATION & ORGANIZATION,3.0,3.0,500,Information & Library Science (ILS),2
ILS-Z 505,ILS,505,EVALUATION OF RESOURCES & SVCS,3.0,3.0,500,Information & Library Science (ILS),1
ILS-Z 510,ILS,510,INTRO TO INFORMATION STUDIES,3.0,3.0,500,Information & Library Science (ILS),1
ILS-Z 511,ILS,511,DATABASE DESIGN,3.0,3.0,500,Information & Library Science (ILS),2
ILS-Z 514,ILS,514,SOCIAL ASPECTS OF IT,3.0,3.0,500,Information & Library Science (ILS),1
ILS-Z 515,ILS,515,INFORMATION ARCHITECTURE,3.0,3.0,500,Information & Library Science (ILS),1
ILS-Z 516,ILS,516,HUMAN-COMPUTER INTERACTION,3.0,3.0,500,Information & Library Science (ILS),1
ILS-Z 534,ILS,534,SEARCH,3.0,3.0,500,Information & Library Science (ILS),1
ILS-Z 550,ILS,550,INFORMATION INSTITUTIONS,3.0,3.0,500,Information & Library Science (ILS),1
ILS-Z 555,ILS,555,STRATEGIC INTELLIGENCE,3.0,3.0,500,Information & Library Science (ILS),1
ILS-Z 581,ILS,581,ARCHIVES & RECORDS MANAGEMENT,3.0,3.0,500,Information & Library Science (ILS),1
ILS-Z 583,ILS,583,RARE BOOK LIBRARIANSHIP,3.0,3.0,500,Information & Library Science (ILS),1
ILS-Z 584,ILS,584,MANUSCRIPTS,3.0,3.0,500,Information & Library Science (ILS),1
ILS-Z 601,ILS,601,DIRECTED READINGS,1.0,6.0,600,Information & Library Science (ILS),1
ILS-Z 602,ILS,602,DIRECTED RESEARCH,1.0,3.0,600,Information & Library Science (ILS),1
ILS-Z 604,ILS,604,TOPICS IN LIBR & INFO SCIENCE,3.0,3.0,600,Information & Library Science (ILS),1
ILS-Z 605,ILS,605,INTERNSHIP,2.0,6.0,600,Russian & East European Inst (REEI),4
ILS-Z 639,ILS,639,SOCIAL MEDIA MINING,3.0,3.0,600,Information & Library Science (ILS),2
ILS-Z 652,ILS,652,DIGITAL LIBRARIES,3.0,3.0,600,Information & Library Science (ILS),1
ILS-Z 657,ILS,657,DIGITAL HUMANITIES,3.0,3.0,600,Information & Library Science (ILS),2
ILS-Z 680,ILS,680,THE BOOK TO 1450,3.0,3.0,600,Information & Library Science (ILS),1
ILS-Z 684,ILS,684,DESCRIPTIVE BIBLIOGRAPHY,3.0,3.0,600,Information & Library Science (ILS),1
ILS-Z 690,ILS,690,CAPSTONE IN INFO AND LIB SCI,3.0,3.0,600,Information & Library Science (ILS),1
ILS-Z 701,ILS,701,INTR: DOCTORL RSRCH IN INFO SCI,6.0,6.0,700,Information & Library Science (ILS),2
ILS-Z 702,ILS,702,DOCTORAL RESEARCH PRACTICUM I,3.0,3.0,700,Information & Library Science (ILS),1
ILS-Z 703,ILS,703,DOCTORAL RESEARCH PRACTICUM II,3.0,3.0,700,Information & Library Science (ILS),1
ILS-Z 710,ILS,710,DOCTORAL RESEARCH PRACTICM III,3.0,3.0,700,Information & Library Science (ILS),1
ILS-Z 764,ILS,764,SEM IN INFORMATION SCIENCE,3.0,3.0,700,Information & Library Science (ILS),1
ILS-Z 765,ILS,765,DOCTORAL RESEARCH IN INFO SCI,1.0,6.0,700,Information & Library Science (ILS),1
ILS-Z 790,ILS,790,DISSERTATION PROPOSAL INFO SCI,3.0,3.0,700,Information & Library Science (ILS),1
ILS-Z 799,ILS,799,PH D THESIS,1.0,15.0,700,Information & Library Science (ILS),1
IMP-I 470,IMP,470,IND MJR PRGRM SR WRTG WRKSHP,1.0,1.0,400,Individualized Major Program (IMP),1
IMP-X 390,IMP,390,"INDIV MAJ PROG, READINGS & RES",1.0,3.0,300,Individualized Major Program (IMP),1
IMP-X 473,IMP,473,IMP INTERNSHIP,1.0,6.0,400,Individualized Major Program (IMP),1
IMP-X 490,IMP,490,"INDIV MAJ PROG, READINGS & RES",1.0,15.0,400,Individualized Major Program (IMP),1
INFO-G 599,INFO,599,THESIS RESEARCH,0.0,0.0,500,Informatics (INFO),2
INFO-G 901,INFO,901,ADVANCED RESEARCH,6.0,6.0,900,Informatics (INFO),2
INFO-I 101,INFO,101,INTRODUCTION TO INFORMATICS,4.0,4.0,100,Informatics (INFO),24
INFO-I 121,INFO,121,AI FOR HUMAN CREATIVITY,3.0,3.0,100,Informatics (INFO),1
INFO-I 123,INFO,123,DATA FLUENCY,3.0,3.0,100,Informatics (INFO),2
INFO-I 130,INFO,130,INTRODUCTION TO CYBERSECURITY,1.0,1.0,100,Informatics (INFO),2
INFO-I 201,INFO,201,MATH FOUNDATNS OF INFORMATICS,4.0,4.0,200,Informatics (INFO),12
INFO-I 202,INFO,202,SOCIAL INFORMATICS,3.0,3.0,200,Informatics (INFO),3
INFO-I 210,INFO,210,INFORMATION INFRASTRUCTURE I,4.0,4.0,200,Informatics (INFO),9
INFO-I 211,INFO,211,INFORMATION INFRASTRUCTURE II,4.0,4.0,200,Informatics (INFO),10
INFO-I 216,INFO,216,"HUMAN, ANIMAL, AND AI",3.0,3.0,200,Informatics (INFO),1
INFO-I 230,INFO,230,ANALYTICAL FOUNDTN OF SECURITY,3.0,3.0,200,Informatics (INFO),1
INFO-I 245,INFO,245,INTERACTION DESIGN THINKING,3.0,3.0,200,Informatics (INFO),1
INFO-I 300,INFO,300,HCI/INTERACTION DESIGN,3.0,3.0,300,Informatics (INFO),3
INFO-I 301,INFO,301,PRESENTATIONS FOR IT PROFNLS,3.0,3.0,300,Informatics (INFO),2
INFO-I 303,INFO,303,ORGANIZATIONAL INFORMATICS,3.0,3.0,300,Informatics (INFO),1
INFO-I 304,INFO,304,INTRODUCTION VIRTUAL REALITY,3.0,3.0,300,Informatics (INFO),1
INFO-I 308,INFO,308,INFORMATION REPRESENTATION,3.0,3.0,300,Informatics (INFO),3
INFO-I 310,INFO,310,MULTIMEDIA ARTS AND TECHNOLOGY,3.0,3.0,300,Informatics (INFO),1
INFO-I 341,INFO,341,INT. ELECTRONICS PROTOTYPING,3.0,3.0,300,Informatics (INFO),1
INFO-I 345,INFO,345,INTERACTION DESIGN RESEARCH,3.0,3.0,300,Informatics (INFO),1
INFO-I 360,INFO,360,WEB DESIGN,3.0,3.0,300,Informatics (INFO),2
INFO-I 363,INFO,363,VISUAL DESIGN FOR THE WEB,3.0,3.0,300,Informatics (INFO),1
INFO-I 365,INFO,365,JAVASCRIPT,3.0,3.0,300,Informatics (INFO),1
INFO-I 368,INFO,368,INTRO TO NETWORK SCIENCE,3.0,3.0,300,Informatics (INFO),1
INFO-I 369,INFO,369,PERFORMANCE ANALYTICS,3.0,3.0,300,Informatics (INFO),1
INFO-I 370,INFO,370,METHODS FOR HCC,3.0,3.0,300,Informatics (INFO),1
INFO-I 389,INFO,389,SERVE IT INTERNSHP INFORMATICS,1.0,3.0,300,Informatics (INFO),1
INFO-I 390,INFO,390,UNDERGRADUATE INDPT STUDY,1.0,3.0,300,Informatics (INFO),2
INFO-I 391,INFO,391,PROFESSIONAL INTERNSHIP,1.0,3.0,300,Informatics (INFO),2
INFO-I 399,INFO,399,CURRENT TOPICS IN INFORMATICS,3.0,3.0,300,Informatics (INFO),3
INFO-I 400,INFO,400,TOPICS IN INFORMATICS,3.0,3.0,400,Informatics (INFO),6
INFO-I 403,INFO,403,MOBILE HUMAN COMPUTR INT & DES,3.0,3.0,400,Informatics (INFO),1
INFO-I 411,INFO,411,ACI METHODS,3.0,3.0,400,Informatics (INFO),2
INFO-I 414,INFO,414,SEMINAR ON TECH FOR ANIMALS,3.0,3.0,400,Informatics (INFO),2
INFO-I 422,INFO,422,DATA VISUALIZATION,3.0,3.0,400,Informatics (INFO),1
INFO-I 430,INFO,430,SECURITY FOR NETWORKED SYSTEMS,3.0,3.0,400,Informatics (INFO),6
INFO-I 440,INFO,440,HUMAN ROBOT INTERACTION,3.0,3.0,400,Informatics (INFO),1
INFO-I 441,INFO,441,INTERACTION DESIGN PRACTICE,3.0,3.0,400,Informatics (INFO),2
INFO-I 443,INFO,443,BUILDING VIRTUAL WORLDS,3.0,3.0,400,Informatics (INFO),1
INFO-I 453,INFO,453,COMPUTER & INFORMATION ETHICS,3.0,3.0,400,Informatics (INFO),3
INFO-I 454,INFO,454,TECH ETHICS & POPULAR CULTURE,3.0,3.0,400,Informatics (INFO),1
INFO-I 457,INFO,457,IMMERSVE STORYTLLNG & EXP DSGN,3.0,3.0,400,Informatics (INFO),1
INFO-I 487,INFO,487,INTRO TO VIRTUAL HERITAGE,3.0,3.0,400,Informatics (INFO),1
INFO-I 489,INFO,489,SERVE IT CAPSTONE INTERNSHIP,3.0,6.0,400,Informatics (INFO),1
INFO-I 490,INFO,490,PROFESSIONAL INTERNSHIP,0.0,0.0,400,Informatics (INFO),2
INFO-I 491,INFO,491,CAPSTONE PROJECT INTERNSHIP,1.0,9.0,400,Informatics (INFO),2
INFO-I 492,INFO,492,SENIOR THESIS,3.0,3.0,400,Informatics (INFO),2
INFO-I 493,INFO,493,SENIOR THESIS,3.0,3.0,400,Informatics (INFO),2
INFO-I 494,INFO,494,DESIGN & DEV OF AN INFO SYSTEM,3.0,3.0,400,Informatics (INFO),1
INFO-I 498,INFO,498,CAPSTONE CO-OP EXPERIENCE,1.0,6.0,400,Informatics (INFO),1
INFO-I 499,INFO,499,RDNGS & RSRCH IN INFORMATICS,1.0,3.0,400,Informatics (INFO),2
INFO-I 500,INFO,500,FUNDAMENTAL COMP CONCEPTS INFO,3.0,3.0,500,Informatics (INFO),3
INFO-I 501,INFO,501,INTRO TO INFORMATICS,3.0,3.0,500,Informatics (INFO),1
INFO-I 511,INFO,511,ACI METHODS,3.0,3.0,500,Informatics (INFO),2
INFO-I 514,INFO,514,SEMINAR ON TECH FOR ANIMALS,3.0,3.0,500,Informatics (INFO),2
INFO-I 519,INFO,519,INTRODUCTION TO BIOINFORMATICS,3.0,3.0,500,Informatics (INFO),2
INFO-I 520,INFO,520,SECURITY FOR NETWORKED SYSTEMS,3.0,3.0,500,Informatics (INFO),4
INFO-I 535,INFO,535,MGMT ACCESS USE BIG DATA,3.0,3.0,500,Informatics (INFO),1
INFO-I 540,INFO,540,HUMAN ROBOT INTERACTION,3.0,3.0,500,Informatics (INFO),1
INFO-I 541,INFO,541,HCI/D STUDIO I: INTRO TO HCI,3.0,3.0,500,Informatics (INFO),1
INFO-I 542,INFO,542,FOUNDATIONS OF HCI,3.0,3.0,500,Informatics (INFO),2
INFO-I 547,INFO,547,MUSIC INFO PROCESSING: AUDIO,3.0,3.0,500,Informatics (INFO),1
INFO-I 552,INFO,552,IND STUDY IN BIOINFORMATICS,1.0,3.0,500,Informatics (INFO),2
INFO-I 554,INFO,554,IND ST HUM COMPUTER INTERACTN,1.0,3.0,500,Informatics (INFO),2
INFO-I 565,INFO,565,HCI/D STUDIO PRACTICE,3.0,3.0,500,Informatics (INFO),1
INFO-I 587,INFO,587,INTRO TO VIRTUAL HERITAGE,3.0,3.0,500,Informatics (INFO),1
INFO-I 590,INFO,590,TOPICS IN INFORMATICS,3.0,3.0,500,Informatics (INFO),14
INFO-I 591,INFO,591,GRADUATE INTERNSHIP,0.0,6.0,500,Informatics (INFO),4
INFO-I 601,INFO,601,INTRODUCTN TO COMPLEX SYSTEMS,3.0,3.0,600,Informatics (INFO),1
INFO-I 609,INFO,609,ADVANCED SEMINAR I INFORMATICS,3.0,3.0,600,Informatics (INFO),6
INFO-I 617,INFO,617,INFORMATICS IN LIFE SCI & CHEM,3.0,3.0,600,Informatics (INFO),2
INFO-I 692,INFO,692,THESIS/PROJECT BIOINFORMATICS,1.0,6.0,600,Informatics (INFO),1
INFO-I 698,INFO,698,RESEARCH IN INFORMATICS,1.0,12.0,600,Informatics (INFO),2
INFO-I 699,INFO,699,INDEPENDENT STUDY-INFORMATICS,1.0,3.0,600,Informatics (INFO),3
INFO-I 709,INFO,709,ADVANCED SEMINAR II INFORMATCS,3.0,3.0,700,Informatics (INFO),5
INFO-I 790,INFO,790,INFORMATICS RESEARCH ROTATION,3.0,3.0,700,Informatics (INFO),2
INFO-I 798,INFO,798,PROFESSIONAL PRACT/INTERNSHIP,0.0,0.0,700,Informatics (INFO),2
INFO-I 890,INFO,890,THESIS READINGS AND RESEARCH,1.0,12.0,800,Informatics (INFO),2
INFO-T 100,INFO,100,TOPICS: INFORMATICS TECHNOLOGY,1.5,1.5,100,Informatics (INFO),3
INFO-T 110,INFO,110,(MIS)INFORMATION LITERACY,3.0,3.0,100,Informatics (INFO),1
INFO-Y 395,INFO,395,CAREER DEVELPT FOR INFO MAJORS,1.0,1.0,300,Informatics (INFO),4
INST-B 200,INST,200,INTERMEDIATE BENGALI I,4.0,4.0,200,India Studies (INST),1
INST-B 508,INST,508,INTERMEDIATE BENGALI I,3.0,3.0,500,India Studies (INST),1
INST-H 100,INST,100,ELEMENTARY HINDI I,5.0,5.0,100,India Studies (INST),1
INST-H 110,INST,110,HINDI SCRIPT,1.0,1.0,100,India Studies (INST),1
INST-H 200,INST,200,INTERMEDIATE HINDI I,4.0,4.0,200,India Studies (INST),1
INST-H 300,INST,300,ADVANCED HINDI I,3.0,3.0,300,India Studies (INST),1
INST-H 506,INST,506,ELEMENTARY HINDI I,4.0,4.0,500,India Studies (INST),1
INST-H 508,INST,508,INTERMEDIATE HINDI I,3.0,3.0,500,India Studies (INST),1
INST-H 510,INST,510,ADVANCED HINDI I,3.0,3.0,500,India Studies (INST),1
INST-I 100,INST,100,INTRODUCTION TO INDIA,3.0,3.0,100,India Studies (INST),1
INST-I 371,INST,371,SONGS OF ECSTASY: MED INDIA,3.0,3.0,300,India Studies (INST),1
INST-I 571,INST,571,SONGS OF ECSTASY: MEDVAL INDIA,3.0,3.0,500,India Studies (INST),1
INST-I 656,INST,656,GRAD READINGS IN INDIC STUDIES,1.0,6.0,600,India Studies (INST),1
INST-U 100,INST,100,ELEMENTARY URDU I,5.0,5.0,100,India Studies (INST),1
INST-U 110,INST,110,URDU SCRIPT,1.0,1.0,100,India Studies (INST),1
INST-U 506,INST,506,ELEMENTARY URDU I,4.0,4.0,500,India Studies (INST),1
INST-X 490,INST,490,INDIV RDGS IN INDIA STUDIES,1.0,6.0,400,India Studies (INST),3
INTL-I 100,INTL,100,INTRO TO INTERNATIONAL STUDIES,3.0,3.0,100,International Studies (INTL),14
INTL-I 103,INTL,103,GLOBAL BUSINESS,3.0,3.0,100,International Studies (INTL),1
INTL-I 202,INTL,202,GLOBAL HEALTH AND ENVIRONMENT,3.0,3.0,200,International Studies (INTL),4
INTL-I 203,INTL,203,GLOBAL DEVELOPMENT,3.0,3.0,200,International Studies (INTL),4
INTL-I 204,INTL,204,HUMAN RIGHTS AND INTERNATL LAW,3.0,3.0,200,International Studies (INTL),4
INTL-I 205,INTL,205,CULTURE AND POLITICS,3.0,3.0,200,International Studies (INTL),4
INTL-I 206,INTL,206,PEACE AND CONFLICT,3.0,3.0,200,International Studies (INTL),4
INTL-I 210,INTL,210,DIPLOMACY SECURITY GOVERNANCE,3.0,3.0,200,International Studies (INTL),4
INTL-I 302,INTL,302,ADV TOPICS IN GLBL HLTH & ENV,3.0,3.0,300,International Studies (INTL),1
INTL-I 303,INTL,303,ADV TOPICS IN GLBL DEVELOPMENT,3.0,3.0,300,International Studies (INTL),2
INTL-I 304,INTL,304,BODIES UNDER FIRE-GDR/VLNCE/HR,3.0,3.0,300,Gender Studies (GNDR),1
INTL-I 305,INTL,305,ADV TOPICS IN CULTURE & POLITICS,3.0,3.0,300,International Studies (INTL),2
INTL-I 306,INTL,306,ADV TOPICS IN PEACE & CONFLICT,3.0,3.0,300,International Studies (INTL),2
INTL-I 310,INTL,310,ADV TPCS IN DIPL SECURITY GOV,3.0,3.0,300,International Studies (INTL),3
INTL-I 315,INTL,315,RSRCH DESIGN IN INTL STUDIES,3.0,3.0,300,International Studies (INTL),2
INTL-I 340,INTL,340,ETHICS/DECISIONS-INTL POLITIC,3.0,3.0,300,International Studies (INTL),1
INTL-I 343,INTL,343,GLOBAL MIGRATION AND RACE,3.0,3.0,300,International Studies (INTL),1
INTL-I 344,INTL,344,CULTURE IN THE DIGITAL AGE,3.0,3.0,300,International Studies (INTL),1
INTL-I 345,INTL,345,WOMEN'S RIGHTS AND HEALTH,3.0,3.0,300,International Studies (INTL),1
INTL-I 399,INTL,399,REGIONAL TOPICS-INT'L STUDIES,3.0,3.0,300,International Studies (INTL),4
INTL-I 400,INTL,400,INTL STUDIES CAPSTONE SEMINAR,3.0,3.0,400,International Studies (INTL),2
INTL-I 406,INTL,406,HONORS INTL STDS CAPSTONE SEM,3.0,3.0,400,International Studies (INTL),2
INTL-I 408,INTL,408,ADVANCED WRITING-INT'L STUDIES,3.0,3.0,400,International Studies (INTL),2
INTL-I 423,INTL,423,POSTCOLONIAL/POSTCOMM DISCOURS,3.0,3.0,400,International Studies (INTL),1
INTL-I 424,INTL,424,WAR AND PEACE,3.0,3.0,400,International Studies (INTL),1
INTL-I 426,INTL,426,ADVANCD TOPICS IN INTL STUDIES,3.0,3.0,400,International Studies (INTL),1
INTL-I 427,INTL,427,ISS IN GLBL DEV & POL ECONOMY,3.0,3.0,400,International Studies (INTL),1
INTL-I 428,INTL,428,SOCIAL JUSTICE AND THE ENVIRON,3.0,3.0,400,International Studies (INTL),1
INTL-I 429,INTL,429,GLOBAL REPRODUCTIVE JUSTICE,3.0,3.0,400,Gender Studies (GNDR),1
INTL-I 434,INTL,434,INTERNAT'L CLIMATE GOVERNANCE,3.0,3.0,400,International Studies (INTL),1
INTL-I 500,INTL,500,TOPICS IN GLOBAL STUDIES,3.0,3.0,500,International Studies (INTL),6
INTL-I 502,INTL,502,SEM IN GLOBAL HLTH & ENVRNMT,3.0,3.0,500,International Studies (INTL),1
INTL-I 503,INTL,503,SEMINAR IN GLOBAL DEVELOPMENT,3.0,3.0,500,International Studies (INTL),1
INTL-I 504,INTL,504,SEM IN HUMAN RGHTS & INTL LAW,3.0,3.0,500,International Studies (INTL),2
INTL-I 510,INTL,510,SEM DIPLOMACY SECURITY GOVERN,3.0,3.0,500,International Studies (INTL),2
INTL-I 515,INTL,515,RESEARCH METHODS INTL STUDIES,3.0,3.0,500,International Studies (INTL),1
INTL-I 520,INTL,520,HISTORY OF INTERNATNL SYSTEM,3.0,3.0,500,International Studies (INTL),1
INTL-I 521,INTL,521,GLOBAL GOVERNANCE & INT'L ORGS,3.0,3.0,500,International Studies (INTL),1
INTL-I 522,INTL,522,GLOBAL DEVELOPMENT OVERVIEW,3.0,3.0,500,International Studies (INTL),1
INTL-I 523,INTL,523,INTERNATIONAL SECURITY REGIMES,3.0,3.0,500,International Studies (INTL),1
INTL-I 524,INTL,524,PRACTICUM-INTL POLICY ANALYSIS,3.0,3.0,500,International Studies (INTL),1
INTL-I 525,INTL,525,INTERNAT'L CLIMATE GOVERNANCE,3.0,3.0,500,International Studies (INTL),1
INTL-I 680,INTL,680,INTL STUDIES MASTER'S CAPSTONE,3.0,3.0,600,International Studies (INTL),1
INTL-I 702,INTL,702,IND STUDY IN GLOBAL STUDIES,1.0,4.0,700,International Studies (INTL),1
INTL-L 250,INTL,250,INTRO TO INTL LAW & LEGAL INST,3.0,3.0,200,International Studies (INTL),2
INTL-L 350,INTL,350,ORIGINS & EVOLUTION OF INTL LAW,3.0,3.0,300,International Studies (INTL),1
INTL-L 360,INTL,360,TOPICS-INT'L LAW & INSTITUTIONS,3.0,3.0,300,International Studies (INTL),1
INTL-OS 100,INTL,100,UNDISTRIBUTED OVERSEAS STUDY,0.0,30.0,100,International Studies (INTL),1
INTL-X 390,INTL,390,INDIV READINGS IN INTL STUDIES,1.0,3.0,300,International Studies (INTL),1
JSTU-C 260,JSTU,260,ISRAELI FILM AND FICTION,3.0,3.0,200,Jewish Studies (JSTU),1
JSTU-H 100,JSTU,100,ELEMENTARY MODERN HEBREW I,4.0,4.0,100,Jewish Studies (JSTU),3
JSTU-H 150,JSTU,150,ELEMENTARY MODERN HEBREW II,4.0,4.0,100,Jewish Studies (JSTU),1
JSTU-H 200,JSTU,200,INTERMEDIATE MODERN HEBREW I,3.0,3.0,200,Jewish Studies (JSTU),2
JSTU-H 250,JSTU,250,INTERMEDIATE MODERN HEBREW II,3.0,3.0,200,Jewish Studies (JSTU),1
JSTU-H 300,JSTU,300,ADVANCED MODERN HEBREW I,3.0,3.0,300,Jewish Studies (JSTU),1
JSTU-H 399,JSTU,399,RDGS FOR HONORS JEWISH STDS,3.0,3.0,300,Jewish Studies (JSTU),1
JSTU-H 499,JSTU,499,HONORS THESIS,3.0,6.0,400,Jewish Studies (JSTU),1
JSTU-H 500,JSTU,500,TOPICS IN JEWISH STUDIES,3.0,3.0,500,Jewish Studies (JSTU),1
JSTU-H 501,JSTU,501,ELEMENTARY MODERN HEBREW I,3.0,3.0,500,Jewish Studies (JSTU),3
JSTU-H 502,JSTU,502,ELEMENTARY MODERN HEBREW II,3.0,3.0,500,Jewish Studies (JSTU),1
JSTU-H 503,JSTU,503,INTERMEDIATE MODERN HEBREW I,3.0,3.0,500,Jewish Studies (JSTU),2
JSTU-H 504,JSTU,504,INTERMEDIATE MODERN HEBREW II,3.0,3.0,500,Jewish Studies (JSTU),1
JSTU-H 505,JSTU,505,ADVANCED MODERN HEBREW I,3.0,3.0,500,Jewish Studies (JSTU),1
JSTU-H 520,JSTU,520,COLLOQUIUM IN JEWISH STUDIES,4.0,4.0,500,Jewish Studies (JSTU),1
JSTU-H 595,JSTU,595,DIRECTED RDGS IN JEWISH STDS,1.0,4.0,500,Jewish Studies (JSTU),1
JSTU-J 203,JSTU,203,ARTS & HUMANITIES TPCS-JEWISH,3.0,3.0,200,Jewish Studies (JSTU),3
JSTU-J 204,JSTU,204,SOCIAL & HISTORICAL TPCS-JEWISH,3.0,3.0,200,Jewish Studies (JSTU),1
JSTU-J 251,JSTU,251,JEWSH HIST: BIBLE TO SPAN EXPUL,3.0,3.0,200,Jewish Studies (JSTU),1
JSTU-J 304,JSTU,304,SOCIAL & HISTORICAL TPCS-JEWISH,3.0,3.0,300,Jewish Studies (JSTU),3
JSTU-J 359,JSTU,359,EXPLORNG JEWISH IDENTITY TODAY,3.0,3.0,300,Jewish Studies (JSTU),1
JSTU-J 699,JSTU,699,M.A. THESIS IN JEWISH STUDIES,1.0,3.0,600,Jewish Studies (JSTU),1
JSTU-L 270,JSTU,270,COMING TO AMERICA,3.0,3.0,200,Jewish Studies (JSTU),1
JSTU-L 391,JSTU,391,DAVID: THE MAN & THE KING,3.0,3.0,300,Jewish Studies (JSTU),2
JSTU-P 598,JSTU,598,INTERNSHIP IN JEWISH STUDIES,1.0,6.0,500,Jewish Studies (JSTU),1
JSTU-X 170,JSTU,170,LEADERSHIP IN JEWISH STUDIES,1.0,1.0,100,Jewish Studies (JSTU),1
JSTU-X 473,JSTU,473,INTERNSHIP IN JEWISH STUDIES,1.0,6.0,400,Jewish Studies (JSTU),1
JSTU-X 490,JSTU,490,INDIV RDGS IN JEWISH STUDIES,1.0,3.0,400,Jewish Studies (JSTU),1
LAMP-L 316,LAMP,316,LAMP JR SEM: ANALYT PROB SOLVG,3.0,3.0,300,Liberal Arts And Mgmt Program (LAMP),1
LAMP-L 416,LAMP,416,LAMP SR SEM: LIB ARTS & MGMT,3.0,3.0,400,Liberal Arts And Mgmt Program (LAMP),1
LAMP-X 373,LAMP,373,INTERNSHIP FOR LAMP,1.0,6.0,300,Liberal Arts And Mgmt Program (LAMP),1
LAMP-X 491,LAMP,491,INDEPENDENT STUDY FOR HONORS,3.0,3.0,400,Liberal Arts And Mgmt Program (LAMP),1
LATS-L 101,LATS,101,INTRO TO LATINO STUDIES,3.0,3.0,100,Latino Studies (LATS),1
LATS-L 103,LATS,103,INTRO TO LATINO CULTURES,3.0,3.0,100,Latino Studies (LATS),1
LATS-L 104,LATS,104,LATINAS IN THE UNITED STATES,3.0,3.0,100,Latino Studies (LATS),1
LATS-L 111,LATS,111,LATINO FILM: AN INTRO/OVERVIEW,3.0,3.0,100,Latino Studies (LATS),1
LATS-L 200,LATS,200,AMERICAN BORDERLANDS,3.0,3.0,200,Latino Studies (LATS),1
LATS-L 301,LATS,301,LATINO IMMIGRANTS U.S. SOCIETY,3.0,3.0,300,Latino Studies (LATS),1
LATS-L 320,LATS,320,TOPICS IN LATINO LIT & CULTURE,3.0,3.0,300,Latino Studies (LATS),1
LATS-L 398,LATS,398,A & H TOPICS IN LATINO STUDIES,3.0,3.0,300,Latino Studies (LATS),1
LATS-L 599,LATS,599,INDIV READGS IN LATINO STUDIES,1.0,4.0,500,Latino Studies (LATS),2
LATS-L 601,LATS,601,COLLOQUIUM IN LATINO STUDIES,1.0,4.0,600,Latino Studies (LATS),1
LATS-X 490,LATS,490,INDIVIDUAL READING LATINO STDS,1.0,3.0,400,Latin American Studies (LTAM),1
LAW-B 501,LAW,501,CONTRACTS,4.0,4.0,500,Law (LAW),6
LAW-B 504,LAW,504,INTRODUCTION TO LAW,1.0,1.0,500,Law (LAW),3
LAW-B 519,LAW,519,STATE CONSTITUTIONAL LAW,2.0,2.0,500,Law (LAW),1
LAW-B 528,LAW,528,ADVANCED APPELLATE ADVOCACY,1.0,1.0,500,Law (LAW),1
LAW-B 530,LAW,530,LEGAL DISCOURSE & WRITING,2.0,2.0,500,Law (LAW),1
LAW-B 531,LAW,531,TORTS,4.0,4.0,500,Law (LAW),6
LAW-B 533,LAW,533,CIVIL PROCEDURE,4.0,4.0,500,Law (LAW),6
LAW-B 534,LAW,534,CIVIL PROCEDURE II,3.0,3.0,500,Law (LAW),1
LAW-B 536,LAW,536,HEALTH LAW,3.0,3.0,500,Law (LAW),1
LAW-B 542,LAW,542,LEGAL RESEARCH & WRITING,2.0,2.0,500,Law (LAW),8
LAW-B 554,LAW,554,LEGISLATION,2.0,2.0,500,Law (LAW),1
LAW-B 560,LAW,560,ACADEMIC LEGAL WRITING,1.0,1.0,500,Law (LAW),1
LAW-B 568,LAW,568,GENDER AND THE LAW,3.0,3.0,500,Law (LAW),1
LAW-B 570,LAW,570,FUNDAMENTALS U.S. CONST LAW,2.0,3.0,500,Law (LAW),1
LAW-B 575,LAW,575,CONST DESIGN MULTIET COUNTRIES,3.0,3.0,500,Law (LAW),1
LAW-B 587,LAW,587,CYBERSECURITY LAW,3.0,3.0,500,Law (LAW),2
LAW-B 590,LAW,590,ENTERTAINMENT LAW,2.0,2.0,500,Law (LAW),1
LAW-B 600,LAW,600,DIRECTED READING,1.0,1.0,600,Law (LAW),1
LAW-B 601,LAW,601,CRIMINAL PROCEDURE: INVESTIGATN,3.0,3.0,600,Law (LAW),1
LAW-B 602,LAW,602,CRIMINAL PROCEDURE: TRIAL,3.0,3.0,600,Law (LAW),1
LAW-B 614,LAW,614,THE LEGAL PROFESSION,1.0,1.0,600,Law (LAW),2
LAW-B 628,LAW,628,APPLIED RESEARCH PRACTICUM,3.0,3.0,600,Law (LAW),1
LAW-B 634,LAW,634,ADVANCED CONSTITUTIONAL LAW,3.0,3.0,600,Law (LAW),1
LAW-B 643,LAW,643,POVERTY LAW,2.0,2.0,600,Law (LAW),1
LAW-B 645,LAW,645,TRUSTS & ESTATES,3.0,3.0,600,Law (LAW),1
LAW-B 650,LAW,650,INTRO TO INCOME TAXATION,3.0,3.0,600,Law (LAW),1
LAW-B 653,LAW,653,CORPORATIONS,3.0,3.0,600,Law (LAW),2
LAW-B 658,LAW,658,THE LAW AND EDUCATION,3.0,3.0,600,Law (LAW),2
LAW-B 662,LAW,662,COPYRIGHT LAW,3.0,3.0,600,Law (LAW),1
LAW-B 668,LAW,668,CONSTITUTIONAL LAW II,3.0,3.0,600,Law (LAW),2
LAW-B 672,LAW,672,SECURED TRANSACTIONS,2.0,2.0,600,Law (LAW),1
LAW-B 674,LAW,674,LAW JOURNAL,1.0,1.0,600,Law (LAW),6
LAW-B 680,LAW,680,EMPLOYMENT DISCRIMINATION,3.0,3.0,600,Law (LAW),1
LAW-B 684,LAW,684,STRATEGIES OF LEGAL WRITING,2.0,2.0,600,Law (LAW),2
LAW-B 704,LAW,704,THESIS RESEARCH,1.0,6.0,700,Law (LAW),1
LAW-B 705,LAW,705,DISSERTATION RESEARCH,1.0,15.0,700,Law (LAW),1
LAW-B 706,LAW,706,RESEARCH,1.0,4.0,700,Law (LAW),3
LAW-B 707,LAW,707,DIRECTED RESEARCH,1.0,3.0,700,Law (LAW),1
LAW-B 712,LAW,712,TEACHING FELLOW,1.0,3.0,700,Law (LAW),1
LAW-B 713,LAW,713,ADMINISTRATIVE LAW,3.0,3.0,700,Law (LAW),1
LAW-B 723,LAW,723,EVIDENCE,3.0,3.0,700,Law (LAW),1
LAW-B 727,LAW,727,SECURITIES REGULATION I,3.0,3.0,700,Law (LAW),1
LAW-B 751,LAW,751,SURV OF INTELLECTUAL PROPERTY,3.0,3.0,700,Law (LAW),1
LAW-B 755,LAW,755,EUROPEAN UNION LAW,2.0,2.0,700,Law (LAW),1
LAW-B 761,LAW,761,LAW AND PHILANTHROPY,3.0,3.0,700,Law (LAW),1
LAW-B 764,LAW,764,LAW & TECHNOLOGY,2.0,2.0,700,Law (LAW),1
LAW-B 775,LAW,775,REAL ESTATE,3.0,3.0,700,Law (LAW),1
LAW-B 782,LAW,782,INTRO TO ENVIRONMENTAL LAW,3.0,3.0,700,Law (LAW),1
LAW-B 790,LAW,790,GRADUATE PRACTICUM,1.0,3.0,700,Law (LAW),1
LAW-B 798,LAW,798,ADVANCED RESEARCH,6.0,6.0,700,Law (LAW),1
LAW-B 799,LAW,799,VISITING LAW STUDENT PROGRAM,0.0,0.0,700,Law (LAW),1
LAW-B 800,LAW,800,OVERSEAS STUDY,12.0,12.0,800,Law (LAW),2
LAW-E 508,LAW,508,LEGAL OPERATIONS,3.0,3.0,500,Law (LAW),3
LAW-E 514,LAW,514,PRIVATE PRACTICE EXTERNSHIP,1.0,3.0,500,Law (LAW),2
LAW-E 528,LAW,528,ADVANCED APPELLATE ADVOCACY,2.0,2.0,500,Law (LAW),1
LAW-E 538,LAW,538,SEMESTER PUBLIC INTEREST PROG,8.0,8.0,500,Law (LAW),2
LAW-E 539,LAW,539,LAWYERING IN PUBLIC INTEREST,3.0,3.0,500,Law (LAW),1
LAW-E 545,LAW,545,CRIMINAL LAW EXTERNSHIP,1.0,3.0,500,Law (LAW),2
LAW-E 547,LAW,547,PUBLIC INTEREST INTERNSHIP,1.0,3.0,500,Law (LAW),2
LAW-E 551,LAW,551,INTELLECTUAL PROPERTY EXTERNSH,1.0,3.0,500,Law (LAW),1
LAW-E 558,LAW,558,CONSERVATION LAW CLINIC,3.0,3.0,500,Law (LAW),1
LAW-E 561,LAW,561,ENTREPRENEURSHIP LAW CLINIC,3.0,3.0,500,Law (LAW),1
LAW-E 564,LAW,564,LITIGATION,2.0,2.0,500,Law (LAW),2
LAW-E 572,LAW,572,IP LAW CLINIC,1.0,4.0,500,Law (LAW),1
LAW-E 591,LAW,591,CHILD REPRESENTATION PRACTICUM,1.0,3.0,500,Law (LAW),1
LAW-E 613,LAW,613,CONSUMER LAW,3.0,3.0,600,Law (LAW),1
LAW-E 616,LAW,616,MODERN LAW PRACTICE I,1.0,1.0,600,Law (LAW),1
LAW-E 620,LAW,620,NEGOTIATIONS,3.0,3.0,600,Law (LAW),1
LAW-E 639,LAW,639,ADVANCED LEGAL RESEARCH,2.0,2.0,600,Law (LAW),4
LAW-E 642,LAW,642,APPELLATE ADVOCACY,1.0,1.0,600,Law (LAW),2
LAW-E 679,LAW,679,STUDENT LEGAL SVC PRACTICUM,3.0,3.0,600,Law (LAW),1
LAW-E 686,LAW,686,CIVIL PROTECTION ORDER CLINIC,3.0,3.0,600,Law (LAW),1
LAW-E 688,LAW,688,COMMUNITY LEGAL CLINIC,4.0,4.0,600,Law (LAW),2
LAW-E 697,LAW,697,CYBERSECURITY CLINIC,3.0,3.0,600,Law (LAW),1
LAW-E 698,LAW,698,JUDICIAL FIELD PLACEMENTS,1.0,3.0,600,Law (LAW),2
LAW-E 709,LAW,709,TRANSACTIONAL DRAFTING,3.0,3.0,700,Law (LAW),1
LAW-E 710,LAW,710,INDEPENDENT CLINICAL PROJECT,1.0,4.0,700,Law (LAW),2
LAW-E 720,LAW,720,ADVANCED TRIAL PRACTICE,3.0,3.0,700,Law (LAW),1
LAW-E 722,LAW,722,TRIAL ADVOCACY,3.0,3.0,700,Law (LAW),2
LAW-E 723,LAW,723,EVIDENCE,1.0,1.0,700,Law (LAW),1
LAW-E 734,LAW,734,ADVOCACY,1.0,2.0,700,Law (LAW),1
LAW-E 746,LAW,746,JESSUP MOOT COURT,1.0,2.0,700,Law (LAW),1
LAW-E 771,LAW,771,MEDIATION,2.0,2.0,700,Law (LAW),1
LAW-E 791,LAW,791,ADVANCED LEGAL WRITING,2.0,2.0,700,Law (LAW),1
LAW-L 664,LAW,664,SEMINAR IN INFORMATION PRIVACY,3.0,3.0,600,Law (LAW),1
LAW-L 690,LAW,690,SEMINAR IN CORPORATE LAW,3.0,3.0,600,Law (LAW),1
LAW-L 710,LAW,710,SEMINAR IN SOCIETY,3.0,3.0,700,Law (LAW),1
LAW-L 713,LAW,713,SEMINAR IN LAW & ECONOMICS,3.0,3.0,700,Law (LAW),1
LAW-L 714,LAW,714,SEMINAR ON JUDICIAL CONDUCT,3.0,3.0,700,Law (LAW),1
LAW-L 730,LAW,730,SEM IN INTELLECTUAL PROPERTY,3.0,3.0,700,Law (LAW),1
LAW-L 764,LAW,764,SEMINAR IN LAW & TECHNOLOGY,3.0,3.0,700,Law (LAW),1
LAW-L 766,LAW,766,SEMINAR IN CHILDREN & THE LAW,3.0,3.0,700,Law (LAW),1
LAW-L 776,LAW,776,SEMINAR IN CRIMINAL LAW,3.0,3.0,700,Law (LAW),1
LAW-L 796,LAW,796,SEMINAR IN LAW & MEDICINE,3.0,3.0,700,Law (LAW),1
LAW-L 799,LAW,799,SEMINAR IN CONSTITUTIONAL LAW,3.0,3.0,700,Law (LAW),2
LING-G 901,LING,901,ADVANCED RESEARCH,6.0,6.0,900,Linguistics (LING),1
LING-L 103,LING,103,INTROD TO THE ST OF LANGUAGE,3.0,3.0,100,Linguistics (LING),5
LING-L 115,LING,115,AFRICAN AMERICAN LANGUAGE,3.0,3.0,100,Linguistics (LING),1
LING-L 203,LING,203,INTRO TO LINGUISTIC ANALYSIS,3.0,3.0,200,Linguistics (LING),1
LING-L 235,LING,235,FOUNDATIONS COMPUTATIONAL LING,3.0,3.0,200,Linguistics (LING),1
LING-L 245,LING,245,LANGUAGE AND COMPUTERS,3.0,3.0,200,Linguistics (LING),1
LING-L 306,LING,306,PHONETICS,3.0,3.0,300,Linguistics (LING),1
LING-L 307,LING,307,PHONOLOGY,3.0,3.0,300,Linguistics (LING),1
LING-L 310,LING,310,SYNTAX,3.0,3.0,300,Linguistics (LING),1
LING-L 315,LING,315,INTRO TO SOCIOLINGUISTICS,3.0,3.0,300,Linguistics (LING),1
LING-L 325,LING,325,SEMANTICS,3.0,3.0,300,Linguistics (LING),1
LING-L 399,LING,399,RDGS IN LINGUISTICS (HONORS),1.0,4.0,300,Linguistics (LING),16
LING-L 415,LING,415,CORPUS LINGUISTICS,3.0,3.0,400,Linguistics (LING),1
LING-L 431,LING,431,FIELD METHODS,3.0,3.0,400,Linguistics (LING),1
LING-L 490,LING,490,LINGUISTIC STRUCTURES,3.0,3.0,400,Linguistics (LING),2
LING-L 499,LING,499,HONORS PROJECT,1.0,4.0,400,Linguistics (LING),16
LING-L 541,LING,541,INTRODUCTORY PHONETICS,3.0,3.0,500,Linguistics (LING),4
LING-L 543,LING,543,SYNTACTIC ANALYSIS,3.0,3.0,500,Linguistics (LING),1
LING-L 555,LING,555,PROGRAMMNG FOR COMPUTATNL LING,3.0,3.0,500,Linguistics (LING),1
LING-L 590,LING,590,LINGUISTIC STRUCTURE,3.0,3.0,500,Linguistics (LING),2
LING-L 615,LING,615,CORPUS LINGUISTICS,3.0,3.0,600,Linguistics (LING),1
LING-L 630,LING,630,LEXICOLOGY,3.0,3.0,600,Linguistics (LING),1
LING-L 642,LING,642,ADV PHONOLOGICAL DESCRIPTION,3.0,3.0,600,Linguistics (LING),1
LING-L 645,LING,645,ADV NATURAL LANGUAGE PROCSSNG,3.0,3.0,600,Linguistics (LING),1
LING-L 653,LING,653,FIELD METHODS IN LINGUISTICS 1,3.0,3.0,600,Linguistics (LING),1
LING-L 665,LING,665,APPLYING ML TECHNIQUES IN CL,3.0,3.0,600,Linguistics (LING),1
LING-L 675,LING,675,ADV MACHINE LEARNING COMP LING,3.0,3.0,600,Linguistics (LING),1
LING-L 685,LING,685,LINGUISTICS TEACHING PRACTICUM,1.0,3.0,600,Linguistics (LING),3
LING-L 690,LING,690,ADV READINGS IN LINGUISTICS,1.0,4.0,600,Linguistics (LING),16
LING-L 695,LING,695,M. A. THESIS RESEARCH,1.0,4.0,600,Linguistics (LING),1
LING-L 700,LING,700,SEMINAR ON CURRENT ISSUES,3.0,3.0,700,Linguistics (LING),1
LING-L 715,LING,715,SEMINAR IN COMPUTATIONAL LING,3.0,3.0,700,Linguistics (LING),1
LING-L 780,LING,780,SEMINAR IN SEMANTICS,3.0,3.0,700,Linguistics (LING),1
LING-L 800,LING,800,RESEARCH,1.0,12.0,800,Linguistics (LING),2
LING-X 471,LING,471,UG TEACHING IN LINGUISTICS,1.0,3.0,400,Linguistics (LING),1
LING-X 473,LING,473,INTERNSHIP IN LINGUISTICS,1.0,3.0,400,Linguistics (LING),1
LING-X 477,LING,477,LINGUISTICS FIELD EXPERIENCE,1.0,3.0,400,Linguistics (LING),1
LING-X 490,LING,490,READINGS IN LINGUISTICS,1.0,4.0,400,Linguistics (LING),16
LLLC-Y 101,LLLC,101,TECH LEADERSHIP & INNOVATION I,1.5,1.5,100,Luddy Living Learning Center (LLLC),3
LSTU-L 100,LSTU,100,SURV OF UNIONS & COLLECTIVE BG,3.0,3.0,100,Labor Studies (LSTU),1
LSTU-L 101,LSTU,101,AMERICAN LABOR HISTORY,3.0,3.0,100,Labor Studies (LSTU),1
LSTU-L 110,LSTU,110,INTRO TO LSTU: LABOR & SOCIETY,3.0,3.0,100,Labor Studies (LSTU),2
LSTU-L 200,LSTU,200,SURVEY OF EMPLOYMENT LAW,3.0,3.0,200,Labor Studies (LSTU),3
LSTU-L 203,LSTU,203,LABOR & THE POLITICAL SYSTEM,3.0,3.0,200,Labor Studies (LSTU),1
LSTU-L 205,LSTU,205,CONTEMPORARY LABOR PROBLEMS,3.0,3.0,200,Labor Studies (LSTU),2
LSTU-L 230,LSTU,230,LABOR AND THE ECONOMY,3.0,3.0,200,Labor Studies (LSTU),1
LSTU-L 260,LSTU,260,LEADERSHIP & REPRESENTATION,3.0,3.0,200,Labor Studies (LSTU),1
LSTU-L 289,LSTU,289,WRK LIKE GIRL: WOMNS WRK ROLE,3.0,3.0,200,Labor Studies (LSTU),2
LSTU-L 290,LSTU,290,TOPICS IN LABOR STUDIES,1.0,3.0,200,Labor Studies (LSTU),1
LSTU-L 314,LSTU,314,ETHICAL DILEMMAS IN WORKPLACE,3.0,3.0,300,Labor Studies (LSTU),1
LSTU-L 315,LSTU,315,THE ORGANIZATION OF WORK,3.0,3.0,300,Labor Studies (LSTU),1
LSTU-L 320,LSTU,320,GRIEVANCE ARBITRATION,3.0,3.0,300,Labor Studies (LSTU),1
LSTU-L 331,LSTU,331,GLOBAL PBLMS: LOCAL SOLUTIONS,3.0,3.0,300,Labor Studies (LSTU),1
LSTU-L 370,LSTU,370,LABOR AND RELIGION,3.0,3.0,300,Labor Studies (LSTU),1
LSTU-L 380,LSTU,380,THEORIES OF THE LABOR MOVEMENT,3.0,3.0,300,Labor Studies (LSTU),1
LSTU-L 381,LSTU,381,"LATINOS, LABOR, AND MIGRATION",3.0,3.0,300,Labor Studies (LSTU),1
LSTU-L 384,LSTU,384,DIVERSITY & INEQUALITY IN AMER,3.0,3.0,300,Labor Studies (LSTU),1
LSTU-L 385,LSTU,385,"CLASS, RACE, GENDER & WORK",3.0,3.0,300,Labor Studies (LSTU),2
LSTU-L 390,LSTU,390,TOPICS IN LABOR STUDIES,3.0,3.0,300,Labor Studies (LSTU),4
LSTU-L 490,LSTU,490,TOPICS IN LABOR STUDIES,3.0,3.0,400,Labor Studies (LSTU),1
LTAM-C 101,LTAM,101,ELEMENTARY HAITIAN CREOLE I,4.0,4.0,100,Latin American Studies (LTAM),2
LTAM-C 501,LTAM,501,ELEMENTARY HAITIAN CREOLE I,3.0,3.0,500,Latin American Studies (LTAM),2
LTAM-L 210,LTAM,210,"LAT AM & CARIB: CLTR, HIST, POL",3.0,3.0,200,Latin American Studies (LTAM),1
LTAM-L 230,LTAM,230,MAYA CULTURES MEXICO GUATEMALA,3.0,3.0,200,Latin American Studies (LTAM),1
LTAM-L 275,LTAM,275,ALTERED STATES: SPIRIT & POWER,3.0,3.0,200,Latin American Studies (LTAM),1
LTAM-L 280,LTAM,280,INDIGENOUS RIGHTS & POLITICS,3.0,3.0,200,Latin American Studies (LTAM),1
LTAM-L 326,LTAM,326,TOPICS IN LATIN AMER STUDIES,3.0,3.0,300,Latin American Studies (LTAM),1
LTAM-L 526,LTAM,526,SPEC TPCS LATIN AM & CARIB ST,3.0,3.0,500,Latin American Studies (LTAM),1
LTAM-L 727,LTAM,727,LATIN AMERICN & CARIBBEAN LANG,3.0,3.0,700,Latin American Studies (LTAM),3
LTAM-M 101,LTAM,101,ELEMENTARY MAYA I,4.0,4.0,100,Latin American Studies (LTAM),1
LTAM-M 501,LTAM,501,ELEMENTARY MAYA I,3.0,3.0,500,Latin American Studies (LTAM),1
LTAM-Q 101,LTAM,101,ELEMENTARY QUECHUA I,4.0,4.0,100,Latin American Studies (LTAM),1
LTAM-Q 201,LTAM,201,INTERMEDIATE QUECHUA I,3.0,3.0,200,Latin American Studies (LTAM),1
LTAM-Q 501,LTAM,501,QUECHUA I,3.0,3.0,500,Latin American Studies (LTAM),1
LTAM-Q 601,LTAM,601,INTERMEDIATE QUECHUA I,3.0,3.0,600,Latin American Studies (LTAM),1
LTAM-X 390,LTAM,390,IND STUDY LATN AMER CARIB LANG,3.0,3.0,300,Latin American Studies (LTAM),1
LTAM-X 490,LTAM,490,UGRD RDGS LATIN AM & CARIB STDYS,1.0,3.0,400,Latin American Studies (LTAM),2
LTAM-X 800,LTAM,800,IND RDNGS LAT AM & CARIB STDYS,1.0,6.0,800,Latin American Studies (LTAM),4
LTAM-X 850,LTAM,850,RESEARCH IN LATIN AM STUDIES,1.0,6.0,800,Latin American Studies (LTAM),2
LTAM-X 890,LTAM,890,MA THESIS,1.0,6.0,800,Latin American Studies (LTAM),2
MATH-B 110,MATH,110,MATH FOR BUS & PUBLIC AFFAIRS,3.0,3.0,100,Mathematics (MATH),11
MATH-D 116,MATH,116,INTRODUCTION TO FINITE MATH I,2.0,2.0,100,Mathematics (MATH),6
MATH-D 117,MATH,117,INTRODUCTION TO FINITE MATH II,2.0,2.0,100,Mathematics (MATH),2
MATH-E 265,MATH,265,INTRO PROBABILITY-DATA SCIENCE,3.0,3.0,200,Mathematics (MATH),2
MATH-E 449,MATH,449,ADV UG ENGR MATH METHODS,3.0,3.0,400,Mathematics (MATH),1
MATH-G 901,MATH,901,ADVANCED RESEARCH,6.0,6.0,900,Mathematics (MATH),11
MATH-M 106,MATH,106,MATH OF DECISION AND BEAUTY,3.0,3.0,100,Mathematics (MATH),14
MATH-M 118,MATH,118,FINITE MATHEMATICS,3.0,3.0,100,Mathematics (MATH),2
MATH-M 119,MATH,119,BRIEF SURVEY OF CALCULUS 1,3.0,3.0,100,Liberal Arts And Mgmt Program (LAMP),5
MATH-M 120,MATH,120,BRIEF SURVEY OF CALCULUS 2,3.0,3.0,100,Mathematics (MATH),1
MATH-M 124,MATH,124,BASIC ALGEBRA FOR FINITE MATH,2.0,2.0,100,Mathematics (MATH),13
MATH-M 125,MATH,125,PRE-CALCULUS MATHEMATICS,3.0,3.0,100,Mathematics (MATH),10
MATH-M 127,MATH,127,PRE-CALCULUS WITH TRIGONOMETRY,5.0,5.0,100,Mathematics (MATH),4
MATH-M 211,MATH,211,CALCULUS I,4.0,4.0,200,Mathematics (MATH),38
MATH-M 212,MATH,212,CALCULUS II,4.0,4.0,200,Mathematics (MATH),12
MATH-M 301,MATH,301,LINEAR ALGEBRA & APPLICATIONS,3.0,3.0,300,Mathematics (MATH),3
MATH-M 303,MATH,303,LINEAR ALGEBRA FOR UNDERGRAD,3.0,3.0,300,Mathematics (MATH),3
MATH-M 311,MATH,311,CALCULUS 3,4.0,4.0,300,Mathematics (MATH),3
MATH-M 312,MATH,312,CALCULUS 4,3.0,3.0,300,Mathematics (MATH),1
MATH-M 330,MATH,330,EXPLORING MATHEMATICAL IDEAS,3.0,3.0,300,Mathematics (MATH),1
MATH-M 343,MATH,343,INTRO TO DIFF EQ I,3.0,3.0,300,Mathematics (MATH),3
MATH-M 353,MATH,353,DISCRETE MATHEMATICS,3.0,3.0,300,Mathematics (MATH),1
MATH-M 365,MATH,365,INTRO PROBABILITY & STATISTICS,3.0,3.0,300,Mathematics (MATH),2
MATH-M 384,MATH,384,LOGIC,3.0,3.0,300,Mathematics (MATH),1
MATH-M 403,MATH,403,INTRO TO MODERN ALGEBRA 1,3.0,3.0,400,Cognitive Science (COGS),2
MATH-M 413,MATH,413,INTRODUCTION TO ANALYSIS 1,3.0,3.0,400,Mathematics (MATH),2
MATH-M 441,MATH,441,PARTIAL DIFF EQUAT WITH APPL I,3.0,3.0,400,Cognitive Science (COGS),1
MATH-M 463,MATH,463,INTRO TO PROBABILITY THEORY 1,3.0,3.0,400,Cognitive Science (COGS),2
MATH-M 471,MATH,471,NUMERICAL ANALYSIS 1,3.0,3.0,400,Mathematics (MATH),1
MATH-M 491,MATH,491,PUTNAM EXAM SEMINAR,1.0,1.0,400,Mathematics (MATH),1
MATH-M 501,MATH,501,SURVEY OF ALGEBRA,3.0,3.0,500,Mathematics (MATH),1
MATH-M 511,MATH,511,REAL VARIABLES 1,3.0,3.0,500,Mathematics (MATH),1
MATH-M 513,MATH,513,COMPLEX VARIABLES 1,3.0,3.0,500,Mathematics (MATH),1
MATH-M 521,MATH,521,TOPOLOGY I,3.0,3.0,500,Mathematics (MATH),1
MATH-M 531,MATH,531,METRIC GEOMETRY,3.0,3.0,500,Mathematics (MATH),1
MATH-M 540,MATH,540,PARTIAL DIFFERENTIAL EQUATNS 1,3.0,3.0,500,Mathematics (MATH),1
MATH-M 557,MATH,557,INTR DYNAMICL SYS & ERGODIC THRY,3.0,3.0,500,Mathematics (MATH),1
MATH-M 563,MATH,563,THEORY OF PROBABILITY 1,3.0,3.0,500,Cognitive Science (COGS),1
MATH-M 584,MATH,584,RECURSION THEORY,3.0,3.0,500,Mathematics (MATH),1
MATH-M 595,MATH,595,SEM IN TCHING OF COLLGE MATH 1,1.0,1.0,500,Mathematics (MATH),1
MATH-M 599,MATH,599,COLLOQUIUM,1.0,1.0,500,Mathematics (MATH),1
MATH-M 601,MATH,601,ALGEBRAIC NUMBER THEORY 1,3.0,3.0,600,Mathematics (MATH),1
MATH-M 607,MATH,607,GROUP REPRESENTATIONS 1,3.0,3.0,600,Mathematics (MATH),1
MATH-M 611,MATH,611,FUNCTIONAL ANALYSIS 1,3.0,3.0,600,Mathematics (MATH),1
MATH-M 621,MATH,621,ALGEBRAIC TOPOLOGY I,3.0,3.0,600,Mathematics (MATH),1
MATH-M 641,MATH,641,NONLINEAR PARTIAL DIFF EQUATNS,3.0,3.0,600,Mathematics (MATH),1
MATH-M 655,MATH,655,MATH FOUNDATNS OF QUANTUM MECH,3.0,3.0,600,Mathematics (MATH),1
MATH-M 701,MATH,701,SELECTED TOPICS IN ALGEBRA 1,3.0,3.0,700,Mathematics (MATH),1
MATH-M 721,MATH,721,SELECTED TOPICS IN TOPOLOGY 1,3.0,3.0,700,Mathematics (MATH),1
MATH-M 731,MATH,731,SEL TPCS IN DIFFER GEOMETRY 1,3.0,3.0,700,Mathematics (MATH),1
MATH-M 800,MATH,800,MATHEMATICAL READING & RSRCH,1.0,12.0,800,Mathematics (MATH),33
MATH-S 211,MATH,211,HONORS CALCULUS I,4.0,4.0,200,Honors (HON),1
MATH-S 212,MATH,212,HONORS CALCULUS II,4.0,4.0,200,Honors (HON),0
MATH-S 299,MATH,299,HONORS READING & RESEARCH,1.0,3.0,200,Mathematics (MATH),1
MATH-S 311,MATH,311,HONORS COURSE IN CALCULUS III,4.0,4.0,300,Mathematics (MATH),1
MATH-S 403,MATH,403,HONORS CRSE IN MOD ALGEBRA 1,3.0,3.0,400,Honors (HON),1
MATH-S 413,MATH,413,HONORS COURSE IN ANALYSIS I,3.0,3.0,400,Honors (HON),1
MATH-S 463,MATH,463,HONORS CRSE PROBABILITY THRY I,3.0,3.0,400,Honors (HON),1
MATH-S 499,MATH,499,READING FOR HONORS,2.0,2.0,400,Mathematics (MATH),3
MATH-T 336,MATH,336,TOPICS IN EUCLIDEAN GEOMETRY,3.0,3.0,300,Mathematics (MATH),1
MATH-V 118,MATH,118,FINITE MATH WITH APPLICATIONS,3.0,3.0,100,Mathematics (MATH),2
MATH-X 125,MATH,125,PRECALCULUS SUPPLEMENT,2.0,2.0,100,Mathematics (MATH),2
MATH-X 201,MATH,201,TRANSITION TO CALCULUS II,1.0,1.0,200,Mathematics (MATH),1
MELC-A 100,MELC,100,ELEMENTARY ARABIC I,5.0,5.0,100,Middle Eastern Lang & Cultures (MELC),3
MELC-A 200,MELC,200,INTERMEDIATE ARABIC I,5.0,5.0,200,Middle Eastern Lang & Cultures (MELC),2
MELC-A 300,MELC,300,ADVANCED ARABIC I,4.0,4.0,300,Middle Eastern Lang & Cultures (MELC),1
MELC-A 320,MELC,320,LEVANTINE ARABIC I,1.0,1.0,300,Middle Eastern Lang & Cultures (MELC),1
MELC-A 330,MELC,330,MOROCCAN ARABIC I,1.0,1.0,300,Middle Eastern Lang & Cultures (MELC),2
MELC-A 400,MELC,400,ADVANCED ARABIC III,4.0,4.0,400,Middle Eastern Lang & Cultures (MELC),1
MELC-A 485,MELC,485,ARAB CULTURE THROUGH MUSIC,4.0,4.0,400,Middle Eastern Lang & Cultures (MELC),1
MELC-A 500,MELC,500,ELEMENTARY ARABIC I,3.0,3.0,500,Middle Eastern Lang & Cultures (MELC),3
MELC-A 600,MELC,600,INTERMEDIATE ARABIC I,3.0,3.0,600,Middle Eastern Lang & Cultures (MELC),2
MELC-A 620,MELC,620,LEVANTINE ARABIC I,1.0,1.0,600,Middle Eastern Lang & Cultures (MELC),1
MELC-A 630,MELC,630,MOROCCAN ARABIC I,1.0,1.0,600,Middle Eastern Lang & Cultures (MELC),2
MELC-A 660,MELC,660,ADVANCED ARABIC I,3.0,3.0,600,Middle Eastern Lang & Cultures (MELC),1
MELC-A 680,MELC,680,ADVANCED ARABIC III,3.0,3.0,600,Middle Eastern Lang & Cultures (MELC),1
MELC-A 685,MELC,685,ARAB CULTURE THROUGH MUSIC,4.0,4.0,600,Middle Eastern Lang & Cultures (MELC),1
MELC-E 100,MELC,100,ELEM HIEROGLYPHIC EGYPTIAN I,4.0,4.0,100,Middle Eastern Lang & Cultures (MELC),1
MELC-E 201,MELC,201,EGYPT OF THE PHARAOHS,3.0,3.0,200,Middle Eastern Lang & Cultures (MELC),1
MELC-E 500,MELC,500,ELEM HIEROGLYPHIC EGYPTIAN I,3.0,3.0,500,Linguistics (LING),1
MELC-E 507,MELC,507,SEM IN ANC EGYPTIAN HIST II,3.0,3.0,500,Middle Eastern Lang & Cultures (MELC),1
MELC-E 590,MELC,590,DIR READINGS IN EGYPTOLOGY,3.0,3.0,500,Middle Eastern Lang & Cultures (MELC),2
MELC-E 695,MELC,695,GRADUATE TOPICS IN EGYPTOLOGY,1.0,1.0,600,Middle Eastern Lang & Cultures (MELC),1
MELC-G 901,MELC,901,ADVANCED RESEARCH,6.0,6.0,900,Middle Eastern Lang & Cultures (MELC),1
MELC-M 209,MELC,209,"CULTURE, SOCIETY, POWER",3.0,3.0,200,Middle Eastern Lang & Cultures (MELC),1
MELC-M 211,MELC,211,HISTORY OF MODERN EGYPT,3.0,3.0,200,Middle Eastern Lang & Cultures (MELC),1
MELC-M 215,MELC,215,MIDDLE EAST BEFORE ISLAM,3.0,3.0,200,Middle Eastern Lang & Cultures (MELC),1
MELC-M 304,MELC,304,ISSUES MIDDLE EASTERN CLTR & SOC,3.0,3.0,300,Middle Eastern Lang & Cultures (MELC),2
MELC-M 339,MELC,339,MIDDLE EASTERN POLITICS,3.0,3.0,300,International Studies (INTL),1
MELC-M 347,MELC,347,RISE OF EASTERN ROME,3.0,3.0,300,Middle Eastern Lang & Cultures (MELC),1
MELC-M 355,MELC,355,EMPIRE IN THE MIDDLE EAST,3.0,3.0,300,Middle Eastern Lang & Cultures (MELC),1
MELC-M 361,MELC,361,ISLAMIC FEMINISMS,3.0,3.0,300,Gender Studies (GNDR),1
MELC-M 370,MELC,370,KORANIC STUDIES,3.0,3.0,300,Middle Eastern Lang & Cultures (MELC),1
MELC-M 386,MELC,386,"PERF, CULTURE, PWR IN MID EAST",3.0,3.0,300,Middle Eastern Lang & Cultures (MELC),1
MELC-M 498,MELC,498,ARABIC PEDAGOGY,3.0,3.0,400,Middle Eastern Lang & Cultures (MELC),1
MELC-M 570,MELC,570,KORANIC STUDIES,3.0,3.0,500,Middle Eastern Lang & Cultures (MELC),1
MELC-M 590,MELC,590,DIRECTED READINGS IN ARABIC,3.0,3.0,500,Middle Eastern Lang & Cultures (MELC),1
MELC-M 598,MELC,598,READINGS IN ARABIC LANG & LING,1.0,6.0,500,Middle Eastern Lang & Cultures (MELC),1
MELC-M 695,MELC,695,GRADUATE TOPICS IN MELC,3.0,3.0,600,Middle Eastern Lang & Cultures (MELC),8
MELC-M 696,MELC,696,TEACH LESS COMMON TAUGHT LANGS,3.0,3.0,600,Middle Eastern Lang & Cultures (MELC),1
MELC-M 698,MELC,698,INTRO TO ARABIC PEDAGOGY,3.0,3.0,600,Middle Eastern Lang & Cultures (MELC),1
MELC-M 707,MELC,707,SEM IN CLASSICAL ARABIC LIT,3.0,4.0,700,Middle Eastern Lang & Cultures (MELC),1
MELC-M 710,MELC,710,M A THESIS,1.0,6.0,700,Middle Eastern Lang & Cultures (MELC),1
MELC-M 810,MELC,810,PHD THESIS,1.0,12.0,800,Middle Eastern Lang & Cultures (MELC),2
MELC-X 394,MELC,394,INDIV RDGS IN MODERN ARABIC,1.0,6.0,300,Middle Eastern Lang & Cultures (MELC),1
MELC-X 399,MELC,399,READINGS FOR HONORS,1.0,6.0,300,Middle Eastern Lang & Cultures (MELC),1
MELC-X 490,MELC,490,DIRECTED READINGS IN MELC,3.0,4.0,400,Middle Eastern Lang & Cultures (MELC),1
MHO-M 201,MHO,201,ARTS OF COMMUNICATION,3.0,3.0,200,Mgmt and Human Organization (MHO),1
MHO-M 301,MHO,301,EVIDENCE AND ANALYSIS,3.0,3.0,300,Mgmt and Human Organization (MHO),1
MIL-G 101,MIL,101,LEADERSHIP & PERSONAL DEVELOPMNT,2.0,2.0,100,Military (MIL),3
MIL-G 201,MIL,201,INNOVATIVE TACTICAL LEADERSHIP,2.0,2.0,200,Military (MIL),3
MIL-G 290,MIL,290,INDEPENDENT STUDY,1.0,3.0,200,Military (MIL),1
MIL-G 301,MIL,301,ADAPTIVE TEAM LEADERSHIP,3.0,3.0,300,Military (MIL),3
MIL-G 401,MIL,401,DEVELOPING ADAPTIVE LEADERS,3.0,3.0,400,Military (MIL),2
MLS-M 410,MLS,410,PROTEIN METABOLISM,3.0,3.0,400,Molecular Life Sciences (MLS),1
MLS-M 450,MLS,450,MOLECULAR MECHS OF CANCER,3.0,3.0,400,Molecular Life Sciences (MLS),1
MLS-M 471,MLS,471,STRUCTURAL VIROLOGY,1.5,1.5,400,Molecular Life Sciences (MLS),1
MSCH-A 250,MSCH,250,FOUNDATIONS OF ADVERTISING,3.0,3.0,200,Media School (MSCH),1
MSCH-A 251,MSCH,251,CREATIVE CONCEPTING,3.0,3.0,200,Media School (MSCH),8
MSCH-A 301,MSCH,301,MEDIA AND CONSUMER BEHAVIOR,3.0,3.0,300,Media School (MSCH),3
MSCH-A 305,MSCH,305,STRATEGIC CONTENT DEVELOPMENT,3.0,3.0,300,Media School (MSCH),4
MSCH-A 315,MSCH,315,ADVERTISING & CONSUMER CULTURE,3.0,3.0,300,Media School (MSCH),1
MSCH-A 325,MSCH,325,ADVERTISING CAREER DEVELOPMENT,2.0,2.0,300,Media School (MSCH),2
MSCH-A 360,MSCH,360,MEDIA ADVERTISING TOPICS,2.0,2.0,300,Media School (MSCH),5
MSCH-A 441,MSCH,441,IMC CAMPAIGN PLANNING,3.0,3.0,400,Media School (MSCH),5
MSCH-A 442,MSCH,442,BRAND STRATEGY AND MEDIA MGMT,3.0,3.0,400,Media School (MSCH),4
MSCH-A 450,MSCH,450,ADVERTISING PORTFOLIO WORKSHOP,3.0,3.0,400,Media School (MSCH),5
MSCH-A 451,MSCH,451,ADVERTISING PORTFOLIO WKSHP 2,4.0,4.0,400,Media School (MSCH),1
MSCH-A 490,MSCH,490,CONTENT FACTORY,4.0,4.0,400,Media School (MSCH),1
MSCH-B 330,MSCH,330,SPORTS MEDIA LITERACY,3.0,3.0,300,Media School (MSCH),1
MSCH-B 331,MSCH,331,MANAGING SPORTS MEDIA,3.0,3.0,300,Media School (MSCH),1
MSCH-B 332,MSCH,332,SPORTS WRITING AND REPORTING,3.0,3.0,300,Media School (MSCH),1
MSCH-B 333,MSCH,333,SPORTSCASTING,3.0,3.0,300,Media School (MSCH),1
MSCH-B 334,MSCH,334,SOCIAL MEDIA IN SPORTS,3.0,3.0,300,Media School (MSCH),3
MSCH-B 335,MSCH,335,SPORTS PHOTOGRAPHY,3.0,3.0,300,Media School (MSCH),1
MSCH-B 340,MSCH,340,SPORTS VIDEO STORYTELLING,3.0,3.0,300,Media School (MSCH),1
MSCH-B 342,MSCH,342,PRODUCING SPORTS STUDIO SHOWS,3.0,3.0,300,Media School (MSCH),1
MSCH-B 360,MSCH,360,SPORTS MEDIA TOPICS,3.0,3.0,300,Media School (MSCH),13
MSCH-B 430,MSCH,430,SPORTS MEDIA LABORATORY,3.0,3.0,400,Media School (MSCH),4
MSCH-B 445,MSCH,445,SPORTS & TELEVISION,3.0,3.0,400,Media School (MSCH),1
MSCH-BE 400,MSCH,400,BE: MSCH-G400/410,6.0,6.0,400,Media School (MSCH),1
MSCH-C 101,MSCH,101,MEDIA,3.0,3.0,100,Media School (MSCH),4
MSCH-C 110,MSCH,110,MISINFORMATION/MEDIA LITERACY,3.0,3.0,100,Media School (MSCH),1
MSCH-C 150,MSCH,150,MSCH COLLEGE AND CAREER PREP,1.0,1.0,100,Media School (MSCH),23
MSCH-C 160,MSCH,160,THE MEDIA VILLAGE,1.0,1.0,100,Media School (MSCH),1
MSCH-C 200,MSCH,200,VIDEOGAME INDUSTRY: SYST & MGMT,3.0,3.0,200,Media School (MSCH),1
MSCH-C 203,MSCH,203,FOUNDATIONS OF JOURNALISM,3.0,3.0,200,Media School (MSCH),1
MSCH-C 205,MSCH,205,MEDIA LAW AND ETHICS,3.0,3.0,200,Media School (MSCH),1
MSCH-C 207,MSCH,207,INTRO TO MEDIA INDUSTRY & MGMT,3.0,3.0,200,Media School (MSCH),1
MSCH-C 208,MSCH,208,PRINCIPLES OF PUBLIC RELATIONS,3.0,3.0,200,Media School (MSCH),1
MSCH-C 209,MSCH,209,INTRO ADVERTISING AND IMC,3.0,3.0,200,Media School (MSCH),2
MSCH-C 210,MSCH,210,INTRODUCTION TO GAMES,3.0,3.0,200,Media School (MSCH),1
MSCH-C 213,MSCH,213,INTRO TO MEDIA PSYCHOLOGY,3.0,3.0,200,Media School (MSCH),4
MSCH-C 218,MSCH,218,"SPORTS, MEDIA AND SOCIETY",3.0,3.0,200,Media School (MSCH),1
MSCH-C 219,MSCH,219,MEDIA IN THE GLOBAL CONTEXT,3.0,3.0,200,Media School (MSCH),2
MSCH-C 220,MSCH,220,CREATIVE TECHNOLOGIES,3.0,3.0,200,Media School (MSCH),1
MSCH-C 221,MSCH,221,WRITING FOR ELECTRONIC MEDIA,3.0,3.0,200,Media School (MSCH),3
MSCH-C 223,MSCH,223,INTRO TO FILMMAKING,3.0,3.0,200,Media School (MSCH),1
MSCH-C 228,MSCH,228,MULTI-CAM TV STUDIO PROD 1,3.0,3.0,200,Media School (MSCH),6
MSCH-C 229,MSCH,229,INTRO SINGLE-CAMERA PRODUCTION,3.0,3.0,200,Media School (MSCH),7
MSCH-C 233,MSCH,233,MEDIA AND PLURALISM,3.0,3.0,200,Media School (MSCH),1
MSCH-C 235,MSCH,235,"AI: MEDIA, TECH & INDUSTRY",3.0,3.0,200,Media School (MSCH),1
MSCH-C 241,MSCH,241,WATCHING FILM,3.0,3.0,200,Media School (MSCH),1
MSCH-C 247,MSCH,247,SCREEN CULTURES,3.0,3.0,200,Media School (MSCH),1
MSCH-C 249,MSCH,249,MEDIA TECHNOLOGIES AND CULTURE,3.0,3.0,200,Media School (MSCH),1
MSCH-C 250,MSCH,250,STORY LAB I,3.0,3.0,200,Media School (MSCH),22
MSCH-C 251,MSCH,251,STORY LAB II,3.0,3.0,200,Media School (MSCH),6
MSCH-C 255,MSCH,255,MEDIA AUDIENCE MEASUREMENT,3.0,3.0,200,Media School (MSCH),1
MSCH-C 263,MSCH,263,THE FREELANCE MEDIA INDUSTRY,1.0,1.0,200,Media School (MSCH),1
MSCH-C 270,MSCH,270,MEDIA SKILLS WORKSHOP,3.0,3.0,200,Media School (MSCH),5
MSCH-C 320,MSCH,320,SOCIAL MEDIA TACTICS,3.0,3.0,300,Media School (MSCH),3
MSCH-C 345,MSCH,345,CINEMATIC ARTS WORKSHOP 3,1.0,1.0,300,Media School (MSCH),1
MSCH-C 350,MSCH,350,MEDIA TOPICS,2.0,2.0,300,Media School (MSCH),5
MSCH-C 360,MSCH,360,MEDIA SCHOOL BOOTCAMP,1.0,1.0,300,Media School (MSCH),4
MSCH-C 365,MSCH,365,LIVE FROM LA: PROS MAKE MOVIES,3.0,3.0,300,Media School (MSCH),1
MSCH-C 366,MSCH,366,BUS PRODUCING MOTION PICTURES,3.0,3.0,300,Media School (MSCH),1
MSCH-C 560,MSCH,560,MOTION PICTURE PRODUCTION,3.0,3.0,500,Media School (MSCH),1
MSCH-C 592,MSCH,592,MEDIA GENRES,3.0,3.0,500,Media School (MSCH),1
MSCH-C 620,MSCH,620,"MEDIA, POLITICS & POWER",3.0,3.0,600,Media School (MSCH),1
MSCH-D 331,MSCH,331,SOCIAL MEDIA CULTURES,3.0,3.0,300,Media School (MSCH),4
MSCH-D 337,MSCH,337,DIGITAL MEDIA AND SOCIETY,3.0,3.0,300,Media School (MSCH),1
MSCH-F 306,MSCH,306,WRITING MEDIA CRITICISM,3.0,3.0,300,Media School (MSCH),1
MSCH-F 370,MSCH,370,WOMEN DIRECTORS,3.0,3.0,300,Media School (MSCH),1
MSCH-F 377,MSCH,377,CINEMAS OF THE BLACK DIASPORA,3.0,3.0,300,Media School (MSCH),1
MSCH-F 380,MSCH,380,CINEMA HISTORY 1: 1895 - 1945,3.0,3.0,300,Media School (MSCH),1
MSCH-F 392,MSCH,392,MEDIA GENRES,3.0,3.0,300,Media School (MSCH),3
MSCH-F 395,MSCH,395,HORROR CINEMA,3.0,3.0,300,Media School (MSCH),1
MSCH-G 300,MSCH,300,GAME PRODUCTION I,3.0,3.0,300,Media School (MSCH),2
MSCH-G 310,MSCH,310,GAME DESIGN I,3.0,3.0,300,Media School (MSCH),1
MSCH-G 320,MSCH,320,GAME ART AND SOUND,3.0,3.0,300,Media School (MSCH),3
MSCH-G 340,MSCH,340,ANIMATION FOR DIGITAL MEDIA,3.0,3.0,300,Media School (MSCH),1
MSCH-G 367,MSCH,367,NARRATIVE DESIGN,3.0,3.0,300,Media School (MSCH),1
MSCH-G 390,MSCH,390,GAME DESIGN TOPICS,3.0,3.0,300,Media School (MSCH),3
MSCH-G 400,MSCH,400,GAME PRODUCTION II,3.0,3.0,400,Media School (MSCH),1
MSCH-G 410,MSCH,410,GAME DESIGN II: SYSTEMS,3.0,3.0,400,Media School (MSCH),1
MSCH-G 430,MSCH,430,INTRO TO 3D MODELING,3.0,3.0,400,Media School (MSCH),1
MSCH-G 460,MSCH,460,GAME WORKSHOP II: DEVELOPMENT,4.0,4.0,400,Media School (MSCH),2
MSCH-G 476,MSCH,476,BUILDING IMMERSIVE EXPERIENCES,3.0,3.0,400,Media School (MSCH),1
MSCH-G 901,MSCH,901,ADVANCED RESEARCH,6.0,6.0,900,Media School (MSCH),1
MSCH-H 110,MSCH,110,EPS HONORS FRESHMAN SEMINAR,1.0,1.0,100,Honors (HON),1
MSCH-H 111,MSCH,111,MEDIA HONORS FRESHMAN SEMINAR,1.0,1.0,100,Media School (MSCH),1
MSCH-H 300,MSCH,300,HONORS MEDIA LAW,3.0,3.0,300,Media School (MSCH),1
MSCH-H 310,MSCH,310,HONORS MEDIA TOPICS,3.0,3.0,300,Media School (MSCH),1
MSCH-H 399,MSCH,399,READING FOR HONORS,3.0,3.0,300,Honors (HON),2
MSCH-H 410,MSCH,410,HONORS MEDIA SOCIAL INSTITUTNS,3.0,3.0,400,Media School (MSCH),1
MSCH-H 497,MSCH,497,SENIOR HONORS THESIS,3.0,3.0,400,Media School (MSCH),1
MSCH-H 498,MSCH,498,INDEPENDENT STUDY FOR HONORS,3.0,3.0,400,Honors (HON),2
MSCH-J 300,MSCH,300,COMMUNICATIONS LAW,3.0,3.0,300,Media School (MSCH),1
MSCH-J 301,MSCH,301,STORY LAB III,3.0,3.0,300,Media School (MSCH),1
MSCH-J 326,MSCH,326,"FASH, BEAUTY & LIFESTYL MEDIA",3.0,3.0,300,Media School (MSCH),1
MSCH-J 331,MSCH,331,PODCASTING I,3.0,3.0,300,Media School (MSCH),1
MSCH-J 343,MSCH,343,VIDEO JOURNALISM,3.0,3.0,300,Media School (MSCH),1
MSCH-J 344,MSCH,344,PHOTOJOURNALISM REPORTING,3.0,3.0,300,Media School (MSCH),1
MSCH-J 353,MSCH,353,ADVANCED VIDEO JOURNALISM,3.0,3.0,300,Media School (MSCH),1
MSCH-J 360,MSCH,360,JOURNALISM TOPICS,3.0,3.0,300,Media School (MSCH),4
MSCH-J 363,MSCH,363,WEB AND MOBILE DESIGN,3.0,3.0,300,Media School (MSCH),1
MSCH-J 364,MSCH,364,VIDEO PRODUCING,3.0,3.0,300,Media School (MSCH),1
MSCH-J 365,MSCH,365,GRAPHIC DESIGN I,3.0,3.0,300,Media School (MSCH),4
MSCH-J 370,MSCH,370,IU NEWSNET DAILY,3.0,3.0,300,Media School (MSCH),1
MSCH-J 385,MSCH,385,ON-DEMAND VIDEO NEWS REPORTING,3.0,3.0,300,Media School (MSCH),1
MSCH-J 401,MSCH,401,DEPTH REPORTING AND EDITING,3.0,3.0,400,Media School (MSCH),1
MSCH-J 403,MSCH,403,LABORATORY/FIELD EXPERIENCE,1.0,1.0,400,Media School (MSCH),1
MSCH-J 408,MSCH,408,INVESTIGATIVE REPORTING,3.0,3.0,400,Media School (MSCH),1
MSCH-J 409,MSCH,409,MEDIA MANAGEMENT,3.0,3.0,400,Media School (MSCH),1
MSCH-J 410,MSCH,410,MEDIA AS ETHICAL & SOCIAL INST,3.0,3.0,400,Media School (MSCH),3
MSCH-J 414,MSCH,414,NARRATIVE JOURNALISM,3.0,3.0,400,Media School (MSCH),1
MSCH-J 415,MSCH,415,LITERARY JOURNALISM,3.0,3.0,400,Media School (MSCH),1
MSCH-J 423,MSCH,423,PUBLIC OPINION,3.0,3.0,400,Media School (MSCH),1
MSCH-J 431,MSCH,431,PODCASTING II,3.0,3.0,400,Media School (MSCH),1
MSCH-J 450,MSCH,450,HISTORY OF JOURNALISM,3.0,3.0,400,Media School (MSCH),1
MSCH-J 453,MSCH,453,METHODS OF TEACHING JOURNALISM,3.0,3.0,400,Media School (MSCH),1
MSCH-J 460,MSCH,460,ADVANCED JOURNALISM TOPICS,3.0,3.0,400,Media School (MSCH),1
MSCH-J 465,MSCH,465,GRAPHIC DESIGN II,3.0,3.0,400,Media School (MSCH),1
MSCH-J 493,MSCH,493,JOUR: OFF CAMPUS REGISTRATION,0.0,0.0,400,Media School (MSCH),1
MSCH-J 496,MSCH,496,FOREIGN STUDY IN JOURNALISM,3.0,8.0,400,Media School (MSCH),1
MSCH-J 528,MSCH,528,PUBLIC RELATIONS MANAGEMENT,3.0,3.0,500,Media School (MSCH),1
MSCH-J 529,MSCH,529,PUBLIC RELATIONS CAMPAIGNS,3.0,3.0,500,Media School (MSCH),1
MSCH-J 560,MSCH,560,TOPICS COLLOQUIUM,3.0,3.0,500,Media School (MSCH),1
MSCH-J 572,MSCH,572,MEDIA LAW IN THE DIGITAL AGE,3.0,3.0,500,Media School (MSCH),1
MSCH-J 575,MSCH,575,ARNOLT CENTER PRACTICUM,3.0,3.0,500,Media School (MSCH),1
MSCH-J 577,MSCH,577,INVESTIGATIVE REPORTING,3.0,3.0,500,Media School (MSCH),1
MSCH-J 592,MSCH,592,MEDIA INTERNSHIP,1.0,3.0,500,Media School (MSCH),1
MSCH-J 700,MSCH,700,SPECIALIZED REPORTING PROJECT,3.0,3.0,700,Media School (MSCH),1
MSCH-J 804,MSCH,804,INDEPENDENT STDY IN JOURNALISM,1.0,9.0,800,Media School (MSCH),10
MSCH-L 322,MSCH,322,MEDIA POLICYMAKING,3.0,3.0,300,Media School (MSCH),1
MSCH-M 322,MSCH,322,INTERNET ECOSYSTEMS,3.0,3.0,300,Media School (MSCH),1
MSCH-M 448,MSCH,448,ADV MEDIA METRICS & MEASURES,3.0,3.0,400,Media School (MSCH),1
MSCH-M 500,MSCH,500,EPISTEMOLOGIES OF MEDIA,3.0,3.0,500,Media School (MSCH),1
MSCH-M 502,MSCH,502,MEDIA RESEARCH,3.0,3.0,500,Media School (MSCH),1
MSCH-M 503,MSCH,503,MEDIA THEORIES-SOCIAL SCIENCE,3.0,3.0,500,Media School (MSCH),1
MSCH-M 504,MSCH,504,MEDIA THEORIES - CRIT/CULTURAL,3.0,3.0,500,Media School (MSCH),1
MSCH-M 600,MSCH,600,MEDIA ARTS & SCI COLLOQUIUM,1.0,1.0,600,Media School (MSCH),1
MSCH-M 699,MSCH,699,MASTER'S CAPSTONE,1.0,12.0,600,Media School (MSCH),1
MSCH-M 899,MSCH,899,PHD DISSERTATION RESEARCH,1.0,12.0,800,Media School (MSCH),1
MSCH-P 331,MSCH,331,INTRO TO SCREENWRITING,3.0,3.0,300,Media School (MSCH),4
MSCH-P 335,MSCH,335,PRODUCTION AS CRITICISM,3.0,3.0,300,Media School (MSCH),2
MSCH-P 344,MSCH,344,INTRO DOCUMENTARY FILMMAKING,3.0,3.0,300,Media School (MSCH),2
MSCH-P 350,MSCH,350,MEDIA PRODUCTION TOPICS,3.0,3.0,300,Media School (MSCH),2
MSCH-P 352,MSCH,352,EDITING FOR CINEMA,3.0,3.0,300,Media School (MSCH),5
MSCH-P 353,MSCH,353,PRODUCTION AUDIO,3.0,3.0,300,Media School (MSCH),1
MSCH-P 354,MSCH,354,PROGRAM GRAPHICS & ANIMATION,3.0,3.0,300,Media School (MSCH),1
MSCH-P 356,MSCH,356,MULTI-CAM TV STUDIO PROD II,3.0,3.0,300,Media School (MSCH),1
MSCH-P 360,MSCH,360,MOTION PICTURE PRODUCTION,3.0,3.0,300,Media School (MSCH),1
MSCH-P 361,MSCH,361,INTERMED MOTION PICTURE PROD,3.0,3.0,300,Media School (MSCH),4
MSCH-P 362,MSCH,362,CINEMATOGRAPHY,3.0,3.0,300,Media School (MSCH),2
MSCH-P 369,MSCH,369,SOUND DESIGN,3.0,3.0,300,Media School (MSCH),1
MSCH-P 422,MSCH,422,COLOR CORRECTION & FINISHING,3.0,3.0,400,Media School (MSCH),1
MSCH-P 431,MSCH,431,FEATURE FILM SCREENWRITING,3.0,3.0,400,Media School (MSCH),1
MSCH-P 432,MSCH,432,TV SERIES WRITING,3.0,3.0,400,Media School (MSCH),1
MSCH-P 440,MSCH,440,DIRECTING THE CINEMATIC STORY,3.0,3.0,400,Media School (MSCH),1
MSCH-P 461,MSCH,461,BFA CINEMA THESIS: PRODUCTION,3.0,3.0,400,Media School (MSCH),1
MSCH-P 468,MSCH,468,ADVANCED COLLABORATIVE WRKSHP,3.0,3.0,400,Media School (MSCH),1
MSCH-R 348,MSCH,348,PR PLANNING AND RESEARCH,3.0,3.0,300,Media School (MSCH),3
MSCH-R 349,MSCH,349,PUBLIC RELATIONS WRITING,3.0,3.0,300,Media School (MSCH),2
MSCH-R 360,MSCH,360,PUBLIC RELATIONS TOPICS,3.0,3.0,300,Media School (MSCH),1
MSCH-R 429,MSCH,429,PUBLIC RELATIONS CAMPAIGNS,3.0,3.0,400,Media School (MSCH),2
MSCH-R 431,MSCH,431,PUBL RELATIONS FOR NONPROFITS,3.0,3.0,400,Media School (MSCH),1
MSCH-R 450,MSCH,450,PUBLIC RELATIONS MANAGEMENT,3.0,3.0,400,Media School (MSCH),1
MSCH-R 455,MSCH,455,SOCIAL MEDIA COMM STRATEGIES,3.0,3.0,400,Media School (MSCH),1
MSCH-S 312,MSCH,312,POLITICS AND THE MEDIA,3.0,3.0,300,Media School (MSCH),1
MSCH-S 317,MSCH,317,CHILDREN AND MEDIA,3.0,3.0,300,Media School (MSCH),1
MSCH-S 348,MSCH,348,AUDIENCE ANALYSIS,3.0,3.0,300,Media School (MSCH),2
MSCH-S 452,MSCH,452,COMMUNICATING CLIMATE CHANGE,3.0,3.0,400,Media School (MSCH),1
MSCH-T 311,MSCH,311,HISTORY OF ELECTRONIC MEDIA,3.0,3.0,300,Media School (MSCH),2
MSCH-T 427,MSCH,427,INTERNATIONAL MEDIA NETWORKS,3.0,3.0,400,Media School (MSCH),1
MSCH-T 505,MSCH,505,MEDIA ORGANIZATIONS,3.0,3.0,500,Media School (MSCH),1
MSCH-T 540,MSCH,540,SPECIAL PROJECTS IN MEDIA,3.0,3.0,500,Media School (MSCH),7
MSCH-T 576,MSCH,576,MEDIA PRODUCTION PRACTICUM,3.0,3.0,500,Media School (MSCH),1
MSCH-T 583,MSCH,583,INTRO TO DOCUMENTARY PRACTICE,3.0,3.0,500,Media School (MSCH),1
MSCH-X 360,MSCH,360,MEDIA SCHOOL IN LOS ANGELES,3.0,3.0,300,Media School (MSCH),6
MSCH-X 373,MSCH,373,MEDIA INTERNSHIP IN LA,1.0,6.0,300,Media School (MSCH),1
MSCH-X 374,MSCH,374,WIUX INTERNSHIP,1.0,3.0,300,Media School (MSCH),1
MSCH-X 375,MSCH,375,IUSTV INTERNSHIP,1.0,3.0,300,Media School (MSCH),1
MSCH-X 376,MSCH,376,IDS INTERNSHIP,1.0,3.0,300,Media School (MSCH),1
MSCH-X 377,MSCH,377,NSJC INTERNSHIP,1.0,3.0,300,Media School (MSCH),1
MSCH-X 386,MSCH,386,INTRO TO LIVE SPORT PRODUCTION,3.0,3.0,300,Media School (MSCH),1
MSCH-X 472,MSCH,472,MEDIA INTERNSHIP,1.0,3.0,400,Media School (MSCH),2
MSCH-X 476,MSCH,476,WTIU/WFIU PRODUCTION WKSHP,1.0,3.0,400,Media School (MSCH),2
MSCH-X 486,MSCH,486,ADV LIVE SPORTS PRODUCTION,3.0,3.0,400,Media School (MSCH),1
MSCH-X 488,MSCH,488,TV NEWS PRODUCTION PRACTICUM,3.0,3.0,400,Media School (MSCH),1
MSCH-X 489,MSCH,489,ARNOLT CENTER PRACTICUM,1.0,3.0,400,Media School (MSCH),1
MSCH-X 490,MSCH,490,PROJECTS IN MEDIA,3.0,3.0,400,Media School (MSCH),5
MSCH-X 498,MSCH,498,RESEARCH IN MEDIA,3.0,3.0,400,Media School (MSCH),4
MSCI-G 901,MSCI,901,ADVANCED RESEARCH,6.0,6.0,900,Medical Sciences (MSCI),1
MSCI-M 100,MSCI,100,CURR TOPICS IN BIOMEDICAL SCI,1.0,1.0,100,Medical Sciences (MSCI),2
MSCI-M 115,MSCI,115,INTRO TO ANATOMY & PHYSIOLOGY,3.0,3.0,100,Medical Sciences (MSCI),1
MSCI-M 131,MSCI,131,DISEASE & THE HUMAN BODY,3.0,3.0,100,Medical Sciences (MSCI),1
MSCI-M 216,MSCI,216,MED SCI OF PSYCHOACTIVE DRUGS,3.0,3.0,200,Medical Sciences (MSCI),1
MSCI-M 300,MSCI,300,TOPICS IN MEDICAL SCIENCES,3.0,3.0,300,Medical Sciences (MSCI),1
MSCI-M 325,MSCI,325,INTRODUCTION TO MEDICINE,2.0,2.0,300,Medical Sciences (MSCI),1
MSCI-M 335,MSCI,335,BIOPSYCHOSOCIAL MEDICINE,3.0,3.0,300,Medical Sciences (MSCI),1
MSCI-M 401,MSCI,401,BASIC AND CLINICAL PHARM,3.0,3.0,400,Medical Sciences (MSCI),1
MSCI-M 450,MSCI,450,UNDERGRAD RSRCH BIOMEDICAL SCI,1.0,6.0,400,Biology (BIOL),1
MSCI-M 490,MSCI,490,SPECIAL TPCS IN BIOMEDICAL SCI,1.0,6.0,400,Medical Sciences (MSCI),1
MSCI-M 499,MSCI,499,INTERNSHIP MED SCI INSTRUCTION,3.0,3.0,400,Medical Sciences (MSCI),1
MSCI-M 501,MSCI,501,BASIC & CLINICAL PHARMACOLOGY,3.0,3.0,500,Medical Sciences (MSCI),1
MSCI-M 507,MSCI,507,LABORATORY ROTATIONS,1.0,4.5,500,Medical Sciences (MSCI),1
MSCI-M 508,MSCI,508,PRECISION MEDICINE,2.0,2.0,500,Medical Sciences (MSCI),1
MSCI-M 512,MSCI,512,SPECIAL TOPICS IN CMCB,1.0,3.0,500,Medical Sciences (MSCI),1
MSCI-M 535,MSCI,535,BIOPSYCHOSOCIAL AND HEALTH,3.0,3.0,500,Medical Sciences (MSCI),1
MSCI-M 550,MSCI,550,SEMINAR IN CANCER BIOLOGY,1.0,1.0,500,Medical Sciences (MSCI),1
MSCI-M 553,MSCI,553,SPECIAL TOPICS MED SCI,1.5,1.5,500,Medical Sciences (MSCI),1
MSCI-M 584,MSCI,584,MOLECULAR GENETICS,3.0,3.0,500,Medical Sciences (MSCI),1
MSCI-M 630,MSCI,630,MOLECULES TO CELLS TO TISSUES,7.0,7.0,600,Medical Sciences (MSCI),1
MSCI-M 800,MSCI,800,LABORATORY RESEARCH,1.0,12.0,800,Medical Sciences (MSCI),1
MUS-A 100,MUS,100,FOUNDATIONS OF AUDIO TECH,3.0,3.0,100,Music (MUS),8
MUS-A 101,MUS,101,INTRO TO AUDIO TECHNOLOGY,3.0,3.0,100,"Theatre, Drama & Cntmp Dance (THTR)",3
MUS-A 111,MUS,111,ELECTRONICS I,3.0,3.0,100,Music (MUS),4
MUS-A 115,MUS,115,ANALYSIS MUS CREATION/PROD I,3.0,3.0,100,Music (MUS),2
MUS-A 150,MUS,150,INTRO SEMINAR IN AUDIO ENGR,1.0,1.0,100,Music (MUS),1
MUS-A 201,MUS,201,AUDIO TECHNIQUES II,3.0,3.0,200,Music (MUS),3
MUS-A 211,MUS,211,ELECTRONICS III,3.0,3.0,200,Music (MUS),3
MUS-A 215,MUS,215,MUSIC CREATION/PRODUCTION I,3.0,3.0,200,Music (MUS),2
MUS-A 310,MUS,310,MUS CREATION/PROD MASTERCLASS,1.0,1.0,300,Music (MUS),1
MUS-A 320,MUS,320,SOUND REINFORCEMENT TECHNIQUES,3.0,3.0,300,Music (MUS),1
MUS-A 321,MUS,321,SOUND FOR VISUAL MEDIA,3.0,3.0,300,Music (MUS),3
MUS-A 350,MUS,350,SEMINAR IN AUDIO ENGINEERING,1.0,1.0,300,Music (MUS),1
MUS-A 370,MUS,370,MULTITRACK STUDIO TECH II,3.0,3.0,300,Music (MUS),1
MUS-A 460,MUS,460,SURROUND SOUND/IMMERSIVE AUDIO,3.0,3.0,400,Music (MUS),1
MUS-A 461,MUS,461,FINAL PROJECT IN AUDIO ENGR,1.0,1.0,400,Music (MUS),1
MUS-A 470,MUS,470,IND MULTITRACK STUDIO PROJ I,3.0,3.0,400,Music (MUS),1
MUS-A 471,MUS,471,IND MULTITRACK STUDIO PROJ II,3.0,3.0,400,Music (MUS),1
MUS-A 480,MUS,480,INTERNSHIP IN AUDIO,3.0,3.0,400,Music (MUS),1
MUS-B 110,MUS,110,HORN ELECTIVE/SECONDARY,2.0,2.0,100,Music (MUS),1
MUS-B 120,MUS,120,TRUMPET UGRD ELECTIVE/SECONDRY,2.0,2.0,100,Music (MUS),1
MUS-B 130,MUS,130,TROMBONE ELECT/SECONDARY,2.0,2.0,100,Music (MUS),2
MUS-B 140,MUS,140,EUPHONIUM ELECT/SECONDARY,2.0,2.0,100,Music (MUS),1
MUS-B 150,MUS,150,TUBA ELECT/SECONDARY,2.0,2.0,100,Music (MUS),1
MUS-B 410,MUS,410,HORN UNDERGRADUATE MAJOR,2.0,6.0,400,Music (MUS),4
MUS-B 420,MUS,420,TRUMPET UNDERGRADUATE MAJOR,2.0,6.0,400,Music (MUS),4
MUS-B 430,MUS,430,TROMBONE UNDERGRAD MAJOR,2.0,6.0,400,Music (MUS),4
MUS-B 440,MUS,440,EUPHONIUM UNDERGRAD MAJOR,2.0,6.0,400,Music (MUS),2
MUS-B 450,MUS,450,TUBA UNDERGRAD MAJOR,2.0,6.0,400,Music (MUS),2
MUS-B 601,MUS,601,DOCTORAL BRASS RECITAL,1.0,1.0,600,Music (MUS),2
MUS-B 602,MUS,602,DOCTORAL BRASS CHAMBER RECITAL,1.0,1.0,600,Music (MUS),1
MUS-B 710,MUS,710,HORN GRADUATE ELECTIVE,2.0,4.0,700,Music (MUS),1
MUS-B 720,MUS,720,TRUMPET GRADUATE ELECTIVE,2.0,4.0,700,Music (MUS),1
MUS-B 730,MUS,730,TROMBONE GRADUATE ELECTIVE,2.0,4.0,700,Music (MUS),1
MUS-B 740,MUS,740,EUPHONIUM GRADUATE ELECTIVE,2.0,4.0,700,Music (MUS),1
MUS-B 750,MUS,750,TUBA GRADUATE ELECTIVE,2.0,4.0,700,Music (MUS),1
MUS-B 810,MUS,810,HORN GRADUATE MINOR,2.0,4.0,800,Music (MUS),3
MUS-B 820,MUS,820,TRUMPET GRADUATE MINOR,2.0,4.0,800,Music (MUS),2
MUS-B 830,MUS,830,TROMBONE GRADUATE MINOR,2.0,4.0,800,Music (MUS),3
MUS-B 840,MUS,840,EUPHONIUM GRADUATE MINOR,2.0,4.0,800,Music (MUS),1
MUS-B 850,MUS,850,TUBA GRADUATE MINOR,2.0,4.0,800,Music (MUS),1
MUS-B 910,MUS,910,HORN GRADUATE MAJOR,3.0,8.0,900,Music (MUS),4
MUS-B 920,MUS,920,TRUMPET GRADUATE MAJOR,3.0,8.0,900,Music (MUS),4
MUS-B 930,MUS,930,TROMBONE GRAD MAJOR,3.0,8.0,900,Music (MUS),4
MUS-B 940,MUS,940,EUPHONIUM GRAD MAJOR,3.0,8.0,900,Music (MUS),2
MUS-B 950,MUS,950,TUBA GRAD MAJOR,3.0,8.0,900,Music (MUS),2
MUS-BE 131,MUS,131,BE: MUS-E131/EDUC-M 101,2.0,2.0,100,Music (MUS),1
MUS-BE 232,MUS,232,BE: MUS-E 232/EDUC-M 201,3.0,3.0,200,Music (MUS),1
MUS-BE 281,MUS,281,BE: MUS-F 281/200,3.0,3.0,200,Music (MUS),1
MUS-BE 301,MUS,301,BE: MUS-I 301/K 100,3.0,3.0,300,Music (MUS),1
MUS-BE 337,MUS,337,BE: MUS-F 337/200,3.0,3.0,300,Music (MUS),1
MUS-BE 342,MUS,342,MUS-E 342/EDUC-K 207/M 301,4.0,4.0,300,Music (MUS),1
MUS-BE 343,MUS,343,MUS-E 343/EDUC-M 301,3.0,3.0,300,Music (MUS),1
MUS-BE 344,MUS,344,MUS-E 344/EDUC-M 301,3.0,3.0,300,Music (MUS),1
MUS-C 411,MUS,411,SERVICE PLAYING I,2.0,2.0,400,Music (MUS),1
MUS-C 430,MUS,430,HIST & PRACT OF SACRED MUSIC,2.0,2.0,400,Music (MUS),1
MUS-C 500,MUS,500,IND ST IN SACRED MUS PRACTICES,1.0,3.0,500,Music (MUS),1
MUS-C 511,MUS,511,SERVICE PLAYING I,2.0,2.0,500,Music (MUS),1
MUS-C 530,MUS,530,HIST & PRACT OF SACRED MUSIC,2.0,2.0,500,Music (MUS),1
MUS-C 611,MUS,611,SERVICE PLAYING I,2.0,2.0,600,Music (MUS),1
MUS-C 630,MUS,630,HIST & PRACT OF SACRED MUSIC,2.0,2.0,600,Music (MUS),1
MUS-D 100,MUS,100,PERCUSSION ELECT/SECONDARY,2.0,2.0,100,Music (MUS),1
MUS-D 400,MUS,400,PERCUSSION UNDERGRAD MAJOR,2.0,6.0,400,Music (MUS),6
MUS-D 601,MUS,601,DOCTORAL PERCUSSION RECITAL,1.0,1.0,600,Music (MUS),2
MUS-D 700,MUS,700,PERCUSSION GRADUATE ELECTIVE,2.0,4.0,700,Music (MUS),1
MUS-D 800,MUS,800,PERCUSSION GRADUATE MINOR,2.0,4.0,800,Music (MUS),5
MUS-D 900,MUS,900,PERCUSSION GRAD MAJOR,3.0,8.0,900,Music (MUS),6
MUS-E 120,MUS,120,APPLD & COMMUNITY MUS PEDAGOGY,2.0,2.0,100,Music (MUS),1
MUS-E 131,MUS,131,FRESHMAN COLLOQUIUM IN MUS ED,2.0,2.0,100,Music (MUS),1
MUS-E 232,MUS,232,INCL PARTICIPATORY MUS PRACT,3.0,3.0,200,Music (MUS),1
MUS-E 303,MUS,303,VIOLIN / VIOLA PEDAGOGY I,2.0,2.0,300,Music (MUS),2
MUS-E 306,MUS,306,CELLO PEDAGOGY,2.0,2.0,300,Music (MUS),1
MUS-E 312,MUS,312,ARR INSTRUMENTL & VOCAL GRPS,2.0,2.0,300,Music (MUS),1
MUS-E 342,MUS,342,METHODS & MTLS TEACH ELEM MUS,3.0,3.0,300,Music (MUS),1
MUS-E 343,MUS,343,METHD & MTLS TEACH CHORAL MUS,3.0,3.0,300,Music (MUS),1
MUS-E 344,MUS,344,METHODS & MTLS TEACH INST MUS,3.0,3.0,300,Music (MUS),1
MUS-E 358,MUS,358,GUITAR ARRANGING/TRANSCRIPTION,2.0,2.0,300,Music (MUS),1
MUS-E 400,MUS,400,UNDERGRAD RDGS IN MUSIC EDUC,2.0,3.0,400,Music (MUS),1
MUS-E 413,MUS,413,HARP PEDAGOGY,2.0,2.0,400,Music (MUS),1
MUS-E 414,MUS,414,APPLIED HARP PEDAGOGY,2.0,2.0,400,Music (MUS),1
MUS-E 434,MUS,434,ADMIN OF SCHOOL BANDS AND ORCH,3.0,3.0,400,Music (MUS),1
MUS-E 459,MUS,459,INSTRUMENTAL PEDAGOGY,2.0,2.0,400,Music (MUS),3
MUS-E 493,MUS,493,PIANO PEDAGOGY,2.0,2.0,400,Music (MUS),1
MUS-E 494,MUS,494,VOCAL PEDAGOGY,3.0,3.0,400,Music (MUS),1
MUS-E 502,MUS,502,THE PRACTICE OF MUSIC TEACHING,3.0,3.0,500,Music (MUS),1
MUS-E 503,MUS,503,VIOLIN / VIOLA PEDAGOGY I,2.0,2.0,500,Music (MUS),2
MUS-E 505,MUS,505,VIOLIN / VIOLA PEDAGOGY III,2.0,2.0,500,Music (MUS),1
MUS-E 506,MUS,506,CELLO PEDAGOGY,2.0,2.0,500,Music (MUS),1
MUS-E 508,MUS,508,EUPHONIUM PEDAGOGY,1.0,1.0,500,Music (MUS),1
MUS-E 509,MUS,509,HORN PEDAGOGY,1.0,1.0,500,Music (MUS),1
MUS-E 510,MUS,510,TRUMPET PEDAGOGY,1.0,1.0,500,Music (MUS),1
MUS-E 511,MUS,511,TROMBONE PEDAGOGY,1.0,1.0,500,Music (MUS),1
MUS-E 512,MUS,512,TUBA PEDAGOGY,1.0,1.0,500,Music (MUS),1
MUS-E 513,MUS,513,HARP PEDAGOGY,2.0,2.0,500,Music (MUS),1
MUS-E 514,MUS,514,APPLIED HARP PEDAGOGY,2.0,2.0,500,Music (MUS),1
MUS-E 518,MUS,518,FOUNDATIONS OF MUSIC EDUCATION,3.0,3.0,500,Music (MUS),1
MUS-E 524,MUS,524,EXPLOR TEACHG/GENERAL MUS K-12,3.0,3.0,500,Music (MUS),1
MUS-E 527,MUS,527,ADVANCED INSTRUMENTAL METHODS,3.0,3.0,500,Music (MUS),1
MUS-E 528,MUS,528,ADV CHORAL METHODS & MATERIALS,3.0,3.0,500,Music (MUS),1
MUS-E 533,MUS,533,RESEARCH IN MUSIC EDUCATION,1.0,3.0,500,Music (MUS),1
MUS-E 545,MUS,545,GUIDED PROFSNL EXPERIENCES,1.0,3.0,500,Music (MUS),1
MUS-E 558,MUS,558,GUITAR ARRANGING/TRANSCRIPTION,3.0,3.0,500,Music (MUS),1
MUS-E 559,MUS,559,INSTRUMENTAL PEDAGOGY,2.0,2.0,500,Music (MUS),2
MUS-E 594,MUS,594,VOICE PEDAGOGY,3.0,3.0,500,Music (MUS),1
MUS-E 598,MUS,598,PRACT/THESIS PROPOSAL: MUS EDUC,0.0,0.0,500,Music (MUS),1
MUS-E 599,MUS,599,PRACTICUM IN MUSIC EDUCATION,1.0,3.0,500,Music (MUS),1
MUS-E 600,MUS,600,THESIS IN MUSIC EDUCATION,1.0,3.0,600,Music (MUS),1
MUS-E 610,MUS,610,MASTER'S CAPSTONE/MUSIC EDUC,1.0,1.0,600,Music (MUS),1
MUS-E 619,MUS,619,PSYCHOLOGY OF MUSIC,3.0,3.0,600,Music (MUS),1
MUS-E 625,MUS,625,THE ADMIN OF MUS IN HIGHER ED,3.0,3.0,600,Music (MUS),1
MUS-E 640,MUS,640,QUALITATVE RSRCH IN MUSIC EDUC,3.0,3.0,600,Music (MUS),1
MUS-E 645,MUS,645,MUSIC TEACHER EDUCATION,2.0,2.0,600,Music (MUS),1
MUS-E 650,MUS,650,MUSIC EDUC RESEARCH COLLOQUIUM,0.0,0.0,600,Music (MUS),1
MUS-E 658,MUS,658,SEMINAR IN MUSIC EDUCATION,2.0,2.0,600,Music (MUS),1
MUS-E 662,MUS,662,PUBLIC LECTURE IN MUSIC EDUC,0.0,0.0,600,Music (MUS),1
MUS-E 663,MUS,663,RESEARCH LECTURE IN MUSIC EDUC,0.0,0.0,600,Music (MUS),1
MUS-E 673,MUS,673,PEDAGOGY OF JAZZ MUSICIANSHIP,3.0,3.0,600,Music (MUS),1
MUS-E 674,MUS,674,JAZZ HISTORY PEDAGOGY,3.0,3.0,600,Music (MUS),1
MUS-E 695,MUS,695,VOICE PED RESEARCH FOUNDATIONS,3.0,3.0,600,Music (MUS),1
MUS-E 700,MUS,700,DISSERTATION IN MUS EDUCATION,1.0,12.0,700,Music (MUS),1
MUS-F 200,MUS,200,MUSIC EDUC INSTRUMENTAL LAB,1.0,1.0,200,Music (MUS),2
MUS-F 205,MUS,205,INTRO TO INSTRUMENTAL TECH,3.0,3.0,200,Music (MUS),1
MUS-F 261,MUS,261,STRING CLASS TECHNIQUES 1,2.0,2.0,200,Music (MUS),1
MUS-F 281,MUS,281,BRASS INSTRUMENT TECHNIQUES,2.0,2.0,200,Music (MUS),1
MUS-F 300,MUS,300,PIANO ACCOMPANYING,1.0,1.0,300,Music (MUS),2
MUS-F 325,MUS,325,RHYTHM SECTION METHODS,2.0,2.0,300,Music (MUS),1
MUS-F 330,MUS,330,FOUNDATNS LATIN AMER PERCUSSN,3.0,3.0,300,Music (MUS),1
MUS-F 337,MUS,337,WOODWIND TECHNIQUES,2.0,2.0,300,Music (MUS),1
MUS-F 338,MUS,338,PERCUSSION TECHNIQUES,2.0,2.0,300,Music (MUS),1
MUS-F 340,MUS,340,POSTURAL ALIGNMENT MUSICIAN I,1.0,1.0,300,Music (MUS),5
MUS-F 343,MUS,343,POSTURAL ALIGNMENT MUSICIAN II,1.0,1.0,300,Music (MUS),1
MUS-F 400,MUS,400,SEMINAR IN INTERPRETATION,2.0,3.0,400,Music (MUS),1
MUS-F 401,MUS,401,ACCOMPANIMENT OF BAROQUE MUSIC,2.0,2.0,400,Music (MUS),1
MUS-F 419,MUS,419,ORCH REPERTOIRE/UNDRGRAD,1.0,1.0,400,Music (MUS),8
MUS-F 420,MUS,420,TOPICS IN PERF STUDY/UNDERGRAD,2.0,2.0,400,Music (MUS),1
MUS-F 445,MUS,445,BRASS CHAMBER ENSEMBLE,1.0,1.0,400,Music (MUS),3
MUS-F 446,MUS,446,WOODWIND CHAMBER ENSEMBLE,1.0,1.0,400,Music (MUS),1
MUS-F 447,MUS,447,PERCUSSION CHAMBER ENSEMBLE,1.0,1.0,400,Music (MUS),2
MUS-F 449,MUS,449,HARP ENSEMBLE,1.0,1.0,400,Music (MUS),1
MUS-F 450,MUS,450,CHAMBER MUSIC,1.0,1.0,400,Music (MUS),12
MUS-F 457,MUS,457,SEMINAR IN PERFORMANCE,1.0,3.0,400,Music (MUS),1
MUS-F 461,MUS,461,EAR TRAINING FOR CONDUCTORS,1.0,1.0,400,Music (MUS),1
MUS-F 466,MUS,466,TECHNIQUES IN MARCHING BANDS,2.0,2.0,400,Music (MUS),1
MUS-F 501,MUS,501,ACCOMPANIMENT OF BAROQUE MUSIC,2.0,2.0,500,Music (MUS),1
MUS-F 519,MUS,519,ORCHESTRAL REPERTOIRE/GRADUATE,1.0,1.0,500,Music (MUS),9
MUS-F 520,MUS,520,TOPICS IN PERF STUDY/GRADUATE,2.0,2.0,500,Music (MUS),3
MUS-F 526,MUS,526,INTRO TO BAROQUE VIOLIN/VIOLA,2.0,2.0,500,Music (MUS),1
MUS-F 530,MUS,530,FOUNDATNS LATIN AMER PERCUSSN,3.0,3.0,500,Music (MUS),1
MUS-F 531,MUS,531,GRAD EAR TRAINING CONDUCTORS,1.0,1.0,500,Music (MUS),1
MUS-F 540,MUS,540,POSTURAL ALIGNMENT MUSICIAN I,1.0,1.0,500,Music (MUS),5
MUS-F 543,MUS,543,POSTURAL ALIGN MUSICIANS II,1.0,1.0,500,Music (MUS),1
MUS-F 545,MUS,545,BRASS CHAMBER ENSEMBLE,0.0,1.0,500,Music (MUS),3
MUS-F 546,MUS,546,WOODWIND CHAMBER ENSEMBLE,0.0,1.0,500,Music (MUS),1
MUS-F 547,MUS,547,PERCUSSION CHAMBER ENSEMBLE,0.0,1.0,500,Music (MUS),2
MUS-F 549,MUS,549,HARP ENSEMBLE,0.0,1.0,500,Music (MUS),1
MUS-F 550,MUS,550,CHAMBER MUSIC,0.0,1.0,500,Music (MUS),12
MUS-F 561,MUS,561,SEMINAR IN INTERPRETATION,2.0,3.0,500,Music (MUS),1
MUS-F 590,MUS,590,TECH MARCH BAND/GRAD STUDENTS,3.0,3.0,500,Music (MUS),1
MUS-F 603,MUS,603,SEMINAR IN PERCUSSION PERF,2.0,2.0,600,Music (MUS),1
MUS-F 650,MUS,650,COACHING CHAMBER MUSIC,1.0,1.0,600,Music (MUS),1
MUS-G 370,MUS,370,TECHNIQUES FOR CONDUCTING,2.0,2.0,300,Music (MUS),3
MUS-G 373,MUS,373,INSTRUMENTAL CONDUCTING,2.0,2.0,300,Music (MUS),1
MUS-G 374,MUS,374,ADVANCED INSTR CONDUCTING,2.0,2.0,300,Music (MUS),1
MUS-G 504,MUS,504,MASTER'S CHORAL CNDTNG PRACTCM,0.0,0.0,500,Music (MUS),1
MUS-G 537,MUS,537,MAST CHORAL COND: 20C-TODAY,2.0,2.0,500,Music (MUS),1
MUS-G 555,MUS,555,FOUNDATIONS IN CHORAL COND,3.0,3.0,500,Music (MUS),1
MUS-G 560,MUS,560,GRADUATE CHORAL CONDUCTING,3.0,3.0,500,Music (MUS),1
MUS-G 566,MUS,566,INTERP & CONDUCT OF BAND LIT I,3.0,3.0,500,Music (MUS),1
MUS-G 567,MUS,567,INTERP & COND OF BAND LIT II,3.0,3.0,500,Music (MUS),1
MUS-G 571,MUS,571,MASTER'S ADV ORCHESTRAL COND,3.0,3.0,500,Music (MUS),1
MUS-G 579,MUS,579,MASTER'S ADV WIND CONDUCTING,3.0,3.0,500,Music (MUS),1
MUS-G 603,MUS,603,MASTER'S ORCHESTRAL COND PERF,0.0,0.0,600,Music (MUS),1
MUS-G 604,MUS,604,MASTER'S CHORAL CONDUCTNG PERF,0.0,0.0,600,Music (MUS),1
MUS-G 605,MUS,605,MASTER'S WIND COND PERFORMANCE,0.0,0.0,600,Music (MUS),1
MUS-G 663,MUS,663,DOCT CHORAL COND: 20C-TODAY,3.0,3.0,600,Music (MUS),1
MUS-G 671,MUS,671,DOCT ADV ORCHESTRAL COND,3.0,3.0,600,Music (MUS),1
MUS-G 679,MUS,679,DOCTORAL ADV WIND CONDUCTING,3.0,3.0,600,Music (MUS),1
MUS-G 801,MUS,801,DOCT ORCHESTRAL COND PERF,2.0,2.0,800,Music (MUS),2
MUS-G 802,MUS,802,DOCT WIND CONDUCTG PERFORMANCE,3.0,3.0,800,Music (MUS),1
MUS-G 810,MUS,810,DOCT CHORAL CONDUCTING PERF 1,2.0,2.0,800,Music (MUS),1
MUS-G 811,MUS,811,DOCT CHORAL CONDUCTING PERF 2,2.0,2.0,800,Music (MUS),1
MUS-G 901,MUS,901,ADVANCED RESEARCH,6.0,6.0,900,Music (MUS),1
MUS-H 100,MUS,100,HARP ELECT/SECONDARY,2.0,2.0,100,Music (MUS),1
MUS-H 400,MUS,400,HARP UNDERGRAD MAJOR,2.0,6.0,400,Music (MUS),2
MUS-H 601,MUS,601,DOCTORAL HARP RECITAL,1.0,1.0,600,Music (MUS),1
MUS-H 602,MUS,602,DOCTRL HARP RECITAL (LECTURE),1.0,1.0,600,Music (MUS),1
MUS-H 603,MUS,603,DOCTRL HARP RECITAL (CONCERTO),1.0,1.0,600,Music (MUS),1
MUS-H 604,MUS,604,DOCTRL HARP RECITAL (CHAMBER),1.0,1.0,600,Music (MUS),1
MUS-H 800,MUS,800,HARP GRADUATE MINOR,2.0,4.0,800,Music (MUS),1
MUS-H 900,MUS,900,HARP GRAD MAJOR,3.0,8.0,900,Music (MUS),2
MUS-I 202,MUS,202,MASTER CLASS MUS ED STDNT TCHG,1.0,1.0,200,Music (MUS),1
MUS-I 300,MUS,300,STUDIO MASTERCLASS,0.0,0.0,300,Music (MUS),66
MUS-I 301,MUS,301,DEPARTMENTAL MASTERCLASS,0.0,0.0,300,Music (MUS),11
MUS-I 407,MUS,407,BME SENIOR RECITAL,0.0,0.0,400,Music (MUS),1
MUS-I 408,MUS,408,JAZZ SENIOR RECITAL,0.0,0.0,400,Music (MUS),1
MUS-I 409,MUS,409,BSOF SENIOR RECITAL,0.0,0.0,400,Music (MUS),1
MUS-I 410,MUS,410,DOUBLE BASS REPERTORY EXAM,0.0,0.0,400,Music (MUS),1
MUS-I 411,MUS,411,BM JUNIOR RECITAL,0.0,0.0,400,Music (MUS),1
MUS-I 412,MUS,412,BM SENIOR RECITAL,0.0,0.0,400,Music (MUS),1
MUS-I 500,MUS,500,STUDIO MASTERCLASS,0.0,0.0,500,Music (MUS),69
MUS-I 501,MUS,501,DEPARTMENTAL MASTERCLASS,0.0,0.0,500,Music (MUS),13
MUS-I 502,MUS,502,MASTER CLASS MUS ED STDNT TCHG,0.0,0.0,500,Music (MUS),1
MUS-I 611,MUS,611,PERFORMER DIPLOMA RECITAL,0.0,0.0,600,Music (MUS),1
MUS-I 612,MUS,612,EXAM IN ORCHESTRAL REPERTOIRE,0.0,0.0,600,Music (MUS),1
MUS-I 613,MUS,613,PERF DIPLOMA CHAMBER MUS REC,0.0,0.0,600,Music (MUS),1
MUS-I 614,MUS,614,PERF DIPLOMA CLB PIANO REC,0.0,0.0,600,Music (MUS),1
MUS-I 615,MUS,615,PERF DIPLOMA ORGAN IMPROV REC,0.0,0.0,600,Music (MUS),1
MUS-I 711,MUS,711,MASTERS RECITAL,0.0,0.0,700,Music (MUS),2
MUS-I 821,MUS,821,DOCTORAL CHAMBER MUSIC RECITAL,1.0,1.0,800,Music (MUS),2
MUS-I 911,MUS,911,ARTIST DIPLOMA RECITAL,0.0,0.0,900,Music (MUS),4
MUS-I 921,MUS,921,ARTIST DIPLOMA CHAMBER MUS REC,0.0,0.0,900,Music (MUS),1
MUS-J 100,MUS,100,BALLET ELECTIVE/SECONDARY,2.0,2.0,100,"Theatre, Drama & Cntmp Dance (THTR)",6
MUS-J 208,MUS,208,CONDITIONING THE DANCER'S BODY,1.0,1.0,200,Music (MUS),1
MUS-J 220,MUS,220,CONTEMPORARY BALLET,1.0,1.0,200,Music (MUS),1
MUS-J 340,MUS,340,BALLET PEDAGOGY,2.0,2.0,300,Music (MUS),1
MUS-J 400,MUS,400,BALLET MAJORS,5.0,6.0,400,Music (MUS),1
MUS-J 425,MUS,425,BALLET CAREER PLANNING,2.0,2.0,400,Music (MUS),1
MUS-J 700,MUS,700,BALLET GRAD ELECTIVE (BEGIN I),2.0,2.0,700,Music (MUS),6
MUS-K 100,MUS,100,"COMPOSITION, ELECT/SECONDARY",3.0,3.0,100,Music (MUS),1
MUS-K 101,MUS,101,FRESHMAN WORKSHOP/COMPOSITION,1.0,1.0,100,Music (MUS),1
MUS-K 133,MUS,133,NOTATION AND CALLIGRAPHY,1.0,1.0,100,Music (MUS),1
MUS-K 214,MUS,214,INSTRUMENTATION,2.0,2.0,200,Music (MUS),1
MUS-K 231,MUS,231,FREE COUNTERPOINT 1,2.0,2.0,200,Music (MUS),1
MUS-K 301,MUS,301,COMPOSITION FORUM,1.0,1.0,300,Music (MUS),1
MUS-K 302,MUS,302,PROJECTS IN SCORING VIS MEDIA,1.0,3.0,300,Music (MUS),1
MUS-K 340,MUS,340,SONGWRITING/MUSIC PRODUCTION,3.0,3.0,300,Music (MUS),1
MUS-K 361,MUS,361,INTRO TO MIDI/COMPUTER MUSIC,3.0,3.0,300,Music (MUS),2
MUS-K 400,MUS,400,COMPOSITION MAJOR,2.0,3.0,400,Music (MUS),6
MUS-K 402,MUS,402,SENIOR RECITAL IN COMPOSITION,0.0,0.0,400,Music (MUS),1
MUS-K 403,MUS,403,ELECTRONIC STUDIO RESOURCES I,3.0,3.0,400,Music (MUS),1
MUS-K 406,MUS,406,PROJECTS IN ELECTRONIC MUSIC,2.0,3.0,400,Music (MUS),1
MUS-K 451,MUS,451,ADVANCED ORCHESTRATION 1,2.0,2.0,400,Music (MUS),1
MUS-K 455,MUS,455,TOPICS IN SCORING VIS MEDIA,3.0,3.0,400,Music (MUS),2
MUS-K 457,MUS,457,ADV. TECH. IN SHORT FORM SCORE,3.0,3.0,400,Music (MUS),1
MUS-K 461,MUS,461,SYNTHESTRATION 1,3.0,3.0,400,Music (MUS),1
MUS-K 501,MUS,501,COMPOSITION FORUM,1.0,1.0,500,Music (MUS),1
MUS-K 502,MUS,502,PROJECTS IN SCORING VIS MEDIA,1.0,3.0,500,Music (MUS),2
MUS-K 503,MUS,503,ELECTRONIC STUDIO RESOURCES I,3.0,3.0,500,Music (MUS),1
MUS-K 506,MUS,506,PROJECTS IN ELECTRONIC MUSIC,2.0,3.0,500,Music (MUS),1
MUS-K 509,MUS,509,SEMINAR IN COMPUTER MUSIC,3.0,3.0,500,Music (MUS),1
MUS-K 550,MUS,550,TOPICS IN MUSIC COMPOSITION,1.0,1.0,500,Music (MUS),1
MUS-K 551,MUS,551,ADVANCED ORCHESTRATION,2.0,2.0,500,Music (MUS),1
MUS-K 555,MUS,555,TOPICS IN SCORING VIS MEDIA,3.0,3.0,500,Music (MUS),2
MUS-K 557,MUS,557,ADV. TECH IN SHORT FORM SCORE,3.0,3.0,500,Music (MUS),1
MUS-K 561,MUS,561,SYNTHESTRATION 1,3.0,3.0,500,Music (MUS),1
MUS-K 600,MUS,600,THESIS IN COMPOSITION,1.0,3.0,600,Music (MUS),1
MUS-K 611,MUS,611,CAPSTONE IN SCORING VIS MEDIA,1.0,3.0,600,Music (MUS),1
MUS-K 612,MUS,612,THESIS IN SCORING VIS MEDIA,1.0,3.0,600,Music (MUS),1
MUS-K 700,MUS,700,DISSERTATION IN COMPOSITION,1.0,15.0,700,Music (MUS),1
MUS-K 701,MUS,701,DOCTORAL COMP CHAMBER RECITAL,1.0,1.0,700,Music (MUS),1
MUS-K 702,MUS,702,DOCTORAL COMPOSITION DOC 1,0.0,0.0,700,Music (MUS),1
MUS-K 703,MUS,703,DOCTORAL COMPOSITION DOC 2,0.0,0.0,700,Music (MUS),1
MUS-K 710,MUS,710,COMPOSITION GRADUATE ELECTIVE,2.0,4.0,700,Music (MUS),1
MUS-K 810,MUS,810,COMPOSITION GRADUATE MINOR,2.0,4.0,800,Music (MUS),5
MUS-K 910,MUS,910,COMPOSITION GRADUATE MAJORS,3.0,6.0,900,Music (MUS),6
MUS-L 100,MUS,100,GUITAR ELECT/SECONDARY,2.0,2.0,100,Music (MUS),1
MUS-L 101,MUS,101,BEGINNING GUITAR CLASS,2.0,2.0,100,Music (MUS),6
MUS-L 102,MUS,102,INTERMEDIATE GUITAR CLASS,2.0,2.0,100,Music (MUS),1
MUS-L 121,MUS,121,BEGINNING GUITAR CLASS/STYLES,3.0,3.0,100,Music (MUS),25
MUS-L 122,MUS,122,INTERMED GUITAR CLASS/STYLES,3.0,3.0,100,Music (MUS),4
MUS-L 400,MUS,400,GUITAR UNDERGRAD MAJOR,2.0,6.0,400,Music (MUS),4
MUS-L 661,MUS,661,DOCTORAL GUITAR RECITAL,1.0,1.0,600,Music (MUS),2
MUS-L 700,MUS,700,GUITAR GRADUATE ELECTIVE,2.0,4.0,700,Music (MUS),1
MUS-L 800,MUS,800,GUITAR GRADUATE MINOR,2.0,4.0,800,Music (MUS),2
MUS-L 900,MUS,900,GUITAR GRAD MAJOR,3.0,8.0,900,Music (MUS),4
MUS-M 101,MUS,101,"MUSIC, SOCIETY, AND CULTURE",3.0,3.0,100,Music (MUS),5
MUS-M 368,MUS,368,BALLET HISTORY,2.0,2.0,300,Music (MUS),1
MUS-M 390,MUS,390,HIST OF JAZZ 1: ORIGINS-1959,3.0,3.0,300,Music (MUS),1
MUS-M 400,MUS,400,UNDERGRAD RDGS IN MUSICOLOGY,1.0,3.0,400,Music (MUS),1
MUS-M 401,MUS,401,HISTORY & LIT OF MUSIC I,4.0,4.0,400,Music (MUS),12
MUS-M 407,MUS,407,SURV ORGAN LIT & PERF PRACT I,3.0,3.0,400,Music (MUS),1
MUS-M 410,MUS,410,COMPOSER OR TOPIC,3.0,3.0,400,Music (MUS),1
MUS-M 413,MUS,413,TOPICS IN LATIN AMERICAN MUSIC,3.0,3.0,400,Music (MUS),1
MUS-M 415,MUS,415,INTERPRETNG UNACCOMPANIED BACH,2.0,2.0,400,Music (MUS),1
MUS-M 431,MUS,431,SONG LITERATURE I,3.0,3.0,400,Music (MUS),1
MUS-M 435,MUS,435,PERFORMANCE PRACT BEFORE 1750,2.0,2.0,400,Music (MUS),1
MUS-M 469,MUS,469,SEMINAR STRING QUARTET LIT,2.0,2.0,400,Music (MUS),1
MUS-M 501,MUS,501,PROSEMINAR MUSIC HISTORY/LIT,3.0,3.0,500,Music (MUS),4
MUS-M 507,MUS,507,SURV ORGAN LIT & PERF PRACT I,3.0,3.0,500,Music (MUS),1
MUS-M 510,MUS,510,TOPICS IN MUSIC LITERATURE,3.0,3.0,500,Music (MUS),6
MUS-M 513,MUS,513,HST & PERF OF LAT JAZZ & SALSA,3.0,3.0,500,Latin American Studies (LTAM),1
MUS-M 515,MUS,515,INTERPRETNG UNACCOMPANIED BACH,2.0,2.0,500,Music (MUS),1
MUS-M 519,MUS,519,BAROQUE PERF PRACTICE,2.0,2.0,500,Music (MUS),1
MUS-M 523,MUS,523,MUSIC/RHETORIC IN PERFORMANCE,2.0,2.0,500,Music (MUS),1
MUS-M 525,MUS,525,SURVEY OF OPERATIC LITERATURE,3.0,3.0,500,Music (MUS),1
MUS-M 527,MUS,527,SYMPHONIC LITERATURE,3.0,3.0,500,Music (MUS),1
MUS-M 528,MUS,528,CHAMBER MUSIC LITERATURE,3.0,3.0,500,Music (MUS),1
MUS-M 531,MUS,531,SONG LITERATURE III,3.0,3.0,500,Music (MUS),1
MUS-M 532,MUS,532,SONG LITERATURE IV,3.0,3.0,500,Music (MUS),1
MUS-M 534,MUS,534,STRING LIT/PED CLB PIANISTS,3.0,3.0,500,Music (MUS),1
MUS-M 537,MUS,537,MAST SEM CHORAL LIT: 20C-TODAY,3.0,3.0,500,Music (MUS),1
MUS-M 539,MUS,539,INTRO TO MUSIC BIBLIOGRAPHY,2.0,3.0,500,Music (MUS),3
MUS-M 540,MUS,540,TOPICS ORGAN LIT & PERF PRACT,2.0,2.0,500,Music (MUS),1
MUS-M 544,MUS,544,PIANO LIT FROM 1850 TO PRES,3.0,3.0,500,Music (MUS),1
MUS-M 547,MUS,547,WOODWIND LITERATURE 1,3.0,3.0,500,Music (MUS),2
MUS-M 550,MUS,550,DOCTORAL STRING LITERATURE,1.0,3.0,500,Music (MUS),4
MUS-M 551,MUS,551,INTRO TO HISTORICAL MUSICOLOGY,3.0,3.0,500,Music (MUS),1
MUS-M 556,MUS,556,RES IN THE HIST & LIT OF MUSIC,3.0,3.0,500,Music (MUS),1
MUS-M 571,MUS,571,MASTER'S SEM IN SYMPHONIC LIT,3.0,3.0,500,Music (MUS),1
MUS-M 579,MUS,579,MASTER'S SEMINAR IN WIND LIT,3.0,3.0,500,Music (MUS),1
MUS-M 594,MUS,594,BIG BAND JAZZ,3.0,3.0,500,Music (MUS),1
MUS-M 602,MUS,602,SEMINAR IN MUSICOLOGY,3.0,3.0,600,Music (MUS),2
MUS-M 604,MUS,604,QUALIFYING EXAM TUTORIAL,3.0,3.0,600,Music (MUS),1
MUS-M 605,MUS,605,QUAL EXAM/DISS AREA TUTORIAL,3.0,3.0,600,Music (MUS),1
MUS-M 607,MUS,607,SURV ORGAN LIT & PERF PRACT I,3.0,3.0,600,Music (MUS),1
MUS-M 620,MUS,620,DOCTORAL FINAL PROJECT,1.0,8.0,600,Music (MUS),1
MUS-M 621,MUS,621,DOCTORAL PIANO ESSAY,1.0,3.0,600,Music (MUS),1
MUS-M 627,MUS,627,IND STUDY OF LIT OF GUITAR I,3.0,3.0,600,Music (MUS),1
MUS-M 634,MUS,634,STRING LIT/PED CLB PIANISTS,3.0,3.0,600,Music (MUS),1
MUS-M 635,MUS,635,PERFORMANCE PRACT BEFORE 1750,2.0,2.0,600,Music (MUS),1
MUS-M 640,MUS,640,TOPICS ORGAN LIT & PERF PRACT,2.0,2.0,600,Music (MUS),1
MUS-M 642,MUS,642,BRASS LITERATURE 2,3.0,3.0,600,Music (MUS),1
MUS-M 645,MUS,645,SEM IN PIANO LITERATURE I,3.0,3.0,600,Music (MUS),1
MUS-M 652,MUS,652,RENAISSANCE MUSIC,3.0,3.0,600,Music (MUS),1
MUS-M 653,MUS,653,BAROQUE MUSIC,3.0,3.0,600,Music (MUS),1
MUS-M 655,MUS,655,ROMANTIC MUSIC,3.0,3.0,600,Music (MUS),1
MUS-M 657,MUS,657,MUSIC SINCE 1960,3.0,3.0,600,Music (MUS),1
MUS-M 663,MUS,663,DOCT SEM CHORAL LIT: 20C-TODAY,3.0,3.0,600,Music (MUS),1
MUS-M 665,MUS,665,SURVEY OF VIOLIN/VIOLA LIT I,2.0,2.0,600,Music (MUS),1
MUS-M 669,MUS,669,SEMINAR STRING QUARTET LIT,2.0,2.0,600,Music (MUS),1
MUS-M 671,MUS,671,DOCTORAL SEM IN SYMPHONIC LIT,3.0,3.0,600,Music (MUS),1
MUS-M 679,MUS,679,DOCTORAL SEMINAR IN WIND LIT,3.0,3.0,600,Music (MUS),1
MUS-M 688,MUS,688,SOLO VOCAL LIT AFTER 1900,3.0,3.0,600,Music (MUS),1
MUS-M 698,MUS,698,INDIV SEMINAR IN MUSICOLOGY,3.0,3.0,600,Music (MUS),1
MUS-M 700,MUS,700,DISSERTATION IN MUSICOLOGY,1.0,15.0,700,Music (MUS),1
MUS-N 340,MUS,340,MUSIC PERFORMANCE AND MEDIA,2.0,2.0,300,Music (MUS),1
MUS-N 399,MUS,399,HONORS SEMINAR IN MUSIC,3.0,3.0,300,Music (MUS),2
MUS-N 499,MUS,499,HONORS PROJECT IN MUSIC,3.0,3.0,400,Music (MUS),1
MUS-N 540,MUS,540,MUSIC PERFORMANCE AND MEDIA,3.0,3.0,500,Music (MUS),1
MUS-N 561,MUS,561,MIDI AND COMPUTER MUSIC,3.0,3.0,500,Music (MUS),2
MUS-O 101,MUS,101,FUNDAMENTALS OF JAZZ THEORY,2.0,2.0,100,Music (MUS),1
MUS-O 111,MUS,111,JAZZ BASS ELECT/SECONDARY,2.0,2.0,100,Music (MUS),1
MUS-O 112,MUS,112,JAZZ GUITAR ELECT/SECONDARY,2.0,2.0,100,Music (MUS),2
MUS-O 114,MUS,114,JAZZ PIANO ELECT/SECONDARY,2.0,2.0,100,Music (MUS),1
MUS-O 132,MUS,132,JAZZ TROMBONE ELECT/SECONDARY,2.0,2.0,100,Music (MUS),1
MUS-O 141,MUS,141,JAZZ VOICE ELECT/SECONDARY,2.0,2.0,100,Music (MUS),1
MUS-O 151,MUS,151,JAZZ OTHER ELECT/SECONDARY,2.0,2.0,100,Music (MUS),1
MUS-O 213,MUS,213,JAZZ LISTENING,3.0,3.0,200,Music (MUS),1
MUS-O 316,MUS,316,JAZZ ARRANGING 1,2.0,2.0,300,Music (MUS),1
MUS-O 322,MUS,322,JAZZ IMPROVISATION 2,2.0,2.0,300,Music (MUS),1
MUS-O 323,MUS,323,JAZZ IMPROVISATION 3,3.0,3.0,300,Music (MUS),1
MUS-O 411,MUS,411,JAZZ BASS UNDERGRAD MAJOR,2.0,3.0,400,Music (MUS),1
MUS-O 412,MUS,412,JAZZ GUITAR UNDERGRAD MAJOR,2.0,3.0,400,Music (MUS),1
MUS-O 413,MUS,413,JAZZ PERC UNDERGRAD MAJOR,2.0,3.0,400,Music (MUS),1
MUS-O 414,MUS,414,JAZZ PIANO UNDERGRAD MAJOR,2.0,3.0,400,Music (MUS),1
MUS-O 421,MUS,421,JAZZ SAX UNDERGRAD MAJOR,2.0,3.0,400,Music (MUS),2
MUS-O 431,MUS,431,JAZZ TRUMPET UNDERGRAD MAJOR,2.0,3.0,400,Music (MUS),1
MUS-O 432,MUS,432,JAZZ TROMBONE UNDERGRAD MAJOR,2.0,3.0,400,Music (MUS),1
MUS-O 441,MUS,441,JAZZ VOICE UNDERGRAD MAJOR,2.0,3.0,400,Music (MUS),1
MUS-O 450,MUS,450,JAZZ CHAMBER ENSEMBLE,1.0,1.0,400,Music (MUS),2
MUS-O 501,MUS,501,FUNDAMENTALS OF JAZZ THEORY,1.0,1.0,500,Music (MUS),1
MUS-O 513,MUS,513,JAZZ LISTENING/EAR TRAINING,3.0,3.0,500,Music (MUS),1
MUS-O 516,MUS,516,JAZZ ARRANGING 1,3.0,3.0,500,Music (MUS),1
MUS-O 522,MUS,522,JAZZ IMPROVISATION 2,3.0,3.0,500,Music (MUS),1
MUS-O 523,MUS,523,JAZZ IMPROVISATION 3,3.0,3.0,500,Music (MUS),1
MUS-O 550,MUS,550,JAZZ CHAMBER ENSEMBLE,0.0,1.0,500,Music (MUS),2
MUS-O 590,MUS,590,JAZZ RECITAL PREPARATION,1.0,1.0,500,Music (MUS),8
MUS-O 601,MUS,601,DOCTORAL JAZZ RECITAL,1.0,1.0,600,Music (MUS),1
MUS-O 602,MUS,602,DOCTORAL JAZZ LECTURE RECITAL,1.0,1.0,600,Music (MUS),1
MUS-O 741,MUS,741,JAZZ VOICE GRAD ELECTIVE,2.0,4.0,700,Music (MUS),1
MUS-O 811,MUS,811,JAZZ BASS GRAD MINOR,2.0,4.0,800,Music (MUS),1
MUS-O 812,MUS,812,JAZZ GUITAR GRAD MINOR,2.0,4.0,800,Music (MUS),2
MUS-O 813,MUS,813,JAZZ PERCUSSION GRAD MINOR,2.0,4.0,800,Music (MUS),1
MUS-O 814,MUS,814,JAZZ PIANO GRAD MINOR,2.0,4.0,800,Music (MUS),1
MUS-O 821,MUS,821,JAZZ SAXOPHONE GRAD MINOR,2.0,4.0,800,Music (MUS),2
MUS-O 831,MUS,831,JAZZ TRUMPET GRAD MINOR,2.0,4.0,800,Music (MUS),1
MUS-O 832,MUS,832,JAZZ TROMBONE GRAD MINOR,2.0,4.0,800,Music (MUS),1
MUS-O 841,MUS,841,JAZZ VOICE GRAD MINOR,2.0,4.0,800,Music (MUS),1
MUS-O 851,MUS,851,JAZZ OTHER GRAD MINOR,2.0,4.0,800,Music (MUS),1
MUS-O 911,MUS,911,JAZZ BASS GRAD MAJOR,2.0,8.0,900,Music (MUS),1
MUS-O 912,MUS,912,JAZZ GUITAR GRAD MAJOR,2.0,8.0,900,Music (MUS),1
MUS-O 913,MUS,913,JAZZ PERCUSSION GRAD MAJOR,2.0,8.0,900,Music (MUS),1
MUS-O 914,MUS,914,JAZZ PIANO GRAD MAJOR,2.0,8.0,900,Music (MUS),1
MUS-O 921,MUS,921,JAZZ SAXOPHONE GRAD MAJOR,2.0,8.0,900,Music (MUS),2
MUS-O 931,MUS,931,JAZZ TRUMPET GRAD MAJOR,2.0,8.0,900,Music (MUS),1
MUS-O 932,MUS,932,JAZZ TROMBONE GRAD MAJOR,2.0,8.0,900,Music (MUS),1
MUS-O 941,MUS,941,JAZZ VOICE GRAD MAJOR,2.0,8.0,900,Music (MUS),1
MUS-P 100,MUS,100,PIANO ELECT/SECONDARY,2.0,2.0,100,Music (MUS),1
MUS-P 110,MUS,110,BEGIN PIANO CLASS 1 NONMUS MAJ,3.0,3.0,100,"Theatre, Drama & Cntmp Dance (THTR)",46
MUS-P 111,MUS,111,PIANO CLASS MUSIC MAJORS I,2.0,2.0,100,Music (MUS),12
MUS-P 115,MUS,115,ACCEL BEGIN PIANO I NONMUS MAJ,3.0,3.0,100,Music (MUS),1
MUS-P 120,MUS,120,BEGIN PIANO CLASS 2 NONMUS MAJ,3.0,3.0,100,Music (MUS),11
MUS-P 121,MUS,121,PIANO CLASS MUSIC MAJORS II,2.0,2.0,100,Music (MUS),5
MUS-P 130,MUS,130,BEGIN PIANO CLASS 3 NONMUS MAJ,2.0,2.0,100,Music (MUS),1
MUS-P 131,MUS,131,PIANO CLASS MUSIC MAJORS III,2.0,2.0,100,Music (MUS),3
MUS-P 201,MUS,201,JAZZ PIANO CLASS 1,2.0,2.0,200,Music (MUS),2
MUS-P 202,MUS,202,JAZZ PIANO CLASS 2,2.0,2.0,200,Music (MUS),1
MUS-P 400,MUS,400,PIANO UNDERGRAD MAJOR,2.0,6.0,400,Music (MUS),9
MUS-P 601,MUS,601,DOCTORAL PIANO RECITAL,1.0,1.0,600,Music (MUS),1
MUS-P 603,MUS,603,DOCTORAL PIANO LECTURE/RECITAL,1.0,1.0,600,Music (MUS),1
MUS-P 604,MUS,604,DOCTORAL PIANO RECITAL-FINAL,1.0,1.0,600,Music (MUS),1
MUS-P 605,MUS,605,DOCTORAL PIANO CONCERTO I,1.0,1.0,600,Music (MUS),1
MUS-P 606,MUS,606,DOCTORAL PIANO CONCERTO II,1.0,1.0,600,Music (MUS),1
MUS-P 610,MUS,610,DOCTORAL CLB PIANO RECITAL,1.0,1.0,600,Music (MUS),4
MUS-P 700,MUS,700,PIANO GRADUATE ELECTIVE,2.0,4.0,700,Music (MUS),1
MUS-P 715,MUS,715,KEYBOARD REVIEW GRAD STUDENTS,1.0,1.0,700,Music (MUS),2
MUS-P 720,MUS,720,JAZZ PIANO REVIEW GRADUATE,1.0,1.0,700,Music (MUS),1
MUS-P 800,MUS,800,PIANO GRADUATE MINOR,2.0,4.0,800,Music (MUS),7
MUS-P 801,MUS,801,COLLABORATIVE PIANO GRAD MINOR,2.0,4.0,800,Music (MUS),1
MUS-P 900,MUS,900,PIANO GRAD MAJOR,3.0,8.0,900,Music (MUS),8
MUS-P 901,MUS,901,COLLABORATIVE PIANO GRAD MAJOR,3.0,8.0,900,Music (MUS),7
MUS-Q 100,MUS,100,ORGAN ELECT/SECONDARY,2.0,2.0,100,Music (MUS),1
MUS-Q 110,MUS,110,CARILLON ELECTIVE/SECONDARY,2.0,2.0,100,Music (MUS),1
MUS-Q 400,MUS,400,ORGAN UNDERGRAD MAJOR,2.0,6.0,400,Music (MUS),3
MUS-Q 601,MUS,601,DOCTORAL ORGAN RECITAL,1.0,1.0,600,Music (MUS),4
MUS-Q 608,MUS,608,DOCTORAL ORGAN/CHOIR PRACTICUM,1.0,1.0,600,Music (MUS),1
MUS-Q 700,MUS,700,ORGAN GRADUATE ELECTIVE,2.0,4.0,700,Music (MUS),3
MUS-Q 710,MUS,710,CARILLON GRADUATE ELECTIVE,2.0,4.0,700,Music (MUS),1
MUS-Q 800,MUS,800,ORGAN GRADUATE MINOR,2.0,4.0,800,Music (MUS),2
MUS-Q 900,MUS,900,ORGAN GRAD MAJOR,3.0,8.0,900,Music (MUS),3
MUS-R 410,MUS,410,DRAMATIC COACHING,1.0,2.0,400,Music (MUS),1
MUS-R 474,MUS,474,OPERA WORKSHOP,3.0,3.0,400,Music (MUS),1
MUS-R 571,MUS,571,OPERA WORKSHOP,3.0,3.0,500,Music (MUS),2
MUS-R 572,MUS,572,OPERA WORKSHOP,3.0,3.0,500,Music (MUS),1
MUS-R 610,MUS,610,DRAMATIC COACHING,1.0,2.0,600,Music (MUS),1
MUS-S 110,MUS,110,VIOLIN ELECT/SECONDARY,2.0,2.0,100,Music (MUS),3
MUS-S 120,MUS,120,VIOLA ELECT/SECONDARY,2.0,2.0,100,Music (MUS),2
MUS-S 130,MUS,130,CELLO ELECT/SECONDARY,2.0,2.0,100,Music (MUS),1
MUS-S 140,MUS,140,DOUBLE BASS ELECT/SECONDARY,2.0,2.0,100,Music (MUS),2
MUS-S 410,MUS,410,VIOLIN UNDERGRAD MAJOR,2.0,6.0,400,Music (MUS),12
MUS-S 420,MUS,420,VIOLA UNDERGRAD MAJOR,2.0,6.0,400,Music (MUS),6
MUS-S 430,MUS,430,CELLO UNDERGRAD MAJOR,2.0,6.0,400,Music (MUS),5
MUS-S 440,MUS,440,DOUBLE BASS UNDERGRAD MAJOR,2.0,6.0,400,Music (MUS),3
MUS-S 611,MUS,611,DOCTORAL VIOLIN RECITAL I,1.0,1.0,600,Music (MUS),1
MUS-S 612,MUS,612,DOCTORAL VIOLIN RECITAL II,1.0,1.0,600,Music (MUS),1
MUS-S 613,MUS,613,DOCTORAL VIOLIN CONCERTO,1.0,1.0,600,Music (MUS),1
MUS-S 614,MUS,614,DOCTORAL VIOLA CONCERTO,1.0,1.0,600,Music (MUS),1
MUS-S 621,MUS,621,DOCTORAL VIOLA RECITAL 1,1.0,1.0,600,Music (MUS),1
MUS-S 622,MUS,622,DOCTORAL VIOLA RECITAL 2,1.0,1.0,600,Music (MUS),1
MUS-S 631,MUS,631,DOCTORAL CELLO RECITAL I,1.0,1.0,600,Music (MUS),1
MUS-S 632,MUS,632,DOCTORAL CELLO RECITAL II,1.0,1.0,600,Music (MUS),1
MUS-S 633,MUS,633,DOCTORAL CELLO CONCERTO,1.0,1.0,600,Music (MUS),1
MUS-S 651,MUS,651,DOCTORAL DOUBLE BASS RECITAL 1,1.0,1.0,600,Music (MUS),1
MUS-S 652,MUS,652,DOCTORAL DOUBLE BASS RECITAL 2,1.0,1.0,600,Music (MUS),1
MUS-S 710,MUS,710,VIOLIN GRADUATE ELECTIVE,2.0,4.0,700,Music (MUS),2
MUS-S 720,MUS,720,VIOLA GRADUATE ELECTIVE,2.0,4.0,700,Music (MUS),1
MUS-S 730,MUS,730,CELLO GRADUATE ELECTIVE,2.0,4.0,700,Music (MUS),1
MUS-S 740,MUS,740,DOUBLE BASS GRADUATE ELECTIVE,2.0,4.0,700,Music (MUS),1
MUS-S 810,MUS,810,VIOLIN GRADUATE MINOR,2.0,4.0,800,Music (MUS),9
MUS-S 820,MUS,820,VIOLA GRADUATE MINOR,2.0,4.0,800,Music (MUS),5
MUS-S 830,MUS,830,CELLO GRADUATE MINOR,2.0,4.0,800,Music (MUS),4
MUS-S 840,MUS,840,DOUBLE BASS GRADUATE MINOR,2.0,4.0,800,Music (MUS),2
MUS-S 910,MUS,910,VIOLIN GRAD MAJOR,3.0,8.0,900,Music (MUS),11
MUS-S 920,MUS,920,VIOLA GRAD MAJOR,3.0,8.0,900,Music (MUS),7
MUS-S 930,MUS,930,CELLO GRAD MAJOR,3.0,8.0,900,Music (MUS),5
MUS-S 940,MUS,940,DOUBLE BASS GRAD MAJOR,3.0,8.0,900,Music (MUS),3
MUS-T 109,MUS,109,RUDIMENTS OF MUSIC 1,3.0,3.0,100,Music (MUS),6
MUS-T 132,MUS,132,MUSICAL SKILLS I,1.0,1.0,100,Music (MUS),1
MUS-T 134,MUS,134,POPULAR MUSIC SKILLS I,2.0,2.0,100,Music (MUS),3
MUS-T 151,MUS,151,MUSIC THEORY & LITERATURE I,3.0,3.0,100,Music (MUS),14
MUS-T 231,MUS,231,MUSICAL SKILLS II,1.0,1.0,200,Music (MUS),7
MUS-T 232,MUS,232,MUSICAL SKILLS III,1.0,1.0,200,Music (MUS),1
MUS-T 251,MUS,251,MUSIC THEORY & LITERATURE III,3.0,3.0,200,Music (MUS),9
MUS-T 261,MUS,261,MUSIC THEORY & LIT III HONORS,3.0,3.0,200,Honors (HON),2
MUS-T 331,MUS,331,MUSICAL SKILLS IV,1.0,1.0,300,Music (MUS),5
MUS-T 351,MUS,351,MUSIC THEORY & LITERATURE V,3.0,3.0,300,Music (MUS),3
MUS-T 361,MUS,361,MUSIC THEORY AND LIT V HONORS,3.0,3.0,300,Music (MUS),1
MUS-T 400,MUS,400,UNDERGRADUATE RDGS IN THEORY,1.0,3.0,400,Music (MUS),1
MUS-T 410,MUS,410,ANALYSIS OF HIP HOP,3.0,3.0,400,Honors (HON),2
MUS-T 508,MUS,508,WRITTEN THEORY REV-GRAD STDNTS,3.0,3.0,500,Music (MUS),1
MUS-T 545,MUS,545,INTRODUCTRY ANALYSIS MUSIC LIT,3.0,3.0,500,Music (MUS),1
MUS-T 551,MUS,551,ANALYTICAL TECHS/TONAL MUSIC,3.0,3.0,500,Music (MUS),1
MUS-T 556,MUS,556,ANALYSIS OF MUSIC SINCE 1900,3.0,3.0,500,Music (MUS),1
MUS-T 561,MUS,561,MUSIC THEORY: VARIABLE TOPICS,3.0,3.0,500,Music (MUS),1
MUS-T 565,MUS,565,STYLISTIC COUNTERPOINT,3.0,3.0,500,Music (MUS),1
MUS-T 591,MUS,591,MUSIC THEORY PEDAGOGY,3.0,3.0,500,Music (MUS),1
MUS-T 599,MUS,599,MASTER'S DEGREE COMP REVIEW,0.0,0.0,500,Music (MUS),1
MUS-T 619,MUS,619,PROJECTS/PROBLMS IN MUS THEORY,1.0,3.0,600,Music (MUS),1
MUS-T 650,MUS,650,DISSERTATION TOPIC WORKSHOP,1.0,1.0,600,Music (MUS),1
MUS-T 658,MUS,658,ANALYSIS OF POPULAR MUSIC,3.0,3.0,600,Cognitive Science (COGS),2
MUS-T 659,MUS,659,PUBLIC LECTURE,0.0,0.0,600,Music (MUS),1
MUS-T 700,MUS,700,DISSERTATION IN THEORY,1.0,12.0,700,Music (MUS),1
MUS-U 210,MUS,210,REED MAKING,1.0,1.0,200,Music (MUS),3
MUS-U 250,MUS,250,MUSIC CAREER DEVELOPMENT,2.0,2.0,200,Music (MUS),2
MUS-U 261,MUS,261,MUSIC/COMMUNITY ENGAGEMENT I,3.0,3.0,200,Music (MUS),1
MUS-U 300,MUS,300,INTRO MUSIC ENTREPRENEURSHIP,3.0,3.0,300,Music (MUS),1
MUS-U 315,MUS,315,PERF ARTS EDUC AND OUTREACH,0.0,3.0,300,Music (MUS),1
MUS-U 390,MUS,390,TOPICS UNDERGRAD MUSIC STUDY,1.0,1.0,300,Music (MUS),1
MUS-U 406,MUS,406,INTRO TO PIANO TECHNOLOGY,3.0,3.0,400,Music (MUS),1
MUS-U 501,MUS,501,INTRO TO PIANO TECHNOLOGY,3.0,3.0,500,Music (MUS),1
MUS-U 510,MUS,510,ADVANCED REED MAKING,1.0,1.0,500,Music (MUS),3
MUS-U 515,MUS,515,PERF ARTS EDUC AND OUTREACH,0.0,3.0,500,Music (MUS),1
MUS-U 540,MUS,540,INTRO MUSIC ENTREPRENEURSHIP,3.0,3.0,500,Music (MUS),1
MUS-U 550,MUS,550,MUSIC CAREER DEVELOPMENT,2.0,2.0,500,Music (MUS),2
MUS-U 590,MUS,590,TOPICS GRAD MUSIC STUDY,1.0,1.0,500,Music (MUS),1
MUS-U 596,MUS,596,RESEARCH IN MUSIC,1.0,3.0,500,Music (MUS),3
MUS-V 100,MUS,100,VOICE ELECT/SECONDARY,2.0,2.0,100,Music (MUS),1
MUS-V 101,MUS,101,VOICE CLASS,2.0,2.0,100,Music (MUS),2
MUS-V 105,MUS,105,VOICE CLASS AND STYLES,3.0,3.0,100,Music (MUS),8
MUS-V 120,MUS,120,LYRIC ENGLISH DICTION,1.0,1.0,100,Music (MUS),1
MUS-V 150,MUS,150,LYRIC ITALIAN DICTION,1.0,1.0,100,Music (MUS),1
MUS-V 250,MUS,250,LYRIC GERMAN DICTION,1.0,1.0,200,Music (MUS),1
MUS-V 350,MUS,350,LYRIC FRENCH DICTION,1.0,1.0,300,Music (MUS),1
MUS-V 400,MUS,400,VOICE UNDERGRAD MAJOR,2.0,3.0,400,Music (MUS),16
MUS-V 410,MUS,410,VOCAL COACHING,1.0,2.0,400,Music (MUS),3
MUS-V 580,MUS,580,PRACTICUM/GERMAN FOR MUSICIANS,2.0,2.0,500,Germanic Languages (GER),1
MUS-V 601,MUS,601,DOCTORAL VOICE RECITAL,1.0,1.0,600,Music (MUS),1
MUS-V 602,MUS,602,DOCTORAL VOICE RECITAL,1.0,1.0,600,Music (MUS),1
MUS-V 603,MUS,603,DOCTORAL VOICE RECITAL,1.0,1.0,600,Music (MUS),1
MUS-V 700,MUS,700,VOICE GRADUATE ELECTIVE,2.0,4.0,700,Music (MUS),1
MUS-V 800,MUS,800,VOICE GRADUATE MINOR,2.0,4.0,800,Music (MUS),9
MUS-V 900,MUS,900,VOICE GRAD MAJOR,3.0,8.0,900,Music (MUS),17
MUS-V 910,MUS,910,VOCAL COACHING,1.0,2.0,900,Music (MUS),3
MUS-W 110,MUS,110,FLUTE/PICCOLO ELECT/SECONDARY,2.0,2.0,100,Music (MUS),1
MUS-W 120,MUS,120,OBOE/ENG HORN ELECT/SECONDARY,2.0,2.0,100,Music (MUS),2
MUS-W 130,MUS,130,CLARINET ELECT/SECONDARY,2.0,2.0,100,Music (MUS),1
MUS-W 140,MUS,140,BASSOON ELECT/SECONDARY,2.0,2.0,100,Music (MUS),1
MUS-W 150,MUS,150,SAXOPHONE ELECT/SECONDARY,2.0,2.0,100,Music (MUS),2
MUS-W 410,MUS,410,FLUTE/PICCOLO UNDERGRAD MAJOR,2.0,6.0,400,Music (MUS),4
MUS-W 420,MUS,420,OBOE/ENG HORN UNDERGRAD MAJOR,2.0,6.0,400,Music (MUS),3
MUS-W 430,MUS,430,CLARINET UNDERGRAD MAJOR,2.0,6.0,400,Music (MUS),3
MUS-W 440,MUS,440,BASSOON UNDERGRAD MAJOR,2.0,6.0,400,Music (MUS),3
MUS-W 450,MUS,450,SAXOPHONE UNDERGRAD MAJOR,2.0,6.0,400,Music (MUS),2
MUS-W 611,MUS,611,DOCT WOODWIND SOLO RECITAL 1,1.0,1.0,600,Music (MUS),1
MUS-W 612,MUS,612,DOCT WOODWIND SOLO RECITAL 2,1.0,1.0,600,Music (MUS),1
MUS-W 613,MUS,613,DOCT WOODWIND CHAMBER MUS REC,1.0,1.0,600,Music (MUS),1
MUS-W 710,MUS,710,FLUTE/PICCOLO GRAD ELECTIVE,2.0,4.0,700,Music (MUS),1
MUS-W 720,MUS,720,OBOE/ENG HORN GRAD ELECTIVE,2.0,4.0,700,Music (MUS),2
MUS-W 730,MUS,730,CLARINET GRADUATE ELECTIVE,2.0,4.0,700,Music (MUS),1
MUS-W 740,MUS,740,BASSOON GRADUATE ELECTIVE,2.0,4.0,700,Music (MUS),1
MUS-W 750,MUS,750,SAXOPHONE GRADUATE ELECTIVE,2.0,4.0,700,Music (MUS),1
MUS-W 810,MUS,810,FLUTE & PICCOLO GRADUATE MINOR,2.0,4.0,800,Music (MUS),3
MUS-W 820,MUS,820,OBOE & ENG HORN GRADUATE MINOR,2.0,4.0,800,Music (MUS),2
MUS-W 830,MUS,830,CLARINET GRADUATE MINOR,2.0,4.0,800,Music (MUS),2
MUS-W 840,MUS,840,BASSOON GRADUATE MINOR,2.0,4.0,800,Music (MUS),2
MUS-W 850,MUS,850,SAXOPHONE GRADUATE MINOR,2.0,4.0,800,Music (MUS),2
MUS-W 910,MUS,910,FLUTE/PICCOLO GRAD MAJOR,3.0,8.0,900,Music (MUS),4
MUS-W 920,MUS,920,OBOE/ENG HORN GRAD MAJOR,3.0,8.0,900,Music (MUS),3
MUS-W 930,MUS,930,CLARINET GRAD MAJOR,3.0,8.0,900,Music (MUS),3
MUS-W 940,MUS,940,BASSOON GRAD MAJOR,3.0,8.0,900,Music (MUS),3
MUS-W 950,MUS,950,SAXOPHONE GRAD MAJOR,3.0,8.0,900,Music (MUS),2
MUS-X 1,MUS,1,ALL-CAMPUS ENSEMBLE,1.0,1.0,100,Music (MUS),5
MUS-X 2,MUS,2,PIANO ACCOMPANYING,2.0,2.0,100,Music (MUS),1
MUS-X 30,MUS,30,BALLET ENSEMBLE,2.0,2.0,100,Music (MUS),1
MUS-X 40,MUS,40,UNIV INSTRUMENTAL ENSEMBLES,2.0,2.0,100,Music (MUS),22
MUS-X 414,MUS,414,LATIN AMERICAN ENSEMBLE,2.0,2.0,400,Music (MUS),1
MUS-X 420,MUS,420,SMALL ENSEMBLES,1.0,1.0,400,Music (MUS),1
MUS-X 50,MUS,50,MARCHING HUNDRED NON-MUS MAJ,2.0,2.0,100,Music (MUS),1
MUS-X 60,MUS,60,HISTORICAL PERF ENSEMBLES,2.0,2.0,100,Music (MUS),1
MUS-X 601,MUS,601,DOCTORAL QUALIFYING EXAMS,1.0,1.0,600,Music (MUS),1
MUS-X 70,MUS,70,UNIVERSITY CHORAL ENSEMBLES,2.0,2.0,100,Music (MUS),3
MUS-X 80,MUS,80,SINGING HOOSIERS NON-MUS MAJ,2.0,2.0,100,Music (MUS),1
MUS-X 90,MUS,90,AUDIO TECHNICAL CREW,2.0,2.0,100,Music (MUS),2
MUS-Y 111,MUS,111,EARLY VOICE ELECT/SECONDARY,2.0,2.0,100,Music (MUS),1
MUS-Y 122,MUS,122,TRAVERSO ELECTIVE/SECONDARY,2.0,2.0,100,Music (MUS),1
MUS-Y 124,MUS,124,HIST CLARINET ELECT/SECONDARY,2.0,2.0,100,Music (MUS),1
MUS-Y 132,MUS,132,BAROQUE TRUMPET ELECT/SEC,2.0,2.0,100,Music (MUS),1
MUS-Y 133,MUS,133,NATURAL HORN ELECT/SECONDARY,2.0,2.0,100,Music (MUS),1
MUS-Y 134,MUS,134,SACKBUT ELECT/SECONDARY,2.0,2.0,100,Music (MUS),1
MUS-Y 143,MUS,143,BAROQUE CELLO ELECT/SECONDARY,2.0,2.0,100,Music (MUS),1
MUS-Y 144,MUS,144,VIOLA DA GAMBA ELECT/SECONDARY,2.0,2.0,100,Music (MUS),1
MUS-Y 153,MUS,153,HARPSICHORD ELECTIVE/SECONDARY,2.0,2.0,100,Music (MUS),2
MUS-Y 154,MUS,154,FORTEPIANO ELECTIVE/SECONDARY,2.0,2.0,100,Music (MUS),1
MUS-Y 450,MUS,450,HIST PERF CHAMBER ENSEMBLES,1.0,1.0,400,Music (MUS),1
MUS-Y 550,MUS,550,HIST PERF CHAMBER ENSEMBLES,0.0,1.0,500,Music (MUS),1
MUS-Y 701,MUS,701,DOCTRL RECITAL IN HIST PERF,1.0,1.0,700,Music (MUS),3
MUS-Y 711,MUS,711,EARLY VOICE GRAD ELECTIVE,2.0,4.0,700,Music (MUS),1
MUS-Y 722,MUS,722,TRAVERSO GRADUATE ELECTIVE,2.0,4.0,700,Music (MUS),1
MUS-Y 724,MUS,724,HIST CLARINET GRAD ELECTIVE,2.0,4.0,700,Music (MUS),1
MUS-Y 732,MUS,732,BAROQUE TRUMPET GRAD ELECTIVE,2.0,4.0,700,Music (MUS),1
MUS-Y 733,MUS,733,NATURAL HORN GRADUATE ELECTIVE,2.0,4.0,700,Music (MUS),1
MUS-Y 734,MUS,734,SACKBUT GRADUATE ELECTIVE,2.0,4.0,700,Music (MUS),1
MUS-Y 743,MUS,743,BAROQUE CELLO GRAD ELECTIVE,2.0,4.0,700,Music (MUS),1
MUS-Y 744,MUS,744,VIOLA DA GAMBA GRAD ELECTIVE,2.0,4.0,700,Music (MUS),1
MUS-Y 753,MUS,753,HARPSICHORD GRAD ELECTIVE,2.0,4.0,700,Music (MUS),1
MUS-Y 754,MUS,754,FORTEPIANO GRADUATE ELECTIVE,2.0,4.0,700,Music (MUS),1
MUS-Y 811,MUS,811,EARLY VOICE GRADUATE MINOR,2.0,4.0,800,Music (MUS),1
MUS-Y 822,MUS,822,TRAVERSO GRADUATE MINOR,2.0,4.0,800,Music (MUS),1
MUS-Y 824,MUS,824,HIST CLARINET GRAD MINOR,2.0,4.0,800,Music (MUS),1
MUS-Y 832,MUS,832,BAROQUE TRUMPET GRAD MINOR,2.0,4.0,800,Music (MUS),1
MUS-Y 833,MUS,833,NATURAL HORN GRAD MINOR,2.0,4.0,800,Music (MUS),1
MUS-Y 834,MUS,834,SACKBUT GRADUATE MINOR,2.0,4.0,800,Music (MUS),1
MUS-Y 843,MUS,843,BAROQUE CELLO GRAD MINOR,2.0,4.0,800,Music (MUS),1
MUS-Y 844,MUS,844,VIOLA DA GAMBA GRAD MINOR,2.0,4.0,800,Music (MUS),1
MUS-Y 853,MUS,853,HARPSICHORD GRADUATE MINOR,2.0,4.0,800,Music (MUS),3
MUS-Y 854,MUS,854,FORTEPIANO GRADUATE MINOR,2.0,4.0,800,Music (MUS),2
MUS-Y 911,MUS,911,EARLY VOICE GRADUATE MAJOR,3.0,8.0,900,Music (MUS),1
MUS-Y 941,MUS,941,BAROQUE VIOLIN GRAD MAJOR,3.0,8.0,900,Music (MUS),1
MUS-Y 943,MUS,943,BAROQUE CELLO GRAD MAJOR,3.0,8.0,900,Music (MUS),1
MUS-Y 944,MUS,944,VIOLA DA GAMBA GRAD MAJOR,3.0,8.0,900,Music (MUS),1
MUS-Y 953,MUS,953,HARPSICHORD GRADUATE MAJOR,3.0,8.0,900,Music (MUS),1
MUS-Z 101,MUS,101,MUSIC FOR THE LISTENER,3.0,3.0,100,Music (MUS),4
MUS-Z 110,MUS,110,NON-MUSIC MAJOR PERF ELECTIVE,3.0,4.0,100,Music (MUS),32
MUS-Z 111,MUS,111,INTRODUCTION TO MUSIC THEORY,3.0,3.0,100,"Theatre, Drama & Cntmp Dance (THTR)",7
MUS-Z 115,MUS,115,JAZZ IMPROVISATION AND THEORY,3.0,3.0,100,Music (MUS),1
MUS-Z 120,MUS,120,MUSIC IN MULTIMEDIA,3.0,3.0,100,Music (MUS),5
MUS-Z 130,MUS,130,MUSICAL PERFORMANCE CONTEXTS,3.0,3.0,100,Music (MUS),1
MUS-Z 165,MUS,165,THE UKULELE: PERF & HISTORY,3.0,3.0,100,Music (MUS),1
MUS-Z 190,MUS,190,JAZZ FOR LISTENERS,3.0,3.0,100,Music (MUS),1
MUS-Z 201,MUS,201,HISTORY OF ROCK AND ROLL MUSIC,3.0,3.0,200,Music (MUS),1
MUS-Z 203,MUS,203,HISTORY OF ROCK 'N' ROLL III,3.0,3.0,200,Music (MUS),1
MUS-Z 204,MUS,204,WOMEN MUSICIANS,3.0,3.0,200,Music (MUS),1
MUS-Z 209,MUS,209,AMERICAN INDIE ROCK,3.0,3.0,200,Music (MUS),1
MUS-Z 210,MUS,210,WOMEN IN POPULAR MUSIC,3.0,3.0,200,Music (MUS),1
MUS-Z 211,MUS,211,MUSIC THEORY II,3.0,3.0,200,Music (MUS),2
MUS-Z 213,MUS,213,LAT AMER/LATINO POP MUSC CULTR,3.0,3.0,200,Music (MUS),1
MUS-Z 220,MUS,220,"MUSIC, MULTIMEDIA, & PUB COMM",3.0,3.0,200,Music (MUS),1
MUS-Z 226,MUS,226,SUPERHEROES: MUSIC IN CINEMA,3.0,3.0,200,Music (MUS),1
MUS-Z 250,MUS,250,CHORAL MASTERWORKS,3.0,3.0,200,Music (MUS),1
MUS-Z 260,MUS,260,MUSIC IN AMERICAN SOCIETY,3.0,3.0,200,Music (MUS),1
MUS-Z 261,MUS,261,MUSIC/COMMUNITY ENGAGEMENT I,3.0,3.0,200,Music (MUS),1
MUS-Z 264,MUS,264,MUSIC AND VIDEOGAMES,3.0,3.0,200,Music (MUS),1
MUS-Z 265,MUS,265,AMERICAN COUNTRY MUSIC,3.0,3.0,200,Music (MUS),1
MUS-Z 270,MUS,270,MUSIC OF WAR AND PEACE,3.0,3.0,200,Music (MUS),1
MUS-Z 280,MUS,280,MUSIC OF THE SILK ROAD,3.0,3.0,200,Music (MUS),1
MUS-Z 281,MUS,281,EAST-WEST ENCOUNTERS IN MUSIC,3.0,3.0,200,Music (MUS),1
MUS-Z 282,MUS,282,MUSIC OF RUSSIA,3.0,3.0,200,Music (MUS),1
MUS-Z 283,MUS,283,POPULAR MUSIC OF EUROPE & ASIA,3.0,3.0,200,Music (MUS),1
MUS-Z 284,MUS,284,MUSIC IN GLOBAL CINEMA,3.0,3.0,200,Music (MUS),1
MUS-Z 287,MUS,287,MUSICAL CREATIVITY IN CULTURE,3.0,3.0,200,Music (MUS),1
MUS-Z 288,MUS,288,VIDEOGAME MUSIC/WORLD CULTURES,3.0,3.0,200,Music (MUS),1
MUS-Z 290,MUS,290,REMIXING,3.0,3.0,200,Music (MUS),1
MUS-Z 315,MUS,315,MUSIC FOR FILM,3.0,3.0,300,Music (MUS),1
MUS-Z 361,MUS,361,INTRO TO MIDI/COMPUTER MUSIC,3.0,3.0,300,Music (MUS),2
MUS-Z 401,MUS,401,THE MUSIC OF THE BEATLES,3.0,3.0,400,Music (MUS),1
MUS-Z 406,MUS,406,LEONARD BERNSTEIN: LIFE/MUSIC,3.0,3.0,400,Music (MUS),1
MUS-Z 710,MUS,710,NON-MUSIC PERF ELECTIVE,3.0,4.0,700,Music (MUS),26
NAIS-A 150,NAIS,150,INT NAT AM & INDIGENOUS STUDIES,3.0,3.0,100,Native Am and Indigenous St (NAIS),1
NAIS-A 275,NAIS,275,INDIGENOUS WORLDVIEWS,3.0,3.0,200,Native Am and Indigenous St (NAIS),1
NEUS-G 901,NEUS,901,ADVANCED RESEARCH,6.0,6.0,900,Center For Neural Sciences (NEUS),25
NEUS-N 500,NEUS,500,NEURAL SCIENCE I,3.0,3.0,500,Animal Behavior (ABEH),1
NEUS-N 650,NEUS,650,NEUROSCIENCE COLLOQUIUM SERIES,1.0,1.0,600,Center For Neural Sciences (NEUS),1
NEUS-N 700,NEUS,700,READINGS-NERVOUS SYSTEM,1.0,3.0,700,Center For Neural Sciences (NEUS),3
NEUS-N 800,NEUS,800,RESEARCH,1.0,12.0,800,Center For Neural Sciences (NEUS),38
NURS-A 103,NURS,103,MEDICAL TERM FOR HEALTH PROF,3.0,3.0,100,Nursing (NURS),1
NURS-B 235,NURS,235,HEALTH POPULATIONS PRACTICUM,1.0,1.0,200,Nursing (NURS),12
NURS-B 238,NURS,238,PROMOTING HEALTHY POPULATIONS,3.0,3.0,200,Nursing (NURS),2
NURS-B 244,NURS,244,COMPREHENSIVE HLTH ASSESSMENT,3.0,3.0,200,Nursing (NURS),2
NURS-B 245,NURS,245,HEALTH ASSESSMENT: PRACTICUM,2.0,2.0,200,Nursing (NURS),6
NURS-B 290,NURS,290,TRANSCULTURAL HLTH GLOBAL,3.0,3.0,200,Nursing (NURS),2
NURS-B 304,NURS,304,HEALTH POLICY,3.0,3.0,300,Nursing (NURS),1
NURS-B 331,NURS,331,TRANSITION TO BSN PRACTICE,3.0,3.0,300,Nursing (NURS),2
NURS-B 334,NURS,334,FAMILIES AND POPULATIONS,5.0,5.0,300,Nursing (NURS),7
NURS-B 344,NURS,344,NURSING ASSESSMENT,3.0,3.0,300,Nursing (NURS),1
NURS-B 403,NURS,403,AGING WITH DIGNITY,3.0,3.0,400,Nursing (NURS),1
NURS-B 404,NURS,404,INFORMATICS,3.0,3.0,400,Nursing (NURS),1
NURS-B 444,NURS,444,NURSING INTENSIVE,5.0,5.0,400,Nursing (NURS),5
NURS-H 355,NURS,355,DATA ANALYSIS AND RESEARCH,3.0,3.0,300,Nursing (NURS),3
NURS-H 356,NURS,356,BIOPHYSICAL PROCESSES,5.0,5.0,300,Nursing (NURS),14
NURS-H 360,NURS,360,INTERACTIVE PROCESSES,5.0,5.0,300,Nursing (NURS),7
NURS-H 399,NURS,399,HONORS PROPOSAL DEVELOPMENT,3.0,3.0,300,Nursing (NURS),6
NURS-H 403,NURS,403,CLINICAL INTENSIVE,2.0,2.0,400,Nursing (NURS),12
NURS-H 476,NURS,476,COMPLEX PROCESSES,5.0,5.0,400,Nursing (NURS),5
NURS-H 499,NURS,499,HONORS RESEARCH,3.0,3.0,400,Nursing (NURS),3
NURS-K 301,NURS,301,COMPLEMENTARY HEALTH THERAPIES,3.0,3.0,300,Nursing (NURS),1
NURS-K 310,NURS,310,SELF MANAGMNT/HEALTH PROMOTION,3.0,3.0,300,Nursing (NURS),2
NURS-K 434,NURS,434,TRENDS GLOBAL HEALTH NURSING,3.0,3.0,400,Nursing (NURS),1
NURS-L 430,NURS,430,LEADERSHIP,5.0,5.0,400,Nursing (NURS),5
NURS-P 345,NURS,345,PHARMACOLOGY FOR NURSING,3.0,3.0,300,Nursing (NURS),1
NURS-R 375,NURS,375,NURSING RESEARCH AND EBP,3.0,3.0,300,Nursing (NURS),1
NURS-R 470,NURS,470,CLINICAL NURSING CAPSTONE,3.0,3.0,400,Nursing (NURS),2
NURS-S 410,NURS,410,EMERGENCY PREPAREDNESS,3.0,3.0,400,Nursing (NURS),1
NURS-S 420,NURS,420,CARE COORDINATION,3.0,3.0,400,Nursing (NURS),1
NURS-S 474,NURS,474,APPLIED HEALTH CARE ETHICS,2.0,3.0,400,Nursing (NURS),3
NURS-S 475,NURS,475,COMMUNITY HEALTH: RNBSN,3.0,3.0,400,Nursing (NURS),1
NURS-S 487,NURS,487,NURSING MANAGEMENT: RNBSN,3.0,3.0,400,Nursing (NURS),1
NURS-S 488,NURS,488,SYNTHESIS,2.0,2.0,400,Nursing (NURS),1
OPT-V 469,OPT,469,SELECTED STUDIES,1.0,8.0,400,Optometry (OPT),1
OPT-V 521,OPT,521,GEOMETRIC AND VISUAL OPTICS 1,4.0,4.0,500,Optometry (OPT),5
OPT-V 540,OPT,540,OCCULAR ANATOMY AND PHYSIOLOGY,4.0,4.0,500,Optometry (OPT),1
OPT-V 542,OPT,542,SYSTEMIC HEALTH AND DISEASE 1,5.5,5.5,500,Optometry (OPT),4
OPT-V 550,OPT,550,CLINICAL SCIENCES I,3.0,3.0,500,Optometry (OPT),5
OPT-V 554,OPT,554,OPTOMETRIC PROFESSION I,0.5,0.5,500,Optometry (OPT),1
OPT-V 569,OPT,569,SELECTED STUDIES,1.0,8.0,500,Optometry (OPT),1
OPT-V 607,OPT,607,CONSULT PRAC BUS OF OPT,3.0,3.0,600,Optometry (OPT),1
OPT-V 610,OPT,610,STRAG PROFIT ANALYSIS OPT PRAC,3.0,3.0,600,Optometry (OPT),1
OPT-V 631,OPT,631,OPTICS III: OPHTHALMIC OPTICS,3.0,3.0,600,Optometry (OPT),5
OPT-V 644,OPT,644,OCULAR DISEASE I: ANT SEG,3.0,3.0,600,Optometry (OPT),1
OPT-V 646,OPT,646,OCULAR PHARMACOLOGY,3.0,3.0,600,Optometry (OPT),1
OPT-V 652,OPT,652,CLIN SCI III: ACCMDTN & BINOC VIS,3.0,3.0,600,Optometry (OPT),5
OPT-V 653,OPT,653,CLIN SCI III: POST SEG EXM TCH,2.0,2.0,600,Optometry (OPT),5
OPT-V 655,OPT,655,OPTOMETRIC PROFESSION II,0.5,0.5,600,Optometry (OPT),1
OPT-V 678,OPT,678,OPHTHALMIC DISPENSING CLINIC,2.0,2.0,600,Optometry (OPT),1
OPT-V 701,OPT,701,GRAND ROUNDS I,0.5,0.5,700,Optometry (OPT),1
OPT-V 746,OPT,746,OC DISEASE IV: NEURO DISEASES,2.0,2.0,700,Optometry (OPT),1
OPT-V 748,OPT,748,PRIN/MTHDS PHYS ASSESSMT & MED,3.5,3.5,700,Optometry (OPT),2
OPT-V 756,OPT,756,CLINICAL ASSESSMENT I,1.0,1.0,700,Optometry (OPT),1
OPT-V 758,OPT,758,MGMT OF AMBLYOPIA AND STRABISM,2.5,2.5,700,Optometry (OPT),5
OPT-V 780,OPT,780,CLIN SKILLS ENHANCEMENT-3RD YR,2.0,2.0,700,Optometry (OPT),1
OPT-V 782,OPT,782,CLINICAL SKILLS PRESERVATION,3.0,5.0,700,Optometry (OPT),1
OPT-V 786,OPT,786,OPTOMETRY CLINIC,4.0,4.0,700,Optometry (OPT),1
OPT-V 880,OPT,880,CLIN SKILLS ENHANCEMENT-4TH YR,1.0,10.0,800,Optometry (OPT),1
OPT-V 885,OPT,885,4TH YR CLINIC BLOOMINGTON,10.0,10.0,800,Optometry (OPT),2
OPT-V 887,OPT,887,4TH YR CLINIC INDIANAPOLIS,10.0,10.0,800,Optometry (OPT),2
OPT-V 888,OPT,888,4TH YR EXTERNAL OPT CLINIC,10.0,10.0,800,Optometry (OPT),2
OVST-A 494,OVST,494,EDUCATION ABROAD IN SWEDEN,12.0,12.0,400,Overseas Studies (OVST),2
OVST-A 496,OVST,496,ED ABROAD AT KENT-CANTERBURY,16.0,16.0,400,Overseas Studies (OVST),2
OVST-A 497,OVST,497,EDUCATION ABROAD IN GERMANY,16.0,16.0,400,Overseas Studies (OVST),5
OVST-A 499,OVST,499,EDUCATION ABROAD IN THAILAND,15.0,15.0,400,Overseas Studies (OVST),1
OVST-B 396,OVST,396,EDUCATION ABROAD IN BUDAPEST,16.0,16.0,300,Overseas Studies (OVST),2
OVST-B 496,OVST,496,EDUCATION ABROAD IN BOLOGNA,15.0,15.0,400,Overseas Studies (OVST),8
OVST-B 497,OVST,497,"ED ABROAD AT ANU, CANBERRA",12.0,12.0,400,Overseas Studies (OVST),2
OVST-C 494,OVST,494,EDUCATION ABROAD IN PORTUGAL,16.0,16.0,400,Overseas Studies (OVST),1
OVST-C 497,OVST,497,EDUCATION ABROAD IN PRAGUE,15.0,15.0,400,Overseas Studies (OVST),2
OVST-C 498,OVST,498,EDUCATION ABROAD AT U FREIBURG,15.0,15.0,400,Overseas Studies (OVST),2
OVST-D 396,OVST,396,EDUCATION ABROAD IN KOREA,15.0,15.0,300,Overseas Studies (OVST),4
OVST-D 494,OVST,494,EDUCATION ABROAD IN JORDAN,16.0,16.0,400,Overseas Studies (OVST),2
OVST-D 497,OVST,497,EDUCATION ABROAD AT U ADELAIDE,12.0,12.0,400,Overseas Studies (OVST),2
OVST-D 498,OVST,498,OVERSEAS STUDY IN OXFORD,16.0,16.0,400,Overseas Studies (OVST),2
OVST-E 497,OVST,497,EDUCATION ABROAD IN FREIBURG,17.0,17.0,400,Overseas Studies (OVST),1
OVST-F 396,OVST,396,EDUCATION ABROAD IN ROUEN,15.0,15.0,300,Overseas Studies (OVST),1
OVST-F 494,OVST,494,EDUCATION ABROAD IN MOROCCO,15.0,15.0,400,Overseas Studies (OVST),1
OVST-F 498,OVST,498,EDUCATION ABROAD IN IRELAND,15.0,15.0,400,Overseas Studies (OVST),5
OVST-G 497,OVST,497,EDUCATION ABROAD CYA GREECE,15.0,15.0,400,Overseas Studies (OVST),1
OVST-H 494,OVST,494,EDUCATION ABROAD IN GREECE,15.0,15.0,400,Overseas Studies (OVST),2
OVST-H 498,OVST,498,EDUCATION ABROAD IN DENMARK,15.0,15.0,400,Overseas Studies (OVST),2
OVST-I 496,OVST,496,EDUCATION ABROAD IN FLORENCE,15.0,15.0,400,Overseas Studies (OVST),1
OVST-I 497,OVST,497,EDUCATION ABROAD IN MILAN,15.0,15.0,400,Overseas Studies (OVST),4
OVST-I 498,OVST,498,EDUCATION ABROAD IN ARGENTINA,15.0,15.0,400,Latin American Studies (LTAM),3
OVST-J 396,OVST,396,EDUCATION ABROAD IN JAPAN,16.0,16.0,300,Overseas Studies (OVST),6
OVST-K 496,OVST,496,EDUCATION ABROAD IN CHINA,18.0,18.0,400,Overseas Studies (OVST),1
OVST-L 496,OVST,496,OVERSEAS STUDY IN LIMA,12.0,12.0,400,Latin American Studies (LTAM),0
OVST-L 497,OVST,497,EDUCATION ABROAD IN LONDON,15.0,15.0,400,Overseas Studies (OVST),3
OVST-L 499,OVST,499,EDUCATION ABROAD IN BONAIRE,17.0,17.0,400,Latin American Studies (LTAM),0
OVST-M 496,OVST,496,EDUCATION ABROAD IN MADRID,15.0,15.0,400,Overseas Studies (OVST),9
OVST-M 497,OVST,497,EDUCATION ABROAD IN MADRID,16.0,16.0,400,Overseas Studies (OVST),2
OVST-M 498,OVST,498,"ED ABROAD IN SANTIAGO, DR",15.0,15.0,400,Latin American Studies (LTAM),1
OVST-N 498,OVST,498,EDUCATION ABROAD IN MONTEVERDE,15.0,15.0,400,Latin American Studies (LTAM),1
OVST-N 499,OVST,499,EDUCATION ABROAD - NEW ZEALAND,15.0,15.0,400,Overseas Studies (OVST),1
OVST-O 496,OVST,496,EDUCATION ABROAD IN BRAZIL,15.0,15.0,400,Latin American Studies (LTAM),0
OVST-O 499,OVST,499,EDUCATION ABROAD IN ECUADOR,15.0,15.0,400,Latin American Studies (LTAM),3
OVST-P 396,OVST,396,EDUCATION ABROAD IN PARIS,15.0,15.0,300,Overseas Studies (OVST),2
OVST-P 497,OVST,497,EDUCATION ABROAD IN FRANCE,16.0,16.0,400,Overseas Studies (OVST),5
OVST-Q 496,OVST,496,EDUCATION ABROAD - NETHERLANDS,15.0,15.0,400,Overseas Studies (OVST),2
OVST-Q 497,OVST,497,EDUCATION ABROAD IN GHANA,15.0,15.0,400,Overseas Studies (OVST),2
OVST-Q 498,OVST,498,EDUCATION ABROAD IN BRITAIN,15.0,15.0,400,Overseas Studies (OVST),2
OVST-Q 499,OVST,499,EDUCATION ABROAD IN EUROPE,15.0,15.0,400,Overseas Studies (OVST),1
OVST-R 396,OVST,396,EDUCATION ABROAD IN ROME,15.0,15.0,300,Overseas Studies (OVST),3
OVST-R 496,OVST,496,EDUCATION ABROAD IN MAASTRICHT,15.0,15.0,400,Overseas Studies (OVST),1
OVST-R 497,OVST,497,EDUCATION ABROAD IN SYDNEY,16.0,16.0,400,Overseas Studies (OVST),1
OVST-R 498,OVST,498,EDUCATION ABROAD IN BARCELONA,16.0,16.0,400,Overseas Studies (OVST),5
OVST-S 396,OVST,396,EDUCATION ABROAD IN SINGAPORE,16.0,16.0,300,Overseas Studies (OVST),1
OVST-S 496,OVST,496,EDUCATION ABROAD IN SEVILLE,17.0,17.0,400,Overseas Studies (OVST),4
OVST-S 498,OVST,498,EDUCATION ABROAD-SOUTH AFRICA,18.0,18.0,400,Overseas Studies (OVST),2
OVST-S 499,OVST,499,EDUCATION ABROAD IN CHINESE,15.0,15.0,400,Overseas Studies (OVST),3
OVST-T 497,OVST,497,EDUCATION ABROAD IN JAPAN,15.0,15.0,400,Overseas Studies (OVST),1
OVST-T 498,OVST,498,EDUCATION ABROAD AT UWA PERTH,12.0,12.0,400,Overseas Studies (OVST),2
OVST-U 494,OVST,494,EDUCATION ABROAD-LATIN AMERICA,12.0,12.0,400,Overseas Studies (OVST),1
OVST-U 497,OVST,497,EDUCATION ABROAD IN CHILE,15.0,15.0,400,Latin American Studies (LTAM),3
OVST-U 498,OVST,498,EDUCATION ABROAD IN ASIA,12.0,12.0,400,Overseas Studies (OVST),2
OVST-V 496,OVST,496,EDUCATION ABROAD IN VIENNA,17.0,17.0,400,Overseas Studies (OVST),2
OVST-W 396,OVST,396,EDUCATION ABROAD IN WOLLONGONG,12.0,12.0,300,Overseas Studies (OVST),2
OVST-X 497,OVST,497,EDUCATION ABROAD IN HONG KONG,15.0,15.0,400,Overseas Studies (OVST),3
OVST-Y 496,OVST,496,EDUCATION ABROAD/NON-IU PROGRM,0.0,0.0,400,Overseas Studies (OVST),1
OVST-Y 498,OVST,498,ED ABROAD/NON-IU PROGRAM II,0.0,0.0,400,Overseas Studies (OVST),1
OVST-Z 497,OVST,497,"ED ABROAD AT U DE PRVENCE, AIX",15.0,15.0,400,Overseas Studies (OVST),2
OVST-Z 499,OVST,499,EDUCATION ABROAD IN SCOTLAND,15.0,15.0,400,Overseas Studies (OVST),2
PACE-C 100,PACE,100,LEADERS AND LEADERSHIP,3.0,3.0,100,Political & Civic Engagemt Prg (PACE),1
PACE-C 200,PACE,200,ISSUE FORUM,1.0,1.0,200,Political & Civic Engagemt Prg (PACE),1
PACE-C 250,PACE,250,LEADERSHIP AND PUBLIC POLICY,3.0,3.0,200,Political & Civic Engagemt Prg (PACE),2
PACE-C 440,PACE,440,FORUM DISCUSSION LEADER,1.0,1.0,400,Political & Civic Engagemt Prg (PACE),1
PACE-S 250,PACE,250,HONORS LDRSHIP & PUBLIC POLICY,3.0,3.0,200,Honors (HON),1
PACE-X 473,PACE,473,INTERNSHIP IN PACE,1.0,1.0,400,Political & Civic Engagemt Prg (PACE),2
PACE-X 490,PACE,490,READINGS IN PACE,1.0,3.0,400,Political & Civic Engagemt Prg (PACE),1
PHIL-G 599,PHIL,599,THESIS RESEARCH,0.0,0.0,500,Philosophy (PHIL),1
PHIL-G 901,PHIL,901,ADVANCED RESEARCH,6.0,6.0,900,Philosophy (PHIL),1
PHIL-M 302,PHIL,302,ETHICS & RESPONSIBLE MGMT,3.0,3.0,300,Philosophy (PHIL),1
PHIL-P 105,PHIL,105,CRITICAL THINKING,3.0,3.0,100,Philosophy (PHIL),6
PHIL-P 106,PHIL,106,PROBLEMS OF PHILOSOPHY: INTRO,3.0,3.0,100,Philosophy (PHIL),15
PHIL-P 141,PHIL,141,INTRO ETHICS THEORIES PROBLEMS,3.0,3.0,100,Philosophy (PHIL),11
PHIL-P 145,PHIL,145,LIBERTY AND JUSTICE,3.0,3.0,100,Philosophy (PHIL),5
PHIL-P 150,PHIL,150,ELEMENTARY LOGIC,3.0,3.0,100,Philosophy (PHIL),5
PHIL-P 200,PHIL,200,PROBLEMS OF PHILOSOPHY,3.0,3.0,200,Philosophy (PHIL),1
PHIL-P 201,PHIL,201,ANCIENT GREEK PHILOSOPHY,3.0,3.0,200,Philosophy (PHIL),1
PHIL-P 240,PHIL,240,BUS & MORALITY: ETHICS IN CNTXT,3.0,3.0,200,Philosophy (PHIL),1
PHIL-P 242,PHIL,242,APPLIED ETHICS,3.0,3.0,200,Philosophy (PHIL),1
PHIL-P 246,PHIL,246,INTRO TO PHILOSOPHY & ART,3.0,3.0,200,Philosophy (PHIL),1
PHIL-P 250,PHIL,250,INTRODUCTORY SYMBOLIC LOGIC,3.0,3.0,200,Philosophy (PHIL),1
PHIL-P 340,PHIL,340,CLASSICS IN ETHICS,3.0,3.0,300,Philosophy (PHIL),1
PHIL-P 345,PHIL,345,PROBLEMS IN SOC & POL PHIL,3.0,3.0,300,Philosophy (PHIL),1
PHIL-P 366,PHIL,366,PHILOSOPHY OF ACTION,3.0,3.0,300,Philosophy (PHIL),1
PHIL-P 370,PHIL,370,TOPICS IN PHILOSOPHY,3.0,3.0,300,Philosophy (PHIL),1
PHIL-P 470,PHIL,470,SPECIAL TOPICS IN PHILOSOPHY,3.0,3.0,400,Philosophy (PHIL),1
PHIL-P 498,PHIL,498,HONORS DIRECTED RESEARCH,4.0,4.0,400,Philosophy (PHIL),1
PHIL-P 499,PHIL,499,HONORS THESIS,3.0,6.0,400,Philosophy (PHIL),1
PHIL-P 500,PHIL,500,PROSEMINAR,3.0,3.0,500,Philosophy (PHIL),1
PHIL-P 505,PHIL,505,LOGICAL THEORY I,3.0,3.0,500,Cognitive Science (COGS),1
PHIL-P 541,PHIL,541,SEL TOPICS IN HIST OF ETHICS,3.0,3.0,500,Philosophy (PHIL),1
PHIL-P 562,PHIL,562,THEORY OF KNOWLEDGE,3.0,3.0,500,Philosophy (PHIL),1
PHIL-P 590,PHIL,590,INTENSIVE READING,1.0,3.0,500,Philosophy (PHIL),1
PHIL-P 595,PHIL,595,"ANCNT PHILOSO, GREEK, LATIN TEX",1.0,4.0,500,Philosophy (PHIL),1
PHIL-P 596,PHIL,596,RDGS:MEDIEVAL PHILOSO SOURCES,1.0,4.0,500,Medieval Studies (MEST),1
PHIL-P 597,PHIL,597,RDGS: MODERN PHILOSO SOURCES,1.0,4.0,500,Philosophy (PHIL),1
PHIL-P 780,PHIL,780,SEM IN PHIL OF MIND AND ACTION,3.0,3.0,700,Philosophy (PHIL),1
PHIL-P 803,PHIL,803,MASTERS THESIS IN PHILOSOPHY,3.0,6.0,800,Philosophy (PHIL),1
PHIL-P 804,PHIL,804,PROSPECTUS RESEARCH,3.0,3.0,800,Philosophy (PHIL),1
PHIL-P 805,PHIL,805,DOCTORS THESIS IN PHILOSOPHY,1.0,15.0,800,Philosophy (PHIL),2
PHIL-X 473,PHIL,473,INTERNSHIP IN PHILOSOPHY,1.0,3.0,400,Philosophy (PHIL),1
PHIL-X 490,PHIL,490,READINGS IN PHILOSOPHY,1.0,3.0,400,Philosophy (PHIL),2
PHSL-P 225,PHSL,225,HUMAN PHYSIOLOGY,5.0,5.0,200,Physiology (PHSL),23
PHSL-P 515,PHSL,515,HUMAN PHYSIOLOGY FOR EDUCATORS,5.0,5.0,500,Physiology (PHSL),1
PHSL-P 530,PHSL,530,SPECIAL TOPICS,1.0,5.0,500,Biology (BIOL),1
PHSL-P 537,PHSL,537,TOPICS IN CLINICAL PHYSIOLOGY,3.0,3.0,500,Physiology (PHSL),1
PHYS-G 901,PHYS,901,ADVANCED RESEARCH,6.0,6.0,900,Physics (PHYS),4
PHYS-H 221,PHYS,221,HONORS PHYSICS I,5.0,5.0,200,Honors (HON),4
PHYS-P 105,PHYS,105,BASIC PHYSICS OF SOUND,3.0,3.0,100,Physics (PHYS),1
PHYS-P 133,PHYS,133,PHYSICS FOR FUTURE LEADERS,3.0,3.0,100,Physics (PHYS),1
PHYS-P 150,PHYS,150,HOW THINGS WORK,3.0,3.0,100,Physics (PHYS),1
PHYS-P 201,PHYS,201,GENERAL PHYSICS 1,5.0,5.0,200,Physics (PHYS),48
PHYS-P 202,PHYS,202,GENERAL PHYSICS 2,5.0,5.0,200,Physics (PHYS),14
PHYS-P 221,PHYS,221,PHYSICS 1,5.0,5.0,200,Physics (PHYS),10
PHYS-P 222,PHYS,222,PHYSICS 2,5.0,5.0,200,Physics (PHYS),8
PHYS-P 301,PHYS,301,PHYSICS 3,3.0,3.0,300,Physics (PHYS),1
PHYS-P 309,PHYS,309,MODERN PHYSICS LABORATORY,3.0,3.0,300,Physics (PHYS),1
PHYS-P 310,PHYS,310,ENVIRONMENTAL PHYSICS,3.0,3.0,300,Physics (PHYS),1
PHYS-P 331,PHYS,331,THEORY OF ELECT & MAGNET I,3.0,3.0,300,Physics (PHYS),1
PHYS-P 400,PHYS,400,ANALOG AND DIGITAL ELECTRONICS,3.0,3.0,400,Physics (PHYS),1
PHYS-P 410,PHYS,410,COMPUTING APPLICATIONS IN PHYS,3.0,3.0,400,Physics (PHYS),1
PHYS-P 441,PHYS,441,ANALYTICAL MECHANICS 1,3.0,3.0,400,Physics (PHYS),1
PHYS-P 451,PHYS,451,EXPERIMENTS IN MOD PHYSICS,3.0,3.0,400,Physics (PHYS),1
PHYS-P 454,PHYS,454,MODERN PHYSICS,4.0,4.0,400,Physics (PHYS),1
PHYS-P 500,PHYS,500,PHYSICS COLLOQUIUM,1.0,1.0,500,Physics (PHYS),1
PHYS-P 504,PHYS,504,PRACT: PHYSICS LAB INSTR,1.0,1.0,500,Physics (PHYS),1
PHYS-P 506,PHYS,506,ELECTRICITY & MAGNETISM I,4.0,4.0,500,Physics (PHYS),1
PHYS-P 510,PHYS,510,ENVIRONMENTAL PHYSICS,3.0,3.0,500,Physics (PHYS),1
PHYS-P 511,PHYS,511,QUANTUM MECHANICS I,4.0,4.0,500,Physics (PHYS),1
PHYS-P 521,PHYS,521,CLASSICAL MECHANICS,3.0,3.0,500,Physics (PHYS),1
PHYS-P 540,PHYS,540,DIGITAL ELECTRONICS,3.0,3.0,500,Physics (PHYS),1
PHYS-P 551,PHYS,551,MODERN PHYSICS LABORATORY,3.0,3.0,500,Physics (PHYS),1
PHYS-P 555,PHYS,555,QUANTUM COMPUTATION & INFO,3.0,3.0,500,Physics (PHYS),1
PHYS-P 609,PHYS,609,COMPUTATIONAL PHYSICS,3.0,3.0,600,Physics (PHYS),1
PHYS-P 615,PHYS,615,CONDENSED MATTER PHYSICS I,3.0,3.0,600,Physics (PHYS),1
PHYS-P 621,PHYS,621,RELATIVISTIC QUANTUM FLD TH I,4.0,4.0,600,Physics (PHYS),1
PHYS-P 625,PHYS,625,QUANTUM MANY-BODY THEORY I,3.0,3.0,600,Physics (PHYS),1
PHYS-P 635,PHYS,635,FRONTIER PARTICLE PHYSICS I,3.0,3.0,600,Physics (PHYS),1
PHYS-P 640,PHYS,640,SUBATOMIC PHYSICS I,3.0,3.0,600,Physics (PHYS),1
PHYS-P 705,PHYS,705,SEM HIGH ENERG PHYS & ELEM PT,1.0,1.0,700,Physics (PHYS),1
PHYS-P 706,PHYS,706,SEM IN SOLID STATE PHYSICS,1.0,1.0,700,Physics (PHYS),1
PHYS-P 790,PHYS,790,SEM IN MATHEMATICAL PHYSICS,1.0,2.0,700,Physics (PHYS),1
PHYS-P 800,PHYS,800,RESEARCH,1.0,12.0,800,Physics (PHYS),2
PHYS-P 801,PHYS,801,READINGS,1.0,12.0,800,Physics (PHYS),2
PHYS-P 802,PHYS,802,RESEARCH,1.0,12.0,800,Physics (PHYS),5
PHYS-P 803,PHYS,803,READINGS,1.0,12.0,800,Physics (PHYS),2
PHYS-P 804,PHYS,804,READINGS IN ETHICS,1.0,1.0,800,Physics (PHYS),2
PHYS-S 409,PHYS,409,APPLIED PHYSICS THESIS,1.0,4.0,400,Physics (PHYS),1
PHYS-X 473,PHYS,473,APPLIED PHYSICS INTERNSHIP,1.0,1.0,400,Physics (PHYS),1
PHYS-X 490,PHYS,490,READINGS IN PHYSICS,1.0,3.0,400,Physics (PHYS),1
PHYS-X 498,PHYS,498,RESEARCH PROJECT,1.0,6.0,400,Physics (PHYS),1
POLS-G 901,POLS,901,ADVANCED RESEARCH,6.0,6.0,900,Political Science (POLS),1
POLS-X 299,POLS,299,CAREERS: POLITICL SCI STUDENTS,1.0,1.0,200,Political Science (POLS),1
POLS-X 471,POLS,471,TEACHING ASSISTANTSHIP,1.0,6.0,400,Political Science (POLS),2
POLS-X 477,POLS,477,FIELD EXPERIENCE IN POL SCI,1.0,6.0,400,Political Science (POLS),2
POLS-X 490,POLS,490,UNDERGRAD READINGS IN POL SCI,1.0,6.0,400,Political Science (POLS),1
POLS-Y 100,POLS,100,AMERICAN POLIT CONTROVERSIES,3.0,3.0,100,Political Science (POLS),1
POLS-Y 103,POLS,103,INTRO TO AMERICAN POLITICS,3.0,3.0,100,Political Science (POLS),1
POLS-Y 105,POLS,105,INTRO TO POLITICAL THEORY,3.0,3.0,100,Political Science (POLS),7
POLS-Y 107,POLS,107,INTRO TO COMPARATIVE POLITICS,3.0,3.0,100,Political Science (POLS),1
POLS-Y 109,POLS,109,INTRO TO INTL RELATIONS,3.0,3.0,100,Political Science (POLS),1
POLS-Y 205,POLS,205,ANALYZING POLITICS,3.0,3.0,200,Political Science (POLS),1
POLS-Y 211,POLS,211,INTRODUCTION TO LAW,3.0,3.0,200,Political Science (POLS),1
POLS-Y 212,POLS,212,MAKING DEMOCRACY WORK,3.0,3.0,200,Political Science (POLS),1
POLS-Y 249,POLS,249,"RELIGN, POLITICS & PUBLIC POLICY",3.0,3.0,200,Political Science (POLS),1
POLS-Y 300,POLS,300,TOPICS IN CUR POL & GOVERNANCE,3.0,3.0,300,Political Science (POLS),1
POLS-Y 311,POLS,311,DEMOCRACY & NATIONAL SECURITY,3.0,3.0,300,Political Science (POLS),1
POLS-Y 317,POLS,317,VOTING/ELECTNS/PUBLIC OPINION,3.0,3.0,300,Political Science (POLS),1
POLS-Y 319,POLS,319,THE UNITED STATES CONGRESS,3.0,3.0,300,Political Science (POLS),1
POLS-Y 329,POLS,329,RACIAL & ETHNIC POLITICS USA,3.0,3.0,300,Political Science (POLS),1
POLS-Y 344,POLS,344,CIVIL WARS,3.0,3.0,300,Political Science (POLS),1
POLS-Y 346,POLS,346,POLITICS IN DEVELOPING WORLD,3.0,3.0,300,Political Science (POLS),1
POLS-Y 361,POLS,361,CONTEM THEOR OF INTL POLITICS,3.0,3.0,300,Political Science (POLS),1
POLS-Y 363,POLS,363,COMPARATIVE FOREIGN POLICY,3.0,3.0,300,Political Science (POLS),1
POLS-Y 368,POLS,368,RUSSIAN & SOVIET FOREIGN POL,3.0,3.0,300,Political Science (POLS),1
POLS-Y 379,POLS,379,ETHICS AND PUBLIC POLICY,3.0,3.0,300,Political Science (POLS),1
POLS-Y 381,POLS,381,CLASSICAL POLITICAL THOUGHT,3.0,3.0,300,Political Science (POLS),1
POLS-Y 383,POLS,383,FDNS AMERICAN POLITICL THOUGHT,3.0,3.0,300,Political Science (POLS),1
POLS-Y 395,POLS,395,QUANTITATIVE POLIT ANALYSIS,3.0,3.0,300,Political Science (POLS),1
POLS-Y 490,POLS,490,SENIOR SEM IN POLIT SCIENCE,3.0,3.0,400,Political Science (POLS),3
POLS-Y 499,POLS,499,HONORS THESIS,3.0,3.0,400,Political Science (POLS),1
POLS-Y 570,POLS,570,INTRO TO STUDY OF POLITICS,3.0,3.0,500,Political Science (POLS),1
POLS-Y 575,POLS,575,POLITICAL DATA ANALYSIS I,3.0,3.0,500,Political Science (POLS),1
POLS-Y 577,POLS,577,TOPICS IN DATA ANALYSIS,3.0,3.0,500,Political Science (POLS),1
POLS-Y 657,POLS,657,COMPARATIVE POLITICS,3.0,3.0,600,Political Science (POLS),2
POLS-Y 661,POLS,661,AMERICAN POLITICS,3.0,3.0,600,Political Science (POLS),1
POLS-Y 669,POLS,669,INTERNATIONAL RELATIONS,3.0,3.0,600,Political Science (POLS),1
POLS-Y 675,POLS,675,POLITICAL PHILOSOPHY,3.0,3.0,600,Political Science (POLS),1
POLS-Y 681,POLS,681,READINGS IN COMP POLITICS,1.0,4.0,600,Political Science (POLS),1
POLS-Y 683,POLS,683,READINGS IN AMER POLITICS,1.0,4.0,600,Political Science (POLS),1
POLS-Y 685,POLS,685,"READ IN PUBLIC ADMIN, LAW & POL",1.0,4.0,600,Political Science (POLS),1
POLS-Y 687,POLS,687,READINGS IN INTL RELATIONS,1.0,4.0,600,Political Science (POLS),1
POLS-Y 689,POLS,689,READ IN POLITIC THEORY & MTHD,1.0,4.0,600,Political Science (POLS),1
POLS-Y 780,POLS,780,DIR RES IN POLITICAL SCIENCE,1.0,4.0,700,Political Science (POLS),2
POLS-Y 880,POLS,880,THESIS A M,1.0,4.0,800,Political Science (POLS),1
POLS-Y 890,POLS,890,THESIS PH D,1.0,12.0,800,Political Science (POLS),2
PSY-C 109,PSY,109,CAREERS 1 WELCOME,1.0,1.0,100,Psychological & Brain Sciences (PSY),2
PSY-C 209,PSY,209,CAREERS 2 SELF EXPLORATION,1.0,1.0,200,Psychological & Brain Sciences (PSY),2
PSY-C 309,PSY,309,CAREERS 3: HIGH GEAR EXPLORE,1.0,1.0,300,Psychological & Brain Sciences (PSY),2
PSY-G 901,PSY,901,ADVANCED RESEARCH,6.0,6.0,900,Psychological & Brain Sciences (PSY),2
PSY-K 300,PSY,300,STATISTICAL TECHNIQUES,3.0,3.0,300,Psychological & Brain Sciences (PSY),5
PSY-M 111,PSY,111,MEASUREMENT & ANALYSIS SKILLS,2.0,2.0,100,Psychological & Brain Sciences (PSY),1
PSY-M 112,PSY,112,SCIENTIFIC LIT & COMM SKILLS,2.0,2.0,100,Psychological & Brain Sciences (PSY),1
PSY-M 211,PSY,211,RESEARCH METHODS I: FOUNDATION,3.0,3.0,200,Psychological & Brain Sciences (PSY),2
PSY-M 311,PSY,311,RESRCH METHDS II: APPLICATIONS,3.0,3.0,300,Psychological & Brain Sciences (PSY),4
PSY-P 101,PSY,101,INTRODUCTORY PSYCHOLOGY 1,3.0,3.0,100,Psychological & Brain Sciences (PSY),9
PSY-P 102,PSY,102,INTRODUCTORY PSYCHOLOGY 2,3.0,3.0,100,Psychological & Brain Sciences (PSY),2
PSY-P 155,PSY,155,INTRO TO PSY & BRAIN SCIENCES,3.0,3.0,100,Psychological & Brain Sciences (PSY),3
PSY-P 304,PSY,304,SOC PSYCHOL INDIV DIFFERENCES,3.0,3.0,300,Psychological & Brain Sciences (PSY),3
PSY-P 315,PSY,315,DEVELOPMENTAL PSYCHOLOGY,3.0,3.0,300,Psychological & Brain Sciences (PSY),2
PSY-P 318,PSY,318,FOUNDATIONS CLINICAL SCIENCE,3.0,3.0,300,Psychological & Brain Sciences (PSY),1
PSY-P 319,PSY,319,THE PSYCHOLOGY OF PERSONALITY,3.0,3.0,300,Psychological & Brain Sciences (PSY),1
PSY-P 323,PSY,323,INDUSTRIAL/ORGANIZATIONAL PSY,3.0,3.0,300,Psychological & Brain Sciences (PSY),1
PSY-P 324,PSY,324,ABNORMAL PSYCHOLOGY,3.0,3.0,300,Psychological & Brain Sciences (PSY),3
PSY-P 329,PSY,329,SENSATION AND PERCEPTION,3.0,3.0,300,Psychological & Brain Sciences (PSY),1
PSY-P 335,PSY,335,COGNITIVE PSYCHOLOGY,3.0,3.0,300,Psychological & Brain Sciences (PSY),3
PSY-P 336,PSY,336,PSYCHOLOGICAL TESTS & INDIV DIFF,3.0,3.0,300,Psychological & Brain Sciences (PSY),1
PSY-P 337,PSY,337,CLINICAL NEUROSCIENCE,3.0,3.0,300,Psychological & Brain Sciences (PSY),1
PSY-P 346,PSY,346,NEUROSCIENCE,3.0,3.0,300,Psychological & Brain Sciences (PSY),5
PSY-P 347,PSY,347,SCIENCE OF HUMAN SEXUALITY,3.0,3.0,300,Psychological & Brain Sciences (PSY),1
PSY-P 350,PSY,350,HUMAN FACTORS/ERGONOMICS,3.0,3.0,300,Psychological & Brain Sciences (PSY),1
PSY-P 357,PSY,357,TOPICS IN PSYCHOLOGY,3.0,3.0,300,Psychological & Brain Sciences (PSY),1
PSY-P 366,PSY,366,CONSUMER PSYCHOLOGY,3.0,3.0,300,Psychological & Brain Sciences (PSY),1
PSY-P 407,PSY,407,DRUGS AND THE NERVOUS SYSTEM,3.0,3.0,400,Psychological & Brain Sciences (PSY),2
PSY-P 411,PSY,411,NEURAL BASE OF LRNG & MEMORY,3.0,3.0,400,Psychological & Brain Sciences (PSY),1
PSY-P 426,PSY,426,LAB IN BEHAVIORAL NEUROSCIENCE,3.0,3.0,400,Psychological & Brain Sciences (PSY),10
PSY-P 443,PSY,443,COGNITIVE DEVELOPMENT,3.0,3.0,400,Psychological & Brain Sciences (PSY),1
PSY-P 448,PSY,448,SOC JUDGMENT & PERSON PERCEPT,3.0,3.0,400,Psychological & Brain Sciences (PSY),1
PSY-P 453,PSY,453,DECISION-MAKING AND THE BRAIN,3.0,3.0,400,Psychological & Brain Sciences (PSY),1
PSY-P 457,PSY,457,TOPICS IN PSYCHOLOGY,3.0,3.0,400,Psychological & Brain Sciences (PSY),11
PSY-P 461,PSY,461,HUMAN MEMORY,3.0,3.0,400,Psychological & Brain Sciences (PSY),1
PSY-P 466,PSY,466,MOLECULAR & CELLULR NEUROBIOLOGY,3.0,3.0,400,Psychological & Brain Sciences (PSY),1
PSY-P 469,PSY,469,STRESS EFFECTS ON BRAIN & BEH,3.0,3.0,400,Psychological & Brain Sciences (PSY),1
PSY-P 473,PSY,473,LAB IN MOLECULAR NEUROSCIENCE,4.0,4.0,400,Psychological & Brain Sciences (PSY),1
PSY-P 480,PSY,480,PSYCHOTHERAPY: ESTS,3.0,3.0,400,Psychological & Brain Sciences (PSY),1
PSY-P 483,PSY,483,CLINICAL SUPERVISION,3.0,3.0,400,Psychological & Brain Sciences (PSY),1
PSY-P 499,PSY,499,HONORS THESIS RESEARCH,1.0,12.0,400,Psychological & Brain Sciences (PSY),1
PSY-P 530,PSY,530,CLINICAL PSYCHOLOGY,3.0,3.0,500,Psychological & Brain Sciences (PSY),1
PSY-P 553,PSY,553,ADV STATISTICS IN PSYCHOLOGY 1,3.0,3.0,500,Psychological & Brain Sciences (PSY),1
PSY-P 561,PSY,561,HUMAN MEMORY,3.0,3.0,500,Psychological & Brain Sciences (PSY),1
PSY-P 595,PSY,595,FIRST-YEAR RESEARCH SEMINAR,2.0,3.0,500,Psychological & Brain Sciences (PSY),1
PSY-P 657,PSY,657,LAB IN MOLECULAR NEUROSCIENCE,4.0,4.0,600,Center For Neural Sciences (NEUS),10
PSY-P 690,PSY,690,PRACTICUM IN CLIN PSYCHOLOGY,1.0,3.0,600,Psychological & Brain Sciences (PSY),5
PSY-P 700,PSY,700,RESEARCH & THEORY IN SOC PSY,0.0,2.0,700,Psychological & Brain Sciences (PSY),1
PSY-P 701,PSY,701,RSRCH & THRY DEVELOPMENTAL SCI,1.0,1.0,700,Psychological & Brain Sciences (PSY),1
PSY-P 721,PSY,721,GROUP PROCESSES,3.0,3.0,700,Psychological & Brain Sciences (PSY),1
PSY-P 895,PSY,895,RESEARCH,1.0,12.0,800,Psychological & Brain Sciences (PSY),61
PSY-P 898,PSY,898,MASTERS DEGREE RESEARCH,1.0,12.0,800,Psychological & Brain Sciences (PSY),1
PSY-P 899,PSY,899,PHD DEGREE RESEARCH,1.0,12.0,800,Psychological & Brain Sciences (PSY),2
PSY-X 371,PSY,371,UG TEACHING INTERNSHIP,3.0,3.0,300,Psychological & Brain Sciences (PSY),1
PSY-X 397,PSY,397,SUPERVISED RESEARCH I,1.0,3.0,300,Psychological & Brain Sciences (PSY),61
PSY-X 398,PSY,398,SUPERVISED RESEARCH II,1.0,3.0,300,Psychological & Brain Sciences (PSY),60
PSY-X 497,PSY,497,SUPERVISED RESEARCH III,1.0,3.0,400,Psychological & Brain Sciences (PSY),61
PSY-X 498,PSY,498,CAPSTONE SUPERVISED RESEARCH,2.0,3.0,400,Psychological & Brain Sciences (PSY),60
PSY-Y 414,PSY,414,THE CONNECTED BRAIN,3.0,3.0,400,Psychological & Brain Sciences (PSY),1
PSY-Y 427,PSY,427,MECHANISMS OF ADDICTION I,3.0,3.0,400,Psychological & Brain Sciences (PSY),1
REEI-R 203,REEI,203,S & H TPCS IN E EUROPE & N ASIA,3.0,3.0,200,Russian & East European Inst (REEI),1
REEI-R 204,REEI,204,A & H TPCS IN E EUROPE & N ASIA,3.0,3.0,200,Russian & East European Inst (REEI),1
REEI-R 300,REEI,300,RUSSIAN & EAST EUROPEAN ISSUES,3.0,3.0,300,Russian & East European Inst (REEI),5
REEI-R 301,REEI,301,RUSS & EAST EUROPEAN AREA TPCS,3.0,3.0,300,Russian & East European Inst (REEI),9
REEI-R 304,REEI,304,ADV TPCS NA/EE ARTS/CULTURES,3.0,3.0,300,Russian & East European Inst (REEI),1
REEI-R 500,REEI,500,RUSSIAN & EAST EUROPEAN ISSUES,3.0,3.0,500,Russian & East European Inst (REEI),15
REEI-R 575,REEI,575,GRAD RDS IN RUSS & E EUR STDY,1.0,3.0,500,Russian & East European Inst (REEI),1
REEI-R 600,REEI,600,PROSEM IN RUSS/E EUR AREA STDS,3.0,3.0,600,Russian & East European Inst (REEI),1
REEI-X 490,REEI,490,RDGS IN RUSS & E EUROPE STDY,1.0,3.0,400,Russian & East European Inst (REEI),1
REL-A 210,REL,210,INTR OLD TESTAMNT/HEBREW BIBLE,3.0,3.0,200,Religious Studies (REL),1
REL-A 250,REL,250,INTRODUCTION TO CHRISTIANITY,3.0,3.0,200,Religious Studies (REL),1
REL-A 270,REL,270,INTRODUCTION TO ISLAM,3.0,3.0,200,India Studies (INST),1
REL-B 210,REL,210,INTRODUCTION TO BUDDHISM,3.0,3.0,200,India Studies (INST),1
REL-B 220,REL,220,INTRODUCTION TO HINDUISM,3.0,3.0,200,India Studies (INST),1
REL-B 310,REL,310,EAST ASIAN BUDDHISM,3.0,3.0,300,Religious Studies (REL),1
REL-B 433,REL,433,EMBODYING NIRVANA,3.0,3.0,400,Religious Studies (REL),1
REL-C 320,REL,320,AFRICAN-AMERICAN RELIGIONS,3.0,3.0,300,Religious Studies (REL),1
REL-D 375,REL,375,RELIGION AND LITERATURE,3.0,3.0,300,Religious Studies (REL),1
REL-G 599,REL,599,THESIS RESEARCH,0.0,0.0,500,Religious Studies (REL),1
REL-G 901,REL,901,ADVANCED RESEARCH,6.0,6.0,900,Religious Studies (REL),1
REL-R 102,REL,102,RELIGION AND POPULAR CULTURE,3.0,3.0,100,Religious Studies (REL),1
REL-R 133,REL,133,INTRODUCTION TO RELIGION,3.0,3.0,100,Religious Studies (REL),1
REL-R 170,REL,170,"RELIGION, ETHICS & PUBLIC LIFE",3.0,3.0,100,Religious Studies (REL),4
REL-R 389,REL,389,MAJORS SEMINAR IN RELIGION,3.0,3.0,300,Religious Studies (REL),1
REL-R 399,REL,399,READING FOR HONORS,3.0,3.0,300,Religious Studies (REL),1
REL-R 499,REL,499,SENIOR HONOR ESSAY,1.0,6.0,400,Religious Studies (REL),1
REL-R 552,REL,552,STUDIES IN BUDDHISM,3.0,9.0,500,Religious Studies (REL),2
REL-R 590,REL,590,DIR READINGS IN RELIGIOUS STDS,1.0,6.0,500,Religious Studies (REL),1
REL-R 665,REL,665,INTERPRETATIONS OF RELIGION,4.0,4.0,600,Religious Studies (REL),1
REL-R 667,REL,667,"REL, TEXT, & CUL IMAGINATION",4.0,4.0,600,Religious Studies (REL),1
REL-R 698,REL,698,MASTER'S RESEARCH PROJECT,3.0,6.0,600,Religious Studies (REL),1
REL-R 699,REL,699,THESIS (M.A.),1.0,6.0,600,Religious Studies (REL),1
REL-R 736,REL,736,ADV READINGS-EARLY CHRSTN TXTS,1.0,4.0,700,Medieval Studies (MEST),1
REL-R 750,REL,750,ADV RDGS IN ASIAN REL TEXTS,1.0,4.0,700,Religious Studies (REL),1
REL-R 767,REL,767,"REL, TEXT, & CUL IMAGINATION",4.0,4.0,700,Religious Studies (REL),1
REL-R 791,REL,791,ADV CRITICAL & ETHICAL STUDY,1.0,4.0,700,Religious Studies (REL),1
REL-R 792,REL,792,ADVANCED CROSS-CULTURAL STUDY,1.0,4.0,700,Religious Studies (REL),1
REL-R 793,REL,793,ADVANCED BIBLICAL STUDY,1.0,4.0,700,Religious Studies (REL),1
REL-R 794,REL,794,ADVANCED HISTORICAL STUDY,1.0,4.0,700,Religious Studies (REL),1
REL-R 799,REL,799,THESIS (PH.D.),1.0,30.0,700,Religious Studies (REL),2
REL-X 370,REL,370,SRVICE LRNING: RELIGS STUDIES,3.0,3.0,300,Religious Studies (REL),1
REL-X 498,REL,498,INDV RESRCH: RELIGIOUS STUDIES,1.0,3.0,400,Religious Studies (REL),1
SEAS-B 101,SEAS,101,ELEMENTARY BURMESE I,4.0,4.0,100,Southeast Asian Studies (SEAS),1
SEAS-B 201,SEAS,201,INTERMEDIATE BURMESE I,3.0,3.0,200,Southeast Asian Studies (SEAS),1
SEAS-F 101,SEAS,101,ELEMENTARY TAGALOG I,4.0,4.0,100,Southeast Asian Studies (SEAS),1
SEAS-F 201,SEAS,201,INTERMEDIATE TAGALOG I,4.0,4.0,200,Southeast Asian Studies (SEAS),1
SEAS-I 101,SEAS,101,ELEMENTARY INDONESIAN I,4.0,4.0,100,Southeast Asian Studies (SEAS),1
SEAS-S 761,SEAS,761,SEAS/ASEAN READING/RESEARCH,1.0,4.0,700,Southeast Asian Studies (SEAS),1
SEAS-T 101,SEAS,101,ELEMENTARY THAI I,4.0,4.0,100,Southeast Asian Studies (SEAS),1
SEAS-T 201,SEAS,201,INTERMEDIATE THAI I,3.0,3.0,200,Southeast Asian Studies (SEAS),1
SEAS-T 501,SEAS,501,ELEMENTARY THAI I,4.0,4.0,500,Southeast Asian Studies (SEAS),1
SEAS-X 373,SEAS,373,INTERNSHIP--SOUTHEAST ASIA,1.0,3.0,300,Southeast Asian Studies (SEAS),2
SEAS-X 490,SEAS,490,READGS SOUTHEAST ASIAN STUDIES,1.0,3.0,400,Southeast Asian Studies (SEAS),1
SGIS-S 150,SGIS,150,SGIS SEMINAR,1.0,1.0,100,Global & International Studies (SGIS),4
SGIS-S 202,SGIS,202,AI & RACE TO RULE THE WORLD,3.0,3.0,200,Global & International Studies (SGIS),1
SGIS-S 300,SGIS,300,GLOBAL ISSUES,1.0,1.0,300,Global & International Studies (SGIS),3
SGIS-S 339,SGIS,339,INNOVATING FOR IMPACT,3.0,3.0,300,Global & International Studies (SGIS),1
SGIS-S 350,SGIS,350,DIPLOMACY LAB,1.0,3.0,300,Global & International Studies (SGIS),1
SGIS-S 500,SGIS,500,TOPICS IN GLOBAL AFFAIRS,1.0,1.0,500,Global & International Studies (SGIS),6
SGIS-X 373,SGIS,373,INTERNSHIP-GLOBAL & INTERNATL,1.0,3.0,300,Global & International Studies (SGIS),1
SGIS-X 416,SGIS,416,CYBERSECURITY CLINIC,3.0,3.0,400,Global & International Studies (SGIS),1
SGIS-X 573,SGIS,573,INTERNSHIP/PRACTICUM IN SGIS,1.0,4.0,500,Global & International Studies (SGIS),1
SICE-Y 100,SICE,100,EXPLORING TECH PATHWAYS,1.0,1.0,100,"Info, Computing, & Engineering (SICE)",2
SLAV-C 101,SLAV,101,ELEMENTARY CZECH I,4.0,4.0,100,Slav&East Euro Lang & Cultures (SLAV),2
SLAV-C 201,SLAV,201,INTERMEDIATE CZECH I,3.0,3.0,200,Slav&East Euro Lang & Cultures (SLAV),2
SLAV-C 223,SLAV,223,INTRODUCTION TO CZECH CULTURE,3.0,3.0,200,Slav&East Euro Lang & Cultures (SLAV),1
SLAV-C 501,SLAV,501,ELEMENTARY CZECH I,3.0,3.0,500,Slav&East Euro Lang & Cultures (SLAV),2
SLAV-C 503,SLAV,503,INTERMEDIATE CZECH I,3.0,3.0,500,Slav&East Euro Lang & Cultures (SLAV),2
SLAV-G 599,SLAV,599,THESIS RESEARCH,0.0,0.0,500,Slav&East Euro Lang & Cultures (SLAV),1
SLAV-G 901,SLAV,901,ADVANCED RESEARCH,6.0,6.0,900,Slav&East Euro Lang & Cultures (SLAV),1
SLAV-L 501,SLAV,501,STRUC RUS I: PHON & MORPH,3.0,3.0,500,Slav&East Euro Lang & Cultures (SLAV),1
SLAV-L 555,SLAV,555,SLAV TOPICS IN APPLIED LING,1.0,3.0,500,Slav&East Euro Lang & Cultures (SLAV),1
SLAV-L 571,SLAV,571,OLD CHURCH SLAVONIC,3.0,3.0,500,Slav&East Euro Lang & Cultures (SLAV),1
SLAV-M 101,SLAV,101,ELEMENTARY ROMANIAN I,4.0,4.0,100,Slav&East Euro Lang & Cultures (SLAV),1
SLAV-M 201,SLAV,201,INTERMEDIATE ROMANIAN I,3.0,3.0,200,Slav&East Euro Lang & Cultures (SLAV),1
SLAV-M 501,SLAV,501,ELEMENTARY ROMANIAN I,3.0,3.0,500,Slav&East Euro Lang & Cultures (SLAV),1
SLAV-M 503,SLAV,503,INTERMEDIATE ROMANIAN I,3.0,3.0,500,Slav&East Euro Lang & Cultures (SLAV),1
SLAV-P 101,SLAV,101,ELEMENTARY POLISH I,4.0,4.0,100,Slav&East Euro Lang & Cultures (SLAV),2
SLAV-P 201,SLAV,201,INTERMEDIATE POLISH I,3.0,3.0,200,Slav&East Euro Lang & Cultures (SLAV),2
SLAV-P 223,SLAV,223,INTRODUCTION TO POLISH CULTURE,3.0,3.0,200,Slav&East Euro Lang & Cultures (SLAV),1
SLAV-P 301,SLAV,301,ADV INTERMEDIATE POLISH I,3.0,3.0,300,Slav&East Euro Lang & Cultures (SLAV),2
SLAV-P 363,SLAV,363,FACES OF WAR AND FREEDOM,3.0,3.0,300,Slav&East Euro Lang & Cultures (SLAV),1
SLAV-P 365,SLAV,365,"TOPICS POLISH LIT, CULTR, LANG",3.0,3.0,300,Slav&East Euro Lang & Cultures (SLAV),1
SLAV-P 501,SLAV,501,ELEMENTARY POLISH I,3.0,3.0,500,Slav&East Euro Lang & Cultures (SLAV),2
SLAV-P 503,SLAV,503,INTERMEDIATE POLISH I,3.0,3.0,500,Slav&East Euro Lang & Cultures (SLAV),2
SLAV-P 505,SLAV,505,ADV INTERMEDIATE POLISH I,3.0,3.0,500,Slav&East Euro Lang & Cultures (SLAV),2
SLAV-P 563,SLAV,563,FACES OF WAR AND FREEDOM,3.0,3.0,500,Slav&East Euro Lang & Cultures (SLAV),1
SLAV-P 565,SLAV,565,SEM POLISH LIT & CULTURE: V.T,3.0,3.0,500,Slav&East Euro Lang & Cultures (SLAV),1
SLAV-R 101,SLAV,101,ELEMENTARY RUSSIAN I,4.0,4.0,100,Slav&East Euro Lang & Cultures (SLAV),4
SLAV-R 201,SLAV,201,INTERMEDIATE RUSSIAN I,4.0,4.0,200,Slav&East Euro Lang & Cultures (SLAV),2
SLAV-R 223,SLAV,223,INTRO TO RUSSIAN CULTURE,3.0,3.0,200,Russian & East European Inst (REEI),2
SLAV-R 229,SLAV,229,RUSSIAN FOLK TALES,3.0,3.0,200,Slav&East Euro Lang & Cultures (SLAV),1
SLAV-R 263,SLAV,263,RUS LIT: PUSHKIN TO DOSTOEVSKY,3.0,3.0,200,Russian & East European Inst (REEI),1
SLAV-R 301,SLAV,301,ADV INTERMEDIATE RUSSIAN I,3.0,3.0,300,Slav&East Euro Lang & Cultures (SLAV),1
SLAV-R 366,SLAV,366,RUSSIAN AND SOVIET FILM,3.0,3.0,300,Slav&East Euro Lang & Cultures (SLAV),1
SLAV-R 401,SLAV,401,ADVANCED RUSSIAN I,3.0,3.0,400,Slav&East Euro Lang & Cultures (SLAV),1
SLAV-R 404,SLAV,404,STRUCTURE OF RUSSIAN,3.0,3.0,400,Slav&East Euro Lang & Cultures (SLAV),1
SLAV-R 405,SLAV,405,READINGS IN RUSSIAN LIT 1,3.0,3.0,400,Slav&East Euro Lang & Cultures (SLAV),1
SLAV-R 425,SLAV,425,ADVANCED ORAL RUSSIAN I,1.0,1.0,400,Slav&East Euro Lang & Cultures (SLAV),1
SLAV-R 472,SLAV,472,BUSINESS RUSSIAN,3.0,3.0,400,Slav&East Euro Lang & Cultures (SLAV),1
SLAV-R 552,SLAV,552,RUSSIAN AND SOVIET FILM,3.0,3.0,500,Slav&East Euro Lang & Cultures (SLAV),1
SLAV-R 563,SLAV,563,PUSHKIN TO DOSTOEVSKY,3.0,3.0,500,Russian & East European Inst (REEI),1
SLAV-R 572,SLAV,572,BUSINESS RUSSIAN,3.0,3.0,500,Slav&East Euro Lang & Cultures (SLAV),1
SLAV-S 101,SLAV,101,ELEM BOSN/CROAT/SERB I,4.0,4.0,100,Slav&East Euro Lang & Cultures (SLAV),2
SLAV-S 201,SLAV,201,INTERMED BOSN/CROAT/SERB I,3.0,3.0,200,Slav&East Euro Lang & Cultures (SLAV),3
SLAV-S 223,SLAV,223,INTRO BALKAN/SOUTH SLAV CULTS,3.0,3.0,200,Slav&East Euro Lang & Cultures (SLAV),1
SLAV-S 301,SLAV,301,ADV INTERM BOSN/CROAT/SERB I,3.0,3.0,300,Slav&East Euro Lang & Cultures (SLAV),2
SLAV-S 401,SLAV,401,4TH-YR BOSNIAN/CROATN/SERBN I,3.0,3.0,400,Slav&East Euro Lang & Cultures (SLAV),1
SLAV-S 501,SLAV,501,ELEM BOSNIAN/CROATIAN/SERB I,3.0,3.0,500,Slav&East Euro Lang & Cultures (SLAV),2
SLAV-S 503,SLAV,503,INTERMED BOSNIAN/CROAT/SERB I,3.0,3.0,500,Slav&East Euro Lang & Cultures (SLAV),2
SLAV-S 505,SLAV,505,ADV INTERM BOSNIA/CROAT/SERB I,3.0,3.0,500,Slav&East Euro Lang & Cultures (SLAV),2
SLAV-S 540,SLAV,540,GRAD RDGS IN SLAVIC STUDIES,3.0,3.0,500,Slav&East Euro Lang & Cultures (SLAV),2
SLAV-S 562,SLAV,562,TOPICS IN SLAVIC STUDIES,3.0,3.0,500,Slav&East Euro Lang & Cultures (SLAV),8
SLAV-S 801,SLAV,801,PH D DISSERTATION,1.0,10.0,800,Slav&East Euro Lang & Cultures (SLAV),2
SLAV-T 191,SLAV,191,CAREER READINESS FOR SLAVIC I,1.0,1.0,100,Slav&East Euro Lang & Cultures (SLAV),1
SLAV-T 192,SLAV,192,CAREER READINESS FOR SLAVIC II,1.0,1.0,100,Slav&East Euro Lang & Cultures (SLAV),1
SLAV-T 260,SLAV,260,VAMPIRE IN EUR & AM CULTURE,3.0,3.0,200,Honors (HON),2
SLAV-T 499,SLAV,499,SENIOR HONORS THESIS,1.0,6.0,400,Slav&East Euro Lang & Cultures (SLAV),1
SLAV-U 101,SLAV,101,ELEMENTARY UKRAINIAN I,4.0,4.0,100,Slav&East Euro Lang & Cultures (SLAV),2
SLAV-U 201,SLAV,201,INTERMEDIATE UKRAINIAN I,3.0,3.0,200,Slav&East Euro Lang & Cultures (SLAV),2
SLAV-U 501,SLAV,501,ELEMENTARY UKRAINIAN I,3.0,3.0,500,Slav&East Euro Lang & Cultures (SLAV),2
SLAV-U 503,SLAV,503,INTERMEDIATE UKRAINIAN I,3.0,3.0,500,Slav&East Euro Lang & Cultures (SLAV),2
SLAV-X 471,SLAV,471,TEACHING INTERNSHIP IN SLAVIC,3.0,3.0,400,Slav&East Euro Lang & Cultures (SLAV),2
SLAV-X 473,SLAV,473,INTERNSHIP IN SLAVIC,1.0,1.0,400,Slav&East Euro Lang & Cultures (SLAV),3
SLAV-X 490,SLAV,490,SUPERVISED INDIVIDUAL READING,3.0,3.0,400,Slav&East Euro Lang & Cultures (SLAV),2
SLHS-A 100,SLHS,100,AMER SIGN LANGUAGE LEVEL ONE,4.0,4.0,100,"Speech, Language & Hearing Sci (SLHS)",8
SLHS-A 150,SLHS,150,AMER SIGN LANGUAGE LEVEL TWO,4.0,4.0,100,"Speech, Language & Hearing Sci (SLHS)",4
SLHS-A 200,SLHS,200,AMER SIGN LANGUAGE LEVEL THREE,3.0,3.0,200,"Speech, Language & Hearing Sci (SLHS)",7
SLHS-A 250,SLHS,250,AMER SIGN LANGUAGE LEVEL FOUR,3.0,3.0,200,"Speech, Language & Hearing Sci (SLHS)",3
SLHS-A 400,SLHS,400,DEAF CULTURE,3.0,3.0,400,"Speech, Language & Hearing Sci (SLHS)",1
SLHS-A 500,SLHS,500,ASL LEVEL ONE FOR GRAD STUDNTS,3.0,3.0,500,"Speech, Language & Hearing Sci (SLHS)",1
SLHS-A 550,SLHS,550,ASL LEVEL TWO FOR GRAD STUDNTS,3.0,3.0,500,"Speech, Language & Hearing Sci (SLHS)",1
SLHS-A 600,SLHS,600,ASL LEVEL THREE FOR GRAD STDNT,2.0,2.0,600,"Speech, Language & Hearing Sci (SLHS)",1
SLHS-A 700,SLHS,700,ASL LEVEL FOUR FOR GRAD STDNTS,2.0,2.0,700,"Speech, Language & Hearing Sci (SLHS)",1
SLHS-G 901,SLHS,901,ADVANCED RESEARCH,6.0,6.0,900,"Speech, Language & Hearing Sci (SLHS)",13
SLHS-S 104,SLHS,104,COMMUNICATION AND DISORDERS,4.0,4.0,100,"Speech, Language & Hearing Sci (SLHS)",1
SLHS-S 111,SLHS,111,INTRO TO PHONETICS FOR SLHS,3.0,3.0,100,"Speech, Language & Hearing Sci (SLHS)",1
SLHS-S 201,SLHS,201,SPEECH ANATOMY & PHYSIOLOGY,3.0,3.0,200,"Speech, Language & Hearing Sci (SLHS)",1
SLHS-S 307,SLHS,307,COGNITN/COMMUNICATION IN AGING,3.0,3.0,300,"Speech, Language & Hearing Sci (SLHS)",1
SLHS-S 311,SLHS,311,INTRO TO RESEARCH METHODS,3.0,3.0,300,"Speech, Language & Hearing Sci (SLHS)",1
SLHS-S 333,SLHS,333,CHILDHOOD LANGUAGE,3.0,3.0,300,"Speech, Language & Hearing Sci (SLHS)",1
SLHS-S 350,SLHS,350,SPEECH SCIENCE,3.0,3.0,300,"Speech, Language & Hearing Sci (SLHS)",1
SLHS-S 375,SLHS,375,HEARING SCIENCE,3.0,3.0,300,"Speech, Language & Hearing Sci (SLHS)",1
SLHS-S 399,SLHS,399,SR HONORS I: RDG AND RSRCH,2.0,2.0,300,"Speech, Language & Hearing Sci (SLHS)",14
SLHS-S 417,SLHS,417,SLPA SEMINAR I,1.0,1.0,400,"Speech, Language & Hearing Sci (SLHS)",1
SLHS-S 423,SLHS,423,TOPICAL SEMINAR IN SLHS,3.0,3.0,400,"Speech, Language & Hearing Sci (SLHS)",2
SLHS-S 470,SLHS,470,ASSESS & TREAT HEARING LOSS,3.0,3.0,400,"Speech, Language & Hearing Sci (SLHS)",1
SLHS-S 501,SLHS,501,NEURO & PHYSIO FOUND OF SLP,3.0,3.0,500,Center For Neural Sciences (NEUS),1
SLHS-S 511,SLHS,511,PHONETICS OF AMERICAN SPEECH,2.0,2.0,500,"Speech, Language & Hearing Sci (SLHS)",1
SLHS-S 513,SLHS,513,SPEECH ANATOMY AND PHYSIOLOGY,2.0,2.0,500,Center For Neural Sciences (NEUS),1
SLHS-S 516,SLHS,516,INTRO TO AUDIOLOGICAL TESTING,3.0,3.0,500,"Speech, Language & Hearing Sci (SLHS)",1
SLHS-S 517,SLHS,517,COGNITIVE & COMM ASPECTS AGING,2.0,2.0,500,Center For Neural Sciences (NEUS),1
SLHS-S 519,SLHS,519,PHYSIOLOGICAL ASSESSMENT EAR,3.0,3.0,500,"Speech, Language & Hearing Sci (SLHS)",1
SLHS-S 520,SLHS,520,PHONOLOGICAL DISORDERS,3.0,3.0,500,"Speech, Language & Hearing Sci (SLHS)",1
SLHS-S 524,SLHS,524,SURVEY OF CHILD LANG DEVELOP,2.0,2.0,500,"Speech, Language & Hearing Sci (SLHS)",1
SLHS-S 531,SLHS,531,COGN-COMMUN DISORDERS,3.0,3.0,500,"Speech, Language & Hearing Sci (SLHS)",1
SLHS-S 532,SLHS,532,LANGUAGE DISORDERS IN CHILDREN,3.0,3.0,500,"Speech, Language & Hearing Sci (SLHS)",1
SLHS-S 540,SLHS,540,VOICE DISORDERS,3.0,3.0,500,"Speech, Language & Hearing Sci (SLHS)",1
SLHS-S 555,SLHS,555,MOTOR SPEECH DISORDERS,3.0,3.0,500,"Speech, Language & Hearing Sci (SLHS)",1
SLHS-S 561,SLHS,561,INTRO CLINICAL PRACTICE & DOC,1.0,1.0,500,"Speech, Language & Hearing Sci (SLHS)",1
SLHS-S 567,SLHS,567,PROFESSIONAL ISSUES,1.0,1.0,500,"Speech, Language & Hearing Sci (SLHS)",1
SLHS-S 569,SLHS,569,SLP SCHOOL EXTERNSHIP,5.0,5.0,500,"Speech, Language & Hearing Sci (SLHS)",1
SLHS-S 570,SLHS,570,AUDIOLOGY CLINIC PRACTICUM,1.0,1.0,500,"Speech, Language & Hearing Sci (SLHS)",1
SLHS-S 571,SLHS,571,AUDITORY ANATOMY & PHYSIOLOGY,3.0,3.0,500,Center For Neural Sciences (NEUS),1
SLHS-S 579,SLHS,579,PEDIATRIC AUDIOLOGY,3.0,3.0,500,"Speech, Language & Hearing Sci (SLHS)",1
SLHS-S 580,SLHS,580,CRIT THINK RSRCH COMM DISORDER,2.0,2.0,500,"Speech, Language & Hearing Sci (SLHS)",1
SLHS-S 670,SLHS,670,CLINICAL PRACT IN AUDIOLOGY 2,1.0,3.0,600,"Speech, Language & Hearing Sci (SLHS)",1
SLHS-S 671,SLHS,671,AUDITORY EVOKED POTENTIALS,3.0,3.0,600,"Speech, Language & Hearing Sci (SLHS)",1
SLHS-S 673,SLHS,673,CLINICAL EXTERN IN AUDIOLOGY 2,5.0,5.0,600,"Speech, Language & Hearing Sci (SLHS)",1
SLHS-S 674,SLHS,674,SEMINAR IN SLHS,3.0,3.0,600,"Speech, Language & Hearing Sci (SLHS)",1
SLHS-S 680,SLHS,680,INDEPENDENT STUDY,1.0,6.0,600,"Speech, Language & Hearing Sci (SLHS)",14
SLHS-S 681,SLHS,681,EARLY RESEARCH PROJECT: PART 1,1.0,3.0,600,"Speech, Language & Hearing Sci (SLHS)",13
SLHS-S 682,SLHS,682,EARLY RESEARCH PROJECT: PART 2,1.0,3.0,600,"Speech, Language & Hearing Sci (SLHS)",13
SLHS-S 683,SLHS,683,RESEARCH FORUM,1.0,2.0,600,"Speech, Language & Hearing Sci (SLHS)",1
SLHS-S 771,SLHS,771,DIAGNOSTICS & PATHOLOGIES,3.0,3.0,700,"Speech, Language & Hearing Sci (SLHS)",1
SLHS-S 778,SLHS,778,EDUCATIONAL AUDIOLOGY,2.0,2.0,700,"Speech, Language & Hearing Sci (SLHS)",1
SLHS-S 780,SLHS,780,M. A. THESIS,1.0,6.0,700,"Speech, Language & Hearing Sci (SLHS)",1
SLHS-S 880,SLHS,880,PHD THESIS,1.0,6.0,800,"Speech, Language & Hearing Sci (SLHS)",14
SLHS-X 471,SLHS,471,UGRD TCHNG INTERNSHIP IN SLHS,2.0,2.0,400,"Speech, Language & Hearing Sci (SLHS)",1
SLHS-X 476,SLHS,476,SPCH-LANG PATH PRACTICUM & SEM,1.0,3.0,400,"Speech, Language & Hearing Sci (SLHS)",1
SLHS-X 490,SLHS,490,"RDGS: SPCH, LANG & HEARING SCI",1.0,3.0,400,"Speech, Language & Hearing Sci (SLHS)",15
SLHS-X 498,SLHS,498,"RSRCH: SPCH, LANG & HEAR SCI",0.0,3.0,400,"Speech, Language & Hearing Sci (SLHS)",15
SLST-G 901,SLST,901,ADVANCED RESEARCH,6.0,6.0,900,Second Language Studies (SLST),1
SLST-S 112,SLST,112,MULTILINGUALISM AND THE BRAIN,3.0,3.0,100,Second Language Studies (SLST),1
SLST-S 213,SLST,213,MULTILINGUAL BRAIN & BEHAVIOR,3.0,3.0,200,Second Language Studies (SLST),1
SLST-S 301,SLST,301,INTRO L2 ACQUISITION,3.0,3.0,300,Second Language Studies (SLST),1
SLST-S 302,SLST,302,SUCCESSFUL LANG LEARNER,3.0,3.0,300,Second Language Studies (SLST),1
SLST-S 305,SLST,305,SLA & LANGUAGE INSTRUCTION,3.0,3.0,300,Second Language Studies (SLST),1
SLST-S 312,SLST,312,NEW SOUNDS/ 2ND LG PRONUNCIATN,3.0,3.0,300,Second Language Studies (SLST),1
SLST-S 319,SLST,319,SPECIAL TOPICS IN SLS,3.0,3.0,300,Second Language Studies (SLST),1
SLST-S 532,SLST,532,SECOND LANGUAGE ACQUISITION,3.0,3.0,500,Second Language Studies (SLST),1
SLST-S 536,SLST,536,SECOND LANG PEDAGOGICAL CNTXTS,3.0,3.0,500,Second Language Studies (SLST),1
SLST-S 600,SLST,600,TOPICS SECOND LANGUAGE STUDIES,3.0,3.0,600,Second Language Studies (SLST),1
SLST-S 605,SLST,605,SECOND LANGUAGE PROCESSING,3.0,3.0,600,Second Language Studies (SLST),1
SLST-S 632,SLST,632,CURR RSCH SEC LANG ACQUISITION,3.0,3.0,600,Second Language Studies (SLST),1
SLST-S 690,SLST,690,INDPT READNGS SECOND LANG STDS,1.0,4.0,600,Second Language Studies (SLST),1
SLST-S 800,SLST,800,DISSERTATION RSCH SND LG STDS,1.0,12.0,800,Second Language Studies (SLST),1
SLST-T 100,SLST,100,INTENSIVE ENGLISH PROGRAM,0.0,0.0,100,Second Language Studies (SLST),2
SLST-T 131,SLST,131,ACADEMIC LITERACY AND RESEARCH,3.0,3.0,100,Second Language Studies (SLST),4
SLST-T 135,SLST,135,AMERICAN EXPER INTL STUDENTS,3.0,3.0,100,Second Language Studies (SLST),2
SLST-T 154,SLST,154,ACTIVE ACADEMIC LISTENING,3.0,3.0,100,Second Language Studies (SLST),2
SLST-T 155,SLST,155,ACADEMIC SPEAKING,3.0,3.0,100,Second Language Studies (SLST),3
SLST-T 501,SLST,501,ENGLISH FOR INTL GRAD STUDENTS,2.0,3.0,500,Second Language Studies (SLST),4
SLST-T 502,SLST,502,COMM SKILLS INTERNATIONAL A.I.,3.0,3.0,500,Second Language Studies (SLST),1
SLST-T 505,SLST,505,INTRO TO TEACHING EAP,3.0,3.0,500,Second Language Studies (SLST),1
SLST-T 514,SLST,514,ENG PHONOLOGY: LANG LEARN & TEACH,3.0,3.0,500,Second Language Studies (SLST),1
SLST-T 61,SLST,61,IEP: FT LEVEL 1 (1ST 7 WKS),0.0,0.0,100,Second Language Studies (SLST),4
SLST-T 62,SLST,62,IEP: FT LEVEL 2 (1ST 7 WKS),0.0,0.0,100,Second Language Studies (SLST),4
SLST-T 63,SLST,63,IEP: FT LEVEL 3 (1ST 7 WKS),0.0,0.0,100,Second Language Studies (SLST),4
SLST-T 64,SLST,64,IEP: FT LEVEL 4 (1ST 7 WKS),0.0,0.0,100,Second Language Studies (SLST),5
SLST-T 65,SLST,65,IEP: FT LEVEL 5 (1ST 7 WKS),0.0,0.0,100,Second Language Studies (SLST),4
SLST-T 66,SLST,66,IEP: FT LEVEL 6 (1ST 7 WKS),0.0,0.0,100,Second Language Studies (SLST),4
SLST-T 67,SLST,67,IEP: FT LEVEL 7 (1ST 7 WKS),0.0,0.0,100,Second Language Studies (SLST),4
SLST-T 68,SLST,68,IEP: FT ELECTIVES (1ST 7WKS),0.0,0.0,100,Second Language Studies (SLST),5
SLST-T 71,SLST,71,IEP: FT LEVEL 1 (2ND 7 WKS),0.0,0.0,100,Second Language Studies (SLST),4
SLST-T 72,SLST,72,IEP: FT LEVEL 2 (2ND 7 WKS),0.0,0.0,100,Second Language Studies (SLST),4
SLST-T 73,SLST,73,IEP: FT LEVEL 3 (2ND 7 WKS),0.0,0.0,100,Second Language Studies (SLST),4
SLST-T 74,SLST,74,IEP: FT LEVEL 4 (2ND 7 WKS),0.0,0.0,100,Second Language Studies (SLST),9
SLST-T 75,SLST,75,IEP: FT LEVEL 5 (2ND 7 WKS),0.0,0.0,100,Second Language Studies (SLST),4
SLST-T 76,SLST,76,IEP: FT LEVEL 6 (2ND 7 WKS),0.0,0.0,100,Second Language Studies (SLST),4
SLST-T 77,SLST,77,IEP: FT LEVEL 7 (2ND 7 WKS),0.0,0.0,100,Second Language Studies (SLST),2
SLST-T 78,SLST,78,IEP: FT ELECTIVES (2ND 7 WKS),0.0,0.0,100,Second Language Studies (SLST),4
SOAD-A 100,SOAD,100,"INTRO TO ART, DESIGN, MERCHNDSNG",3.0,3.0,100,School of Art and Design (SOAD),12
SOAD-A 101,SOAD,101,CREATIVE CORE: COLOR,3.0,3.0,100,School of Art and Design (SOAD),8
SOAD-A 102,SOAD,102,CREATIVE CORE: DRAWING,3.0,3.0,100,School of Art and Design (SOAD),8
SOAD-A 103,SOAD,103,CREATIVE CORE: 3D DESIGN,3.0,3.0,100,School of Art and Design (SOAD),7
SOAD-C 280,SOAD,280,INTRO TO COMPREHENSIVE DESIGN,3.0,3.0,200,School of Art and Design (SOAD),3
SOAD-C 281,SOAD,281,PROJECT MANAGEMENT COMP DESIGN,2.0,2.0,200,School of Art and Design (SOAD),1
SOAD-C 381,SOAD,381,TOPIC ISSUES IN COLLBRTV DSGN,3.0,3.0,300,School of Art and Design (SOAD),2
SOAD-D 170,SOAD,170,INTERIOR DESIGN STUDIO I,3.0,3.0,100,School of Art and Design (SOAD),4
SOAD-D 191,SOAD,191,DESIGN STUDIES: FORM & FUNCTION,3.0,3.0,100,School of Art and Design (SOAD),1
SOAD-D 263,SOAD,263,DESIGN METHODS,3.0,3.0,200,School of Art and Design (SOAD),2
SOAD-D 264,SOAD,264,DIGITAL ARCHITECTURAL DRAWING,3.0,3.0,200,School of Art and Design (SOAD),1
SOAD-D 271,SOAD,271,INTERIOR DESIGN STUDIO II,3.0,3.0,200,School of Art and Design (SOAD),2
SOAD-D 300,SOAD,300,"DESIGN, CULTURE AND CONTEXT",3.0,3.0,300,School of Art and Design (SOAD),1
SOAD-D 321,SOAD,321,DESIGN HISTORY I,3.0,3.0,300,School of Art and Design (SOAD),2
SOAD-D 323,SOAD,323,DESIGN HISTORY III,3.0,3.0,300,School of Art and Design (SOAD),1
SOAD-D 366,SOAD,366,LIGHTING INTERIOR SPACES,3.0,3.0,300,School of Art and Design (SOAD),1
SOAD-D 369,SOAD,369,PRACTICES & DOC IN INT DESIGN,3.0,3.0,300,School of Art and Design (SOAD),1
SOAD-D 374,SOAD,374,INTERIOR DESGN VERTICAL STUDIO,3.0,3.0,300,School of Art and Design (SOAD),5
SOAD-F 202,SOAD,202,INTRO TEXTILE SCIENCE: LAB,1.0,1.0,200,School of Art and Design (SOAD),2
SOAD-F 203,SOAD,203,MATERIALS FOR FSHN DSGN & MRCH,3.0,3.0,200,School of Art and Design (SOAD),1
SOAD-F 207,SOAD,207,FASHION STUDIO I,3.0,3.0,200,School of Art and Design (SOAD),3
SOAD-F 213,SOAD,213,FASHN DSGN I: RSCH & ILLUSTRATN,3.0,3.0,200,School of Art and Design (SOAD),3
SOAD-F 305,SOAD,305,FASHION STUDIO III,3.0,3.0,300,School of Art and Design (SOAD),1
SOAD-F 311,SOAD,311,HISTORY OF DRESS,3.0,3.0,300,School of Art and Design (SOAD),1
SOAD-F 317,SOAD,317,FASHION DESIGN RESEARCH,3.0,3.0,300,School of Art and Design (SOAD),1
SOAD-F 325,SOAD,325,EXPER FASHN STUDIO: SHAPE & FNDTN,3.0,3.0,300,School of Art and Design (SOAD),1
SOAD-F 340,SOAD,340,HISTORY OF FASHION,3.0,3.0,300,School of Art and Design (SOAD),1
SOAD-F 352,SOAD,352,FASHION STUDIES: AESTHETICS,3.0,3.0,300,School of Art and Design (SOAD),1
SOAD-F 402,SOAD,402,CLLCTN MGMT-HIST TEXTLS & COSTMS,3.0,3.0,400,School of Art and Design (SOAD),1
SOAD-F 411,SOAD,411,FASHION ST: BEHAVIORAL ANLYSIS,3.0,3.0,400,School of Art and Design (SOAD),1
SOAD-G 901,SOAD,901,ADVANCED RESEARCH,6.0,6.0,900,School of Art and Design (SOAD),1
SOAD-M 109,SOAD,109,APPAREL INDUSTRIES,3.0,3.0,100,School of Art and Design (SOAD),1
SOAD-M 204,SOAD,204,MANUF & QUALITY ANALYSIS,3.0,3.0,200,School of Art and Design (SOAD),2
SOAD-M 219,SOAD,219,PROF DEVELOP IN MERCHANDISING,2.0,2.0,200,School of Art and Design (SOAD),3
SOAD-M 255,SOAD,255,DIGITAL MERCHANDISING,3.0,3.0,200,School of Art and Design (SOAD),1
SOAD-M 308,SOAD,308,BRAND MANAGEMENT & ADVERTISING,3.0,3.0,300,School of Art and Design (SOAD),1
SOAD-M 315,SOAD,315,PRINCIPLES-RETAIL MERCHANDISNG,3.0,3.0,300,School of Art and Design (SOAD),3
SOAD-M 327,SOAD,327,PRODUCT DEVELOPMENT,3.0,3.0,300,School of Art and Design (SOAD),1
SOAD-M 350,SOAD,350,OMNICHANNEL INNOVATION,3.0,3.0,300,School of Art and Design (SOAD),1
SOAD-M 385,SOAD,385,CASE STUDIES IN MERCHANDISING,2.0,2.0,300,School of Art and Design (SOAD),1
SOAD-M 404,SOAD,404,INTERNATL TEXTILES & APP TRADE,3.0,3.0,400,School of Art and Design (SOAD),2
SOAD-M 410,SOAD,410,APPAREL ENTREPRENEURSHIP,3.0,3.0,400,School of Art and Design (SOAD),1
SOAD-M 412,SOAD,412,GLOBAL SOURCING,3.0,3.0,400,School of Art and Design (SOAD),1
SOAD-M 413,SOAD,413,PLANNING AND ANALYSIS,3.0,3.0,400,School of Art and Design (SOAD),1
SOAD-M 416,SOAD,416,SUSTAINABILITY IN PRODUCT,3.0,3.0,400,School of Art and Design (SOAD),1
SOAD-M 445,SOAD,445,DIGITAL AGE CONSUMER INSIGHTS,3.0,3.0,400,School of Art and Design (SOAD),1
SOAD-M 519,SOAD,519,SPECIAL PROB: TEXTLS & APPAREL,1.0,3.0,500,School of Art and Design (SOAD),1
SOAD-M 599,SOAD,599,MASTERS THESIS,1.0,6.0,500,School of Art and Design (SOAD),1
SOAD-N 110,SOAD,110,INTRO TO STUDIO ART,3.0,3.0,100,School of Art and Design (SOAD),4
SOAD-N 130,SOAD,130,DIGITAL IMAGERY FOR NONMAJORS,3.0,3.0,100,School of Art and Design (SOAD),4
SOAD-N 198,SOAD,198,INTRO TO PHOTOGRAPHY NON-MAJ,3.0,3.0,100,School of Art and Design (SOAD),4
SOAD-S 200,SOAD,200,DRAWING 1,3.0,3.0,200,School of Art and Design (SOAD),1
SOAD-S 201,SOAD,201,FIGURE DRAWING & ANATOMY,3.0,3.0,200,School of Art and Design (SOAD),1
SOAD-S 210,SOAD,210,DIGITAL ART: SURVEY & PRACTICE,3.0,3.0,200,School of Art and Design (SOAD),4
SOAD-S 220,SOAD,220,FIBERS I,3.0,3.0,200,School of Art and Design (SOAD),3
SOAD-S 230,SOAD,230,PAINTING 1,3.0,3.0,200,School of Art and Design (SOAD),2
SOAD-S 240,SOAD,240,PRINTMAKING I,3.0,3.0,200,School of Art and Design (SOAD),3
SOAD-S 250,SOAD,250,GRAPHIC DESIGN I,3.0,3.0,200,School of Art and Design (SOAD),3
SOAD-S 260,SOAD,260,CERAMICS 1,3.0,3.0,200,School of Art and Design (SOAD),5
SOAD-S 270,SOAD,270,SCULPTURE 1,3.0,3.0,200,School of Art and Design (SOAD),3
SOAD-S 271,SOAD,271,FIGURATIVE SCULPTURE I,3.0,3.0,200,School of Art and Design (SOAD),1
SOAD-S 280,SOAD,280,METALSMITHING & JWLRY DESIGN I,3.0,3.0,200,School of Art and Design (SOAD),3
SOAD-S 290,SOAD,290,PHOTOGRAPHY I,3.0,3.0,200,School of Art and Design (SOAD),5
SOAD-S 300,SOAD,300,DRAWING 2,3.0,3.0,300,School of Art and Design (SOAD),2
SOAD-S 310,SOAD,310,INTERACTIVE MULTIMEDIA,3.0,3.0,300,School of Art and Design (SOAD),1
SOAD-S 311,SOAD,311,VIDEO ART,3.0,3.0,300,School of Art and Design (SOAD),1
SOAD-S 313,SOAD,313,3D COMPUTER GRAPHICS,3.0,3.0,300,School of Art and Design (SOAD),1
SOAD-S 320,SOAD,320,FIBERS II,3.0,3.0,300,School of Art and Design (SOAD),1
SOAD-S 330,SOAD,330,PAINTING 2,3.0,3.0,300,School of Art and Design (SOAD),2
SOAD-S 341,SOAD,341,PRINTMAKING II INTAGLIO,3.0,3.0,300,School of Art and Design (SOAD),1
SOAD-S 343,SOAD,343,PRINTMAKING II LITHOGRAPHY,3.0,3.0,300,School of Art and Design (SOAD),1
SOAD-S 351,SOAD,351,GRAPHIC DESIGN II TYPOGRAPHY,3.0,3.0,300,School of Art and Design (SOAD),2
SOAD-S 360,SOAD,360,CERAMICS 2,3.0,3.0,300,School of Art and Design (SOAD),2
SOAD-S 370,SOAD,370,SCULPTURE 2,3.0,3.0,300,School of Art and Design (SOAD),1
SOAD-S 380,SOAD,380,METALSMITHING & JEWELRY DES II,3.0,3.0,300,School of Art and Design (SOAD),1
SOAD-S 390,SOAD,390,PHOTOGRAPHY II,3.0,3.0,300,School of Art and Design (SOAD),1
SOAD-S 400,SOAD,400,DRAWING 3,3.0,3.0,400,School of Art and Design (SOAD),2
SOAD-S 410,SOAD,410,ADVANCED MULTIMEDIA,3.0,3.0,400,School of Art and Design (SOAD),1
SOAD-S 411,SOAD,411,DIGITAL VIDEO,3.0,3.0,400,School of Art and Design (SOAD),1
SOAD-S 412,SOAD,412,BFA DIGITAL ART,3.0,3.0,400,School of Art and Design (SOAD),1
SOAD-S 413,SOAD,413,COMPUTER GRAPHICAL ENVIR,3.0,3.0,400,School of Art and Design (SOAD),1
SOAD-S 419,SOAD,419,BFA DIGITAL ART SEMINAR,3.0,3.0,400,School of Art and Design (SOAD),2
SOAD-S 420,SOAD,420,FIBERS III,3.0,3.0,400,School of Art and Design (SOAD),1
SOAD-S 422,SOAD,422,BFA FIBERS,3.0,3.0,400,School of Art and Design (SOAD),1
SOAD-S 429,SOAD,429,BFA FIBERS SEMINAR,3.0,3.0,400,School of Art and Design (SOAD),2
SOAD-S 430,SOAD,430,PAINTING 3,3.0,3.0,400,School of Art and Design (SOAD),2
SOAD-S 432,SOAD,432,BFA PAINTING,3.0,3.0,400,School of Art and Design (SOAD),1
SOAD-S 439,SOAD,439,BFA PAINTING SEMINAR,3.0,3.0,400,School of Art and Design (SOAD),2
SOAD-S 441,SOAD,441,PRINTMAKING III INTAGLIO,3.0,3.0,400,School of Art and Design (SOAD),1
SOAD-S 442,SOAD,442,BFA PRINTMAKING,3.0,3.0,400,School of Art and Design (SOAD),1
SOAD-S 443,SOAD,443,PRINTMAKING III LITHOGRAPHY,3.0,3.0,400,School of Art and Design (SOAD),1
SOAD-S 449,SOAD,449,BFA PRINTMAKING SEMINAR,3.0,3.0,400,School of Art and Design (SOAD),2
SOAD-S 450,SOAD,450,GRAPHIC DESIGN III,3.0,3.0,400,School of Art and Design (SOAD),2
SOAD-S 452,SOAD,452,BFA GRAPHIC DESIGN,3.0,3.0,400,School of Art and Design (SOAD),1
SOAD-S 459,SOAD,459,BFA GRAPHIC DESIGN SEMINAR,3.0,3.0,400,School of Art and Design (SOAD),2
SOAD-S 460,SOAD,460,CERAMICS 3,3.0,3.0,400,School of Art and Design (SOAD),2
SOAD-S 462,SOAD,462,BFA CERAMICS,3.0,3.0,400,School of Art and Design (SOAD),1
SOAD-S 468,SOAD,468,HISTORY OF CERAMICS,3.0,3.0,400,School of Art and Design (SOAD),1
SOAD-S 469,SOAD,469,BFA CERAMICS SEMINAR,3.0,3.0,400,School of Art and Design (SOAD),2
SOAD-S 470,SOAD,470,SCULPTURE 3,3.0,3.0,400,School of Art and Design (SOAD),1
SOAD-S 472,SOAD,472,BFA SCULPTURE,3.0,3.0,400,School of Art and Design (SOAD),1
SOAD-S 479,SOAD,479,BFA SCULPTURE SEMINAR,3.0,3.0,400,School of Art and Design (SOAD),2
SOAD-S 480,SOAD,480,METALSMITHING & JWLRY DES III,3.0,3.0,400,School of Art and Design (SOAD),1
SOAD-S 482,SOAD,482,BFA METALSMITHING & JWLRY DES,3.0,3.0,400,School of Art and Design (SOAD),1
SOAD-S 489,SOAD,489,BFA METALS & JEWELRY SEMINAR,3.0,3.0,400,School of Art and Design (SOAD),2
SOAD-S 490,SOAD,490,PHOTOGRAPHY III,3.0,3.0,400,School of Art and Design (SOAD),1
SOAD-S 492,SOAD,492,BFA PHOTOGRAPHY,3.0,3.0,400,School of Art and Design (SOAD),1
SOAD-S 499,SOAD,499,BFA PHOTOGRAPHY SEMINAR,3.0,3.0,400,School of Art and Design (SOAD),2
SOAD-S 500,SOAD,500,GRADUATE TOPICS IN DRAWING,1.0,3.0,500,School of Art and Design (SOAD),2
SOAD-S 509,SOAD,509,MFA DRAWING SEMINAR,3.0,3.0,500,School of Art and Design (SOAD),3
SOAD-S 510,SOAD,510,GRADUATE TOPICS IN DIGITAL ART,1.0,3.0,500,School of Art and Design (SOAD),3
SOAD-S 511,SOAD,511,GRADUATE DIGITAL ART,3.0,3.0,500,School of Art and Design (SOAD),1
SOAD-S 519,SOAD,519,MFA DIGITAL ART SEMINAR,3.0,3.0,500,School of Art and Design (SOAD),3
SOAD-S 520,SOAD,520,GRADUATE TOPICS IN FIBERS,1.0,3.0,500,School of Art and Design (SOAD),1
SOAD-S 521,SOAD,521,GRADUATE FIBERS,3.0,3.0,500,School of Art and Design (SOAD),1
SOAD-S 529,SOAD,529,MFA FIBERS SEMINAR,3.0,3.0,500,School of Art and Design (SOAD),3
SOAD-S 530,SOAD,530,GRADUATE TOPICS IN PAINTING,1.0,3.0,500,School of Art and Design (SOAD),2
SOAD-S 531,SOAD,531,GRADUATE PAINTING,3.0,3.0,500,School of Art and Design (SOAD),1
SOAD-S 541,SOAD,541,GRADUATE PRINTMAKING,3.0,3.0,500,School of Art and Design (SOAD),1
SOAD-S 542,SOAD,542,GRADUATE INTAGLIO,1.0,3.0,500,School of Art and Design (SOAD),1
SOAD-S 543,SOAD,543,GRADUATE LITHOGRAPHY,1.0,3.0,500,School of Art and Design (SOAD),1
SOAD-S 549,SOAD,549,MFA PRINTMAKING SEMINAR,3.0,3.0,500,School of Art and Design (SOAD),3
SOAD-S 550,SOAD,550,GRAD TOPICS IN GRAPHIC DESIGN,3.0,3.0,500,School of Art and Design (SOAD),2
SOAD-S 551,SOAD,551,GRADUATE GRAPHIC DESIGN,3.0,3.0,500,School of Art and Design (SOAD),1
SOAD-S 559,SOAD,559,MFA GRAPHIC DESIGN SEMINAR,3.0,3.0,500,School of Art and Design (SOAD),3
SOAD-S 560,SOAD,560,GRADUATE TOPICS IN CERAMICS,1.0,3.0,500,School of Art and Design (SOAD),2
SOAD-S 561,SOAD,561,GRADUATE CERAMICS,3.0,3.0,500,School of Art and Design (SOAD),1
SOAD-S 568,SOAD,568,GRADUATE HISTORY OF CERAMICS,3.0,3.0,500,School of Art and Design (SOAD),1
SOAD-S 569,SOAD,569,MFA CERAMICS SEMINAR,3.0,3.0,500,School of Art and Design (SOAD),3
SOAD-S 570,SOAD,570,GRADUATE TOPICS IN SCULPTURE,1.0,3.0,500,School of Art and Design (SOAD),1
SOAD-S 571,SOAD,571,GRADUATE SCULPTURE,3.0,3.0,500,School of Art and Design (SOAD),1
SOAD-S 579,SOAD,579,GRADUATE SCULPTURE SEMINAR,3.0,3.0,500,School of Art and Design (SOAD),3
SOAD-S 580,SOAD,580,GRAD TOPICS METAL/JEWELRY DES,1.0,3.0,500,School of Art and Design (SOAD),1
SOAD-S 581,SOAD,581,GRAD METALS AND JEWELRY DESIGN,3.0,3.0,500,School of Art and Design (SOAD),1
SOAD-S 589,SOAD,589,MFA METALS & JEWELRY DES SEM,3.0,3.0,500,School of Art and Design (SOAD),3
SOAD-S 590,SOAD,590,GRADUATE TOPICS IN PHOTOGRAPHY,1.0,3.0,500,School of Art and Design (SOAD),1
SOAD-S 591,SOAD,591,GRADUATE PHOTOGRAPHY,3.0,3.0,500,School of Art and Design (SOAD),1
SOAD-S 599,SOAD,599,MFA PHOTOGRAPHY SEMINAR,3.0,3.0,500,School of Art and Design (SOAD),3
SOAD-S 600,SOAD,600,FABRICATION TOOLS AND TECH,3.0,3.0,600,School of Art and Design (SOAD),1
SOAD-S 710,SOAD,710,DIGITAL ART ADV STUDIO PRJCTS,1.0,6.0,700,School of Art and Design (SOAD),1
SOAD-S 720,SOAD,720,FIBERS ADV STUDIO PROJECTS,1.0,6.0,700,School of Art and Design (SOAD),1
SOAD-S 730,SOAD,730,PAINTING ADV STUDIO PROJECTS,1.0,12.0,700,School of Art and Design (SOAD),1
SOAD-S 740,SOAD,740,PRINTMAKING ADV STUDIO PROJECT,1.0,6.0,700,School of Art and Design (SOAD),1
SOAD-S 750,SOAD,750,GRAPHIC DESIGN ADV STUDIO PROJ,1.0,6.0,700,School of Art and Design (SOAD),1
SOAD-S 760,SOAD,760,CERAMICS ADV STUDIO PROJECTS,1.0,6.0,700,School of Art and Design (SOAD),1
SOAD-S 770,SOAD,770,SCULPTURE ADV STUDIO PROJECTS,1.0,6.0,700,School of Art and Design (SOAD),1
SOAD-S 780,SOAD,780,METAL & JWLRY ADV STUDIO PROJS,1.0,6.0,700,School of Art and Design (SOAD),1
SOAD-S 790,SOAD,790,PHOTOGRAPHY ADV STUDIO PROJECT,1.0,6.0,700,School of Art and Design (SOAD),1
SOAD-S 810,SOAD,810,MFA THESIS IN DIGITAL ART,4.0,4.0,800,School of Art and Design (SOAD),1
SOAD-S 820,SOAD,820,MFA THESIS IN FIBERS,4.0,4.0,800,School of Art and Design (SOAD),1
SOAD-S 830,SOAD,830,MFA THESIS IN PAINTING,4.0,4.0,800,School of Art and Design (SOAD),1
SOAD-S 840,SOAD,840,MFA THESIS IN PRINTMAKING,4.0,4.0,800,School of Art and Design (SOAD),1
SOAD-S 850,SOAD,850,MFA THESIS IN GRAPHIC DESIGN,4.0,4.0,800,School of Art and Design (SOAD),1
SOAD-S 860,SOAD,860,MFA THESIS IN CERAMICS,4.0,4.0,800,School of Art and Design (SOAD),1
SOAD-S 870,SOAD,870,MFA THESIS IN SCULPTURE,4.0,4.0,800,School of Art and Design (SOAD),1
SOAD-S 880,SOAD,880,MFA THESIS METALSM & JEWEL DES,4.0,4.0,800,School of Art and Design (SOAD),1
SOAD-S 890,SOAD,890,MFA THESIS IN PHOTOGRAPHY,4.0,4.0,800,School of Art and Design (SOAD),1
SOAD-U 400,SOAD,400,BFA FINAL REVIEW,0.0,0.0,400,School of Art and Design (SOAD),1
SOAD-U 402,SOAD,402,TECHNICAL RESOURCES STUDIO ART,1.0,1.0,400,School of Art and Design (SOAD),2
SOAD-U 450,SOAD,450,INDEPENDENT STUDIO PROJECTS,1.0,3.0,400,School of Art and Design (SOAD),1
SOAD-U 695,SOAD,695,ART+DESIGN FUTURE FACULTY SEM,3.0,3.0,600,School of Art and Design (SOAD),1
SOAD-U 700,SOAD,700,ADVANCED STUDIO PROJECTS,1.0,12.0,700,School of Art and Design (SOAD),3
SOAD-W 200,SOAD,200,DESIGN PRACTICE,3.0,3.0,200,School of Art and Design (SOAD),1
SOAD-W 300,SOAD,300,DESIGN IN CONTEXT AND CULTURE,3.0,3.0,300,School of Art and Design (SOAD),1
SOAD-W 400,SOAD,400,DESIGN CAPSTONE,3.0,3.0,400,School of Art and Design (SOAD),2
SOAD-W 500,SOAD,500,DESIGN ETHICS,3.0,3.0,500,School of Art and Design (SOAD),1
SOAD-W 525,SOAD,525,DESIGN THINKING AND STRATEGY,3.0,3.0,500,School of Art and Design (SOAD),1
SOAD-W 600,SOAD,600,PROJECT STUDIO 1,6.0,6.0,600,School of Art and Design (SOAD),1
SOAD-X 371,SOAD,371,TEACHING INTERNSHIP IN SOAD,1.0,3.0,300,School of Art and Design (SOAD),1
SOAD-X 373,SOAD,373,INTERNSHIP IN PROF PRACTICE,1.0,3.0,300,School of Art and Design (SOAD),2
SOAD-X 376,SOAD,376,PRACTICUM IN RETAIL INDUSTRY,1.0,3.0,300,School of Art and Design (SOAD),1
SOAD-X 476,SOAD,476,PRACTICUM-COLLECTION MGMT,1.0,3.0,400,School of Art and Design (SOAD),1
SOAD-X 490,SOAD,490,INDEPNDT STUDY: INTERIOR DESIGN,1.0,3.0,400,School of Art and Design (SOAD),1
SOAD-X 491,SOAD,491,IND STUDY: TEXTILES & APPAREL,1.0,3.0,400,School of Art and Design (SOAD),1
SOAD-X 492,SOAD,492,INDEPENDENT STUDY IN RETAIL,1.0,3.0,400,School of Art and Design (SOAD),1
SOAD-Z 501,SOAD,501,ARCHITECTURAL STUDIO 1,6.0,6.0,500,School of Art and Design (SOAD),1
SOAD-Z 511,SOAD,511,VISUAL STUDIES STUDIO 1,6.0,6.0,500,School of Art and Design (SOAD),1
SOAD-Z 521,SOAD,521,STRUCTURES 1,3.0,3.0,500,School of Art and Design (SOAD),1
SOAD-Z 601,SOAD,601,ARCHITECTURAL STUDIO 3,6.0,6.0,600,School of Art and Design (SOAD),1
SOAD-Z 611,SOAD,611,VISUAL STUDIES STUDIO 3,6.0,6.0,600,School of Art and Design (SOAD),1
SOAD-Z 631,SOAD,631,TEXTS AND CONTEXTS IN ARCH 3,3.0,3.0,600,School of Art and Design (SOAD),1
SOAD-Z 661,SOAD,661,PROFESSIONAL PRACTICE,3.0,3.0,600,School of Art and Design (SOAD),1
SOAD-Z 701,SOAD,701,ARCHITECTURAL STUDIO 5,6.0,6.0,700,School of Art and Design (SOAD),1
SOAD-Z 711,SOAD,711,VISUAL STUDIES STUDIO 5,6.0,6.0,700,School of Art and Design (SOAD),1
SOAD-Z 800,SOAD,800,M ARCH ADV STUDIO PROJECTS,3.0,3.0,800,School of Art and Design (SOAD),2
SOAD-Z 808,SOAD,808,SPEC TPC FABRICATN & DIG DSGN,3.0,3.0,800,School of Art and Design (SOAD),1
SOAD-Z 809,SOAD,809,SPEC TPC IN DIGITAL SOFTWARE,3.0,3.0,800,School of Art and Design (SOAD),1
SOC-G 599,SOC,599,THESIS RESEARCH,0.0,0.0,500,Sociology (SOC),1
SOC-G 901,SOC,901,ADVANCED RESEARCH,6.0,6.0,900,Sociology (SOC),1
SOC-S 100,SOC,100,INTRODUCTION TO SOCIOLOGY,3.0,3.0,100,Sociology (SOC),11
SOC-S 101,SOC,101,SOCIAL PROBLEMS AND POLICIES,3.0,3.0,100,Sociology (SOC),2
SOC-S 102,SOC,102,MEDICINE IN THE U.S.,3.0,3.0,100,Sociology (SOC),1
SOC-S 110,SOC,110,"CHARTS, GRAPHS, AND TABLES",3.0,3.0,100,Sociology (SOC),2
SOC-S 230,SOC,230,SOCIETY & THE INDIVIDUAL,3.0,3.0,200,Sociology (SOC),1
SOC-S 308,SOC,308,GLOBAL SOCIETY,3.0,3.0,300,Sociology (SOC),1
SOC-S 312,SOC,312,EDUCATION AND SOCIETY,3.0,3.0,300,Sociology (SOC),1
SOC-S 316,SOC,316,SOCIOLOGY OF FAMILIES,3.0,3.0,300,Sociology (SOC),1
SOC-S 318,SOC,318,DRUG USE AS SOCIAL PROCESS,3.0,3.0,300,Sociology (SOC),1
SOC-S 324,SOC,324,SOCIOLOGY OF MENTAL ILLNESS,3.0,3.0,300,Sociology (SOC),1
SOC-S 325,SOC,325,CRIMINOLOGY,3.0,3.0,300,Sociology (SOC),1
SOC-S 326,SOC,326,LAW AND SOCIETY,3.0,3.0,300,Sociology (SOC),1
SOC-S 338,SOC,338,SOCIOLOGY OF GENDER,3.0,3.0,300,Sociology (SOC),1
SOC-S 339,SOC,339,THE SOCIOLOGY OF MEDIA,3.0,3.0,300,Sociology (SOC),1
SOC-S 358,SOC,358,SOCIAL INEQUALITIES IN HEALTH,3.0,3.0,300,Sociology (SOC),1
SOC-S 365,SOC,365,HEALTH AND SOCIETY,3.0,3.0,300,Sociology (SOC),1
SOC-S 370,SOC,370,RESEARCH METHODS IN SOCIOLOGY,3.0,3.0,300,Sociology (SOC),4
SOC-S 371,SOC,371,STATISTICS FOR SOCIOLOGY,3.0,3.0,300,Sociology (SOC),4
SOC-S 410,SOC,410,ADV TPCS: SOCIAL ORGANIZATION,3.0,3.0,400,Sociology (SOC),1
SOC-S 431,SOC,431,TOPICS IN SOCIAL PSYCHOLOGY,3.0,3.0,400,Sociology (SOC),1
SOC-S 500,SOC,500,PROSEMINAR IN SOCIOLOGY,1.0,1.0,500,Sociology (SOC),1
SOC-S 502,SOC,502,LAUNCHING YOUR ACADEMIC CAREER,1.0,1.0,500,Sociology (SOC),1
SOC-S 506,SOC,506,TCHNG OF UNDERGRAD SOCIOLOGY,3.0,3.0,500,Sociology (SOC),1
SOC-S 530,SOC,530,INTRO TO SOCIAL PSYCHOLOGY,3.0,3.0,500,Sociology (SOC),1
SOC-S 554,SOC,554,STAT TECHNIQUES IN SOCIOLOGY I,3.0,3.0,500,Sociology (SOC),2
SOC-S 558,SOC,558,ADVANCED RESEARCH TECHNIQUES,3.0,3.0,500,Sociology (SOC),1
SOC-S 568,SOC,568,SOCIOLOGICAL RESEARCH PRAC III,1.0,3.0,500,Sociology (SOC),1
SOC-S 569,SOC,569,M A THESIS,1.0,6.0,500,Sociology (SOC),1
SOC-S 651,SOC,651,TPCS IN QUANTITATIVE SOCIOLOGY,3.0,3.0,600,Sociology (SOC),1
SOC-S 660,SOC,660,ADVANCED TOPICS,2.0,6.0,600,Sociology (SOC),1
SOC-S 864,SOC,864,READINGS IN SOCIOLOGY,1.0,12.0,800,Sociology (SOC),3
SOC-S 866,SOC,866,RESEARCH IN SOCIOLOGY,1.0,12.0,800,Sociology (SOC),1
SOC-S 869,SOC,869,PH D THESIS,1.0,12.0,800,Sociology (SOC),2
SOC-X 371,SOC,371,TEACHING ASSISTANTSHIP,3.0,3.0,300,Sociology (SOC),1
SOC-X 373,SOC,373,INTRNSHP IN PROFESSIONAL PRACT,1.0,3.0,300,Sociology (SOC),1
SOC-X 477,SOC,477,FIELD EXPERIENCE IN SOCIOLOGY,1.0,6.0,400,Sociology (SOC),1
SOC-X 490,SOC,490,INDIV READNGS/RES IN SOCIOLOGY,1.0,6.0,400,Sociology (SOC),1
SOC-X 498,SOC,498,SOCIOLOGICAL RESEARCH I,3.0,3.0,400,Sociology (SOC),1
SPAN-T 530,SPAN,530,SPAN THRU CULTURAL EXPRESSIONS,3.0,3.0,500,Spanish (SPAN),1
SPAN-T 540,SPAN,540,SPANISH PHONETICS,3.0,3.0,500,Spanish (SPAN),1
SPCN-F 560,SPCN,560,PUBLIC FINANCE & BUDGETING,3.0,3.0,500,Pub & Env Aff-SPEA Connect (SPCN),1
SPCN-I 516,SPCN,516,PUB MGT INFO SYSTEMS,3.0,3.0,500,Pub & Env Aff-SPEA Connect (SPCN),1
SPCN-N 557,SPCN,557,PROPOSAL DEV & GRANT ADMIN,3.0,3.0,500,Pub & Env Aff-SPEA Connect (SPCN),1
SPCN-P 541,SPCN,541,BENEFIT COST ANALYSIS,3.0,3.0,500,Pub & Env Aff-SPEA Connect (SPCN),1
SPCN-P 562,SPCN,562,PUBLIC PROGRAM EVALUATION,3.0,3.0,500,Pub & Env Aff-SPEA Connect (SPCN),1
SPCN-V 506,SPCN,506,STAT ANALYS FOR EFF DEC MAKING,3.0,3.0,500,Pub & Env Aff-SPEA Connect (SPCN),2
SPCN-V 512,SPCN,512,PUBLIC POLICY PROCESS,3.0,3.0,500,Pub & Env Aff-SPEA Connect (SPCN),1
SPCN-V 517,SPCN,517,PUBLIC MANAGEMENT ECONOMICS,3.0,3.0,500,Pub & Env Aff-SPEA Connect (SPCN),1
SPCN-V 532,SPCN,532,SOCIAL EQUITY & JUSTICE IN PA,1.5,1.5,500,Pub & Env Aff-SPEA Connect (SPCN),2
SPCN-V 535,SPCN,535,MANAGING & LEADING PUBLIC AFF,3.0,3.0,500,Pub & Env Aff-SPEA Connect (SPCN),1
SPCN-V 536,SPCN,536,RIGHTS/RESP: LAW SHAPES PUB AFF,1.5,1.5,500,Pub & Env Aff-SPEA Connect (SPCN),2
SPCN-V 537,SPCN,537,DESIGN & MNG COMPLEX PROJECTS,1.5,1.5,500,Pub & Env Aff-SPEA Connect (SPCN),2
SPCN-V 538,SPCN,538,COMP & INTL POLICY PROCESS,3.0,3.0,500,Pub & Env Aff-SPEA Connect (SPCN),1
SPCN-V 548,SPCN,548,EVIDENCE-BASED DECISION MAKING,1.5,1.5,500,Pub & Env Aff-SPEA Connect (SPCN),2
SPCN-V 550,SPCN,550,TOPICS IN PUBLIC AFFAIRS,3.0,3.0,500,Pub & Env Aff-SPEA Connect (SPCN),3
SPCN-V 580,SPCN,580,READINGS IN PUBLIC AFFAIRS,1.0,6.0,500,Pub & Env Aff-SPEA Connect (SPCN),1
SPEA-A 163,SPEA,163,INTRO TO ARTS MANAGEMENT,3.0,3.0,100,Public And Envir Affairs (SPEA),2
SPEA-A 236,SPEA,236,MUSIC INDUSTRY I,3.0,3.0,200,Public And Envir Affairs (SPEA),1
SPEA-A 241,SPEA,241,COMMUNITY ENGAGEMENT IN ARTS,3.0,3.0,200,Public And Envir Affairs (SPEA),1
SPEA-A 354,SPEA,354,ARTS MARKETING FUNDAMENTALS,3.0,3.0,300,Public And Envir Affairs (SPEA),1
SPEA-A 450,SPEA,450,CONTEMPORARY TPCS IN ARTS ADMN,3.0,3.0,400,Public And Envir Affairs (SPEA),3
SPEA-A 459,SPEA,459,PUBLIC POLICY AND THE ARTS,3.0,3.0,400,Public And Envir Affairs (SPEA),1
SPEA-D 573,SPEA,573,DEVELOPMENT ECONOMICS,3.0,3.0,500,Public And Envir Affairs (SPEA),1
SPEA-D 577,SPEA,577,INTERNATL EC STRAT & TRADE POL,3.0,3.0,500,Latin American Studies (LTAM),1
SPEA-E 183,SPEA,183,ENVIRONMENT AND PEOPLE,3.0,3.0,100,Public And Envir Affairs (SPEA),9
SPEA-E 260,SPEA,260,INTRO TO WATER RESOURCES,3.0,3.0,200,Public And Envir Affairs (SPEA),1
SPEA-E 272,SPEA,272,INTRO TO ENVIR SCIENCES,3.0,3.0,200,Public And Envir Affairs (SPEA),1
SPEA-E 311,SPEA,311,INTRO TO RISK ASSESS/RISK COMM,3.0,3.0,300,Public And Envir Affairs (SPEA),3
SPEA-E 332,SPEA,332,INTRO TO APPLIED ECOLOGY,3.0,3.0,300,Public And Envir Affairs (SPEA),2
SPEA-E 340,SPEA,340,ENVIRONMENTAL ECON & FINANCE,3.0,3.0,300,Public And Envir Affairs (SPEA),2
SPEA-E 363,SPEA,363,ENVIRONMENTAL MANAGEMENT,3.0,3.0,300,Public And Envir Affairs (SPEA),3
SPEA-E 400,SPEA,400,TOPICS IN ENVIRON STUDIES,3.0,3.0,400,Public And Envir Affairs (SPEA),2
SPEA-E 412,SPEA,412,RISK COMMUNICATION,3.0,3.0,400,Public And Envir Affairs (SPEA),1
SPEA-E 416,SPEA,416,FISHERIES MANAGEMENT,3.0,3.0,400,Public And Envir Affairs (SPEA),1
SPEA-E 417,SPEA,417,FUNDAMENTALS OF SUSTAINABLE AG,3.0,3.0,400,Public And Envir Affairs (SPEA),1
SPEA-E 418,SPEA,418,VECTOR-BASED GIS,3.0,3.0,400,Public And Envir Affairs (SPEA),1
SPEA-E 422,SPEA,422,URBAN FOREST MANAGEMENT,3.0,3.0,400,Public And Envir Affairs (SPEA),1
SPEA-E 431,SPEA,431,WATER SUPPLY/WASTEWATER TRTMT,3.0,3.0,400,Public And Envir Affairs (SPEA),1
SPEA-E 440,SPEA,440,WETLANDS ECOLOGY & MANAGEMENT,4.0,4.0,400,Public And Envir Affairs (SPEA),1
SPEA-E 444,SPEA,444,HAZARDOUS MATERIALS,3.0,3.0,400,Public And Envir Affairs (SPEA),1
SPEA-E 451,SPEA,451,AIR POLLUTION AND CONTROL,3.0,3.0,400,Public And Envir Affairs (SPEA),1
SPEA-E 452,SPEA,452,SOLID & HAZARDOUS WASTE MGMT,3.0,3.0,400,Public And Envir Affairs (SPEA),1
SPEA-E 455,SPEA,455,LIMNOLOGY,4.0,4.0,400,Public And Envir Affairs (SPEA),3
SPEA-E 457,SPEA,457,INTRO TO CONSERVATION BIOLOGY,3.0,3.0,400,Public And Envir Affairs (SPEA),1
SPEA-E 461,SPEA,461,WILDLIFE TECHNIQUES,3.0,3.0,400,Public And Envir Affairs (SPEA),1
SPEA-E 490,SPEA,490,DIRECTED RSCH IN ENV SCIENCE,1.0,4.0,400,Public And Envir Affairs (SPEA),2
SPEA-E 513,SPEA,513,ENVIRONMENTAL PROJECT MGMT,3.0,3.0,500,Public And Envir Affairs (SPEA),1
SPEA-E 516,SPEA,516,FISHERIES MANAGEMENT,3.0,3.0,500,Public And Envir Affairs (SPEA),1
SPEA-E 518,SPEA,518,VECTOR-BASED GEOGRPHC INFO SYS,3.0,3.0,500,Public And Envir Affairs (SPEA),2
SPEA-E 522,SPEA,522,URBAN FOREST MANAGEMENT,3.0,3.0,500,Public And Envir Affairs (SPEA),1
SPEA-E 528,SPEA,528,FOREST ECOLOGY & MANAGEMENT,3.0,3.0,500,Public And Envir Affairs (SPEA),1
SPEA-E 530,SPEA,530,FUNDAMENTALS OF SUSTAINABLE AG,3.0,3.0,500,Public And Envir Affairs (SPEA),1
SPEA-E 536,SPEA,536,ENVIRONMENTAL CHEMISTRY,3.0,3.0,500,Public And Envir Affairs (SPEA),1
SPEA-E 538,SPEA,538,STATISTICS FOR ENVIR SCI,3.0,3.0,500,Public And Envir Affairs (SPEA),1
SPEA-E 540,SPEA,540,WETLANDS ECOLOGY & MANAGEMENT,4.0,4.0,500,Public And Envir Affairs (SPEA),1
SPEA-E 542,SPEA,542,HAZARDOUS MATERIALS,3.0,3.0,500,Public And Envir Affairs (SPEA),1
SPEA-E 543,SPEA,543,ENVIRONMENTAL MANAGEMENT,3.0,3.0,500,Public And Envir Affairs (SPEA),2
SPEA-E 554,SPEA,554,GROUNDWATER FLOW MODELING,3.0,3.0,500,Public And Envir Affairs (SPEA),1
SPEA-E 555,SPEA,555,TPCS IN ENVIRONMENTAL SCIENCES,3.0,3.0,500,Public And Envir Affairs (SPEA),5
SPEA-E 556,SPEA,556,LIMNOLOGY,4.0,4.0,500,Public And Envir Affairs (SPEA),3
SPEA-E 561,SPEA,561,WILDLIFE TECHNIQUES,3.0,3.0,500,Public And Envir Affairs (SPEA),1
SPEA-E 562,SPEA,562,SOLID & HAZARDOUS WASTE MGMT,3.0,3.0,500,Public And Envir Affairs (SPEA),1
SPEA-E 574,SPEA,574,ENERGY SYSTEMS IN TRANSITION,3.0,3.0,500,Public And Envir Affairs (SPEA),2
SPEA-E 579,SPEA,579,READINGS IN ENVIR SCIENCE,1.0,6.0,500,Public And Envir Affairs (SPEA),1
SPEA-E 589,SPEA,589,PRACTICUM IN ENVIRONMENTAL SCI,0.0,6.0,500,Public And Envir Affairs (SPEA),1
SPEA-E 625,SPEA,625,RES IN ENVIRONMENTAL SCIENCE,1.0,12.0,600,Public And Envir Affairs (SPEA),1
SPEA-E 680,SPEA,680,SEM IN ENVIRON SCI & POLICY,1.0,1.0,600,Public And Envir Affairs (SPEA),1
SPEA-E 725,SPEA,725,RES IN ENVIRONMENTAL SCIENCE,1.0,12.0,700,Public And Envir Affairs (SPEA),1
SPEA-E 779,SPEA,779,READINGS IN ENVIR SCIENCE,1.0,6.0,700,Public And Envir Affairs (SPEA),1
SPEA-E 890,SPEA,890,PH.D. THESIS: ENVIR SCI,1.0,12.0,800,Public And Envir Affairs (SPEA),2
SPEA-F 526,SPEA,526,FIN MGMT FOR NONPROFIT ORG,3.0,3.0,500,Public And Envir Affairs (SPEA),1
SPEA-F 560,SPEA,560,PUBLIC FINANCE & BUDGETING,3.0,3.0,500,Public And Envir Affairs (SPEA),1
SPEA-F 610,SPEA,610,GOV BUDGETING & PROGRAM ANALYS,3.0,3.0,600,Public And Envir Affairs (SPEA),1
SPEA-F 667,SPEA,667,SEM IN PUBL CAPTL & DEBT THEOR,3.0,3.0,600,Public And Envir Affairs (SPEA),1
SPEA-F 768,SPEA,768,SEMINAR IN PUBLIC BUDGETING,3.0,3.0,700,Public And Envir Affairs (SPEA),1
SPEA-G 901,SPEA,901,ADVANCED RESEARCH,6.0,6.0,900,Public And Envir Affairs (SPEA),1
SPEA-H 124,SPEA,124,OVERVIEW OF THE U.S. HC SYSTEM,3.0,3.0,100,Public And Envir Affairs (SPEA),3
SPEA-H 267,SPEA,267,CAREER DEVELOPMENT & PLANNING,2.0,2.0,200,Public And Envir Affairs (SPEA),11
SPEA-H 322,SPEA,322,PRINCIPLES OF EPIDEMIOLOGY,3.0,3.0,300,Public And Envir Affairs (SPEA),1
SPEA-H 324,SPEA,324,HEALTH POLICY,3.0,3.0,300,Public And Envir Affairs (SPEA),1
SPEA-H 341,SPEA,341,LEGAL ASPECTS OF HLTH CARE ADM,3.0,3.0,300,Public And Envir Affairs (SPEA),1
SPEA-H 352,SPEA,352,HEALTHCARE FINANCIAL MGMT I,3.0,3.0,300,Public And Envir Affairs (SPEA),2
SPEA-H 353,SPEA,353,HEALTHCARE FINANCIAL MGMT II,3.0,3.0,300,Public And Envir Affairs (SPEA),1
SPEA-H 354,SPEA,354,HEALTH ECONOMICS,3.0,3.0,300,Public And Envir Affairs (SPEA),1
SPEA-H 365,SPEA,365,HEALTH SERVICES PRACTICUM,1.0,1.0,300,Public And Envir Affairs (SPEA),2
SPEA-H 374,SPEA,374,HEALTH MANAGEMENT ETHICS,3.0,3.0,300,Public And Envir Affairs (SPEA),2
SPEA-H 401,SPEA,401,STRATEGIC PLNG IN HEALTH ORG,3.0,3.0,400,Public And Envir Affairs (SPEA),1
SPEA-H 402,SPEA,402,HOSPITAL ADMINISTRATION,3.0,3.0,400,Public And Envir Affairs (SPEA),1
SPEA-H 403,SPEA,403,PHARMAC INDUSTRY & PUBLIC POL,3.0,3.0,400,Public And Envir Affairs (SPEA),1
SPEA-H 411,SPEA,411,CHRONIC & LONG-TERM CARE ADMIN,3.0,3.0,400,Public And Envir Affairs (SPEA),1
SPEA-H 432,SPEA,432,HEALTH CARE MARKETING,3.0,3.0,400,Public And Envir Affairs (SPEA),1
SPEA-H 455,SPEA,455,TOPICS IN PUBLIC HEALTH,3.0,3.0,400,Public And Envir Affairs (SPEA),1
SPEA-H 456,SPEA,456,HEALTHCARE REIMBURSEMENT,3.0,3.0,400,Public And Envir Affairs (SPEA),1
SPEA-H 466,SPEA,466,PUBLIC HEALTH FIELD EXPERIENCE,1.0,1.0,400,Public And Envir Affairs (SPEA),3
SPEA-H 525,SPEA,525,HEALTH ECONOM FOR POLICY & MGT,3.0,3.0,500,Public And Envir Affairs (SPEA),1
SPEA-H 585,SPEA,585,PRACTICUM 1 IN HLTHCARE LDRSHP,3.0,3.0,500,Public And Envir Affairs (SPEA),1
SPEA-H 586,SPEA,586,PRACTICUM 2 IN HLTHCARE LDRSHP,3.0,3.0,500,Public And Envir Affairs (SPEA),1
SPEA-I 519,SPEA,519,DATA BASE MANAGEMENT SYSTEMS,3.0,3.0,500,Public And Envir Affairs (SPEA),1
SPEA-K 300,SPEA,300,STATISTICAL TECHNIQUES,3.0,3.0,300,Public And Envir Affairs (SPEA),6
SPEA-L 622,SPEA,622,LOCAL ECONOMIC DEVELOPMENT,3.0,3.0,600,Public And Envir Affairs (SPEA),1
SPEA-M 547,SPEA,547,NEGOTIATN & DISP RESOLUTION PA,3.0,3.0,500,Public And Envir Affairs (SPEA),1
SPEA-M 652,SPEA,652,MANAGING DIVERSITY PUBLIC ORG,3.0,3.0,600,Public And Envir Affairs (SPEA),1
SPEA-M 654,SPEA,654,PUBLIC PGRM MGMT & CONTRACTING,3.0,3.0,600,Public And Envir Affairs (SPEA),1
SPEA-M 771,SPEA,771,PUBLIC ORGANIZATION & MGMT I,3.0,3.0,700,Public And Envir Affairs (SPEA),1
SPEA-M 772,SPEA,772,PUBLIC ORGANIZATION & MGMT II,3.0,3.0,700,Public And Envir Affairs (SPEA),1
SPEA-N 525,SPEA,525,MGMT IN THE NONPROFIT SECTOR,3.0,3.0,500,Public And Envir Affairs (SPEA),1
SPEA-N 534,SPEA,534,NGO MGMT FOR INTL DEVELOPMENT,3.0,3.0,500,Public And Envir Affairs (SPEA),1
SPEA-P 541,SPEA,541,BENEFIT COST ANALYSIS,3.0,3.0,500,Public And Envir Affairs (SPEA),1
SPEA-P 562,SPEA,562,PUBLIC PROGRAM EVALUATION,3.0,3.0,500,Public And Envir Affairs (SPEA),1
SPEA-P 710,SPEA,710,TOPICS IN PUBLIC POLICY,3.0,3.0,700,Public And Envir Affairs (SPEA),5
SPEA-P 762,SPEA,762,PUBLIC PROGRAM EVALUATION,3.0,3.0,700,Public And Envir Affairs (SPEA),1
SPEA-P 791,SPEA,791,WORKSHOP IN PUBLIC POLICY,0.0,1.0,700,Public And Envir Affairs (SPEA),1
SPEA-R 517,SPEA,517,ENVIRONMENTAL JUSTICE,3.0,3.0,500,Public And Envir Affairs (SPEA),1
SPEA-R 625,SPEA,625,ENVIRONMENTAL ECONOMICS & POL,3.0,3.0,600,Public And Envir Affairs (SPEA),1
SPEA-R 643,SPEA,643,NATURAL RESOURCE MGMT & POLICY,3.0,3.0,600,Public And Envir Affairs (SPEA),1
SPEA-S 515,SPEA,515,SUSTAINABLE COMMUNITIES,3.0,3.0,500,Public And Envir Affairs (SPEA),1
SPEA-V 100,SPEA,100,CURRENT TOPICS IN PUBLIC AFF,1.0,1.0,100,Public And Envir Affairs (SPEA),2
SPEA-V 161,SPEA,161,URBAN PROBLEMS & SOLUTIONS,3.0,3.0,100,Public And Envir Affairs (SPEA),1
SPEA-V 181,SPEA,181,US POLICY AND ADMINISTRATION,3.0,3.0,100,Public And Envir Affairs (SPEA),7
SPEA-V 182,SPEA,182,COMPARATIVE AND INTL POLICY,3.0,3.0,100,Public And Envir Affairs (SPEA),6
SPEA-V 184,SPEA,184,LAW AND PUBLIC AFFAIRS,3.0,3.0,100,Public And Envir Affairs (SPEA),11
SPEA-V 185,SPEA,185,MGMT OF PUBLC PROB & SOLUTIONS,3.0,3.0,100,Public And Envir Affairs (SPEA),6
SPEA-V 186,SPEA,186,INTRO PUBLIC BUDGETING & FIN,3.0,3.0,100,Public And Envir Affairs (SPEA),24
SPEA-V 202,SPEA,202,CONTEMP ECON ISSUES PUBLIC AFF,3.0,3.0,200,Public And Envir Affairs (SPEA),4
SPEA-V 203,SPEA,203,THE CALL OF PUBLIC SERVICE,3.0,3.0,200,Public And Envir Affairs (SPEA),1
SPEA-V 221,SPEA,221,NONPROFIT & VOLUNTARY SECTOR,3.0,3.0,200,Public And Envir Affairs (SPEA),1
SPEA-V 236,SPEA,236,MANAGING & LEADING ORGS,3.0,3.0,200,Public And Envir Affairs (SPEA),9
SPEA-V 246,SPEA,246,ELEM GOV/NONPRFT FIN ACCT CYC,3.0,3.0,200,Public And Envir Affairs (SPEA),6
SPEA-V 252,SPEA,252,CAREER DEVELOPMENT & PLANNING,2.0,2.0,200,Public And Envir Affairs (SPEA),11
SPEA-V 261,SPEA,261,USING IT IN PUBLIC AFFAIRS,3.0,3.0,200,Public And Envir Affairs (SPEA),6
SPEA-V 272,SPEA,272,TERRORISM AND PUBLIC POLICY,3.0,3.0,200,Public And Envir Affairs (SPEA),1
SPEA-V 275,SPEA,275,INTRODUCTION TO EMERGENCY MGMT,3.0,3.0,200,Public And Envir Affairs (SPEA),2
SPEA-V 326,SPEA,326,COMM FOR GOVT & NONPROFIT ORGS,3.0,3.0,300,Public And Envir Affairs (SPEA),9
SPEA-V 336,SPEA,336,MNG EXTER COLLAB & NETWORKS,3.0,3.0,300,Public And Envir Affairs (SPEA),2
SPEA-V 339,SPEA,339,LEGAL HISTORY & PUBLIC POLICY,3.0,3.0,300,Public And Envir Affairs (SPEA),4
SPEA-V 346,SPEA,346,INTRO TO GOVT ACCTG/FINL REPTG,3.0,3.0,300,Public And Envir Affairs (SPEA),2
SPEA-V 348,SPEA,348,MANAGEMENT SCIENCE,3.0,3.0,300,Public And Envir Affairs (SPEA),4
SPEA-V 361,SPEA,361,FINANCIAL MANAGEMENT,3.0,3.0,300,Public And Envir Affairs (SPEA),4
SPEA-V 362,SPEA,362,NONPROFIT MGMT & LEADERSHP,3.0,3.0,300,Public And Envir Affairs (SPEA),1
SPEA-V 369,SPEA,369,MANAGING INFORMATION TECH,3.0,3.0,300,Public And Envir Affairs (SPEA),2
SPEA-V 370,SPEA,370,RESEARCH MTHD & STAT MODELING,3.0,3.0,300,Public And Envir Affairs (SPEA),2
SPEA-V 371,SPEA,371,FINANCING PUBLIC AFFAIRS,3.0,3.0,300,Public And Envir Affairs (SPEA),1
SPEA-V 373,SPEA,373,HUMAN RESOURCE MGMT PUB SECTOR,3.0,3.0,300,Public And Envir Affairs (SPEA),6
SPEA-V 374,SPEA,374,INTERMED PUBLIC BUDGET & FIN,3.0,3.0,300,Public And Envir Affairs (SPEA),3
SPEA-V 378,SPEA,378,FEDERAL GOVERNMENT PROCESSES,3.0,3.0,300,Public And Envir Affairs (SPEA),1
SPEA-V 379,SPEA,379,PERF MEASUREMENT & PROGRAM EVAL,3.0,3.0,300,Public And Envir Affairs (SPEA),8
SPEA-V 380,SPEA,380,INTERNSHIP PUB & ENVIR AFFAIRS,6.0,6.0,300,Public And Envir Affairs (SPEA),3
SPEA-V 381,SPEA,381,PROFESSIONAL EXPERIENCE,1.0,1.0,300,Public And Envir Affairs (SPEA),3
SPEA-V 386,SPEA,386,CASE STDS FOR POLICY ANALYSIS,3.0,3.0,300,Public And Envir Affairs (SPEA),2
SPEA-V 401,SPEA,401,FIN & COST BENEFIT ANALYSIS,3.0,3.0,400,Public And Envir Affairs (SPEA),3
SPEA-V 405,SPEA,405,PUBL LAW & LEGISLATIVE PROCESS,3.0,3.0,400,Public And Envir Affairs (SPEA),2
SPEA-V 407,SPEA,407,"ADVOC, POL CHANGE & GOV RELATN",3.0,3.0,400,Public And Envir Affairs (SPEA),1
SPEA-V 409,SPEA,409,FED POLICY & HEARING PROCESS,3.0,3.0,400,Public And Envir Affairs (SPEA),1
SPEA-V 412,SPEA,412,LEADERSHIP AND ETHICS,3.0,3.0,400,Public And Envir Affairs (SPEA),2
SPEA-V 414,SPEA,414,NTL SECURITY BUREAUCRACY & POL,3.0,3.0,400,Public And Envir Affairs (SPEA),1
SPEA-V 415,SPEA,415,DATA SCIENCE IN PUB & ENV AFF,3.0,3.0,400,Public And Envir Affairs (SPEA),2
SPEA-V 424,SPEA,424,"ENV LAW, JUSTICE & POLITICS",3.0,3.0,400,Public And Envir Affairs (SPEA),1
SPEA-V 425,SPEA,425,HOMELAND SEC: POLICY & PRACTICE,3.0,3.0,400,Public And Envir Affairs (SPEA),1
SPEA-V 427,SPEA,427,INTERNATNL DEVELOPMENT FINANCE,3.0,3.0,400,Public And Envir Affairs (SPEA),2
SPEA-V 434,SPEA,434,NGO MGMT FOR INTL DEVELOPMENT,3.0,3.0,400,Public And Envir Affairs (SPEA),1
SPEA-V 435,SPEA,435,NEGOTIATION & ALTERN DISP RES,3.0,3.0,400,Public And Envir Affairs (SPEA),4
SPEA-V 437,SPEA,437,PUBLIC TRANSPORTATION,3.0,3.0,400,Public And Envir Affairs (SPEA),1
SPEA-V 439,SPEA,439,DEBATES IN PUBLIC FINANCE,3.0,3.0,400,Public And Envir Affairs (SPEA),3
SPEA-V 443,SPEA,443,MANAGING WORK FORCE DIVERSITY,3.0,3.0,400,Public And Envir Affairs (SPEA),2
SPEA-V 450,SPEA,450,CONTEM ISSUES IN PUBLIC AFF,3.0,3.0,400,Public And Envir Affairs (SPEA),6
SPEA-V 456,SPEA,456,TOPICS IN PUBLIC LAW,3.0,3.0,400,Public And Envir Affairs (SPEA),2
SPEA-V 458,SPEA,458,FUND DEV FOR NONPRFT ORG,3.0,3.0,400,Public And Envir Affairs (SPEA),1
SPEA-V 461,SPEA,461,CLOUD COMPUTING APPLS IN PA,3.0,3.0,400,Public And Envir Affairs (SPEA),1
SPEA-V 462,SPEA,462,COMMUNITY DEVELOPMENT,3.0,3.0,400,Public And Envir Affairs (SPEA),1
SPEA-V 475,SPEA,475,DATABASE MANAGEMENT SYSTEMS,3.0,3.0,400,Public And Envir Affairs (SPEA),1
SPEA-V 476,SPEA,476,COMPNSATION STRATEGY & SYSTEMS,3.0,3.0,400,Public And Envir Affairs (SPEA),1
SPEA-V 477,SPEA,477,STRATEGIC HUMAN RESOURCE MGMT,3.0,3.0,400,Public And Envir Affairs (SPEA),2
SPEA-V 478,SPEA,478,EMPLOYMNT LAW HUMAN RES MGMT,3.0,3.0,400,Public And Envir Affairs (SPEA),2
SPEA-V 479,SPEA,479,EMPL RECRUTMNT & SELEC PUB SEC,3.0,3.0,400,Public And Envir Affairs (SPEA),1
SPEA-V 481,SPEA,481,GRANT WRITING FOR PUB & NP ORG,3.0,3.0,400,Public And Envir Affairs (SPEA),1
SPEA-V 490,SPEA,490,DIR RES PUB & ENVIR AFFAIRS,0.0,3.0,400,Public And Envir Affairs (SPEA),1
SPEA-V 491,SPEA,491,HONORS RES PUB & ENVIR AFFAIRS,3.0,3.0,400,Public And Envir Affairs (SPEA),1
SPEA-V 499,SPEA,499,HONORS THESIS,3.0,3.0,400,Public And Envir Affairs (SPEA),2
SPEA-V 506,SPEA,506,STAT ANALYS FOR EFF DEC MAKING,3.0,3.0,500,Public And Envir Affairs (SPEA),4
SPEA-V 512,SPEA,512,PUBLIC POLICY PROCESS,3.0,3.0,500,Public And Envir Affairs (SPEA),1
SPEA-V 517,SPEA,517,PUBLIC MANAGEMENT ECONOMICS,3.0,3.0,500,Public And Envir Affairs (SPEA),2
SPEA-V 535,SPEA,535,MANAGING & LEADING PUBLIC AFF,3.0,3.0,500,Public And Envir Affairs (SPEA),2
SPEA-V 540,SPEA,540,LAW AND PUBLIC AFFAIRS,3.0,3.0,500,Public And Envir Affairs (SPEA),1
SPEA-V 550,SPEA,550,TOPICS IN PUBLIC AFFAIRS,3.0,3.0,500,Public And Envir Affairs (SPEA),4
SPEA-V 580,SPEA,580,READINGS IN PUBLIC AFFAIRS,1.0,6.0,500,Public And Envir Affairs (SPEA),1
SPEA-V 582,SPEA,582,OVERSEAS TOPICS-PUBLIC AFFAIRS,0.0,15.0,500,Public And Envir Affairs (SPEA),3
SPEA-V 585,SPEA,585,PRACTICUM IN PUBLIC AFFAIRS,0.0,6.0,500,Public And Envir Affairs (SPEA),2
SPEA-V 590,SPEA,590,RESEARCH IN PUBLIC AFFAIRS,1.0,6.0,500,Public And Envir Affairs (SPEA),1
SPEA-V 600,SPEA,600,CAPSTONE IN PUBL & ENV AFFAIR,3.0,3.0,600,Public And Envir Affairs (SPEA),2
SPEA-V 706,SPEA,706,STATISTICS FOR RSCH PUB AFFS I,3.0,3.0,700,Public And Envir Affairs (SPEA),1
SPEA-V 789,SPEA,789,READINGS IN PUBLIC AFFAIRS,1.0,6.0,700,Public And Envir Affairs (SPEA),1
SPEA-V 799,SPEA,799,RESEARCH IN PUBLIC AFFAIRS,1.0,6.0,700,Public And Envir Affairs (SPEA),1
SPEA-V 890,SPEA,890,THESIS (PH D),1.0,12.0,800,Public And Envir Affairs (SPEA),2
SPH-A 362,SPH,362,COACHING OF BASKETBALL,2.0,2.0,300,Public Health (SPH),3
SPH-A 483,SPH,483,PRINC OF SPORTS OFFICIATING,1.0,1.0,400,Public Health (SPH),1
SPH-A 510,SPH,510,EMERGENCY RESPONSE FOR THE AT,4.0,4.0,500,Public Health (SPH),1
SPH-A 511,SPH,511,APPLIED CLINICAL PRACTICE AT I,1.0,1.0,500,Public Health (SPH),1
SPH-A 512,SPH,512,CRITICAL INQ ATH HEALTHCARE I,1.0,1.0,500,Public Health (SPH),1
SPH-A 530,SPH,530,PRIN TECH THER INTERVENTION II,4.0,4.0,500,Public Health (SPH),1
SPH-A 531,SPH,531,APPLIED CLIN PRACTICE AT III,1.0,1.0,500,Public Health (SPH),1
SPH-A 532,SPH,532,CRIT INQ ATH HEALTHCARE III,1.0,1.0,500,Public Health (SPH),1
SPH-A 540,SPH,540,ORTH PRIN MSK INJ I,4.0,4.0,500,Public Health (SPH),1
SPH-A 581,SPH,581,ATHL TRG PRINCIPLES FOR SPINE,4.0,4.0,500,Public Health (SPH),1
SPH-A 695,SPH,695,PRACTICUM IN ATHLETIC TRAINING,1.0,3.0,600,Public Health (SPH),2
SPH-B 150,SPH,150,INTRODUCTION TO PUBLIC HEALTH,3.0,3.0,100,Honors (HON),5
SPH-B 250,SPH,250,PUBLIC HEALTH COMMUNICATION,3.0,3.0,200,Public Health (SPH),6
SPH-B 310,SPH,310,PUB HEALTH DIVERSE COMMUNITIES,3.0,3.0,300,Public Health (SPH),2
SPH-B 315,SPH,315,HEALTH IN THE LATER YEARS,3.0,3.0,300,Public Health (SPH),1
SPH-B 350,SPH,350,SEMINAR IN PUBLIC HLTH EDUC,3.0,3.0,300,Public Health (SPH),1
SPH-B 354,SPH,354,AGING TODAY,3.0,3.0,300,Public Health (SPH),1
SPH-B 360,SPH,360,PROF PATHWAYS IN COMM HEALTH,2.0,2.0,300,Public Health (SPH),2
SPH-B 366,SPH,366,COMMUNITY HEALTH,3.0,3.0,300,Public Health (SPH),2
SPH-B 403,SPH,403,PUBLIC HEALTH PROGRAM PLANNING,3.0,3.0,400,Public Health (SPH),1
SPH-B 491,SPH,491,READINGS IN PUBLIC HLTH EDUC,1.0,1.0,400,Public Health (SPH),2
SPH-B 496,SPH,496,BSPH PUBLIC HEALTH INTERNSHIP,1.0,10.0,400,Public Health (SPH),1
SPH-B 589,SPH,589,THEORY & CONCEPT FRAMEWORKS PH,3.0,3.0,500,Public Health (SPH),1
SPH-B 602,SPH,602,INTERVNTN DESIGN PUBLIC HEALTH,3.0,3.0,600,Public Health (SPH),1
SPH-B 609,SPH,609,IMPLEMENT SCI PUBLIC HEALTH,3.0,3.0,600,Public Health (SPH),1
SPH-B 615,SPH,615,"HLTH, LONG & INTG THER LTR YRS",3.0,3.0,600,Public Health (SPH),1
SPH-B 630,SPH,630,SEX REPRO HEALTH SURVEILLANCE,3.0,3.0,600,Public Health (SPH),1
SPH-B 634,SPH,634,SEX HLTH RES EVAL MTH APP,3.0,3.0,600,Public Health (SPH),1
SPH-B 675,SPH,675,PRACTICUM IN PUBLIC HEALTH,3.0,3.0,600,Public Health (SPH),1
SPH-B 692,SPH,692,RESEARCH IN PUBLIC HEALTH,3.0,3.0,600,Public Health (SPH),2
SPH-B 700,SPH,700,INTRO DOC STUDIES APP HLTH SCI,1.0,1.0,700,Public Health (SPH),1
SPH-B 702,SPH,702,ADV EVAL RES IN PUB HLTH,3.0,3.0,700,Public Health (SPH),1
SPH-B 709,SPH,709,GRAD RESRCH COLLOQM HEALTH BEH,1.0,1.0,700,Public Health (SPH),1
SPH-B 710,SPH,710,METHODS HLTH BEHAVIOR RESEARCH,3.0,3.0,700,Public Health (SPH),1
SPH-C 213,SPH,213,INTRO TO SPORT COMMUNICATION,3.0,3.0,200,Public Health (SPH),2
SPH-C 329,SPH,329,ISSUES IN SPORT COMMUNICATION,3.0,3.0,300,Public Health (SPH),1
SPH-C 580,SPH,580,SPORT COMMUNICATIONS,3.0,3.0,500,Public Health (SPH),1
SPH-E 250,SPH,250,PUB HLTH SURV MONITOR,3.0,3.0,200,Public Health (SPH),1
SPH-E 311,SPH,311,INTRODUCTION TO EPIDEMIOLOGY,3.0,3.0,300,Public Health (SPH),2
SPH-E 350,SPH,350,ID OUTBREAKS AND INVESTIGATION,3.0,3.0,300,Public Health (SPH),1
SPH-E 353,SPH,353,DIST & DETERMINANT CHRONIC DIS,3.0,3.0,300,Public Health (SPH),1
SPH-E 358,SPH,358,EPI METHODS: CONCEPTS,3.0,3.0,300,Public Health (SPH),2
SPH-E 359,SPH,359,EPI METHODS: APPLICATION,3.0,3.0,300,Public Health (SPH),1
SPH-E 451,SPH,451,ETHICS AND EXPLOITATION,3.0,3.0,400,Public Health (SPH),1
SPH-E 493,SPH,493,IND STUDY IN EPIDEMIOLOGY,1.0,3.0,400,Public Health (SPH),1
SPH-E 496,SPH,496,FIELD EXP IN EPIDEMIOLOGY,1.0,10.0,400,Public Health (SPH),1
SPH-E 651,SPH,651,EPIDEMIOLOGY,3.0,3.0,600,Public Health (SPH),2
SPH-E 653,SPH,653,CHRONIC DISEASE EPIDEMIOLOGY,3.0,3.0,600,Public Health (SPH),2
SPH-E 657,SPH,657,SOCIAL EPIDEMIOLOGY,3.0,3.0,600,Public Health (SPH),2
SPH-E 680,SPH,680,NUTRITIONAL EPIDEMIOLOGY,3.0,3.0,600,Public Health (SPH),1
SPH-E 692,SPH,692,RESEARCH IN EPIDEMIOLOGY,1.0,3.0,600,Public Health (SPH),1
SPH-E 758,SPH,758,ADVANCED EPIDEMIOLOGY,3.0,3.0,700,Public Health (SPH),1
SPH-E 759,SPH,759,ADV EPI METHODS,3.0,3.0,700,Public Health (SPH),1
SPH-E 793,SPH,793,INDEPENDENT READINGS IN EPI,1.0,3.0,700,Public Health (SPH),1
SPH-E 799,SPH,799,EPI DISSERTATION,1.0,12.0,700,Public Health (SPH),7
SPH-F 150,SPH,150,INTRO TO LIFE SPAN DEVELOPMENT,3.0,3.0,100,Public Health (SPH),6
SPH-F 180,SPH,180,INTRO TO CHILD AND YOUTH WORK,3.0,3.0,100,Public Health (SPH),2
SPH-F 255,SPH,255,HUMAN SEXUALITY,3.0,3.0,200,Public Health (SPH),7
SPH-F 258,SPH,258,"RELATNSHIPS, MARRIAGE & FAMILY",3.0,3.0,200,Public Health (SPH),2
SPH-F 345,SPH,345,"PARENTS, PARENTING, & CHILDREN",3.0,3.0,300,Public Health (SPH),1
SPH-F 346,SPH,346,PRENATAL EARLY CHLHD-HUM DEV 1,3.0,3.0,300,Public Health (SPH),2
SPH-F 347,SPH,347,MID CHLDHD THRU ADOL-HUM DEV 2,3.0,3.0,300,Public Health (SPH),1
SPH-F 348,SPH,348,EARLY THRU LATE ADLT-HUM DEV 3,3.0,3.0,300,Public Health (SPH),1
SPH-F 410,SPH,410,POSITIVE YOUTH DEVELOPMENT,3.0,3.0,400,Public Health (SPH),2
SPH-F 417,SPH,417,AFRCN AMERICAN & LATINO FAMILIES,3.0,3.0,400,Public Health (SPH),1
SPH-F 430,SPH,430,PROF PREP IN HUM DEV & FAMILY ST,3.0,3.0,400,Public Health (SPH),1
SPH-F 453,SPH,453,FAMILY LIFE EDUCATION,3.0,3.0,400,Public Health (SPH),1
SPH-F 457,SPH,457,PROTECT FACTR/STRESS/RESIL FAM,3.0,3.0,400,Public Health (SPH),1
SPH-F 458,SPH,458,FAMILY LAW AND POLICY,3.0,3.0,400,Public Health (SPH),2
SPH-G 599,SPH,599,THESIS RESEARCH,0.0,0.0,500,Public Health (SPH),1
SPH-G 901,SPH,901,ADVANCED RESEARCH,6.0,6.0,900,Public Health (SPH),1
SPH-H 150,SPH,150,CHILDREN'S HEALTH UP TO AGE 5,3.0,3.0,100,Public Health (SPH),2
SPH-H 160,SPH,160,FIRST AID AND EMERGENCY CARE,3.0,3.0,100,Public Health (SPH),10
SPH-H 170,SPH,170,HEALTH THROUGH THE COLLEGE YRS,3.0,3.0,100,Public Health (SPH),1
SPH-H 172,SPH,172,INTRO TO GLOBAL PUBLIC HEALTH,3.0,3.0,100,Public Health (SPH),2
SPH-H 174,SPH,174,PREV OF VIOLENCE IN AMER SOC,3.0,3.0,100,Public Health (SPH),2
SPH-H 180,SPH,180,STRESS PREVENTION & MANAGEMENT,3.0,3.0,100,Public Health (SPH),10
SPH-H 220,SPH,220,DEATH & DYING,3.0,3.0,200,Public Health (SPH),1
SPH-H 263,SPH,263,PERSONAL HEALTH,3.0,3.0,200,Public Health (SPH),10
SPH-H 305,SPH,305,WOMEN'S HEALTH,3.0,3.0,300,Public Health (SPH),2
SPH-H 306,SPH,306,MEN'S HEALTH,3.0,3.0,300,Public Health (SPH),2
SPH-H 312,SPH,312,COVID-19: IMPLIC MTRNL/CHLD HTH,3.0,3.0,300,Public Health (SPH),1
SPH-H 318,SPH,318,DRUG USE IN AMERICAN SOCIETY,3.0,3.0,300,Honors (HON),4
SPH-H 319,SPH,319,GLOBAL HEALTH PROMOTION,3.0,3.0,300,Public Health (SPH),2
SPH-H 320,SPH,320,THE NATURE OF CANCER,3.0,3.0,300,Public Health (SPH),1
SPH-H 334,SPH,334,HEART HEALTH AND DIABETES,3.0,3.0,300,Public Health (SPH),1
SPH-H 350,SPH,350,TOPICAL SEMINAR IN HEALTH PROM,3.0,3.0,300,Public Health (SPH),1
SPH-H 351,SPH,351,COMPLEMENTARY/ALT APPR TO HLTH,3.0,3.0,300,Public Health (SPH),1
SPH-H 360,SPH,360,WRITING IN PUBLIC HEALTH,3.0,3.0,300,Public Health (SPH),6
SPH-H 380,SPH,380,MATERNAL AND CHILD HEALTH,3.0,3.0,300,Public Health (SPH),1
SPH-H 401,SPH,401,EMERGENCY MED TECHN AMBUL I,3.0,3.0,400,Public Health (SPH),1
SPH-H 403,SPH,403,EMERGENCY MED TECH TCHNG ASST,1.0,2.0,400,Public Health (SPH),1
SPH-H 404,SPH,404,EMERGENCY MEDICAL TECHNICN LAB,1.0,1.0,400,Public Health (SPH),3
SPH-H 419,SPH,419,PRINC SUB ABUSE ASSESS & TREAT,3.0,3.0,400,Public Health (SPH),2
SPH-H 494,SPH,494,RES & EVAL MTHDS IN PUBLC HLTH,3.0,3.0,400,Public Health (SPH),3
SPH-H 512,SPH,512,COVID-19: IMPLIC MTRNL/CHLD HTH,3.0,3.0,500,Public Health (SPH),2
SPH-H 518,SPH,518,ALCOHOL & DRUG EDUCATION,3.0,3.0,500,Public Health (SPH),1
SPH-H 580,SPH,580,FNDTL ISSUES MATRNL/CHILD HLTH,3.0,3.0,500,Public Health (SPH),1
SPH-H 650,SPH,650,SEMINAR IN HEALTH PROMOTION,1.0,3.0,600,Public Health (SPH),1
SPH-H 662,SPH,662,ACQUIRING & MANAGING EXT FUNDS,3.0,3.0,600,Public Health (SPH),1
SPH-H 710,SPH,710,PEDAGOGY IN HEALTH BEHAVIOR,3.0,3.0,700,Public Health (SPH),2
SPH-H 792,SPH,792,RESEARCH IN HEALTH BEHAVIOR,1.0,10.0,700,Public Health (SPH),1
SPH-H 799,SPH,799,PH.D. DISSERTATION,1.0,30.0,700,Public Health (SPH),11
SPH-I 100,SPH,100,EXPRNCE IN PHYSICAL ACTIVITY,1.0,1.0,100,Public Health (SPH),15
SPH-I 103,SPH,103,ARCHERY,1.0,1.0,100,Public Health (SPH),3
SPH-I 106,SPH,106,BASIC FISHING TECHNIQUES,1.0,1.0,100,Public Health (SPH),1
SPH-I 111,SPH,111,BASKETBALL,1.0,1.0,100,Public Health (SPH),1
SPH-I 113,SPH,113,BILLIARDS,1.0,1.0,100,Public Health (SPH),6
SPH-I 117,SPH,117,BOWLING,1.0,1.0,100,Public Health (SPH),7
SPH-I 119,SPH,119,PERSONAL FITNESS/WELLNESS,3.0,3.0,100,Public Health (SPH),11
SPH-I 127,SPH,127,FENCING,1.0,1.0,100,Public Health (SPH),1
SPH-I 130,SPH,130,ARMY PHYSICAL FITNESS,2.0,2.0,100,Public Health (SPH),1
SPH-I 133,SPH,133,FITNESS & JOGGING I,1.0,1.0,100,Public Health (SPH),2
SPH-I 137,SPH,137,INDOOR CLIMBING,1.0,1.0,100,Public Health (SPH),26
SPH-I 138,SPH,138,INDOOR CLIMBING-INTERMEDIATE,1.0,1.0,100,Public Health (SPH),7
SPH-I 140,SPH,140,BEGINNING BRAZILIAN JU-JITSU,1.0,1.0,100,Public Health (SPH),3
SPH-I 145,SPH,145,INTRO TO THE MARTIAL ARTS,2.0,2.0,100,Public Health (SPH),1
SPH-I 149,SPH,149,JUDO,1.0,1.0,100,Public Health (SPH),1
SPH-I 151,SPH,151,SELF DEFENSE,1.0,1.0,100,Public Health (SPH),4
SPH-I 185,SPH,185,VOLLEYBALL,1.0,1.0,100,Public Health (SPH),1
SPH-I 190,SPH,190,YOGA I,1.0,1.0,100,Public Health (SPH),15
SPH-I 240,SPH,240,INTERMED BRAZILIAN JU-JITSU,1.0,1.0,200,Public Health (SPH),1
SPH-I 272,SPH,272,SCUBA KNOWLEDGE DEVELOPMENT,1.0,1.0,200,Public Health (SPH),2
SPH-I 281,SPH,281,TENNIS - INTERMEDIATE,1.0,2.0,200,Public Health (SPH),2
SPH-I 340,SPH,340,ADVANCED BRAZILIAN JU-JITSU,1.0,1.0,300,Public Health (SPH),1
SPH-I 350,SPH,350,ADVANCED TAE KWON DO,1.0,1.0,300,Public Health (SPH),1
SPH-I 370,SPH,370,SCUBA CERTIFICATION,3.0,3.0,300,Public Health (SPH),14
SPH-I 371,SPH,371,ADVANCED SCUBA,3.0,3.0,300,Public Health (SPH),4
SPH-I 445,SPH,445,IND STUDY IN THE MARTIAL ARTS,1.0,1.0,400,Public Health (SPH),1
SPH-I 470,SPH,470,DIVER SAFETY & RESCUE,3.0,3.0,400,Public Health (SPH),3
SPH-K 150,SPH,150,INTRO TO KINE AND PH,3.0,3.0,100,Public Health (SPH),2
SPH-K 199,SPH,199,CAREERS IN HELPING PROFESSIONS,2.0,2.0,100,Public Health (SPH),4
SPH-K 200,SPH,200,COMPUTER TECH PUBLIC HEALTH,3.0,3.0,200,Public Health (SPH),6
SPH-K 205,SPH,205,STRUCTURAL KINESIOLOGY,3.0,3.0,200,Public Health (SPH),6
SPH-K 212,SPH,212,INTRO TO EXERCISE SCIENCE,3.0,3.0,200,Public Health (SPH),2
SPH-K 216,SPH,216,FOUND PHYSICAL ACTIVITY & PUBL,3.0,3.0,200,Public Health (SPH),1
SPH-K 250,SPH,250,INTRO SPECIAL TOPICS KINES,3.0,3.0,200,Public Health (SPH),2
SPH-K 280,SPH,280,BASIC PREV & CARE OF ATHL INJ,2.0,2.0,200,Public Health (SPH),2
SPH-K 290,SPH,290,MOVMT EXP PRESCH & ELEM CHLD,2.0,2.0,200,Public Health (SPH),2
SPH-K 301,SPH,301,PROFESSIONAL & CAREER PREP,1.0,1.0,300,Public Health (SPH),1
SPH-K 305,SPH,305,MECHANICAL BASIS OF HUMAN MVMT,3.0,3.0,300,Public Health (SPH),1
SPH-K 316,SPH,316,THEORIES OF ADV CONDITIONING,2.0,2.0,300,Public Health (SPH),1
SPH-K 319,SPH,319,PHYS ACTIVITY/EXERCISE LDRSHP,3.0,3.0,300,Public Health (SPH),1
SPH-K 327,SPH,327,BEHAVIORAL ASPECTS OF PA/EX,3.0,3.0,300,Public Health (SPH),1
SPH-K 335,SPH,335,THEORIES CONDITION FOR COACHNG,3.0,3.0,300,Public Health (SPH),1
SPH-K 350,SPH,350,INTERMED SPECIAL TOPICS KINES,3.0,3.0,300,Public Health (SPH),7
SPH-K 385,SPH,385,PRACTICUM IN ADAPTED PHYS ACT,1.0,2.0,300,Public Health (SPH),1
SPH-K 391,SPH,391,BIOMECHANICS,3.0,3.0,300,Public Health (SPH),10
SPH-K 395,SPH,395,FITNESS SPECIALIST PRACTICUM,2.0,2.0,300,Public Health (SPH),1
SPH-K 398,SPH,398,ADAPTED PHYSICAL ACTIVITY,3.0,3.0,300,Public Health (SPH),3
SPH-K 405,SPH,405,EXERCISE AND SPORT PSYCHOLOGY,3.0,3.0,400,Public Health (SPH),1
SPH-K 409,SPH,409,BASIC PHYSIOLOGY OF EXERCISE,3.0,3.0,400,Public Health (SPH),15
SPH-K 412,SPH,412,EXERCISE IN HEALTH AND DISEASE,3.0,3.0,400,Public Health (SPH),2
SPH-K 416,SPH,416,PA/FITNESS ADMINISTRATION,3.0,3.0,400,Public Health (SPH),1
SPH-K 419,SPH,419,FITNESS TESTING & INTERPRETATN,3.0,3.0,400,Public Health (SPH),3
SPH-K 450,SPH,450,ADVANCED SPECIAL TOPICS KINES,3.0,3.0,400,Public Health (SPH),4
SPH-K 452,SPH,452,MOTOR LEARNING,3.0,3.0,400,Public Health (SPH),1
SPH-K 455,SPH,455,PRACTICUM IN COACHING,2.0,2.0,400,Public Health (SPH),1
SPH-K 485,SPH,485,PRACT IN KINES & ATH,1.0,1.0,400,Public Health (SPH),1
SPH-K 486,SPH,486,FIELD EXP IN FITNESS & WELLNES,1.0,8.0,400,Public Health (SPH),1
SPH-K 490,SPH,490,MOTOR DEVELOPMENT & LEARNING,3.0,3.0,400,Public Health (SPH),2
SPH-K 492,SPH,492,RESEARCH IN KINESIOLOGY,1.0,3.0,400,Public Health (SPH),13
SPH-K 496,SPH,496,LAB ASST/FIELD EXP SPRTS KINES,1.0,3.0,400,Public Health (SPH),6
SPH-K 497,SPH,497,INTERNSHIP IN EXERCISE SCIENCE,1.0,3.0,400,Public Health (SPH),1
SPH-K 506,SPH,506,COMPUTER APPL IN KINESIOLOGY,3.0,3.0,500,Public Health (SPH),1
SPH-K 530,SPH,530,MECH ANALYS OF HUM PERFORMANCE,3.0,3.0,500,Public Health (SPH),1
SPH-K 535,SPH,535,PHYSIOL BASIS OF HUMAN PERF,3.0,3.0,500,Public Health (SPH),2
SPH-K 542,SPH,542,NEUROMUSCULAR CNTRL OF MOVEMT,3.0,3.0,500,Center For Neural Sciences (NEUS),1
SPH-K 550,SPH,550,GRANTSMANSHIP IN HUMAN RES,3.0,3.0,500,Center For Neural Sciences (NEUS),6
SPH-K 599,SPH,599,MASTER'S THESIS,1.0,5.0,500,Public Health (SPH),9
SPH-K 635,SPH,635,CARDIO PHYSIOLOGY OF EXERCISE,3.0,3.0,600,Public Health (SPH),1
SPH-K 693,SPH,693,INDEPENDENT STUDY & RESEARCH,1.0,5.0,600,Public Health (SPH),21
SPH-K 697,SPH,697,INTERNSHIP IN KINESIOLOGY,2.0,8.0,600,Public Health (SPH),1
SPH-K 791,SPH,791,READINGS IN HUMAN PERFORMANCE,2.0,5.0,700,Public Health (SPH),14
SPH-K 792,SPH,792,RESEARCH IN HUMAN PERFORMANCE,2.0,5.0,700,Public Health (SPH),10
SPH-K 799,SPH,799,PH.D. DISSERTATION,1.0,30.0,700,Public Health (SPH),13
SPH-L 102,SPH,102,PERSONAL LEADERSHIP DEVELOPMNT,1.0,1.0,100,Public Health (SPH),1
SPH-M 211,SPH,211,INTRO TO SPORT MANAGEMENT,3.0,3.0,200,Public Health (SPH),2
SPH-M 310,SPH,310,SPORT ANALYTICS,3.0,3.0,300,Public Health (SPH),1
SPH-M 314,SPH,314,ESPORTS MANAGEMENT & MARKETING,3.0,3.0,300,Public Health (SPH),1
SPH-M 318,SPH,318,MANAGING THE SPORT ENTERPRISE,3.0,3.0,300,Public Health (SPH),1
SPH-M 328,SPH,328,ISSUES: INTERCOLLEGTE ATHLETICS,3.0,3.0,300,Public Health (SPH),1
SPH-M 333,SPH,333,SPORT IN AMER: HIST PERSPECTV,3.0,3.0,300,Public Health (SPH),2
SPH-M 382,SPH,382,SPORT IN AMERICAN SOCIETY,3.0,3.0,300,Public Health (SPH),2
SPH-M 404,SPH,404,SPORT MANAGEMENT COLLOQUIUM,3.0,3.0,400,Public Health (SPH),4
SPH-M 411,SPH,411,LEGAL ISSUES IN SPORT SETTINGS,3.0,3.0,400,Public Health (SPH),2
SPH-M 415,SPH,415,SPORT PROMOTIONS & PUBL RELNS,3.0,3.0,400,Public Health (SPH),2
SPH-M 418,SPH,418,SPORT MARKETING,3.0,3.0,400,Public Health (SPH),2
SPH-M 423,SPH,423,FINANCIAL PRINCIPLES IN SPORT,3.0,3.0,400,Public Health (SPH),3
SPH-M 425,SPH,425,SPORT GOVERNANCE IN GLBL COMM,3.0,3.0,400,Public Health (SPH),2
SPH-M 426,SPH,426,SALES MANAGEMENT IN SPORT,3.0,3.0,400,Public Health (SPH),2
SPH-M 428,SPH,428,STRAT MGMT IN SPORT INDUSTRY,3.0,3.0,400,Public Health (SPH),2
SPH-M 495,SPH,495,PRACTICUM IN SPORTS STUDIES,3.0,3.0,400,Public Health (SPH),2
SPH-M 497,SPH,497,INTERNSHIP IN SPORT MANAGEMENT,3.0,3.0,400,Public Health (SPH),2
SPH-M 511,SPH,511,LEGAL ISS IN SPORT ENVIRONMNT,3.0,3.0,500,Public Health (SPH),1
SPH-M 514,SPH,514,SPORT MARKETING & SPONSORSHIP,3.0,3.0,500,Public Health (SPH),1
SPH-M 515,SPH,515,PRINC OF MGMT IN SPORT IND,3.0,3.0,500,Public Health (SPH),1
SPH-M 518,SPH,518,GOVERNANCE IN SPORT MANAGEMENT,3.0,3.0,500,Public Health (SPH),1
SPH-M 520,SPH,520,RESEARCH IN SPORT MANAGEMENT,3.0,3.0,500,Public Health (SPH),1
SPH-N 120,SPH,120,INTRODUCTION TO FOODS,3.0,3.0,100,Public Health (SPH),6
SPH-N 220,SPH,220,NUTRITION FOR HEALTH,3.0,3.0,200,Public Health (SPH),1
SPH-N 231,SPH,231,HUMAN NUTRITION,3.0,3.0,200,Public Health (SPH),5
SPH-N 301,SPH,301,METHODS NUTRITIONAL ASSESSMENT,3.0,3.0,300,Public Health (SPH),2
SPH-N 305,SPH,305,APPLIED SPORTS NUTRITION,3.0,3.0,300,Public Health (SPH),1
SPH-N 321,SPH,321,QUANTITY FOOD PURCHASING/PROD,4.0,4.0,300,Public Health (SPH),1
SPH-N 336,SPH,336,PUBLIC HEALTH NUTRITION,3.0,3.0,300,Public Health (SPH),1
SPH-N 401,SPH,401,ISSUES IN DIETETICS,1.0,1.0,400,Public Health (SPH),1
SPH-N 430,SPH,430,ADVANCED NUTRITION I,3.0,3.0,400,Public Health (SPH),1
SPH-N 431,SPH,431,MEDICAL NUTRITION THERAPY,3.0,3.0,400,Public Health (SPH),1
SPH-N 492,SPH,492,RSRCH IN NUTRITION/DIETETICS,3.0,3.0,400,Public Health (SPH),1
SPH-N 530,SPH,530,ADVANCED HUMAN NUTRITION,3.0,3.0,500,Public Health (SPH),1
SPH-N 531,SPH,531,MEDICAL NUTRITION THERAPY,3.0,3.0,500,Public Health (SPH),1
SPH-N 536,SPH,536,APPLIED PH NUTRITION,3.0,3.0,500,Public Health (SPH),1
SPH-N 539,SPH,539,SPECIAL PROBLEMS IN NUTRI,3.0,3.0,500,Public Health (SPH),1
SPH-N 691,SPH,691,READINGS IN NUTRITION SCIENCE,1.0,5.0,600,Public Health (SPH),1
SPH-N 692,SPH,692,RESEARCH IN NUTRITION SCIENCE,1.0,5.0,600,Public Health (SPH),1
SPH-N 694,SPH,694,GRADUATE SEMINAR IN NUTRITION,1.0,1.0,600,Public Health (SPH),1
SPH-N 700,SPH,700,NUTRITION RESEARCH METHODS,3.0,3.0,700,Public Health (SPH),1
SPH-N 730,SPH,730,REG NUTRIENT METABOLISM I,3.0,3.0,700,Public Health (SPH),1
SPH-N 799,SPH,799,DISSERTATION RESEARCH,1.0,8.0,700,Public Health (SPH),2
SPH-O 214,SPH,214,WILDFLOWERS & WILD EDIBLES,3.0,3.0,200,Public Health (SPH),1
SPH-O 244,SPH,244,NATURAL HISTORY&FIELD ECOLOGY,3.0,3.0,200,Biology (BIOL),1
SPH-O 279,SPH,279,OUTDOOR ADVENTURE EDUCATION,3.0,3.0,200,Public Health (SPH),1
SPH-O 305,SPH,305,INTEGRATED RESOURCE MANAGEMENT,3.0,3.0,300,Public Health (SPH),1
SPH-O 310,SPH,310,ECOSYSTEM MANAGEMENT,3.0,3.0,300,Public Health (SPH),1
SPH-P 309,SPH,309,PUBLIC HEALTH ADMINISTRATION,3.0,3.0,300,Public Health (SPH),1
SPH-P 561,SPH,561,FINANCE & BUDGETING PUB HEALTH,3.0,3.0,500,Public Health (SPH),1
SPH-P 680,SPH,680,PUBLIC HEALTH ECONOMICS,3.0,3.0,600,Public Health (SPH),1
SPH-Q 381,SPH,381,INTRODUCTION TO BIOSTATISTICS,3.0,3.0,300,Public Health (SPH),6
SPH-Q 400,SPH,400,INTRO BIOSTATISTICAL COMPUTING,3.0,3.0,400,Public Health (SPH),1
SPH-Q 501,SPH,501,INTRO TO STATS IN PUBLIC HLTH,3.0,3.0,500,Public Health (SPH),2
SPH-Q 605,SPH,605,LONGITUDINAL DATA ANALYSIS,3.0,3.0,600,Public Health (SPH),1
SPH-Q 611,SPH,611,STATISTICAL PACKAGES IN RESRCH,3.0,3.0,600,Public Health (SPH),2
SPH-Q 612,SPH,612,SURVIVAL ANALYSIS,3.0,3.0,600,Public Health (SPH),1
SPH-Q 631,SPH,631,QUAN I APPLIED PUB HLTH RES,3.0,3.0,600,Public Health (SPH),2
SPH-Q 651,SPH,651,INTRO STAT DISTRIB PUBLIC HLTH,3.0,3.0,600,Public Health (SPH),1
SPH-Q 659,SPH,659,BIOSTAT METHODS EPIDEMIOL RES,3.0,3.0,600,Public Health (SPH),1
SPH-Q 699,SPH,699,BIOSTAT THESIS,1.0,6.0,600,Public Health (SPH),1
SPH-Q 703,SPH,703,GENERALIZED LINEAR MODELS,3.0,3.0,700,Public Health (SPH),1
SPH-Q 711,SPH,711,ADVANCED BIOSTAT COMPUTING,3.0,3.0,700,Public Health (SPH),1
SPH-Q 799,SPH,799,BIOSTAT DISSERTATION,1.0,12.0,700,Public Health (SPH),5
SPH-R 142,SPH,142,LIVING WELL,3.0,3.0,100,Public Health (SPH),5
SPH-R 200,SPH,200,HEALTH & HAPPINESS BY DESIGN,3.0,3.0,200,Honors (HON),4
SPH-R 210,SPH,210,INCLUSION HLTH/WELLNESS DESIGN,3.0,3.0,200,Public Health (SPH),2
SPH-R 220,SPH,220,"FOUND OF PARKS, REC & OUTDOORS",3.0,3.0,200,Public Health (SPH),1
SPH-R 221,SPH,221,CREATING SENSE OF PLACE DESIGN,3.0,3.0,200,Public Health (SPH),1
SPH-R 230,SPH,230,RECREATIONAL SPORTS PROGRAMMNG,3.0,3.0,200,Public Health (SPH),1
SPH-R 235,SPH,235,SPORT AND VIOLENCE,3.0,3.0,200,Public Health (SPH),2
SPH-R 311,SPH,311,MANAGEMENT IN HWD,3.0,3.0,300,Public Health (SPH),2
SPH-R 312,SPH,312,CAREER & INTERNSHIP PREP,3.0,3.0,300,Public Health (SPH),1
SPH-R 314,SPH,314,DATA-BASED DECISION-MAKING,3.0,3.0,300,Public Health (SPH),2
SPH-R 321,SPH,321,AQUATIC MANAGEMENT,3.0,3.0,300,Public Health (SPH),1
SPH-R 350,SPH,350,SEMINAR IN RECREATION & PARKS,3.0,3.0,300,Public Health (SPH),1
SPH-R 388,SPH,388,EXPERIENCE MARKETING,3.0,3.0,300,Public Health (SPH),1
SPH-R 391,SPH,391,READINGS IN RPTS,1.0,3.0,300,Public Health (SPH),2
SPH-R 395,SPH,395,PRACTICUM IN RPTS,1.0,6.0,300,Public Health (SPH),1
SPH-R 396,SPH,396,WORK EXPERIENCE IN RPTS,0.0,0.0,300,Public Health (SPH),1
SPH-R 410,SPH,410,EVENT PLANNING & PROG DEVELOP,3.0,3.0,400,Public Health (SPH),1
SPH-R 413,SPH,413,FISCAL MGMT LEISURE SVC ORGS,3.0,3.0,400,Public Health (SPH),1
SPH-R 414,SPH,414,LEGAL ASPECTS IN HWD,3.0,3.0,400,Public Health (SPH),2
SPH-R 426,SPH,426,HR MGMT IN HLTH/WELLNESS DESGN,3.0,3.0,400,Public Health (SPH),1
SPH-R 492,SPH,492,RESEARCH IN RPTS,1.0,3.0,400,Public Health (SPH),2
SPH-R 497,SPH,497,PROFESSIONAL INTERNSHIP,12.0,12.0,400,Public Health (SPH),2
SPH-R 510,SPH,510,PHIL OF LEISURE & RECREATION,3.0,3.0,500,Public Health (SPH),1
SPH-R 512,SPH,512,ADMN THEORY/MGT PRC OF LEISURE,3.0,3.0,500,Public Health (SPH),1
SPH-R 542,SPH,542,FISCAL MGMT IN REC ADMIN,3.0,3.0,500,Public Health (SPH),1
SPH-R 550,SPH,550,SPECIAL CONCERNS IN PARKS & REC,3.0,3.0,500,Public Health (SPH),1
SPH-R 598,SPH,598,MASTER'S PROJECT IN ADMIN,2.0,4.0,500,Public Health (SPH),2
SPH-R 599,SPH,599,MASTER'S THESIS,1.0,5.0,500,Public Health (SPH),1
SPH-R 691,SPH,691,READINGS IN RECREATION,1.0,5.0,600,Public Health (SPH),3
SPH-R 693,SPH,693,INDEPENDENT STUDY & RESEARCH,1.0,5.0,600,Public Health (SPH),2
SPH-R 695,SPH,695,PRACT IN RECREATION & PARKS,1.0,6.0,600,Public Health (SPH),2
SPH-R 696,SPH,696,MPH FIELD EX IN PARKS & REC,4.0,4.0,600,Public Health (SPH),1
SPH-R 697,SPH,697,INTERNSHIPS IN RECREATN & PARKS,2.0,8.0,600,Public Health (SPH),2
SPH-R 791,SPH,791,ADV READINGS IN RECREATION,1.0,5.0,700,Public Health (SPH),2
SPH-R 792,SPH,792,ADV RESEARCH IN RECREATION,1.0,5.0,700,Public Health (SPH),2
SPH-R 799,SPH,799,PH.D.DISSERTATION,1.0,30.0,700,Public Health (SPH),4
SPH-S 101,SPH,101,INTRODUCTION TO SAFETY,3.0,3.0,100,Public Health (SPH),1
SPH-S 201,SPH,201,INTRO TO INDUSTRIAL HYGIENE,3.0,3.0,200,Public Health (SPH),1
SPH-S 214,SPH,214,OSHA CONSTRUCTION STANDARDS,3.0,3.0,200,Public Health (SPH),1
SPH-S 345,SPH,345,SAFETY PROGRAM MANAGEMENT,3.0,3.0,300,Public Health (SPH),1
SPH-S 410,SPH,410,ADVANCED INDUSTRIAL HYGIENE,3.0,3.0,400,Public Health (SPH),1
SPH-S 415,SPH,415,SAFETY EDUCATION & TRAINING,3.0,3.0,400,Public Health (SPH),1
SPH-S 496,SPH,496,FIELD EXPER OCCUP SAFETY,1.0,10.0,400,Public Health (SPH),1
SPH-S 502,SPH,502,INSTRUCT STRAT FOR SAFETY EDUC,3.0,3.0,500,Public Health (SPH),1
SPH-S 590,SPH,590,INTRO TO RSCH IN SAFETY MGT,3.0,3.0,500,Public Health (SPH),1
SPH-S 610,SPH,610,OCCUPATIONAL RISK MANAGEMENT,3.0,3.0,600,Public Health (SPH),1
SPH-S 650,SPH,650,SEMINAR IN SAFETY EDUCATION,3.0,3.0,600,Public Health (SPH),1
SPH-T 201,SPH,201,INTRO TO THEM INDUSTRIES,3.0,3.0,200,Public Health (SPH),1
SPH-T 203,SPH,203,PRINCIPLES OF LODGING MGMT,3.0,3.0,200,Public Health (SPH),1
SPH-T 211,SPH,211,INTERNATIONAL TOURISM,3.0,3.0,200,Public Health (SPH),1
SPH-T 302,SPH,302,MANAGEMENT OF F & B OPERATIONS,3.0,3.0,300,Public Health (SPH),1
SPH-T 311,SPH,311,CONV MGMT & MEETING PLANNING,3.0,3.0,300,Public Health (SPH),1
SPH-T 323,SPH,323,FESTIVAL & EVENT MANAGEMENT,3.0,3.0,300,Public Health (SPH),1
SPH-T 335,SPH,335,ENTREPRENEURSHIP IN THEM,3.0,3.0,300,Public Health (SPH),1
SPH-T 337,SPH,337,REVENUE MANAGEMENT IN T.H.E.M.,3.0,3.0,300,Public Health (SPH),1
SPH-T 389,SPH,389,GLOBAL DESTINATION MGMT,3.0,3.0,300,Public Health (SPH),1
SPH-T 425,SPH,425,CAPSTONE IN THEM,3.0,3.0,400,Public Health (SPH),1
SPH-T 502,SPH,502,HEALTH IN THEM,3.0,3.0,500,Public Health (SPH),1
SPH-V 215,SPH,215,FOOD PATHOGENS - SURVEILLANCE,3.0,3.0,200,Public Health (SPH),1
SPH-V 235,SPH,235,INTRO PUBLIC HEALTH BIOLOGY,3.0,3.0,200,Public Health (SPH),5
SPH-V 241,SPH,241,FOUND OF ENVIRONMENTAL HEALTH,3.0,3.0,200,Public Health (SPH),9
SPH-V 360,SPH,360,ENVIRON JUSTICE & ANTHROPOCENE,3.0,3.0,300,Public Health (SPH),1
SPH-V 450,SPH,450,ENVRMNTL RISKS TO HUMAN HEALTH,3.0,3.0,400,Public Health (SPH),1
SPH-V 492,SPH,492,RES ENVIRON OCC HEALTH,1.0,3.0,400,Public Health (SPH),2
SPH-V 496,SPH,496,FIELD EXP IN ENV HEALTH,5.0,5.0,400,Public Health (SPH),1
SPH-V 541,SPH,541,ENVIRONMENTAL HEALTH,3.0,3.0,500,Public Health (SPH),2
SPH-V 544,SPH,544,TOPICS CHILDREN'S ENVIR HEALTH,3.0,3.0,500,Public Health (SPH),1
SPH-V 546,SPH,546,RISK ASSESSMT POLICY & TOX REG,3.0,3.0,500,Public Health (SPH),2
SPH-V 548,SPH,548,ENVIRONMENTAL & OCCUPATNL EPID,3.0,3.0,500,Public Health (SPH),2
SPH-V 560,SPH,560,ENVIRONMENTAL JUSTICE,3.0,3.0,500,Public Health (SPH),1
SPH-V 598,SPH,598,GRADUATE RESEARCH PROJECT,3.0,3.0,500,Public Health (SPH),1
SPH-V 610,SPH,610,HUMAN MICROBIOME & ENVIRONMENT,3.0,3.0,600,Public Health (SPH),1
SPH-V 691,SPH,691,READINGS IN ENVIRONMENTAL HLTH,1.0,3.0,600,Public Health (SPH),2
SPH-V 692,SPH,692,RESEARCH IN ENVIRONMENTAL HLTH,1.0,3.0,600,Public Health (SPH),5
SPH-V 733,SPH,733,RES METHODS IN ENVIRON HEALTH,3.0,3.0,700,Public Health (SPH),1
SPH-V 791,SPH,791,ADV ENV HLTH READINGS,1.0,3.0,700,Public Health (SPH),1
SPH-V 792,SPH,792,ADV ENVIRNMNTL HEALTH RESEARCH,1.0,3.0,700,Public Health (SPH),5
SPH-V 799,SPH,799,PHD DISS ENVIRONMENTAL HEALTH,1.0,30.0,700,Public Health (SPH),12
SPH-W 113,SPH,113,BACKPACKING,2.0,2.0,100,Public Health (SPH),4
SPH-W 114,SPH,114,MINDFULNESS IN THE OUTDOORS,1.0,1.0,100,Public Health (SPH),1
SPH-W 116,SPH,116,WILDERNESS FIRST AID,1.0,1.0,100,Public Health (SPH),2
SPH-W 125,SPH,125,INTRO TO MOUNTAIN BIKING,1.0,1.0,100,Public Health (SPH),1
SPH-W 132,SPH,132,CANOEING,2.0,2.0,100,Public Health (SPH),1
SPH-W 136,SPH,136,COASTAL KAYAKING,2.0,2.0,100,Public Health (SPH),1
SPH-W 144,SPH,144,ROCK CLIMBING,2.0,2.0,100,Public Health (SPH),2
SPH-W 305,SPH,305,INTRO TO OUTDOOR LEADERSHIP,3.0,3.0,300,Public Health (SPH),1
SPH-W 331,SPH,331,WILDERNESS FIRST RESPONDER,3.0,3.0,300,Public Health (SPH),1
SPH-X 610,SPH,610,PRO SEMINAR DEVELOPMENT 1,2.0,2.0,600,Public Health (SPH),2
SPH-X 650,SPH,650,EVIDNCE-BSD APP TO PUBLIC HLTH,3.0,3.0,600,Public Health (SPH),2
SPH-X 660,SPH,660,POPULATION HEALTH DETERMINANTS,3.0,3.0,600,Latin American Studies (LTAM),2
SPH-X 695,SPH,695,PLAN MPH PROF PRACT EXP,1.0,1.0,600,Public Health (SPH),3
SPH-X 696,SPH,696,PROF PRACT EXP PH,3.0,3.0,600,Public Health (SPH),3
SPH-Y 225,SPH,225,"DISABILITY, HEALTH, & FUNCTION",3.0,3.0,200,Public Health (SPH),1
SPH-Y 378,SPH,378,REC THER ASSESSMENT & PLANNING,4.0,4.0,300,Public Health (SPH),3
SPH-Y 397,SPH,397,REC THER INTERNSHIP PROF PREP,3.0,3.0,300,Public Health (SPH),1
SPH-Y 470,SPH,470,CONTEMP ISSUES IN REC THERAPY,3.0,3.0,400,Public Health (SPH),1
SPH-Y 560,SPH,560,PROFESNL DEVELPMNT REC THERAPY,3.0,3.0,500,Public Health (SPH),1
SPH-Y 561,SPH,561,SOCIAL PSYCHOLOGY OF REC THER,3.0,3.0,500,Public Health (SPH),1
STAT-G 901,STAT,901,ADVANCED RESEARCH,6.0,6.0,900,Statistics (STAT),1
STAT-S 211,STAT,211,STATISTICS FOR JOURNALISTS,3.0,3.0,200,Statistics (STAT),1
STAT-S 301,STAT,301,BUSINESS STATISTICS,3.0,3.0,300,Statistics (STAT),12
STAT-S 303,STAT,303,STATISTICS FOR LIFE SCIENCES,3.0,3.0,300,Statistics (STAT),2
STAT-S 350,STAT,350,INTRO TO STATISTICAL INFERENCE,3.0,3.0,300,Statistics (STAT),2
STAT-S 352,STAT,352,DATA MODELING AND INFERENCE,3.0,3.0,300,Statistics (STAT),1
STAT-S 426,STAT,426,BAYESIAN DATA ANALYSIS,3.0,3.0,400,Statistics (STAT),1
STAT-S 431,STAT,431,APPLIED LINEAR MODELS,3.0,3.0,400,Statistics (STAT),1
STAT-S 470,STAT,470,EXPLORATORY DATA ANALYSIS,3.0,3.0,400,Statistics (STAT),1
STAT-S 481,STAT,481,TOPICS IN APPLIED STATISTICS,3.0,3.0,400,Statistics (STAT),1
STAT-S 519,STAT,519,INTRO TO STATISTICS IN R,3.0,3.0,500,Statistics (STAT),1
STAT-S 520,STAT,520,INTRODUCTION TO STATISTICS,3.0,3.0,500,Statistics (STAT),2
STAT-S 626,STAT,626,BAYESIAN THRY & DATA ANALYSIS,3.0,3.0,600,Statistics (STAT),1
STAT-S 631,STAT,631,APPLIED LINEAR MODELS I,3.0,3.0,600,Statistics (STAT),1
STAT-S 670,STAT,670,EXPLORATORY DATA ANALYSIS,3.0,3.0,600,Statistics (STAT),1
STAT-S 681,STAT,681,TOPICS IN APPLIED STATISTICS,3.0,3.0,600,Statistics (STAT),1
STAT-S 690,STAT,690,STATISTICAL CONSULTING,4.0,4.0,600,Statistics (STAT),1
STAT-S 693,STAT,693,PROF INTERNSHIP/PRACTICUM,1.0,3.0,600,Statistics (STAT),1
STAT-S 695,STAT,695,READINGS IN STATISTICS,1.0,3.0,600,Statistics (STAT),9
STAT-S 721,STAT,721,ADVANCED STATISTICAL THEORY I,3.0,3.0,700,Statistics (STAT),1
STAT-S 799,STAT,799,RESEARCH IN STATISTICS,1.0,12.0,700,Statistics (STAT),1
STAT-X 490,STAT,490,READINGS IN STATISTICS,1.0,3.0,400,Statistics (STAT),1
STAT-X 498,STAT,498,STATISTICAL CONSULTING,4.0,4.0,400,Statistics (STAT),1
SWK-S 102,SWK,102,EXAM SOCULT SYS PLUR SOC,3.0,3.0,100,Social Work (SWK),4
SWK-S 141,SWK,141,INTRODUCTION TO SOCIAL WORK,3.0,3.0,100,Honors (HON),3
SWK-S 204,SWK,204,WRITING IN PROFESSIONAL SWK,3.0,3.0,200,Social Work (SWK),2
SWK-S 221,SWK,221,HUM GRWTH & DEV IN SOC ENVRMNT,3.0,3.0,200,Social Work (SWK),3
SWK-S 251,SWK,251,HIST & ANALYSIS OF SOC WEL POL,3.0,3.0,200,Social Work (SWK),3
SWK-S 300,SWK,300,SEL TOPICS IN SOCIAL WORK,3.0,3.0,300,Social Work (SWK),2
SWK-S 312,SWK,312,SUBST ABUSE & SOCIAL SERVICES,3.0,3.0,300,Social Work (SWK),1
SWK-S 325,SWK,325,ETH AND EFFT SOC WORK,3.0,3.0,300,Social Work (SWK),1
SWK-S 331,SWK,331,ENG & AS CL SYS: GEN PRC IND FA,3.0,3.0,300,Social Work (SWK),4
SWK-S 371,SWK,371,SOCIAL WORK RESEARCH,3.0,3.0,300,Social Work (SWK),4
SWK-S 423,SWK,423,ORGANIZATION THEORY & PRACTICE,3.0,3.0,400,Social Work (SWK),2
SWK-S 442,SWK,442,INT PRAC-POL SEM SEL FLDS PRAC,3.0,3.0,400,Social Work (SWK),3
SWK-S 481,SWK,481,SOCIAL WORK PRACTICUM I,6.0,6.0,400,Social Work (SWK),3
SWK-S 490,SWK,490,INDEPENDENT STUDY,1.0,3.0,400,Social Work (SWK),1
SWK-S 502,SWK,502,EVIDENCE-INFO INQUIRY FOR PRCT,3.0,3.0,500,Social Work (SWK),1
SWK-S 505,SWK,505,SOC POLICY ANALYSIS & PRACTICE,3.0,3.0,500,Social Work (SWK),1
SWK-S 506,SWK,506,FOUNDATNS OF ETHICAL SWK PRACT,3.0,3.0,500,Social Work (SWK),1
SWK-S 507,SWK,507,SOCIAL WORK IN A PLURALIST SOC,3.0,3.0,500,Social Work (SWK),1
SWK-S 508,SWK,508,GENERALIST THEORY AND PRACTICE,3.0,3.0,500,Social Work (SWK),1
SWK-S 517,SWK,517,MULTD AST IN MEN HEA & SUB ABS,3.0,3.0,500,Social Work (SWK),2
SWK-S 519,SWK,519,COMMUNITY/GLOBAL THEORY & PRAC,3.0,3.0,500,Social Work (SWK),2
SWK-S 600,SWK,600,SEMINAR IN SOC WORK,3.0,3.0,600,Social Work (SWK),2
SWK-S 613,SWK,613,INST & SPPRT SRVCS DIV POPULTN,3.0,3.0,600,Social Work (SWK),1
SWK-S 616,SWK,616,SOCIAL WRK PRACTICE IN SCHOOLS,3.0,3.0,600,Social Work (SWK),1
SWK-S 618,SWK,618,SOCIAL POLICY AND SERVICES,3.0,3.0,600,Social Work (SWK),1
SWK-S 651,SWK,651,SWK PRACTICUM II,3.0,3.0,600,Social Work (SWK),3
SWK-S 683,SWK,683,COMM-ENG PRACT IN BEH HEALTH,3.0,3.0,600,Social Work (SWK),2
SWK-S 685,SWK,685,ADV BEH HEA PRC: INDS FAMS,3.0,3.0,600,Social Work (SWK),1
SWK-S 686,SWK,686,SWK PRACTICE: ADDICTIONS,3.0,3.0,600,Social Work (SWK),2
THTR-D 108,THTR,108,DANCE PRACTICES I,2.0,2.0,100,"Theatre, Drama & Cntmp Dance (THTR)",1
THTR-D 109,THTR,109,CORE OF DANCE TECHNIQUE,3.0,3.0,100,"Theatre, Drama & Cntmp Dance (THTR)",1
THTR-D 121,THTR,121,IMPROV CONTEMPORARY DANCE I,1.0,1.0,100,"Theatre, Drama & Cntmp Dance (THTR)",1
THTR-D 154,THTR,154,BEGINNING TAP DANCE,1.0,1.0,100,"Theatre, Drama & Cntmp Dance (THTR)",2
THTR-D 156,THTR,156,INTRO TO JAZZ DANCE TECHNIQUE,1.0,1.0,100,"Theatre, Drama & Cntmp Dance (THTR)",1
THTR-D 211,THTR,211,DANCE PRACTICES III,3.0,3.0,200,"Theatre, Drama & Cntmp Dance (THTR)",1
THTR-D 221,THTR,221,APPROACHES TO DANCE-MAKING I,2.0,2.0,200,"Theatre, Drama & Cntmp Dance (THTR)",1
THTR-D 231,THTR,231,INTRODUCTION TO DANCE STUDIES,3.0,3.0,200,"Theatre, Drama & Cntmp Dance (THTR)",1
THTR-D 254,THTR,254,INTERMEDIATE TAP DANCE,1.0,1.0,200,"Theatre, Drama & Cntmp Dance (THTR)",1
THTR-D 302,THTR,302,SOMATIC APPR CNTMP BALLET PRCT,3.0,3.0,300,"Theatre, Drama & Cntmp Dance (THTR)",1
THTR-D 311,THTR,311,DANCE PRACTICES V,3.0,3.0,300,"Theatre, Drama & Cntmp Dance (THTR)",1
THTR-D 355,THTR,355,ADVANCED MODERN DANCE,2.0,2.0,300,"Theatre, Drama & Cntmp Dance (THTR)",1
THTR-D 361,THTR,361,IU CONTEMPORARY DANCE THEATRE,1.0,1.0,300,"Theatre, Drama & Cntmp Dance (THTR)",6
THTR-D 411,THTR,411,DANCE PRACTICES VII,3.0,3.0,400,"Theatre, Drama & Cntmp Dance (THTR)",1
THTR-D 421,THTR,421,CHOREOGRAPHIC PERFORM PROJECT,2.0,2.0,400,"Theatre, Drama & Cntmp Dance (THTR)",1
THTR-D 456,THTR,456,ADVANCED JAZZ DANCE,2.0,2.0,400,"Theatre, Drama & Cntmp Dance (THTR)",1
THTR-D 461,THTR,461,METHODS OF MOVEMENT ANALYS,1.0,1.0,400,"Theatre, Drama & Cntmp Dance (THTR)",1
THTR-D 462,THTR,462,SENIOR DANCE SUMMARY,1.0,1.0,400,"Theatre, Drama & Cntmp Dance (THTR)",1
THTR-D 483,THTR,483,TOPICS IN DANCE,1.0,1.0,400,"Theatre, Drama & Cntmp Dance (THTR)",3
THTR-G 599,THTR,599,THESIS RESEARCH,0.0,0.0,500,"Theatre, Drama & Cntmp Dance (THTR)",1
THTR-T 100,THTR,100,INTRODUCTION TO THEATRE,3.0,3.0,100,"Theatre, Drama & Cntmp Dance (THTR)",2
THTR-T 101,THTR,101,SCRIPT ANALYSIS FOR THEATRE,3.0,3.0,100,"Theatre, Drama & Cntmp Dance (THTR)",1
THTR-T 108,THTR,108,GREAT PERFORMANCES IN FILM,3.0,3.0,100,"Theatre, Drama & Cntmp Dance (THTR)",1
THTR-T 117,THTR,117,BEGIN MUSICAL THEATRE DANCE,1.0,1.0,100,"Theatre, Drama & Cntmp Dance (THTR)",1
THTR-T 120,THTR,120,ACTING I: FUNDMNTLS OF ACTING,3.0,3.0,100,"Theatre, Drama & Cntmp Dance (THTR)",12
THTR-T 121,THTR,121,ACTING I FOR MAJ: INTR TO ACTNG,3.0,3.0,100,"Theatre, Drama & Cntmp Dance (THTR)",2
THTR-T 125,THTR,125,PERFORMANCE AS ART AND DESIGN,3.0,3.0,100,"Theatre, Drama & Cntmp Dance (THTR)",1
THTR-T 130,THTR,130,STAGE MAKE-UP DESIGN,1.0,1.0,100,"Theatre, Drama & Cntmp Dance (THTR)",1
THTR-T 168,THTR,168,THEATRE PRACTICUM,1.0,1.0,100,"Theatre, Drama & Cntmp Dance (THTR)",1
THTR-T 203,THTR,203,IU BROADWAY CABARET,0.0,1.0,200,"Theatre, Drama & Cntmp Dance (THTR)",2
THTR-T 204,THTR,204,THEATRE DANCE,2.0,2.0,200,"Theatre, Drama & Cntmp Dance (THTR)",1
THTR-T 220,THTR,220,ACTING II: SCENE STUDY,3.0,3.0,200,"Theatre, Drama & Cntmp Dance (THTR)",1
THTR-T 229,THTR,229,STAGE MANAGEMENT I,3.0,3.0,200,"Theatre, Drama & Cntmp Dance (THTR)",1
THTR-T 254,THTR,254,INTRO TO PLAYWRITING,3.0,3.0,200,"Theatre, Drama & Cntmp Dance (THTR)",1
THTR-T 301,THTR,301,MUSICAL THEATRE DANCE STYLES I,2.0,2.0,300,"Theatre, Drama & Cntmp Dance (THTR)",1
THTR-T 304,THTR,304,ADV MUSICAL THTR DANCE STYLES,2.0,2.0,300,"Theatre, Drama & Cntmp Dance (THTR)",1
THTR-T 305,THTR,305,VOICE FOR MUSICAL THEATRE,1.0,1.0,300,"Theatre, Drama & Cntmp Dance (THTR)",4
THTR-T 319,THTR,319,ACTING III: ADV SCENE STUDY,3.0,3.0,300,"Theatre, Drama & Cntmp Dance (THTR)",1
THTR-T 325,THTR,325,VOICE AND SPEECH,3.0,3.0,300,"Theatre, Drama & Cntmp Dance (THTR)",1
THTR-T 334,THTR,334,COSTUME CONSTRUCTION I,2.0,2.0,300,"Theatre, Drama & Cntmp Dance (THTR)",1
THTR-T 340,THTR,340,DIRECTING I: FUNDAMENTALS,3.0,3.0,300,"Theatre, Drama & Cntmp Dance (THTR)",2
THTR-T 347,THTR,347,INTRO TO SOUND DESIGN FOR THTR,2.0,2.0,300,"Theatre, Drama & Cntmp Dance (THTR)",1
THTR-T 350,THTR,350,ENTERTAINMENT TECHNOLOGY,2.0,2.0,300,"Theatre, Drama & Cntmp Dance (THTR)",1
THTR-T 351,THTR,351,MT STUDIO I: ACTING THE SONG,3.0,3.0,300,"Theatre, Drama & Cntmp Dance (THTR)",1
THTR-T 353,THTR,353,MT STUDIO III: AUDITION,3.0,3.0,300,"Theatre, Drama & Cntmp Dance (THTR)",1
THTR-T 355,THTR,355,STAGE LIGHTING DESIGN LECTURE,2.0,2.0,300,"Theatre, Drama & Cntmp Dance (THTR)",1
THTR-T 359,THTR,359,THEATRE PRODUCTION STUDIO,3.0,3.0,300,"Theatre, Drama & Cntmp Dance (THTR)",5
THTR-T 370,THTR,370,HIST OF THEATRE AND DRAMA I,3.0,3.0,300,"Theatre, Drama & Cntmp Dance (THTR)",1
THTR-T 399,THTR,399,READ RES PERFORMANCE FOR HON,1.0,12.0,300,"Theatre, Drama & Cntmp Dance (THTR)",1
THTR-T 401,THTR,401,MUSICAL THTR SENIOR SHOWCASE,1.0,1.0,400,"Theatre, Drama & Cntmp Dance (THTR)",1
THTR-T 403,THTR,403,SENIOR MUS THTR DANCE AUDITION,2.0,3.0,400,"Theatre, Drama & Cntmp Dance (THTR)",1
THTR-T 408,THTR,408,INTRO TO FLAT PATTERNING,3.0,3.0,400,"Theatre, Drama & Cntmp Dance (THTR)",1
THTR-T 410,THTR,410,MOVEMENT FOR THE THEATRE I,3.0,3.0,400,"Theatre, Drama & Cntmp Dance (THTR)",1
THTR-T 417,THTR,417,RENDERING I,3.0,3.0,400,"Theatre, Drama & Cntmp Dance (THTR)",1
THTR-T 425,THTR,425,INTRO TO THEATRICAL DRAFTING,3.0,3.0,400,"Theatre, Drama & Cntmp Dance (THTR)",1
THTR-T 426,THTR,426,FUNDAMENTALS OF SCENIC DESIGN,3.0,3.0,400,"Theatre, Drama & Cntmp Dance (THTR)",1
THTR-T 430,THTR,430,COSTUME TECHNOLOGY II,3.0,3.0,400,"Theatre, Drama & Cntmp Dance (THTR)",1
THTR-T 438,THTR,438,ADVANCED STAGE LIGHTING DESIGN,3.0,3.0,400,"Theatre, Drama & Cntmp Dance (THTR)",1
THTR-T 447,THTR,447,AESTHETICS OF SOUND DESIGN,3.0,3.0,400,"Theatre, Drama & Cntmp Dance (THTR)",1
THTR-T 451,THTR,451,STAGE RIGGING I,2.0,2.0,400,"Theatre, Drama & Cntmp Dance (THTR)",1
THTR-T 462,THTR,462,DEVELOPMENT OF DRAMATIC ART 3,3.0,3.0,400,"Theatre, Drama & Cntmp Dance (THTR)",1
THTR-T 481,THTR,481,INTRO TO STAGE PROPERTIES,3.0,3.0,400,"Theatre, Drama & Cntmp Dance (THTR)",1
THTR-T 483,THTR,483,TOPICS IN THEATRE AND DRAMA,3.0,3.0,400,"Theatre, Drama & Cntmp Dance (THTR)",1
THTR-T 491,THTR,491,WORKING IN THE PROFESSION,3.0,3.0,400,"Theatre, Drama & Cntmp Dance (THTR)",1
THTR-T 499,THTR,499,READ RES PERFORMANCE FOR HON,1.0,12.0,400,"Theatre, Drama & Cntmp Dance (THTR)",1
THTR-T 500,THTR,500,INTRODUCTION TO GRADUATE STUDY,1.5,1.5,500,"Theatre, Drama & Cntmp Dance (THTR)",1
THTR-T 503,THTR,503,PEDAGOGY FOR THE THEATRE,1.5,1.5,500,"Theatre, Drama & Cntmp Dance (THTR)",1
THTR-T 505,THTR,505,DESIGN RESRCH & COLLABORATN I,1.5,1.5,500,"Theatre, Drama & Cntmp Dance (THTR)",1
THTR-T 506,THTR,506,FUNDAMENTALS OF SCENIC DESIGN,3.0,3.0,500,"Theatre, Drama & Cntmp Dance (THTR)",1
THTR-T 508,THTR,508,INTRO TO FLAT PATTERNING,3.0,3.0,500,"Theatre, Drama & Cntmp Dance (THTR)",1
THTR-T 517,THTR,517,RENDERING I,3.0,3.0,500,"Theatre, Drama & Cntmp Dance (THTR)",1
THTR-T 528,THTR,528,STUDIES IN STAGE SCENERY,3.0,3.0,500,"Theatre, Drama & Cntmp Dance (THTR)",2
THTR-T 529,THTR,529,STUDIES IN THEATRE TECHNOLOGY,2.0,2.0,500,"Theatre, Drama & Cntmp Dance (THTR)",1
THTR-T 531,THTR,531,COSTUME TECHNOLOGY II,3.0,3.0,500,"Theatre, Drama & Cntmp Dance (THTR)",1
THTR-T 538,THTR,538,STUDIES IN STAGE LIGHTING,3.0,3.0,500,"Theatre, Drama & Cntmp Dance (THTR)",1
THTR-T 539,THTR,539,FNDMNTLS OF THEATRICAL DRAFTNG,3.0,3.0,500,"Theatre, Drama & Cntmp Dance (THTR)",1
THTR-T 546,THTR,546,STAGE LIGHTING DESIGN,3.0,3.0,500,"Theatre, Drama & Cntmp Dance (THTR)",1
THTR-T 547,THTR,547,SOUND DESIGN I,3.0,3.0,500,"Theatre, Drama & Cntmp Dance (THTR)",1
THTR-T 551,THTR,551,STAGE RIGGING I,1.0,1.0,500,"Theatre, Drama & Cntmp Dance (THTR)",1
THTR-T 557,THTR,557,GRADUATE PLAYWRITING SEMINAR,3.0,3.0,500,"Theatre, Drama & Cntmp Dance (THTR)",1
THTR-T 574,THTR,574,DRAMATURGY SEMINAR,3.0,3.0,500,"Theatre, Drama & Cntmp Dance (THTR)",1
THTR-T 583,THTR,583,TOPICS IN THEATRE & DRAMA,3.0,3.0,500,"Theatre, Drama & Cntmp Dance (THTR)",2
THTR-T 591,THTR,591,INTRO TO STAGE PROPERTIES,3.0,3.0,500,"Theatre, Drama & Cntmp Dance (THTR)",1
THTR-T 600,THTR,600,DIRECTED RESEARCH,1.0,6.0,600,"Theatre, Drama & Cntmp Dance (THTR)",1
THTR-T 604,THTR,604,PORTFOLIO SEM COSTUME DESIGN,1.0,1.0,600,"Theatre, Drama & Cntmp Dance (THTR)",1
THTR-T 605,THTR,605,PORTFOLIO SEMINAR COSTUME TECH,1.0,1.0,600,"Theatre, Drama & Cntmp Dance (THTR)",1
THTR-T 608,THTR,608,ADVANCED PATTERNING,3.0,3.0,600,"Theatre, Drama & Cntmp Dance (THTR)",1
THTR-T 646,THTR,646,LIGHTING DESIGN SEMINAR,3.0,3.0,600,"Theatre, Drama & Cntmp Dance (THTR)",1
THTR-T 650,THTR,650,LIGHTING DESIGN IN PRODUCTION,3.0,3.0,600,"Theatre, Drama & Cntmp Dance (THTR)",1
THTR-T 700,THTR,700,INDEPENDENT STUDY,1.0,6.0,700,"Theatre, Drama & Cntmp Dance (THTR)",1
THTR-T 701,THTR,701,RDGS IN THEATRE HIST & DRAMA,1.0,6.0,700,"Theatre, Drama & Cntmp Dance (THTR)",1
THTR-T 721,THTR,721,WORKING IN THE PROFESSION,1.0,1.0,700,"Theatre, Drama & Cntmp Dance (THTR)",1
THTR-T 722,THTR,722,GRADUATE PERFORMANCE PRACTICUM,0.5,3.0,700,"Theatre, Drama & Cntmp Dance (THTR)",1
THTR-T 897,THTR,897,M.F.A. THESIS,1.0,10.0,800,"Theatre, Drama & Cntmp Dance (THTR)",1
THTR-X 476,THTR,476,PRACTCM COMM DANCE PARTNERS,3.0,3.0,400,"Theatre, Drama & Cntmp Dance (THTR)",1
THTR-X 490,THTR,490,INDPT STDY IN THTR & DRAMA,1.0,6.0,400,"Theatre, Drama & Cntmp Dance (THTR)",1
VSCI-G 901,VSCI,901,ADVANCED RESEARCH,6.0,6.0,900,Vision Science (VSCI),1
VSCI-V 250,VSCI,250,PHY BIO AND NEURO OF VISION,3.0,3.0,200,Vision Science (VSCI),2
VSCI-V 550,VSCI,550,THE MIRACLE OF SIGHT,3.0,3.0,500,Vision Science (VSCI),2
VSCI-V 595,VSCI,595,FIRST-YEAR RESEARCH,1.0,5.0,500,Vision Science (VSCI),1
VSCI-V 695,VSCI,695,SECOND-YEAR RESEARCH,1.0,5.0,600,Vision Science (VSCI),1
VSCI-V 707,VSCI,707,RETINAL IMAGING,2.0,3.0,700,Vision Science (VSCI),1
VSCI-V 717,VSCI,717,VSL DVLPMNT INFANCY & CHLDHOOD,2.0,3.0,700,Vision Science (VSCI),1
VSCI-V 765,VSCI,765,VISION SCIENCE SEMINAR,1.0,1.0,700,Vision Science (VSCI),1
VSCI-V 768,VSCI,768,SPECIAL TOPICS IN VISION SCI,1.0,4.0,700,Vision Science (VSCI),8
VSCI-V 785,VSCI,785,FOUNDATION OF ACADEMIC WRITING,3.0,3.0,700,Vision Science (VSCI),1
VSCI-V 795,VSCI,795,THIRD-YEAR RESEARCH,1.0,5.0,700,Vision Science (VSCI),1
VSCI-V 799,VSCI,799,M.S. THESIS RESEARCH,1.0,10.0,700,Vision Science (VSCI),1
VSCI-V 899,VSCI,899,PH.D.DISSERTATION RESEARCH,1.0,12.0,800,Vision Science (VSCI),1
