class_number,course_code,component,status,topic,capacity,available,waitlist,delivery_mode,instructors,days,start,end,building,room
10000,MUS-G 566,LEC,OPEN,,6,5,0,IN_PERSON,Kelly R,TUTH,10:25,12:20,MC,070
10001,MUS-O 141,LEC,OPEN,,18,11,0,,Caswell R,,,,ARR,
10002,CEUS-T 203,LEC,OPEN,,10,9,0,IN_PERSON,Kivik P,MOWEFR,11:35,12:25,WB,WEB
10003,CEUS-T 603,LEC,OPEN,,10,9,0,IN_PERSON,Kivik P,MOWEFR,11:35,12:25,WB,WEB
10004,MUS-P 110,LAB,CLOSED,,8,0,1,IN_PERSON,Yao E,MOWE,12:45,13:35,MA,315
10005,MUS-X 414,LEC,OPEN,,25,12,0,IN_PERSON,Miller A,MOWE,19:15,20:30,MA,B012
10010,NEUS-N 800,LEC,OPEN,,2,1,0,,Kawata K,,,,ARR,
10011,SPH-I 370,LAB,OPEN,,8,1,0,IN_PERSON,Hand N,WE,15:00,16:30,GF,194
10013,PSY-X 397,LEC,OPEN,,20,20,0,,Green D,,,,ARR,
10014,PSY-X 398,LEC,OPEN,,20,20,0,,Green D,,,,ARR,
10015,PSY-X 497,LEC,OPEN,,20,20,0,,Green D,,,,ARR,
10016,PSY-X 498,LEC,OPEN,,20,20,0,,Green D,,,,ARR,
10017,PSY-X 397,LEC,OPEN,,20,20,0,,Hajos N,,,,ARR,
10018,MUS-I 501,LEC,OPEN,COMPOSITION SEMINAR,1,1,0,IN_PERSON,Travers A; Yoon J,MO,19:55,20:45,SM,267
10019,CEUS-T 103,LEC,OPEN,,5,4,0,IN_PERSON,Kivik P,MOWEFR,12:45,13:35,WB,WEB
1002,AADM-Y 550,LEC,OPEN,,48,28,0,IN_PERSON,Starnes M,FR,09:00,13:00,PV,278
10020,CEUS-T 503,LEC,OPEN,,5,4,0,IN_PERSON,Kivik P,MOWEFR,12:45,13:35,WB,WEB
10021,CEUS-T 261,LEC,OPEN,,5,2,0,IN_PERSON,Legden T,MOWEFR,11:35,12:25,WB,WEB
10022,CEUS-T 661,LEC,OPEN,,5,2,0,IN_PERSON,Legden T,MOWEFR,11:35,12:25,WB,WEB
10023,GEOG-G 830,LEC,OPEN,,5,5,0,,Ficklin D; Loyal T,,,,ARR,
10024,LAW-B 501,LEC,OPEN,,100,43,0,IN_PERSON,Mattioli M,MOTUWE,08:45,10:00,LW,125
10025,LAW-B 501,LEC,OPEN,,84,24,0,IN_PERSON,Tomain J,MOTUWE,08:45,10:00,LW,122
10026,LAW-B 531,LEC,OPEN,,62,2,0,IN_PERSON,Madeira J,MOTUWE,10:35,11:50,LW,124
10027,LAW-B 531,LEC,OPEN,,5,4,0,IN_PERSON,Scott R,MOTUWE,10:35,11:50,LW,122
10028,LAW-B 531,LEC,OPEN,,100,42,0,IN_PERSON,Lubin A,MOTUWE,10:35,11:50,LW,125
10029,LAW-B 533,LEC,OPEN,,62,2,0,IN_PERSON,Cho C,MOTUWE,13:20,14:35,LW,124
1003,AADM-Y 650,LEC,OPEN,,24,10,0,IN_PERSON,Gahl-Mills K,TUTH,12:45,14:00,PV,A205
10030,LAW-B 533,LEC,OPEN,,84,25,0,IN_PERSON,Geyh C,MOTUWE,13:20,14:35,LW,122
10031,INST-I 100,LEC,OPEN,,45,12,0,IN_PERSON,Kirk G,TUTH,11:10,12:25,GA,1122
10034,SPCN-V 512,LEC,CLOSED,,30,0,5,,Ehrlich D,,,,WB,WEB
10036,MUS-J 340,LEC,OPEN,,40,28,0,IN_PERSON,Allen R; Wroth S,FR,09:15,10:00,MC,070
10037,MUS-B 110,LEC,OPEN,,10,9,0,,Tartell J,,,,ARR,
10038,MUS-Z 110,LEC,OPEN,HORN UNDERGRAD ELECTIVE,10,9,0,,Tartell J,,,,ARR,
10039,MUS-B 140,LEC,OPEN,,4,4,0,,Tartell J,,,,ARR,
1004,AADM-Y 680,LEC,OPEN,,20,20,0,,Gahl-Mills K,,,,ARR,
10040,MUS-B 120,LEC,OPEN,,10,3,0,,Tartell J; Burn M,,,,ARR,
10041,MUS-Z 110,LEC,OPEN,TRUMPET/COR UNDERGRAD ELECTIVE,10,3,0,,Tartell J; Burn M,,,,ARR,
10042,MUS-B 130,LEC,OPEN,,10,7,0,,Tartell J,,,,ARR,
10043,MUS-B 410,LEC,OPEN,,18,5,0,,Tryon D,,,,ARR,
10044,MUS-B 410,LEC,OPEN,,18,17,0,,Ambrose K,,,,ARR,
10045,MUS-B 910,LEC,OPEN,,18,16,0,,Tryon D,,,,ARR,
10046,MUS-B 910,LEC,OPEN,,10,9,0,,Ambrose K,,,,ARR,
10047,MUS-E 509,LEC,OPEN,,25,25,0,,Tartell J,,,,ARR,
10048,MUS-F 445,LEC,OPEN,,30,20,0,IN_PERSON,McKinney D,SU,19:00,22:00,MC,070
10049,MUS-F 545,LEC,OPEN,,30,20,0,IN_PERSON,McKinney D,SU,19:00,22:00,MC,070
1005,AADM-Y 690,LEC,OPEN,,20,20,0,,Gahl-Mills K,,,,ARR,
10050,MUS-I 300,LEC,OPEN,,25,10,0,IN_PERSON,Tryon D,SA,10:30,12:00,MC,040
10051,MUS-I 500,LEC,OPEN,,25,10,0,IN_PERSON,Tryon D,SA,10:30,12:00,MC,040
10052,MUS-I 300,LEC,CLOSED,,20,0,0,IN_PERSON,Bergman J,TH,19:00,21:00,MC,070
10053,MUS-I 500,LEC,CLOSED,,20,0,0,IN_PERSON,Bergman J,TH,19:00,21:00,MC,070
10054,MUS-Y 953,LEC,OPEN,,18,18,0,,Oddie J,,,,ARR,
10056,MUS-Y 941,LEC,OPEN,,10,8,0,,Matthews I,,,,ARR,
10057,MUS-Y 911,LEC,OPEN,,5,4,0,,Cooley T,,,,ARR,
10058,MUS-I 500,LEC,OPEN,,23,19,0,IN_PERSON,Ambrose K,MO,19:00,20:30,SM,340
10059,MUS-Y 854,LEC,OPEN,,5,2,0,,Oddie J,,,,ARR,
1006,AADM-Y 750,LEC,OPEN,,150,147,0,,Nicholson-Crotty J,,,,ARR,
10060,MUS-Y 853,LEC,OPEN,,12,7,0,,Oddie J,,,,ARR,
10061,MUS-Y 853,LEC,OPEN,,8,8,0,,Kalis D; Marsh D,,,,ARR,
10062,MUS-Y 844,LEC,OPEN,,5,2,0,,Blendulf J,,,,ARR,
10063,MUS-Y 843,LEC,CLOSED,,2,0,0,,Blendulf J,,,,ARR,
10064,MUS-Y 833,LEC,OPEN,,5,5,0,,Seraphinoff R,,,,ARR,
10066,MUS-Y 832,LEC,OPEN,,16,8,0,,Kwapis K; Marsh D,,,,ARR,
10067,MUS-Y 824,LEC,CLOSED,,2,0,0,,Marsh D; Northover K,,,,ARR,
10068,MUS-Y 811,LEC,OPEN,,12,9,0,,Marsh D; Cooley T,,,,ARR,
10069,MUS-Y 754,LEC,OPEN,,8,8,0,,Oddie J,,,,ARR,
1007,AERO-A 101,LEC,OPEN,,58,41,0,IN_PERSON,Warner N; Benning B,WE,10:10,11:00,TV,245
10074,MUS-Y 144,LEC,OPEN,,5,4,0,,Blendulf J,,,,ARR,
10075,MUS-Y 143,LEC,OPEN,,10,10,0,,Blendulf J,,,,ARR,
10076,MUS-Y 133,LEC,OPEN,,5,5,0,,Seraphinoff R,,,,ARR,
10077,MUS-Y 132,LEC,OPEN,,16,8,0,,Kwapis K; Marsh D,,,,ARR,
10078,MUS-Y 124,LEC,OPEN,,2,2,0,,Marsh D; Northover K,,,,ARR,
10079,MUS-X 60,LEC,OPEN,,35,26,0,,Matthews I; Oddie J; Blendulf J; Marsh D,,,,ARR,
1008,AERO-A 201,LEC,OPEN,,40,16,0,IN_PERSON,Jenkins M; Warner N; Benning B,WE,09:10,10:00,TV,245
10080,MUS-I 300,LEC,OPEN,,23,19,0,IN_PERSON,Ambrose K,MO,19:00,20:30,SM,340
10081,MUS-M 635,LEC,OPEN,,12,7,0,IN_PERSON,Blendulf J,MOWE,10:10,11:00,MU,204
10082,MUS-M 415,LEC,OPEN,,12,1,0,IN_PERSON,Matthews I,TUTH,10:25,11:15,MU,205
10083,MUS-M 515,LEC,OPEN,,12,1,0,IN_PERSON,Matthews I,TUTH,10:25,11:15,MU,205
10084,MUS-F 501,LEC,OPEN,,8,3,0,IN_PERSON,Oddie J,TUTH,09:10,10:00,MU,205
10085,MUS-Y 450,LEC,OPEN,,35,28,0,,Blendulf J; Marsh D,,,,ARR,
10086,MUS-Y 550,LEC,OPEN,,35,28,0,,Blendulf J; Marsh D,,,,ARR,
10087,MUS-F 447,LEC,OPEN,,35,2,0,IN_PERSON,Bobo K; Gramley J,TUTH,12:45,14:45,MC,040
10088,MUS-F 547,LEC,OPEN,,35,2,0,IN_PERSON,Bobo K; Gramley J,TUTH,12:45,14:45,MC,040
10089,MUS-F 549,LEC,OPEN,,10,10,0,,Szmyt E,,,,ARR,
1009,AERO-A 301,LEC,OPEN,,20,8,0,IN_PERSON,Warner N; Jenkins M,WE,09:10,11:10,KD,301
10090,MUS-F 449,LEC,OPEN,,12,7,0,,Szmyt E,,,,ARR,
10091,MUS-I 501,LEC,OPEN,PERCUSSION,65,12,0,IN_PERSON,Gramley J,WE,16:30,18:00,MC,070
10092,MUS-I 301,LEC,OPEN,PERCUSSION,65,12,0,IN_PERSON,Gramley J,WE,16:30,18:00,MC,070
10094,MUS-I 501,LEC,OPEN,HISTORICAL PERF COLLOQUIUM,35,32,0,IN_PERSON,Marsh D,WE,11:35,12:25,MU,205
10095,MUS-F 330,LEC,OPEN,,10,6,0,IN_PERSON,Miller A,MOWE,12:45,14:00,MA,401
10096,MUS-I 300,LEC,OPEN,,6,5,0,IN_PERSON,Matthews I,TU,19:00,20:45,MU,205
10097,MUS-F 530,LEC,OPEN,,10,6,0,IN_PERSON,Miller A,MOWE,12:45,14:00,MA,401
10098,MUS-I 500,LEC,OPEN,,5,4,0,,Oddie J,,,,ARR,
10099,MUS-I 301,LEC,OPEN,TRUMPET,54,14,0,IN_PERSON,Bergman J; Tartell J; Curnow J,MO,20:30,21:45,MA,454
1010,AERO-A 401,LEC,OPEN,,15,5,0,IN_PERSON,Warner N; Harman T,TU,08:00,10:00,KD,301
10100,MUS-I 501,LEC,OPEN,TRUMPET,54,14,0,IN_PERSON,Bergman J; Tartell J; Curnow J,MO,20:30,21:45,MA,454
10101,MUS-I 300,LEC,OPEN,,18,3,0,IN_PERSON,Szmyt E,WE,14:30,16:30,MA,007
10102,MUS-I 500,LEC,OPEN,,18,3,0,IN_PERSON,Szmyt E,WE,14:30,16:30,MA,007
10104,MUS-I 300,LEC,OPEN,,5,4,0,,Blendulf J,,,,ARR,
10105,MUS-I 300,LEC,OPEN,,10,1,0,IN_PERSON,Cooley T,MO,18:15,20:15,MU,205
10106,MUS-I 500,LEC,OPEN,,10,1,0,IN_PERSON,Cooley T,MO,18:15,20:15,MU,205
10107,NURS-B 235,LEC,CLOSED,,10,0,0,IN_PERSON,Ball S,TU,08:00,19:00,AH,C1001A
10108,NURS-B 235,LEC,CLOSED,,10,0,0,IN_PERSON,Marte A,TU,08:00,19:00,AH,C1001A
10109,NURS-B 235,LEC,CLOSED,,10,0,0,IN_PERSON,Degener C,TU,08:00,19:00,AH,C1001A
1011,SOAD-M 204,LEC,CLOSED,,30,0,1,IN_PERSON,White S,MOWE,11:10,12:25,KH,116
10110,NURS-B 235,LEC,CLOSED,,10,0,0,IN_PERSON,Degener C,TU,08:00,19:00,AH,C1001A
10111,NURS-B 235,LEC,CLOSED,,10,0,0,IN_PERSON,Wyatt E,TH,08:00,19:00,AH,C1001A
10112,NURS-B 235,LEC,CLOSED,,10,0,0,IN_PERSON,Marte A,TH,08:00,19:00,AH,C1001A
10113,NURS-B 235,LEC,CLOSED,,10,0,0,IN_PERSON,Lupfer J,TH,08:00,19:00,AH,C1001A
10114,NURS-B 235,LEC,CLOSED,,10,0,0,IN_PERSON,Wyatt E,TH,08:00,19:00,AH,C1001A
10115,MUS-Z 110,LEC,OPEN,JAZZ GUITAR UNDERGRAD ELECTIVE,12,7,0,,Lerner P,,,,ARR,
10116,SPH-K 693,LEC,OPEN,,5,4,0,,Johnson B,,,,ARR,
10117,PSY-X 398,LEC,OPEN,,20,20,0,,Hajos N,,,,ARR,
10118,PSY-X 398,LEC,OPEN,,20,20,0,,Katona I,,,,ARR,
10119,PSY-X 397,LEC,OPEN,,20,20,0,,Katona I,,,,ARR,
1012,SOAD-M 315,LEC,CLOSED,,30,0,7,IN_PERSON,Addington M,TUTH,12:45,14:00,KH,116
10120,PSY-X 497,LEC,OPEN,,20,20,0,,Hajos N,,,,ARR,
10121,PSY-X 497,LEC,OPEN,,20,20,0,,Hugenberg K,,,,ARR,
10122,PSY-X 497,LEC,OPEN,,20,20,0,,Katona I,,,,ARR,
10123,PSY-X 498,LEC,OPEN,,20,20,0,,Hajos N,,,,ARR,
10124,PSY-X 498,LEC,OPEN,,20,20,0,,Katona I,,,,ARR,
10125,CEUS-T 571,LEC,OPEN,,5,5,0,IN_PERSON,Rabsal G,MOWEFR,08:00,08:50,WB,WEB
10126,MUS-O 821,LEC,OPEN,,5,5,0,,Walsh T,,,,ARR,
10127,DSCI-D 390,LEC,OPEN,,20,20,0,,Ensmenger N,,,,ARR,
10128,SPH-K 693,LEC,OPEN,,5,5,0,,Schlader Z,,,,ARR,
10135,SPH-R 696,LEC,OPEN,,1,1,0,,Forist B,,,,HD,TBA
1014,AMST-G 901,LEC,OPEN,,5,4,0,,Lepselter S,,,,ARR,
10142,HISP-C 105,LEC,OPEN,,8,8,0,IN_PERSON,Plymale A,MOWEFR,11:35,12:25,WB,WEB
10145,SPH-K 799,LEC,OPEN,,10,10,0,,Kercher K,,,,ARR,
10146,BUS-F 540,LEC,OPEN,,45,4,0,IN_PERSON,Sibley S,TUTH,09:35,10:50,CG,1008
10147,GNDR-G 695,LEC,OPEN,,2,2,0,,Allen S,,,,ARR,
10148,MSCH-H 498,LEC,OPEN,,5,5,0,,Weaver A,,,,ARR,
1015,ANAT-A 530,LEC,OPEN,,10,6,0,,Husmann P; O'Loughlin V; Dunham S; Davis J,,,,ARR,
10150,MUS-V 400,LEC,OPEN,,13,9,0,,Gill K,,,,ARR,
10151,MUS-I 300,LEC,OPEN,,18,14,0,IN_PERSON,Gill K,TH,18:00,20:00,SM,242
10152,MUS-I 300,LEC,OPEN,,25,6,0,IN_PERSON,Zorman I,TH,19:00,21:00,MC,040
10153,MUS-I 500,LEC,OPEN,,25,6,0,IN_PERSON,Zorman I,TH,19:00,21:00,MC,040
10154,ENGR-Y 395,LEC,OPEN,,50,23,0,IN_PERSON,Thompson C,TH,14:20,15:35,TE,F160
10155,SWK-S 300,LEC,OPEN,GRIEF & LOSS ACROSS THE LIFESPAN,30,3,0,,Simonton Jr M,,,,WB,WEB
10156,MUS-Q 700,LEC,OPEN,,1,1,0,,Fishell J,,,,ARR,
10158,MUS-I 300,LEC,OPEN,,10,1,0,IN_PERSON,Kang C,WE,18:45,20:00,MA,454
10159,MUS-I 500,LEC,OPEN,,10,1,0,IN_PERSON,Kang C,WE,18:45,20:00,MA,454
1016,ANAT-A 800,LEC,OPEN,,10,7,0,,Husmann P; O'Loughlin V; Dunham S,,,,ARR,
10160,MUS-B 420,LEC,OPEN,,18,4,0,,Tartell J,,,,ARR,
10161,MUS-B 920,LEC,OPEN,,18,16,0,,Tartell J,,,,ARR,
10162,MUS-I 300,LEC,OPEN,,25,12,0,IN_PERSON,Tartell J,TH,19:00,20:30,MA,004
10163,MUS-I 500,LEC,OPEN,,25,12,0,IN_PERSON,Tartell J,TH,19:00,20:30,MA,004
10164,REL-R 170,LEC,CLOSED,,75,0,1,IN_PERSON,McLeod A,MOWE,13:55,14:45,WH,003
10165,REL-R 170,DIS,CLOSED,,25,0,1,IN_PERSON,McLeod A; Jackson T,FR,12:45,13:35,BH,215
10166,REL-R 170,DIS,CLOSED,,25,0,0,IN_PERSON,McLeod A; Jackson T,FR,13:55,14:45,SB,220
10167,REL-R 170,DIS,CLOSED,,25,0,0,IN_PERSON,Jackson T,FR,15:10,16:00,BH,306
10168,CMLT-C 216,LEC,CLOSED,,27,0,0,IN_PERSON,Gerrard C,MOWE,12:45,14:00,SB,138
10169,ILS-Z 410,LEC,OPEN,,35,1,0,IN_PERSON,Soe Y,MOWE,08:00,09:15,IF,1104
1017,ANAT-A 850,LEC,OPEN,,15,9,0,IN_PERSON,Husmann P; Dunham S; O'Loughlin V,FR,11:40,12:40,AH,C3101
10170,INFO-I 300,LEC,OPEN,,60,6,0,IN_PERSON,Blevis S,MOWE,14:20,15:35,BH,008
10171,INFO-I 709,LEC,OPEN,SEMINAR IN ACI,35,26,0,IN_PERSON,Nippert-Eng C,TUTH,15:55,17:15,I,107
10172,INFO-I 511,LAB,OPEN,,24,12,0,IN_PERSON,Martin C,MO,20:05,21:30,I,109
10173,INFO-I 411,LAB,OPEN,,24,12,0,IN_PERSON,Martin C,MO,20:05,21:30,I,109
10176,INFO-I 369,LEC,CLOSED,,32,0,2,IN_PERSON,Radicchi F,MOWE,15:55,17:10,IF,0119
10177,BUS-F 210,LEC,CLOSED,,105,0,6,IN_PERSON,Arcot S; Haeberle D; Wegener M; Wertz J; Torabi A,MOWE,17:30,18:45,HH,1000
10178,BUS-F 303,LEC,CLOSED,,50,0,10,IN_PERSON,Baba Yara F,MOWE,15:55,17:10,HH,1050
10179,BUS-F 303,LEC,CLOSED,,50,0,5,IN_PERSON,Baba Yara F,MOWE,17:30,18:45,HH,1050
1018,ANTH-A 399,LEC,OPEN,,10,8,0,,Osterhoudt S,,,,ARR,
10180,BUS-F 303,LEC,CLOSED,,50,0,0,IN_PERSON,Baba Yara F,MOWE,19:05,20:20,HH,1050
10181,CSCI-A 310,LAB,OPEN,,25,11,0,IN_PERSON,German D,FR,12:45,14:35,PH,154
10183,BUS-M 344,LEC,OPEN,,32,1,0,IN_PERSON,Riley Simone J,TUTH,15:55,17:10,CG,3044
10184,BUS-A 306,LEC,CLOSED,,171,0,3,IN_PERSON,Clark J,TU,08:00,09:15,HH,1000
10185,BUS-A 306,LEC,CLOSED,,171,0,9,IN_PERSON,Clark J,TU,09:35,10:50,HH,1000
10186,BUS-A 306,LEC,CLOSED,,171,0,9,IN_PERSON,Clark J,TU,11:10,12:25,HH,1000
10187,BUS-A 306,LEC,CLOSED,,171,0,8,IN_PERSON,Clark J,TU,12:45,14:00,HH,1000
10188,BUS-A 306,DIS,CLOSED,,38,0,1,IN_PERSON,Demere W; Stephens A,FR,12:45,14:00,HH,3079
10189,BUS-A 306,DIS,OPEN,,38,1,3,IN_PERSON,Demere W; Strouse J,FR,09:35,10:50,HH,4034
1019,ANTH-A 521,LEC,OPEN,,15,5,0,IN_PERSON,Robinson J,FR,08:30,11:00,SB,138
10190,BUS-A 306,DIS,CLOSED,,38,0,0,IN_PERSON,Demere W; Strouse J,FR,11:10,12:25,HH,4034
10191,BUS-A 312,LEC,CLOSED,,52,0,4,IN_PERSON,Li C,TUTH,19:05,20:20,HH,2057
10192,BUS-M 415,LEC,OPEN,,30,10,0,IN_PERSON,Bastianelli A,TUTH,11:10,12:25,HH,1038
10193,BUS-A 311,LEC,CLOSED,,52,0,1,IN_PERSON,Johnson R,MOWE,08:00,09:15,HH,3030
10194,ECON-B 252,LEC,CLOSED,,50,0,23,IN_PERSON,Liu P,TUTH,09:35,10:50,WH,121
10195,CSCI-C 200,LEC,OPEN,,120,31,0,IN_PERSON,Hmeljak M,MOWE,15:55,17:10,BH,310
10196,BUS-M 401,LEC,CLOSED,,35,0,0,IN_PERSON,Wooldridge B,TUTH,12:45,14:00,HH,2047
10197,BUS-M 428,LEC,OPEN,,30,17,0,IN_PERSON,Blair III J,MOWE,09:35,10:50,HH,3075
10199,BUS-M 303,LEC,OPEN,,34,9,0,IN_PERSON,Vander Schee B,TUTH,17:30,18:45,HH,2055
1020,ANTH-A 800,LEC,OPEN,,100,88,0,,King S,,,,ARR,
10201,SPH-M 382,LEC,CLOSED,,150,0,1,IN_PERSON,Coble C,MOWEFR,09:10,10:00,WH,101
10202,CSCI-B 505,LAB,OPEN,,25,18,0,IN_PERSON,Qaaidi S,FR,11:30,12:20,I,109
10203,BUS-A 315,LEC,OPEN,,32,3,0,IN_PERSON,Lyman R,TU,18:30,19:45,HH,3030
10204,BUS-A 316,LEC,OPEN,,32,2,0,IN_PERSON,Coleman F,WE,18:30,19:45,HH,4026
10206,SPH-K 150,LEC,CLOSED,,250,0,1,IN_PERSON,Cothran D,TH,09:35,10:50,BH,013
10207,ENGR-E 315,LEC,CLOSED,,32,0,5,IN_PERSON,Swany M,MOWE,09:35,10:50,IF,4111
10208,ENGR-E 501,LEC,OPEN,,30,20,0,IN_PERSON,Jiang L,TUTH,15:55,17:10,IF,4063
10209,ECON-B 251,LEC,OPEN,,300,103,0,IN_PERSON,Lantis R,TUTH,11:10,12:25,WH,100
1021,ANTH-B 200,LEC,CLOSED,,225,0,23,IN_PERSON,Gibb J,MOWE,09:35,10:50,FA,015
10210,CLAS-C 211,LEC,CLOSED,,150,0,0,IN_PERSON,Blackwell N,TUTH,09:35,10:50,EP,257
10211,MUS-C 500,LEC,OPEN,,4,3,0,,Smith J,,,,ARR,
10212,LING-L 653,LEC,OPEN,,10,5,0,IN_PERSON,Berkson K,TUTH,11:10,12:25,BH,240
10213,SPH-R 210,LEC,OPEN,,8,7,0,IN_PERSON,McKissock B,TUTH,08:00,09:15,WH,101
10214,SPH-R 221,LEC,CLOSED,,65,0,0,IN_PERSON,Berry D,MO,13:55,16:25,PH,C100
10215,BUS-A 317,LEC,CLOSED,,35,0,0,IN_PERSON,Levitt B,TH,18:30,19:45,HH,3030
10216,HIST-C 320,LEC,CLOSED,,75,0,0,IN_PERSON,Elliott C,MOWE,14:20,15:35,BH,110
10217,BUS-L 375,LEC,CLOSED,,50,0,49,IN_PERSON,Jean-Pierre P,TUTH,11:10,12:25,HH,4030
10218,SPH-R 314,LEC,OPEN,,6,6,0,IN_PERSON,Ramly E,TUTH,08:00,09:15,GA,1112
10219,BUS-L 413,LEC,CLOSED,,40,0,13,IN_PERSON,Moore S,TUTH,11:10,12:25,HH,3059
1022,ANTH-E 200,LEC,OPEN,,144,2,0,IN_PERSON,Brondizio E,MOWE,12:45,14:00,WH,120
10220,SPH-R 414,LEC,OPEN,,10,9,0,IN_PERSON,Pickett D,TUTH,09:35,10:50,PH,013
10221,MUS-O 590,LEC,OPEN,,5,5,0,,Dobbins S,,,,ARR,
10222,MUS-O 590,LEC,OPEN,,5,5,0,,Gillespie L,,,,ARR,
10223,MUS-O 590,LEC,OPEN,,5,5,0,,Raymond J,,,,ARR,
10224,MUS-O 590,LEC,OPEN,,5,5,0,,Williams A,,,,ARR,
10225,MUS-O 590,LEC,OPEN,,5,5,0,,Ward G,,,,ARR,
10226,MUS-O 590,LEC,OPEN,,5,5,0,,Wallace W,,,,ARR,
10228,MUS-Z 110,LEC,OPEN,JAZZ VOICE UNDERGRAD ELECTIVE,18,11,0,,Caswell R,,,,ARR,
10229,GEOG-G 107,LAB,OPEN,,26,15,0,IN_PERSON,,TH,10:25,11:15,SB,131
1023,ANTH-G 901,LEC,OPEN,,60,46,0,,King S,,,,ARR,
10230,GEOG-G 109,LAB,CLOSED,,27,0,0,IN_PERSON,Beray Armond N,WE,10:25,11:15,SB,131
10231,GEOG-G 109,LAB,CLOSED,,27,0,0,IN_PERSON,Beray Armond N,WE,12:45,13:35,SB,131
10232,GEOG-G 109,LAB,CLOSED,,27,0,1,IN_PERSON,Beray Armond N,WE,11:35,12:25,SB,131
10233,GEOG-G 109,LAB,CLOSED,,27,0,0,IN_PERSON,Beray Armond N,WE,13:55,14:35,SB,131
10234,MUS-G 567,LEC,OPEN,,6,5,0,IN_PERSON,Kelly R,TUTH,10:25,12:20,MC,070
10235,EDUC-P 514,LEC,CLOSED,,15,0,0,IN_PERSON,Washul T,TU,11:10,13:40,ED,1235
10236,EDUC-G 355,LEC,OPEN,,28,9,0,IN_PERSON,Gu S,MOWE,09:35,10:50,ED,2025
10237,EDUC-G 332,LEC,OPEN,,28,9,0,IN_PERSON,Johnson K,MOWE,11:10,12:25,ED,1230
1024,ANTH-P 200,LEC,OPEN,,64,9,0,IN_PERSON,Arakawa F,TUTH,11:35,12:25,WY,005
10240,EDUC-Q 205,LEC,CLOSED,,24,0,1,IN_PERSON,Zolfaghari M,TUTH,12:45,14:30,ED,3105
10241,BIOL-L 111,LEC,OPEN,,79,1,0,IN_PERSON,Bracewell R,MOWEFR,09:10,10:00,SB,150
10242,EDUC-M 550,LEC,OPEN,,15,15,0,,,,,,ARR,
10243,EDUC-K 535,LEC,OPEN,,25,3,0,,Lowrey A,,,,WB,WEB
10245,CJUS-P 414,LEC,CLOSED,,25,0,9,IN_PERSON,Levesque R,WE,16:20,18:50,SY,003
10247,SPH-I 113,LEC,CLOSED,,18,0,0,IN_PERSON,Clemons R,TUTH,12:45,13:35,HD,TBA
10249,SPH-I 117,LEC,OPEN,,36,24,0,IN_PERSON,Clemons R; Cain G,TUTH,12:45,13:35,HD,TBA
10251,EDUC-G 647,LEC,CLOSED,,8,0,1,IN_PERSON,Laskowski L,FR,09:35,12:05,ED,0020
10252,BIOL-L 111,DIS,OPEN,,21,1,0,IN_PERSON,Bracewell R,WE,16:20,17:10,JH,A105
10253,BIOL-L 111,DIS,CLOSED,,20,0,0,IN_PERSON,Bracewell R,MO,10:25,11:15,JH,A106
10254,BIOL-L 111,DIS,CLOSED,,19,0,0,IN_PERSON,Bracewell R,WE,19:55,20:45,JH,A105
10255,BIOL-L 111,DIS,CLOSED,,19,0,0,IN_PERSON,Bracewell R,TH,17:30,18:20,JH,A105
10256,BIOT-T 508,LEC,OPEN,,20,10,0,IN_PERSON,Srivastava M,TUTH,11:10,12:25,JH,248
10257,DSCI-D 351,LEC,OPEN,,80,33,0,IN_PERSON,Tang H,TUTH,08:00,09:15,LU,1001
10258,EDUC-G 424,LEC,OPEN,,21,21,0,IN_PERSON,Gottipaty A,TUTH,14:20,15:35,ED,2025
10259,EDUC-M 470,LEC,OPEN,,21,21,0,,Gottipaty A,,,,WB,WEB
1026,AST-X 390,LEC,OPEN,,10,10,0,,Deliyannis C,,,,ARR,
10260,AAAD-A 679,LEC,OPEN,,5,2,0,IN_PERSON,Hamilton Abegunde M,MOWE,11:10,12:25,WI,C109
10261,COLL-C 104,LEC,OPEN,WHAT IS SCIENCE AND WHO CARES?,60,39,0,IN_PERSON,Cat J,MOWE,13:55,14:45,EP,257
10262,CEUS-T 493,LEC,OPEN,POST ADVANCED STUDY-HUNGARIAN,4,2,0,,Varga V,,,,ARR,
10266,CEUS-T 493,LEC,OPEN,POST-ADVANCED UYGHUR 1,4,4,0,,Nazarova G,,,,ARR,
10269,EDUC-E 335,LEC,OPEN,,20,20,0,,Ray L,,,,WB,WEB
1027,AST-A 780,LEC,OPEN,,20,10,0,IN_PERSON,Salim S,FR,14:50,16:30,SW,405
10271,EDUC-E 336,LEC,OPEN,,20,20,0,IN_PERSON,Castner D,TH,14:20,16:50,ED,3025
10272,EDUC-E 348,LEC,OPEN,,20,20,0,IN_PERSON,Shah P,TU,11:10,13:40,ED,1004
10273,EDUC-M 201,LEC,OPEN,LAB/FIELD EXP: ELEMENTARY,20,20,0,IN_PERSON,Daley S,WE,08:00,11:45,HD,TBA
10274,AFRI-K 101,LEC,OPEN,,25,21,0,IN_PERSON,Ofori S,MOWE,11:35,12:25,BH,144
10275,AFRI-K 301,LEC,OPEN,,15,14,0,,Ofori S,,,,HD,TBA
10278,EDUC-Z 204,LEC,CLOSED,,18,0,0,IN_PERSON,Rekas C,TH,12:45,15:15,ED,3115
10279,INTL-I 302,LEC,OPEN,FOOD SECURITY: GLBL PERSPECTIVE,35,26,0,IN_PERSON,Siqueira A,TUTH,17:30,18:45,BH,143
1028,AST-A 890,LEC,OPEN,,15,9,0,,Vesperini E,,,,ARR,
10280,INTL-I 523,LEC,CLOSED,,24,0,0,IN_PERSON,De Groot M,TUTH,11:10,12:25,BH,209
10281,LSTU-L 320,LEC,OPEN,,20,15,0,,Linner P,,,,WB,WEB
10282,LSTU-L 331,LEC,OPEN,,20,9,0,,Varga J,,,,WB,WEB
10285,EALC-J 101,LEC,OPEN,,38,14,0,IN_PERSON,Akiyama Y; Ueda S,TUTH,13:55,14:45,RA,B109
10286,EALC-J 101,LEC,OPEN,,38,14,0,IN_PERSON,Akiyama Y; Ueda S,TUTH,13:55,14:45,RA,B109
10287,MUS-Z 270,LEC,CLOSED,,57,0,1,IN_PERSON,Cook C; Van Vleet M,TUTH,11:10,12:25,SM,C141
10288,SPH-Q 703,LEC,OPEN,,10,6,0,IN_PERSON,Ge L,MOWE,15:55,17:10,WH,116
10289,ENG-W 401,LEC,OPEN,,15,3,0,IN_PERSON,Jackson-Brown A,TUTH,12:45,14:00,BH,010
1029,AST-A 890,LEC,OPEN,,15,14,0,,Vesperini E,,,,ARR,
10290,MUS-F 419,LEC,OPEN,VIOLA ORCHESTRAL REPERTOIRE,20,4,0,IN_PERSON,Chang L,WE,15:10,16:10,SM,356
10291,MUS-F 519,LEC,OPEN,VIOLA ORCHESTRA REPERTOIRE,20,4,0,IN_PERSON,Chang L,WE,15:10,16:10,SM,356
10293,HISP-S 280,LEC,CLOSED,,24,0,3,IN_PERSON,Ortiz Manzanilla R,TUTH,09:35,10:50,BH,216
10294,HISP-S 280,LEC,CLOSED,,24,0,3,IN_PERSON,Herrera I,TUTH,15:55,17:10,BH,216
10295,HISP-S 322,LEC,CLOSED,,24,0,0,IN_PERSON,Mejias-Lopez A,MOWE,14:20,15:35,SY,200
10296,PSY-K 300,LEC,CLOSED,,106,0,2,IN_PERSON,Hu D,TUTH,11:10,12:25,PY,101
10297,EDUC-BG 470,LEC,CLOSED,,21,0,0,IN_PERSON,Gottipaty A,TUTH,14:20,15:35,ED,2025
10298,MATH-M 125,LEC,CLOSED,,30,0,0,IN_PERSON,Yuan C; Glidewell J,MOWEFR,11:35,12:25,SE,010
10299,MATH-M 125,LEC,CLOSED,,30,0,0,IN_PERSON,Yuan C; Chan P,MOWEFR,12:45,13:35,BH,243
1030,AST-A 899,LEC,OPEN,,10,7,0,,Vesperini E,,,,ARR,
10300,MATH-M 125,LEC,OPEN,,30,4,0,IN_PERSON,Yuan C; Grossman J,MOWEFR,13:55,14:45,TE,F106
10301,MATH-M 127,LEC,OPEN,,30,1,0,IN_PERSON,Yuan C; Kim C,WE,17:30,18:20,HD,TBA
10302,MATH-M 127,LEC,OPEN,,30,1,0,IN_PERSON,Yuan C; Gu C,WE,17:30,18:20,HD,TBA
10303,MATH-M 127,LEC,OPEN,,30,4,0,IN_PERSON,Yuan C; Kim J,WE,17:30,18:20,HD,TBA
10304,MSCH-C 229,LAB,CLOSED,,15,0,0,IN_PERSON,Robinson C,TH,15:00,17:30,TV,127
10305,MSCH-C 229,LAB,OPEN,,15,1,0,IN_PERSON,Carroll A,WE,09:00,11:30,TV,127
10307,MSCH-C 251,LEC,CLOSED,,18,0,3,IN_PERSON,White T,MOWE,12:45,14:00,FF,052
10308,MSCH-C 251,LEC,CLOSED,,18,0,1,IN_PERSON,Monaghan E,TUTH,11:10,12:25,FF,060
1031,AST-A 899,LEC,OPEN,,10,10,0,,Vesperini E,,,,ARR,
10310,MATH-M 212,LEC,CLOSED,,44,0,8,IN_PERSON,Pilgrim K,MOWEFR,09:10,10:00,LH,008
10311,MATH-M 212,RCT,CLOSED,,22,0,4,IN_PERSON,Pilgrim K; Gou T,TH,09:10,10:00,BH,134
10312,MATH-M 212,RCT,CLOSED,,22,0,4,IN_PERSON,Pilgrim K; Nguyen T,TH,09:10,10:00,BH,141
10313,PSY-P 657,LEC,OPEN,CLINICAL SCIENCE COLLOQUIUM,30,30,0,IN_PERSON,Wisner K,FR,09:00,11:30,PY,128
10315,GNDR-G 105,LEC,OPEN,,50,19,0,IN_PERSON,Foster L,MOWE,13:55,14:45,LH,102
10316,GNDR-G 105,DIS,OPEN,,25,8,0,IN_PERSON,B K; Foster L,WE,15:10,16:00,SE,245
10318,GNDR-G 105,DIS,OPEN,,25,11,0,IN_PERSON,B K; Foster L,TH,15:10,16:00,SW,217
10319,SPEA-V 362,LEC,OPEN,,48,18,0,IN_PERSON,Deng S,MOWE,11:10,12:25,AC,C112
1032,AST-G 901,LEC,OPEN,,12,2,0,,Vesperini E,,,,ARR,
10320,SPEA-V 443,LEC,OPEN,,48,5,0,IN_PERSON,Fonseca S,MOWE,17:30,18:45,PV,272
10321,SPEA-V 506,LEC,OPEN,,40,22,0,IN_PERSON,Strauss A,MOWE,09:35,10:50,PV,A221
10322,SOAD-C 280,LEC,OPEN,,18,5,0,IN_PERSON,Racek J,TUTH,14:20,17:05,KH,016
10325,SLST-T 131,LEC,OPEN,,14,8,0,IN_PERSON,Zhao S,MOWEFR,09:10,10:00,BH,012
10327,SLST-T 131,LEC,OPEN,,14,1,0,IN_PERSON,Zhao S,MOWEFR,11:35,12:25,BH,219
10328,SLST-T 131,LEC,OPEN,,14,5,0,IN_PERSON,Jang S,MOWEFR,12:45,13:35,BH,106
1033,AST-G 901,LEC,OPEN,,10,10,0,,Vesperini E,,,,ARR,
10331,SLST-T 154,LEC,OPEN,,14,10,0,IN_PERSON,Dan Z,MOWEFR,10:25,11:15,BH,219
10332,SLST-T 155,LEC,OPEN,,14,8,0,IN_PERSON,Traycoff C,MOWEFR,09:10,10:00,BH,106
10333,SLST-T 155,LEC,OPEN,,14,5,0,IN_PERSON,Traycoff C,MOWEFR,13:55,14:45,BH,106
10334,HON-H 237,LEC,CLOSED,PHILOSOPHY OF LAW,22,0,1,IN_PERSON,Canada G,MOWE,11:10,12:25,HU,108
10336,VSCI-V 768,LEC,OPEN,RDGS IN GAIT KIN IN IMPRD VIS,1,1,0,,Hassan S,,,,ARR,
1034,AST-S 499,LEC,OPEN,,10,9,0,,Deliyannis C,,,,ARR,
10340,SPEA-V 458,LEC,CLOSED,,30,0,1,IN_PERSON,Person H,MOWE,15:55,17:10,PV,163
10342,HIST-H 106,LEC,OPEN,,70,1,0,IN_PERSON,Ortega C,TUTH,12:45,14:00,BH,003
10343,INFO-I 363,LEC,CLOSED,,60,0,0,IN_PERSON,El-Shamy J,TUTH,12:45,14:00,IF,0117
10344,INFO-I 365,LEC,OPEN,,48,18,0,IN_PERSON,Lee E,MOWE,09:35,10:50,AC,C102
10345,SPEA-H 402,LEC,OPEN,,48,1,1,IN_PERSON,Wayne C,TUTH,11:10,12:25,PV,A335
10347,SPEA-V 272,LEC,CLOSED,,64,0,4,IN_PERSON,Siena S,TUTH,08:00,09:15,PV,169
10348,SPEA-V 491,LEC,OPEN,,15,4,0,IN_PERSON,Schnable A,TUTH,09:35,10:50,PV,275
10349,ENG-W 131,LEC,CLOSED,,23,0,0,IN_PERSON,Son H; Rivera A,MOWEFR,09:10,10:00,BH,216
1035,BIOC-B 580,LEC,CLOSED,,0,0,0,,Bochman M; Nicola C,,,,ARR,
10350,MUS-J 100,LEC,OPEN,,25,14,0,IN_PERSON,Allen R; Wroth S,MOWE,09:00,10:00,MC,309
10351,MUS-J 700,LEC,OPEN,,25,14,0,IN_PERSON,Allen R; Wroth S,MOWE,09:00,10:00,MC,309
10352,MUS-U 390,LEC,OPEN,MINDFUL MOVEMENT THROUGH YOGA,20,2,0,IN_PERSON,Wroth S; Allen R,MOWE,10:15,11:05,MC,309
10353,MUS-U 590,LEC,OPEN,MINDFUL MOVEMENT THROUGH YOGA,20,2,0,IN_PERSON,Wroth S; Allen R,MOWE,10:15,11:05,MC,309
10356,BUS-T 175,LEC,CLOSED,,45,0,0,IN_PERSON,Beranova L,TU,15:55,17:10,HH,4075
10357,BUS-T 175,LEC,CLOSED,,45,0,0,IN_PERSON,Beranova L,TH,12:45,14:00,HH,4075
10358,HISP-S 200,LEC,CLOSED,,24,0,1,IN_PERSON,Gonzalez Calderon J,MOWETH,17:30,18:20,BH,245
10359,HISP-S 250,LEC,CLOSED,,24,0,0,IN_PERSON,Brandy A,MOWEFR,08:00,08:50,SW,218
1036,BIOC-B 600,LEC,CLOSED,,0,0,0,,,,,,ARR,
10360,HISP-S 150,LEC,CLOSED,,24,0,3,IN_PERSON,Reeves R,MOTUWETH,13:55,14:45,BH,331
10361,BUS-T 175,LEC,OPEN,,40,3,0,IN_PERSON,Dutton E,WE,14:20,15:35,HH,4034
10362,BUS-T 275,LEC,CLOSED,,45,0,10,IN_PERSON,Packowski J,TH,08:00,09:15,HH,1043
10363,BUS-T 275,LEC,CLOSED,,45,0,18,IN_PERSON,Packowski J,TH,09:35,10:50,HH,1043
10364,BUS-T 275,LEC,CLOSED,,45,0,26,IN_PERSON,Packowski J,TH,11:10,12:25,HH,1043
10365,BUS-T 275,LEC,CLOSED,,45,0,2,IN_PERSON,Ratwatte T,TH,08:00,09:15,HH,4075
10366,BUS-T 275,LEC,CLOSED,,45,0,4,IN_PERSON,Ratwatte T,TH,09:35,10:50,HH,4075
10367,BUS-T 275,LEC,CLOSED,,45,0,6,IN_PERSON,Ratwatte T,TH,11:10,12:25,HH,4075
10369,BUS-C 204,LEC,CLOSED,,24,0,10,IN_PERSON,Guschwan M,MOWE,15:55,17:10,HH,3046
1037,BIOC-B 880,LEC,OPEN,,70,61,0,,Bochman M; Nicola C,,,,ARR,
10370,ENG-W 131,LEC,CLOSED,,23,0,1,IN_PERSON,Alexandra J,MOWEFR,13:55,14:45,BH,244
10371,BUS-C 204,LEC,CLOSED,,24,0,12,IN_PERSON,Leppert M,MOWE,09:35,10:50,HH,3048
10372,BUS-C 204,LEC,CLOSED,,24,0,2,IN_PERSON,Brentlinger J,MOWE,17:30,18:45,HH,3052
10374,SPEA-V 326,LEC,CLOSED,,35,0,0,IN_PERSON,Lucas S,MOWE,19:05,20:20,PV,276
10375,ENG-W 131,LEC,CLOSED,,23,0,0,IN_PERSON,Silvester K; Pulverenti B,MOWEFR,08:00,08:50,BH,145
10376,ENG-W 131,LEC,CLOSED,,23,0,0,IN_PERSON,Bugg S; Silvester K,MOWEFR,15:10,16:00,BH,238
10377,SPEA-A 450,LEC,OPEN,CURATING IN GALLERIES & MUSEUM,30,8,0,IN_PERSON,Hatcher S,MOWE,12:45,14:00,PV,163
10378,GNDR-X 490,LEC,OPEN,,2,2,0,,Allen S,,,,ARR,
10379,BUS-C 104,BIDS,CLOSED,,32,0,0,IN_PERSON,Powell M,MOWE,15:55,17:10,HH,3016
1038,BIOL-G 901,LEC,OPEN,,94,48,0,,Moczek A; Allen S,,,,ARR,
10380,BUS-A 304,DIS,CLOSED,,38,0,2,IN_PERSON,Lyman R; Schippert G,FR,11:10,12:25,HH,2046
10381,BUS-A 304,DIS,CLOSED,,38,0,7,IN_PERSON,Lyman R; Schippert G,FR,12:45,14:00,HH,2046
10382,BUS-A 304,DIS,CLOSED,,38,0,3,IN_PERSON,Lyman R; Latham W,FR,09:35,10:50,HH,3030
10383,BUS-A 306,DIS,CLOSED,,38,0,3,IN_PERSON,Clark J; Horstkamp C,FR,09:35,10:50,HH,1050
10384,BUS-A 306,DIS,CLOSED,,38,0,5,IN_PERSON,Clark J; Horstkamp C,FR,11:10,12:25,HH,1050
10385,BUS-A 306,DIS,CLOSED,,38,0,4,IN_PERSON,Clark J; Horstkamp C,FR,12:45,14:00,HH,1050
10386,BUS-A 327,LEC,CLOSED,,52,0,1,IN_PERSON,Hagerty A,TUTH,09:35,10:50,HH,1030
10387,BUS-C 204,LEC,CLOSED,,24,0,13,IN_PERSON,Graham P,MOWE,11:10,12:25,HH,3052
10388,BUS-C 204,LEC,CLOSED,,24,0,20,IN_PERSON,Bunger A,TUTH,11:10,12:25,BQ,C232
10389,BUS-C 204,LEC,CLOSED,,24,0,14,IN_PERSON,Guschwan M,MOWE,14:20,15:35,HH,3046
10390,BUS-C 204,LEC,CLOSED,,24,0,14,IN_PERSON,Morgan J,MOWE,12:45,14:00,HH,3048
10391,BUS-C 204,LEC,CLOSED,,24,0,2,IN_PERSON,Clark S,TUTH,09:35,10:50,HH,3048
10392,BUS-C 204,LEC,CLOSED,,24,0,3,IN_PERSON,Hook J,TUTH,15:55,17:10,HH,3046
10393,FOLK-E 251,LEC,OPEN,MUSIC & DISASTER,30,9,0,IN_PERSON,Dirksen R,TUTH,11:10,12:25,C2,203
10394,BUS-F 644,LEC,OPEN,"FIN INNOV LABOR, HOUSEHOLDS",10,4,0,IN_PERSON,Kleiner K,TH,13:00,15:30,HH,7301
10397,MSCH-C 250,LEC,OPEN,,234,1,3,IN_PERSON,Layton S,TUTH,11:10,12:25,MO,007
10398,MSCH-C 250,LAB,CLOSED,,18,0,0,IN_PERSON,Gutierrez D; Layton S,FR,08:00,09:15,FF,058
10399,MSCH-C 250,LAB,CLOSED,,18,0,1,IN_PERSON,Gutierrez D; Layton S,FR,09:35,10:50,FF,058
10400,MSCH-C 250,LAB,CLOSED,,18,0,0,IN_PERSON,Lehmkuhl M; Layton S,FR,09:35,10:50,FF,052
10401,MSCH-C 250,LAB,CLOSED,,18,0,2,IN_PERSON,Lehmkuhl M; Layton S,FR,11:10,12:25,FF,052
10402,MSCH-C 250,LAB,CLOSED,,18,0,1,IN_PERSON,Johnson C; Layton S,FR,11:10,12:25,FF,058
10403,MSCH-C 250,LAB,CLOSED,,18,0,0,IN_PERSON,Farooq U; Layton S,FR,09:35,10:50,FF,062
10404,MSCH-C 250,LAB,CLOSED,,18,0,0,IN_PERSON,Obioma M; Layton S,FR,09:35,10:50,FF,003
10405,SLST-S 213,LEC,OPEN,,22,4,0,IN_PERSON,Iverson M; Yang L,TUTH,11:10,12:25,BH,312
10406,PSY-P 346,LEC,OPEN,,100,12,0,IN_PERSON,Sengelaub D,TUTH,09:35,10:50,GY,1045
10407,PSY-P 346,LEC,OPEN,,100,29,0,IN_PERSON,Bunner K,MOWEFR,13:55,14:45,GY,1045
10408,MSCH-A 305,LEC,CLOSED,,30,0,3,IN_PERSON,Melnick D,TUTH,09:35,10:50,FF,310
10411,THTR-T 438,LEC,OPEN,,5,1,0,IN_PERSON,Hahn A,TUTH,09:35,10:50,TH,A009
10412,THTR-T 546,LEC,OPEN,,5,1,0,IN_PERSON,Hahn A,TUTH,09:35,10:50,TH,A009
10413,CHEM-C 450,LEC,OPEN,,5,5,0,IN_PERSON,Pohl N,MOWEFR,10:25,11:15,CX,A300
10414,CHEM-C 453,LEC,OPEN,,4,4,0,IN_PERSON,Park Y; Singh D,MOWEFR,11:10,12:25,CX,A400
10415,CHEM-C 454,LEC,OPEN,,5,5,0,IN_PERSON,Park Y; Singh D,MOWEFR,11:10,12:25,CX,A400
10416,MSCH-J 326,LEC,OPEN,,25,8,0,IN_PERSON,Chakraborty S,MOWE,11:10,12:25,FF,312
10418,SPH-K 199,LEC,OPEN,,35,28,0,,Nielsen K,,,,WB,WEB
10419,MSCH-J 408,LEC,OPEN,,14,2,0,IN_PERSON,Johnston K,MOWE,12:45,14:00,FF,215
10421,BUS-L 319,LEC,CLOSED,,55,0,0,IN_PERSON,Eskew K,MOWE,14:20,15:35,HH,1034
10422,SPH-R 321,LEC,OPEN,,45,32,0,,Edelbrock K,,,,WB,WEB
10423,BUS-F 317,LEC,CLOSED,,50,0,10,IN_PERSON,Hays G,TUTH,09:35,10:50,HH,1046
10424,SPH-V 733,LEC,OPEN,,30,26,0,IN_PERSON,Silveyra P,MO,15:55,17:10,HD,TBA
10425,SPCN-V 517,LEC,OPEN,,30,7,0,,Ortega A,,,,WB,WEB
10426,CEUS-T 493,LEC,OPEN,POST ADV LANGUAGE-HUNGARIAN,4,4,0,,Varga V,,,,WB,WEB
10427,EALC-C 401,LEC,OPEN,,20,13,0,IN_PERSON,Tsai Y,MOWEFR,13:55,14:45,BH,315
10428,MATH-M 119,LEC,CLOSED,,90,0,9,IN_PERSON,Dona C,MOWEFR,11:35,12:25,WB,WEB
10429,HISP-S 251,LEC,OPEN,,24,10,0,IN_PERSON,Di Franco K,MOWEFR,09:10,10:00,SW,219
1043,BIOL-L 111,DIS,CLOSED,,28,0,0,IN_PERSON,Darcy T,TU,17:30,18:20,JH,440
10430,EALC-J 527,LEC,OPEN,,10,5,0,,Takeuchi J,,,,ARR,
10431,CHEM-C 243,DIS,CLOSED,,2,0,0,IN_PERSON,,MO,10:25,11:15,GA,1122
10433,LING-L 415,LEC,OPEN,,10,8,0,IN_PERSON,Chelliah S,MOWE,15:55,17:10,BH,221
10434,BUS-R 314,LEC,CLOSED,,0,0,0,IN_PERSON,Harstad D,MOWE,15:55,17:10,CG,2077
10435,SPH-F 255,LEC,OPEN,,10,9,0,IN_PERSON,Heeter K,TUTH,09:35,10:50,GA,1112
10436,ANTH-A 578,LEC,OPEN,,10,10,0,,,,,,ARR,
10437,ASCS-Q 295,LEC,CLOSED,,50,0,1,IN_PERSON,Baker A,MOWE,09:10,10:00,EP,206
10438,ASCS-Q 295,LEC,CLOSED,,50,0,5,IN_PERSON,Baker A,MOWE,10:25,11:15,EP,206
10439,ASCS-Q 295,LEC,CLOSED,,50,0,2,IN_PERSON,Baker A,MOWE,11:35,12:25,EP,206
1044,BIOL-L 111,DIS,CLOSED,,22,0,2,IN_PERSON,Darcy T,TU,16:20,17:10,JH,A105
10440,ASCS-Q 295,LEC,CLOSED,,50,0,0,IN_PERSON,Baker A,MOWE,13:55,14:45,EP,206
10441,ASCS-Q 295,LEC,CLOSED,,50,0,0,IN_PERSON,Kendall M,MOWE,17:30,18:20,EP,206
10442,BUS-M 339,LEC,CLOSED,,45,0,1,IN_PERSON,Talbott J,TUTH,14:20,15:35,HH,2047
10443,BUS-M 432,LEC,CLOSED,,32,0,1,IN_PERSON,Wight K,MOWE,14:20,15:35,HH,1030
10444,ASCS-Q 295,LEC,CLOSED,,38,0,1,IN_PERSON,Cress E,MOWE,11:35,12:25,EP,214
10445,ASCS-Q 295,LEC,CLOSED,,38,0,0,IN_PERSON,Junken J,MOWE,13:55,14:45,EP,214
10446,BUS-M 303,LEC,CLOSED,,34,0,3,IN_PERSON,Vander Schee B,TUTH,15:55,17:10,HH,2055
10447,HISP-S 251,LEC,OPEN,,24,3,0,IN_PERSON,Di Franco K,MOWEFR,12:45,13:35,GA,0009
10448,HISP-S 281,LEC,CLOSED,,24,0,0,IN_PERSON,Amodeo Williams C,TUTH,09:35,10:50,BH,145
10449,HISP-S 281,LEC,CLOSED,,24,0,6,IN_PERSON,Amodeo Williams C,TUTH,11:10,12:25,BH,313
1045,BIOL-L 111,DIS,CLOSED,,22,0,2,IN_PERSON,Darcy T,WE,16:20,17:10,BH,229
10450,HISP-S 309,LEC,OPEN,,20,1,1,IN_PERSON,Rosenthal O,MOWE,12:45,14:00,SY,0009
10459,ENG-W 203,LEC,CLOSED,FICTION,15,0,1,IN_PERSON,Neal A,TUTH,12:45,14:00,LH,112
1046,BIOL-L 111,DIS,CLOSED,,27,0,0,IN_PERSON,Darcy T,WE,15:10,16:00,BH,146
10460,SPH-M 418,LEC,CLOSED,,100,0,22,IN_PERSON,Williams A,TUTH,09:25,10:40,WB,WEB
10461,AFRI-K 501,LEC,OPEN,,25,21,0,IN_PERSON,Ofori S,MOWE,11:35,12:25,BH,144
10462,AFRI-K 701,LEC,OPEN,,15,14,0,,Ofori S,,,,HD,TBA
10463,STAT-S 301,LEC,CLOSED,,80,0,7,IN_PERSON,Ratnasekera P,TUTH,09:35,10:50,LH,102
10464,STAT-S 301,LEC,CLOSED,,80,0,9,IN_PERSON,Ratnasekera P,TUTH,11:10,12:25,SB,150
10466,EALC-C 457,DRL,OPEN,"CHINESE CULTURE THRU LIT, FILM",10,4,0,,Chen Y,,,,ARR,
10468,SOAD-U 700,LEC,OPEN,,10,10,0,IN_PERSON,,MOWE,19:00,22:30,FA,004
10469,SOAD-D 271,LEC,CLOSED,,30,0,1,IN_PERSON,Ma J; Dutkosky K,MOWE,12:45,15:30,KH,202
1047,BIOL-L 111,DIS,CLOSED,,21,0,1,IN_PERSON,Darcy T,WE,17:30,18:20,JH,A105
10470,LING-X 471,LEC,OPEN,,10,9,0,,Bunger A,,,,ARR,
10471,SOAD-A 100,LEC,CLOSED,,20,0,2,IN_PERSON,Alunei A,FR,11:35,12:25,FA,145
10472,SOAD-A 100,LEC,CLOSED,,20,0,1,IN_PERSON,Lian A,FR,11:35,12:25,KH,318
10473,SOAD-A 101,LEC,CLOSED,,18,0,0,IN_PERSON,Pines B,MOWE,19:05,21:50,FA,174
10474,SOAD-A 102,LEC,CLOSED,,18,0,0,IN_PERSON,van Strien S,TUTH,08:00,10:45,FA,176
10475,SOAD-A 103,LEC,CLOSED,,18,0,1,IN_PERSON,Jubic S,MOWE,15:55,18:40,FA,173
10476,ENG-W 131,LEC,CLOSED,,23,0,0,IN_PERSON,Masanek J; Rivera A,MOWEFR,08:00,08:50,BH,215
10477,SOAD-S 280,LEC,CLOSED,,16,0,4,IN_PERSON,Kwarteng B,TUTH,14:20,17:05,FA,210
10478,ENG-W 131,LEC,CLOSED,,23,0,1,IN_PERSON,Osborne J; Rivera A,MOWEFR,10:25,11:15,BH,145
10479,SOAD-S 380,LEC,OPEN,CONSTRUCTION + FABRICATION,16,5,0,IN_PERSON,Caldwell A,TUTH,11:10,13:55,FA,210
1048,BIOL-L 111,DIS,CLOSED,,18,0,1,IN_PERSON,Darcy T,WE,11:35,12:25,BH,242
10480,ENG-W 131,LEC,CLOSED,,23,0,0,IN_PERSON,Gorman E; Rivera A,MOWEFR,12:45,13:35,BH,336
10481,LAW-B 533,LEC,OPEN,,135,76,0,IN_PERSON,Quintanilla V,MOTUWE,13:20,14:35,LW,121
10483,LAW-B 727,LEC,OPEN,,38,2,0,IN_PERSON,Nagy D,MOTUWE,09:50,10:45,LW,213
10484,ENG-W 131,LEC,OPEN,,23,1,0,IN_PERSON,Kim D; Rivera A,MOWEFR,10:25,11:15,BH,314
10485,EDUC-Z 533,LEC,OPEN,,6,1,0,IN_PERSON,Reynolds R,MOWE,16:20,17:10,ED,3125
10486,EDUC-M 235,LEC,CLOSED,,24,0,4,,Manifold M,,,,WB,WEB
10487,INTL-I 315,LEC,CLOSED,,35,0,7,IN_PERSON,Vicic J,TUTH,09:35,10:50,BH,206
10488,MSCH-P 352,LAB,OPEN,,18,4,0,IN_PERSON,Behringer A,MO,15:55,17:10,TV,250
10489,EDUC-K 780,LEC,OPEN,,14,5,0,IN_PERSON,Lowrey A,MO,14:20,16:50,ED,1235
1049,BIOL-L 111,DIS,CLOSED,,22,0,1,IN_PERSON,Darcy T,TH,15:10,16:00,JH,A105
10490,EDUC-K 505,LEC,OPEN,,23,2,0,,Alharbi N,,,,WB,WEB
10491,CSCI-C 322,LAB,OPEN,,25,22,0,IN_PERSON,German D,TH,18:30,19:45,PH,154
10493,SPEA-E 311,DIS,OPEN,,20,12,0,IN_PERSON,Henshel D,WE,17:30,18:45,PV,163
10494,SPEA-E 311,DIS,OPEN,,20,12,0,IN_PERSON,Henshel D,TU,17:30,18:45,PV,163
10495,EDUC-M 301,LEC,OPEN,,16,16,0,IN_PERSON,Panse N,TH,12:00,16:00,HD,TBA
10496,EDUC-M 301,LEC,OPEN,,18,18,0,IN_PERSON,Atiatorme E,TH,08:15,16:00,HD,TBA
10497,SOAD-F 207,LEC,CLOSED,,16,0,1,IN_PERSON,Frye L,TUTH,11:10,13:55,KH,305
10498,SOAD-F 213,LEC,OPEN,,16,2,0,IN_PERSON,Romans M,TUTH,14:20,17:05,KH,302
10499,SOAD-D 170,LEC,CLOSED,,18,0,3,IN_PERSON,Ma J,MOWE,09:10,11:55,KH,215
1050,BIOL-L 111,DIS,CLOSED,,25,0,0,IN_PERSON,Blizard M,WE,16:20,17:10,BH,146
10500,SOAD-D 170,LEC,CLOSED,,18,0,4,IN_PERSON,Vo H,TUTH,11:10,13:55,KH,201
10503,SPH-Q 381,LEC,CLOSED,,58,0,3,IN_PERSON,Fluharty D,TUTH,11:10,12:25,PH,013
10505,MELC-A 620,LEC,OPEN,,18,18,0,IN_PERSON,Albdairat I,MO,15:00,16:00,WH,110
10506,MELC-A 630,LEC,OPEN,,18,12,0,,Mbarki A,,,,WB,WEB
10507,NEUS-G 901,LEC,OPEN,,5,5,0,,,,,,ARR,
10508,NEUS-G 901,LEC,OPEN,,5,5,0,,,,,,ARR,
10509,SOAD-D 300,LEC,OPEN,,35,20,0,IN_PERSON,Mohammed H,TUTH,12:45,14:00,FA,102
1051,BIOL-L 111,DIS,CLOSED,,24,0,0,IN_PERSON,Blizard M,WE,11:35,12:25,JH,248
10510,HISP-S 105,LEC,CLOSED,,24,0,0,IN_PERSON,Gomes dos Santos L,MOTUWETH,08:00,08:50,SY,200
10511,HISP-S 105,LEC,OPEN,,24,1,0,IN_PERSON,Hailey A,MOTUWETH,19:55,20:45,BH,138
10512,HISP-S 250,LEC,CLOSED,,24,0,0,IN_PERSON,Jarrin Paredes G,MOWEFR,08:00,08:50,LH,125
10514,HISP-S 200,LEC,CLOSED,,24,0,3,IN_PERSON,Mirelli G,MOWEFR,10:25,11:15,GA,0013
10515,HISP-S 200,LEC,CLOSED,,24,0,2,IN_PERSON,Renda Kajdacsy-Balla Amaral L,MOWEFR,13:55,14:45,SW,219
10516,MSCH-P 352,LAB,OPEN,,18,5,0,IN_PERSON,Behringer A,WE,15:55,17:10,TV,250
10517,MSCH-P 361,LAB,CLOSED,,12,0,4,IN_PERSON,Garland Jr J,TH,10:00,14:00,TV,127
10518,MUS-M 665,LEC,OPEN,,12,5,0,IN_PERSON,Matthews I,TH,11:35,12:25,MA,011
10519,SPEA-P 762,LEC,OPEN,,15,7,0,IN_PERSON,Wing C,MOWE,15:55,17:10,PV,275
1052,BIOL-L 111,DIS,CLOSED,,25,0,0,IN_PERSON,Blizard M,WE,13:55,14:45,JH,248
10520,BUS-P 319,LEC,CLOSED,,40,0,1,IN_PERSON,Manhart P,MOWE,11:10,12:25,HH,3079
10521,THTR-T 121,LEC,OPEN,,18,4,0,IN_PERSON,Hall G,MOWE,10:50,12:35,AD,A052
10522,PHYS-P 133,LEC,OPEN,,54,31,0,IN_PERSON,Sokol P,MOWE,08:45,10:00,SW,208
10523,EDUC-G 203,LEC,OPEN,,28,2,0,IN_PERSON,White B,MOWE,08:00,09:15,ED,1204
10525,SPH-K 409,LEC,OPEN,,5,1,0,IN_PERSON,Chapman R,MOWE,11:35,12:25,RB,110
10526,MUS-Z 250,LEC,CLOSED,,40,0,0,IN_PERSON,Riedford A,TUTH,11:10,12:25,SM,344
10527,MUS-Z 281,LEC,OPEN,,80,22,0,IN_PERSON,Lubell G,MOWE,12:45,14:00,SM,015
10529,SPH-V 541,LEC,OPEN,,15,6,0,,Kamendulis L,,,,WB,WEB
1053,BIOL-L 111,DIS,OPEN,,25,1,0,IN_PERSON,Blizard M,TH,16:20,17:10,JH,A106
10534,SPH-H 380,LEC,OPEN,,50,30,0,IN_PERSON,Erinosho T,MOWE,09:35,10:55,BH,117
10536,ECON-E 401,LEC,CLOSED,,32,0,4,IN_PERSON,Hu B,TUTH,11:10,12:25,WH,121
10537,GER-E 212,LEC,OPEN,"GHETTO, SHTETL AND BEYOND",20,1,0,IN_PERSON,Kerler D,MOWE,15:55,17:10,BH,217
10538,LAW-L 690,LEC,CLOSED,EMERGING ISSUES,18,0,1,IN_PERSON,Williams C,TH,09:50,11:50,LW,214
10539,SLAV-U 101,LEC,OPEN,,10,8,0,IN_PERSON,Asher S,MOTUWETH,10:25,11:15,WB,WEB
1054,BIOL-L 111,DIS,OPEN,,26,8,0,IN_PERSON,Blizard M,WE,17:30,18:20,LH,023
10540,INTL-I 303,LEC,OPEN,POLITICS OF DEVELOPING WORLD,35,23,0,IN_PERSON,Hunt K,TUTH,15:55,17:10,WH,008
10541,BUS-S 475,LEC,CLOSED,,30,0,0,IN_PERSON,Pittsford B,TU,15:55,18:25,CG,0030
10542,SPH-K 693,LEC,OPEN,,5,5,0,,Moscicki B,,,,ARR,
10543,MUS-V 100,LEC,CLOSED,,35,0,2,,Horne B; Gunter E,,,,ARR,
10544,SLAV-U 501,LEC,OPEN,,10,8,0,IN_PERSON,Asher S,MOTUWETH,10:25,11:15,WB,WEB
10545,EDUC-L 795,LEC,OPEN,,3,3,0,,Samuelson B,,,,ARR,
10546,EDUC-M 201,LEC,OPEN,LAB/FIELD EXP: ELEMENTARY,20,20,0,IN_PERSON,Stewart K,TU,08:00,11:45,HD,TBA
10548,EDUC-M 130,LEC,OPEN,,15,5,0,IN_PERSON,Reynolds R,MOWE,16:20,17:10,ED,3125
10549,SPEA-V 203,LEC,OPEN,,35,1,0,IN_PERSON,Berry T,WE,17:30,20:00,PV,277
1055,BIOL-L 111,DIS,OPEN,,25,13,0,IN_PERSON,Blizard M,TH,16:20,17:10,JH,440
10550,EDUC-N 310,LEC,OPEN,,3,2,0,IN_PERSON,Burch L,MOWE,16:05,17:20,ED,3017
10551,BUS-W 212,LEC,CLOSED,,55,0,2,IN_PERSON,Cochran S,TUTH,14:20,15:35,HH,2000
10552,BUS-W 313,LEC,CLOSED,,30,0,6,IN_PERSON,Megnin C,MOWE,09:35,10:50,HH,2049
10553,SPH-K 319,LEC,OPEN,,30,15,0,IN_PERSON,Ryder R,MOWE,13:55,14:45,GF,195
10554,SPH-K 280,LEC,CLOSED,,60,0,0,IN_PERSON,Lueken J,MOWE,12:45,13:35,PH,013
10555,SPH-K 496,LEC,OPEN,,10,10,0,,Ryder R,,,,ARR,
10556,EDUC-M 135,LEC,CLOSED,,18,0,0,IN_PERSON,Maxwell C,MO,17:30,18:45,WB,WEB
10557,EDUC-M 135,LEC,CLOSED,,18,0,0,IN_PERSON,Maxwell C,WE,17:30,18:45,WB,WEB
10558,JSTU-X 170,LEC,OPEN,JEWISH COOKING,30,27,0,IN_PERSON,Romashov D,TU,15:10,17:10,ARR,
10559,SOAD-W 200,LEC,OPEN,,60,20,0,IN_PERSON,Steenblik R,MOWE,12:45,14:00,VD,200
1056,BIOL-L 111,DIS,OPEN,,24,4,0,IN_PERSON,Blizard M,TU,16:20,17:10,BH,237
10560,ENGR-E 599,LEC,OPEN,CIRCUITS AND DIGITAL SYSTEMS,32,3,0,IN_PERSON,Lasassmeh S,TUTH,09:35,10:50,GY,4068
10561,ENGR-E 599,LAB,OPEN,CIRCUITS AND DIGITAL SYSTEMS,32,3,0,IN_PERSON,Lasassmeh S,FR,10:20,12:20,GY,4068
10562,ENGR-E 311,LEC,OPEN,,32,3,0,IN_PERSON,Lasassmeh S,TUTH,09:35,10:50,GY,4068
10563,ENGR-E 311,LAB,OPEN,,32,3,0,IN_PERSON,Lasassmeh S,FR,10:20,12:20,GY,4068
10564,EDUC-F 401,LEC,OPEN,,15,15,0,,,,,,WB,WEB
10565,BUS-S 364,LEC,CLOSED,,32,0,0,IN_PERSON,Li J,MOWE,09:35,10:50,CG,3075
10566,BUS-K 304,LEC,CLOSED,,35,0,12,IN_PERSON,Sherry S,MOWE,08:00,09:15,HH,1049
10567,LTAM-L 727,LEC,OPEN,ADVANCED QUECHUA IV,5,5,0,IN_PERSON,Konwest E,TUTH,13:00,15:00,WB,WEB
10568,BUS-K 303,LEC,CLOSED,,40,0,2,IN_PERSON,Warnes X,TUTH,11:10,12:25,HH,1049
10569,BUS-K 303,LEC,CLOSED,,40,0,1,IN_PERSON,Steed J,TUTH,09:35,10:50,CG,0030
1057,BIOL-L 111,DIS,CLOSED,,24,0,0,IN_PERSON,Blizard M,TU,12:45,13:35,BH,139
10570,BUS-K 303,LEC,CLOSED,,40,0,10,IN_PERSON,Malher T,MOWE,11:10,12:25,HH,1049
10571,NEUS-N 650,LEC,OPEN,,30,10,0,IN_PERSON,Pangelinan M,WE,12:30,13:30,PY,230
10572,SPH-E 353,LEC,OPEN,,40,17,0,ONLINE,Lin W,,,,OL,ONLINE
10573,ENGR-E 534,LEC,OPEN,,80,45,0,,Anousheh N,,,,WB,WEB
10575,ENGR-E 599,LEC,OPEN,DEEP LRNG ARCH & HRDWARE ACC,26,17,0,IN_PERSON,Chen F,TUTH,11:10,12:25,IF,4012
10577,MSCH-P 431,LEC,CLOSED,,18,0,0,IN_PERSON,Shoulberg P,TUTH,12:45,14:00,FF,310
10578,EDUC-G 522,LEC,OPEN,,25,1,0,IN_PERSON,Hornibrook L,MO,11:10,13:40,ED,0101
10579,SPH-H 580,LEC,OPEN,,10,7,0,IN_PERSON,Erinosho T,MOWE,09:35,10:55,BH,117
1058,BIOL-L 111,DIS,OPEN,,24,4,0,IN_PERSON,Blizard M,WE,16:20,17:10,JH,248
10580,BUS-S 523,LEC,OPEN,,30,10,0,IN_PERSON,Perry A,TUTH,14:25,15:50,CG,3046
10581,CSCI-B 590,LEC,CLOSED,DIGITAL DESIGN WITH FPGAS,32,0,0,IN_PERSON,Swany M,MOWE,09:35,10:50,IF,4111
10582,SPEA-E 513,LEC,OPEN,,30,8,0,IN_PERSON,Burgins R,MO,09:30,11:30,PV,A205
10584,MSCH-D 337,LEC,CLOSED,DIGITAL MEDIA AND SOCIETY,18,0,2,IN_PERSON,Scheidt L,TUTH,15:55,17:10,FF,003
10585,SPH-I 340,LEC,OPEN,,20,11,0,IN_PERSON,Lucas G,TUTH,10:25,11:15,GF,095
10587,EDUC-M 301,LEC,OPEN,LABORATORY-FIELD EXPERIENCE,20,20,0,,Gault B,,,,ARR,
10589,SPH-K 496,LEC,OPEN,,10,8,0,,Gruber A,,,,ARR,
1059,BIOL-L 111,DIS,OPEN,,24,16,0,IN_PERSON,Blizard M,TU,18:40,19:30,JH,440
10590,SPH-K 599,LEC,OPEN,,5,5,0,,Moscicki B,,,,ARR,
10591,BUS-A 576,LEC,OPEN,,30,2,0,IN_PERSON,Bable J,TUTH,14:25,15:50,CG,1014
10592,BUS-A 576,LEC,CLOSED,,32,0,0,IN_PERSON,Bable J,TUTH,12:45,14:10,CG,2077
10594,SPH-K 492,LEC,OPEN,,10,8,0,,Johnson B,,,,ARR,
10596,MUS-F 419,LEC,OPEN,HARP ORCHESTRAL REPERTOIRE,20,8,0,IN_PERSON,Szmyt E,TU,19:00,20:30,MA,007
10597,MUS-F 519,LEC,OPEN,HARP ORCHESTRAL REPERTOIRE,20,8,0,IN_PERSON,Szmyt E,TU,19:00,20:30,MA,007
10599,BUS-F 305,LEC,CLOSED,,50,0,9,IN_PERSON,Paul R,TUTH,08:00,09:15,HH,1050
1060,BIOL-L 111,DIS,OPEN,,24,14,0,IN_PERSON,Blizard M,TH,17:30,18:20,JH,440
10600,AFRI-K 101,LEC,OPEN,,15,14,0,IN_PERSON,Ofori S,MOWE,11:35,12:25,WB,WEB
10601,GRAD-U 600,LEC,OPEN,,10,9,0,,Andrew-Mohr J,,,,ARR,
10602,GRAD-U 595,LEC,OPEN,,10,7,0,,Andrew-Mohr J,,,,ARR,
10603,SPH-Q 381,LEC,CLOSED,,6,0,0,IN_PERSON,Fluharty D,TUTH,11:10,12:25,PH,013
10604,GER-S 100,LEC,OPEN,,1,1,0,IN_PERSON,,MOTUWETHFR,11:20,12:10,WB,WEB
10605,GER-S 501,LEC,OPEN,,1,1,0,IN_PERSON,,MOTUWETHFR,12:20,13:10,WB,WEB
10608,AST-A 100,LEC,CLOSED,,60,0,35,,Slavin S,,,,WB,WEB
1061,BIOL-L 111,DIS,OPEN,,24,19,0,IN_PERSON,Blizard M,WE,18:40,19:30,JH,440
10611,MUS-K 810,LEC,OPEN,,5,5,0,,Dzubay D,,,,ARR,
10612,SPH-K 492,LEC,OPEN,,30,27,0,,Schlader Z,,,,ARR,
10613,SPEA-H 374,LEC,OPEN,,30,6,0,IN_PERSON,Wayne C,TUTH,15:55,17:10,PV,278
10614,SPH-W 114,LEC,OPEN,,24,6,0,,Brown N; Nolan D; Kivland T,,,,WB,WEB
10615,INFO-I 400,LEC,OPEN,INNOVATION FOR IMPACT,60,7,0,IN_PERSON,Nti Asare I; Wild D,MO,18:40,20:40,GA,1122
10616,INFO-I 590,LEC,OPEN,INNOVATION FOR IMPACT,60,7,0,IN_PERSON,Nti Asare I; Wild D,MO,18:40,20:40,GA,1122
10617,EDUC-L 690,LEC,CLOSED,,1,0,0,,Daley S,,,,WB,WEB
10619,MUS-K 400,LEC,OPEN,,18,18,0,,Jenks G,,,,ARR,
1062,BIOL-L 112,LEC,OPEN,,240,1,15,IN_PERSON,Matlack D,MOWEFR,10:25,11:15,JH,124
10620,MUS-K 810,LEC,OPEN,,18,18,0,,Jenks G,,,,ARR,
10621,MUS-K 910,LEC,OPEN,,18,18,0,,Jenks G,,,,ARR,
10622,HPSC-X 111,LEC,CLOSED,,35,0,1,IN_PERSON,Peng R,MOWE,17:30,18:45,BH,242
10623,COLL-P 155,LEC,CLOSED,,24,0,0,IN_PERSON,Smith J,TUTH,08:00,08:50,BH,236
10624,COLL-P 155,LEC,CLOSED,,24,0,1,IN_PERSON,Dilts K,MOFR,11:35,12:25,BH,236
10625,COLL-P 155,LEC,CLOSED,,24,0,0,IN_PERSON,Fan K,TUTH,16:20,17:10,BH,236
10626,COLL-P 155,LEC,CLOSED,,24,0,5,IN_PERSON,Khaksar M,TUTH,12:45,13:35,BH,236
10629,BUS-K 303,LEC,CLOSED,,32,0,1,IN_PERSON,Chickedantz A,MOWE,17:30,18:45,HH,4083
1063,BIOL-L 113,LEC,CLOSED,,24,0,5,IN_PERSON,Anderson A; Matlack D,MO,13:00,16:00,JH,A110
10630,BUS-K 303,LEC,OPEN,,38,1,0,IN_PERSON,Pal A,TUTH,17:30,18:45,CG,3075
10631,BUS-K 303,LEC,CLOSED,,40,0,3,IN_PERSON,Warnes X,TUTH,14:20,15:35,HH,1049
10632,BUS-K 303,LEC,CLOSED,,38,0,4,IN_PERSON,Votolato K,TUTH,12:45,14:00,CG,3075
10633,BUS-W 235,LEC,CLOSED,,45,0,1,IN_PERSON,Tian R,MOWE,11:10,12:25,HH,2049
10634,BUS-C 104,BIDS,CLOSED,,32,0,0,IN_PERSON,Scott-Harmon S,MOWE,11:10,12:25,HH,3022
10635,BUS-C 104,BIDS,CLOSED,,32,0,0,IN_PERSON,Prange K,TUTH,11:10,12:25,WT,C115
10636,BUS-C 104,BIDS,OPEN,,32,7,0,IN_PERSON,Nnagboro C,TUTH,15:55,17:10,WT,C115
10637,BUS-C 104,BIDS,CLOSED,,32,0,0,IN_PERSON,Smith A,TUTH,14:20,15:35,HH,3022
10638,BUS-C 104,BIDS,OPEN,,30,1,0,IN_PERSON,Morrone M,TUTH,11:10,12:25,MN,C010
10639,BUS-C 104,BIDS,OPEN,,30,4,0,IN_PERSON,Morrone M,TUTH,09:35,10:50,MN,C010
1064,BIOL-L 113,LEC,CLOSED,,24,0,3,IN_PERSON,Anderson A; Matlack D,MO,17:00,20:00,JH,A110
10641,EDUC-M 501,LEC,OPEN,SPEC ED INTEGRATED SEM & FIELD,25,10,0,IN_PERSON,Klinker S,TU,19:00,20:00,WB,WEB
10642,CLLC-Q 199,LEC,OPEN,,10,1,0,IN_PERSON,Cluver Y,MOWE,11:35,12:25,EO,C110
10643,CLLC-Q 199,LEC,CLOSED,,10,0,0,IN_PERSON,Cluver Y,TUTH,12:45,13:35,EO,C110
10644,OVST-M 496,LEC,OPEN,,20,19,0,,Carty S,,,,ARR,
10645,OVST-M 496,LEC,OPEN,,20,16,0,,Carty S,,,,ARR,
10646,OVST-M 496,LEC,OPEN,,20,17,0,,Carty S,,,,ARR,
10647,OVST-R 396,LEC,OPEN,,20,20,0,,Carty S,,,,ARR,
10648,MSCH-C 250,LAB,CLOSED,,18,0,0,IN_PERSON,Farooq U; Layton S,FR,12:45,14:00,FF,052
10649,MSCH-C 250,LAB,OPEN,,18,1,0,IN_PERSON,Parrish S; Layton S,FR,11:10,12:25,FF,003
1065,BIOL-L 113,LEC,CLOSED,,24,0,5,IN_PERSON,Anderson A; Matlack D,TU,09:00,12:00,JH,A109
10650,MSCH-C 250,LAB,CLOSED,,18,0,0,IN_PERSON,Stamm A; Layton S,FR,12:45,14:00,FF,058
10651,MSCH-C 250,LAB,CLOSED,,18,0,1,IN_PERSON,Badrov M; Layton S,TH,15:55,17:10,FF,052
10652,MSCH-C 250,LAB,CLOSED,,18,0,0,IN_PERSON,Khoury E; Layton S,FR,08:00,09:15,FF,052
10653,MSCH-C 250,LAB,CLOSED,,18,0,0,IN_PERSON,Parrish S; Layton S,FR,12:45,14:00,FF,003
10654,CLLC-Q 199,LEC,CLOSED,,10,0,0,IN_PERSON,Cluver Y,TUTH,09:10,10:00,EO,C112
10655,OVST-U 498,LEC,OPEN,,25,25,0,,Carty S,,,,ARR,
10656,OVST-O 499,LEC,OPEN,,25,24,0,,Carty S,,,,ARR,
1066,BIOL-L 113,LEC,CLOSED,,24,0,9,IN_PERSON,Anderson A; Matlack D,TU,13:00,16:00,JH,A109
10660,DSCI-D 498,LEC,OPEN,,50,7,0,IN_PERSON,Siddiqui M,MOWE,15:55,17:10,WH,121
10661,EDUC-G 505,LEC,OPEN,,24,2,0,IN_PERSON,Martinez R,MO,17:30,20:00,ED,1204
10669,BUS-C 104,BIDS,OPEN,,32,8,0,IN_PERSON,Schmeckebier M,MOWE,08:00,09:15,CG,0001
1067,BIOL-L 113,LEC,CLOSED,,24,0,1,IN_PERSON,Anderson A; Matlack D,TU,17:00,20:00,JH,A109
10670,BUS-C 104,BIDS,OPEN,,32,2,0,IN_PERSON,Smith A,TUTH,15:55,17:10,HH,3022
10671,BUS-C 104,BIDS,CLOSED,,30,0,0,IN_PERSON,Fisher K,TUTH,08:00,09:15,CG,0001
10672,BUS-C 104,BIDS,CLOSED,,32,0,0,IN_PERSON,Nussbaum K,MOWE,12:45,14:00,HH,3016
10673,SPH-R 142,LEC,CLOSED,,250,0,1,,Hawkins M,,,,WB,WEB
10674,EDUC-W 204,LEC,OPEN,,18,14,0,,Christie L,,,,WB,WEB
10675,PHIL-P 150,LEC,CLOSED,,84,0,2,IN_PERSON,McCloud S,MOWE,16:20,17:10,WH,003
10676,SPH-H 263,LEC,OPEN,,145,49,0,,Mulvaney M,,,,WB,WEB
10677,OVST-A 497,LEC,OPEN,,25,25,0,,Carty S,,,,ARR,
10678,OVST-P 497,LEC,OPEN,,25,23,0,,Carty S,,,,ARR,
10679,OVST-J 396,LEC,OPEN,,10,10,0,,Carty S,,,,ARR,
1068,BIOL-L 113,LEC,CLOSED,,24,0,0,IN_PERSON,Anderson A; Matlack D,WE,09:00,12:00,JH,A110
10680,OVST-J 396,LEC,OPEN,,10,8,0,,Carty S,,,,ARR,
10681,EDUC-P 248,LEC,CLOSED,,28,0,1,,Han Y,,,,WB,WEB
10682,SPH-B 250,LEC,CLOSED,,75,0,2,IN_PERSON,de Siqueira A,TUTH,09:00,10:15,WB,WEB
10683,INFO-I 590,LEC,OPEN,DATA VISUALIZATION,55,43,0,IN_PERSON,Vardhan M,MOWE,15:55,17:10,GA,1100
10684,EDUC-P 404,LEC,OPEN,,30,10,0,,Bellini S,,,,WB,WEB
10685,EDUC-G 203,LEC,CLOSED,,28,0,0,IN_PERSON,Hargrave J,MOWE,14:20,15:35,ED,1220
10686,STAT-S 520,LEC,OPEN,,60,45,0,IN_PERSON,Glatt-Holtz N,TUTH,14:20,15:35,SM,C141
10687,EDUC-P 650,LEC,OPEN,AFFECTIVE & COG BASES OF BEHAV,16,3,0,,Lowery K,,,,WB,WEB
10688,EDUC-G 502,LEC,OPEN,,19,13,0,IN_PERSON,Davis C,WE,11:10,13:40,ED,1084
10689,CEUS-T 341,LEC,OPEN,,5,3,0,IN_PERSON,Varga V,MOWETHFR,11:35,12:25,WB,WEB
1069,BIOL-L 113,LEC,CLOSED,,24,0,6,IN_PERSON,Anderson A; Matlack D,WE,13:00,16:00,JH,A110
10690,CEUS-T 741,LEC,OPEN,,5,3,0,IN_PERSON,Varga V,MOWETHFR,11:35,12:25,WB,WEB
10694,ECON-M 518,LEC,OPEN,,13,10,0,IN_PERSON,Hu B,TUTH,11:10,12:25,WH,121
10695,MSCH-P 461,LEC,CLOSED,,20,0,0,,Brown B,,,,ARR,
10697,MUS-P 400,LEC,OPEN,,18,15,0,,Myer S,,,,ARR,
10698,MUS-P 900,LEC,OPEN,,18,6,0,,Myer S,,,,ARR,
10699,SPH-Q 611,LEC,OPEN,,70,60,0,IN_PERSON,Roy I,MOWE,12:45,14:00,WB,WEB
1070,BIOL-L 113,LEC,CLOSED,,24,0,3,IN_PERSON,Anderson A; Matlack D,WE,17:00,20:00,JH,A110
10700,MUS-I 300,LEC,OPEN,,24,11,0,IN_PERSON,Myer S,TU,19:00,21:00,HD,TBA
10701,MUS-I 500,LEC,OPEN,,24,11,0,IN_PERSON,Myer S,TU,19:00,21:00,HD,TBA
10702,NEUS-N 800,LEC,OPEN,,2,2,0,,Lentz J,,,,ARR,
10703,NEUS-N 800,LEC,OPEN,,4,4,0,,Bidelman G,,,,ARR,
10704,MUS-V 700,LEC,CLOSED,,35,0,0,,Horne B; Gunter E,,,,ARR,
10705,ANTH-E 260,LEC,OPEN,,180,97,0,IN_PERSON,Phillips S,MOWE,15:10,16:00,RH,100
10706,ANTH-E 260,DIS,OPEN,,30,16,0,IN_PERSON,Phillips S; Gabani Gimenez M,TU,09:10,10:00,SB,231
10707,ANTH-E 260,DIS,OPEN,,30,21,0,IN_PERSON,Phillips S; Gabani Gimenez M,TU,10:25,11:15,SB,231
10708,ANTH-E 260,DIS,OPEN,,30,15,0,IN_PERSON,Phillips S; Gabani Gimenez M,TU,11:35,12:25,SB,231
1071,BIOL-L 113,LEC,CLOSED,,24,0,3,IN_PERSON,Anderson A; Matlack D,TH,09:00,12:00,JH,A109
10710,SPH-K 791,LEC,OPEN,,10,9,0,,Johnson B,,,,ARR,
10713,SOAD-M 315,LEC,OPEN,,30,4,0,IN_PERSON,Addington M,TUTH,09:35,10:50,KH,116
10714,LSTU-L 384,LEC,CLOSED,,20,0,0,,Mello W,,,,WB,WEB
10716,LSTU-L 289,LEC,OPEN,,20,6,0,,Walker M,,,,WB,WEB
1072,BIOL-L 113,LEC,CLOSED,,24,0,7,IN_PERSON,Anderson A; Matlack D,TH,13:00,16:00,JH,A109
10723,CHEM-C 116,LEC,OPEN,,70,40,0,IN_PERSON,Hollenbeck J,TU,09:35,10:50,SB,015
10724,CHEM-C 116,LEC,OPEN,,70,17,0,IN_PERSON,Hollenbeck J,TU,11:10,12:25,SB,015
10725,CHEM-C 116,LEC,OPEN,,70,48,0,IN_PERSON,Hollenbeck J,TU,09:35,10:50,SB,015
10726,CHEM-C 116,LEC,OPEN,,70,38,0,IN_PERSON,Hollenbeck J,TU,11:10,12:25,SB,015
10727,CHEM-C 240,LEC,OPEN,,75,23,0,IN_PERSON,Wood A,TH,09:35,10:50,SB,015
10728,CHEM-C 240,LEC,OPEN,,75,22,0,IN_PERSON,Wood A,TH,11:10,12:25,SB,015
10729,CHEM-C 240,LEC,OPEN,,75,34,0,IN_PERSON,Wood A,TH,09:35,10:50,SB,015
1073,BIOL-L 113,LEC,CLOSED,,24,0,5,IN_PERSON,Anderson A; Matlack D,MO,13:00,16:00,JH,A109
10730,CHEM-C 240,LEC,OPEN,,75,34,0,IN_PERSON,Wood A,TH,11:10,12:25,SB,015
10731,EDUC-N 101,LEC,CLOSED,,24,0,3,IN_PERSON,Burch L,TUTH,11:10,12:25,ED,2271
10732,ECON-B 252,LEC,CLOSED,,60,0,39,IN_PERSON,Zheng C,TUTH,14:20,15:35,WH,004
10733,MUS-M 544,LEC,CLOSED,,30,0,1,IN_PERSON,Cartledge D,MOWE,12:45,14:00,SM,344
10737,SPEA-V 184,LEC,CLOSED,,64,0,0,IN_PERSON,Allen L,MOWE,08:00,09:15,PV,276
10738,MSCI-M 584,LEC,OPEN,,6,4,0,IN_PERSON,Calvi B; Hollenhorst P; Nikolov L,TUTH,12:45,14:00,JH,440
10739,EDUC-W 200,LEC,OPEN,,24,3,0,IN_PERSON,Cockrum T; Kale U,MOWE,15:55,17:10,ED,2015
1074,BIOL-L 113,LEC,CLOSED,,24,0,3,IN_PERSON,Anderson A; Matlack D,MO,17:00,20:00,JH,A109
10743,MATH-M 125,LEC,OPEN,,200,178,0,,Beshears A,,,,ARR,
1075,BIOL-L 113,LEC,CLOSED,,24,0,4,IN_PERSON,Anderson A; Matlack D,TU,09:00,12:00,JH,A110
10754,MUS-F 340,LEC,CLOSED,,12,0,0,IN_PERSON,Conjurske J,TUTH,12:45,13:35,SM,C113
10755,MUS-F 540,LEC,CLOSED,,12,0,0,IN_PERSON,Conjurske J,TUTH,12:45,13:35,SM,C113
10758,ECON-E 724,LEC,OPEN,EXPERIMENTAL ECONOMICS,10,4,0,IN_PERSON,Avoyan A,MOWE,12:45,14:00,WH,106
1076,BIOL-L 113,LEC,CLOSED,,24,0,6,IN_PERSON,Anderson A; Matlack D,TU,13:00,16:00,JH,A110
10763,SOAD-U 695,LEC,OPEN,,25,9,0,IN_PERSON,MacLeish M,MOWE,17:15,18:30,VD,200
10764,MUS-P 110,LAB,CLOSED,,16,0,0,IN_PERSON,Yao E,MOWE,17:30,18:20,MU,101
10765,MUS-P 110,LAB,CLOSED,,8,0,0,IN_PERSON,Yao E,MOWE,17:30,18:20,MA,315
10766,MUS-P 110,LAB,CLOSED,,8,0,1,IN_PERSON,Yao E,MOWE,16:20,17:10,MA,315
10767,SPEA-V 373,LEC,CLOSED,,48,0,2,IN_PERSON,Schrader C,TUTH,12:45,14:00,BH,110
10768,MSCH-R 429,LEC,CLOSED,,16,0,0,IN_PERSON,Groobert D,MOWE,12:45,14:00,FF,062
10769,MSCH-R 429,LEC,CLOSED,,18,0,0,IN_PERSON,Groobert D,MOWE,14:20,15:35,FF,062
1077,BIOL-L 113,LEC,CLOSED,,24,0,1,IN_PERSON,Anderson A; Matlack D,TU,17:00,20:00,JH,A110
10770,EDUC-X 101,LEC,OPEN,LEARNING STRATEGIES FOR MATH,19,18,0,IN_PERSON,Koke A; Rijal M,TUTH,11:35,12:25,RA,B111
10771,SPEA-V 506,LEC,OPEN,,5,5,0,IN_PERSON,Scogin S,MOWE,11:10,12:25,PV,A223
10773,MATH-M 125,LEC,OPEN,,200,177,0,,Busch A,,,,ARR,
10775,NEUS-N 700,LEC,OPEN,,4,4,0,,Sporns O,,,,HD,TBA
10776,CSCI-Y 790,LEC,OPEN,,5,3,0,,Zhang X,,,,ARR,
10777,SWK-S 102,LEC,CLOSED,,20,0,0,,Simonton Jr M,,,,WB,WEB
10778,SPH-I 370,LAB,OPEN,,8,4,0,IN_PERSON,Noel A,FR,09:40,11:10,GF,194
1078,BIOL-L 113,LEC,CLOSED,,24,0,0,IN_PERSON,Anderson A; Matlack D,WE,09:00,12:00,JH,A109
10780,MSCH-R 348,LEC,CLOSED,,17,0,0,IN_PERSON,Kang M,TUTH,09:35,10:50,FF,216
10781,MSCH-R 348,LEC,CLOSED,,18,0,1,IN_PERSON,Hetherington B,MOWE,09:35,10:50,FF,052
10784,BUS-W 505,LEC,OPEN,,36,2,0,IN_PERSON,Kolovou T,MOWE,12:45,14:10,CG,2077
10786,MATH-M 125,LEC,OPEN,,200,191,0,,Shupperd T,,,,ARR,
10787,PSY-P 895,LEC,OPEN,,20,19,0,,Motz B,,,,ARR,
10788,PSY-P 895,LEC,OPEN,,20,18,0,,Trueblood J,,,,ARR,
10789,MSCH-C 208,LEC,CLOSED,,152,0,3,IN_PERSON,Browning N,TUTH,14:20,15:35,EP,257
1079,BIOL-L 113,LEC,CLOSED,,24,0,2,IN_PERSON,Anderson A; Matlack D,WE,13:00,16:00,JH,A109
10790,CEUS-T 303,LEC,OPEN,,10,9,0,IN_PERSON,Kivik P,MOWEFR,11:35,12:25,WB,WEB
10791,CEUS-T 703,LEC,OPEN,,10,9,0,IN_PERSON,Kivik P,MOWEFR,11:35,12:25,WB,WEB
10792,MUS-Y 122,LEC,OPEN,,5,5,0,,Stewart K,,,,ARR,
10793,ENGR-E 399,LEC,OPEN,AUTONOMOUS SPORTS,26,13,0,IN_PERSON,Meighan A,MO,17:30,20:00,IF,4010
10794,ENGR-E 599,LEC,OPEN,AUTONOMOUS SPORTS,10,5,0,IN_PERSON,Meighan A,MO,17:30,20:00,IF,4010
10795,GRAD-U 595,LEC,OPEN,,14,7,0,IN_PERSON,Zarse E,MO,15:10,17:40,FX,150
10796,PSY-P 895,LEC,OPEN,,20,19,0,,Green D,,,,ARR,
10797,PHYS-P 201,DIS,CLOSED,,26,0,3,IN_PERSON,Beggs J; Liao J; Govin R,TU,13:55,14:45,SW,218
10798,PHYS-P 201,DIS,OPEN,,26,1,5,IN_PERSON,Beggs J; Liao J; Govin R,TH,13:55,14:45,SW,218
10799,PHYS-P 201,LAB,CLOSED,,24,0,2,IN_PERSON,Beggs J; Liao J; Govin R,TU,10:25,12:20,SW,109
1080,BIOL-L 311,LEC,OPEN,,150,2,0,IN_PERSON,Forrester W,MOWEFR,09:10,10:00,JH,A100
10800,AADM-Y 515,LEC,OPEN,,24,13,0,IN_PERSON,Nave III J,MO,14:20,17:10,WH,104
10801,BUS-L 375,LEC,CLOSED,,50,0,53,IN_PERSON,Moore S,TUTH,14:20,15:35,HH,1034
10802,MUS-A 100,LAB,CLOSED,,11,0,0,IN_PERSON,Wurst F,FR,08:00,08:50,MC,405
10803,CHEM-X 371,LEC,OPEN,,150,150,0,,Snaddon D,,,,ARR,
10804,SPH-K 693,LEC,OPEN,,5,4,0,,Pangelinan M,,,,ARR,
10805,SPH-K 791,LEC,OPEN,,5,5,0,,Pangelinan M,,,,ARR,
10806,CEUS-T 798,LEC,OPEN,POST ADV LANG STUDY-MONGOLIAN,5,5,0,,Legden T,,,,WB,WEB
10807,MSCH-R 349,LEC,CLOSED,,18,0,0,IN_PERSON,Guschwan M,MOWE,11:10,12:25,FF,114
10808,CEUS-R 386,LEC,OPEN,,15,13,0,IN_PERSON,Silay K,MOWE,16:20,18:50,BH,135
10809,CEUS-R 586,LEC,OPEN,,15,13,0,IN_PERSON,Silay K,MOWE,16:20,18:50,BH,135
1081,BIOL-L 312,LEC,CLOSED,,61,0,11,IN_PERSON,Mehta S,TUTH,12:45,14:00,JH,065
10812,MUS-B 130,LEC,OPEN,,1,1,0,,Lasch B,,,,ARR,
10813,CEUS-T 611,LEC,OPEN,,5,5,0,IN_PERSON,Hodjaev M,MOWEFR,11:35,12:25,WB,WEB
10817,SLAV-S 562,LEC,OPEN,INTERMEDIATE RUSSIAN I,20,3,0,IN_PERSON,Asher S,MOTUWETH,11:35,12:25,BH,241
10818,SLAV-S 562,LEC,OPEN,INTERMEDIATE RUSSIAN I,20,12,0,IN_PERSON,Grajinskaya E; Shardakova M,MOTUWETH,10:25,11:15,BH,142
10819,BUS-L 375,LEC,CLOSED,,50,0,7,IN_PERSON,Altom K,MOWE,19:05,20:20,HH,4030
1082,BIOL-L 318,LEC,CLOSED,,60,0,8,IN_PERSON,Ledon-Rettig C,TUTH,14:20,15:35,JH,009
10820,BUS-L 375,LEC,CLOSED,,50,0,9,IN_PERSON,Jean-Pierre P,TUTH,08:00,09:15,HH,4030
10821,GEOG-G 527,LEC,OPEN,,36,32,0,IN_PERSON,Ficklin D,FR,15:10,17:10,SB,005
10823,SPH-E 651,LEC,OPEN,,60,40,0,IN_PERSON,Luo J,TUTH,15:55,17:10,WB,WEB
10824,SPH-Q 605,LEC,OPEN,,22,9,0,IN_PERSON,Tekwe C,TUTH,11:10,12:25,PH,10
10825,SPH-E 653,LEC,OPEN,,10,10,0,IN_PERSON,Bidulescu A,TUTH,12:45,14:00,WB,WEB
10826,MUS-V 400,LEC,OPEN,,6,1,0,,Coates Z,,,,ARR,
10827,MUS-V 900,LEC,OPEN,,13,12,0,,Gill K,,,,ARR,
10828,MUS-I 500,LEC,OPEN,,18,14,0,IN_PERSON,Gill K,TH,18:00,20:00,SM,242
10829,MUS-V 400,LEC,OPEN,,18,12,0,,DeYoung M,,,,ARR,
1083,BIOL-L 319,LEC,CLOSED,,40,0,2,IN_PERSON,Holdeman R,MO,12:45,13:35,JH,A100
10830,MUS-V 800,LEC,OPEN,,5,4,0,,DeYoung M,,,,ARR,
10831,MUS-V 900,LEC,OPEN,,18,10,0,,DeYoung M,,,,ARR,
10832,SPH-Q 612,LEC,OPEN,,30,14,0,IN_PERSON,Tekwe C,TUTH,14:20,15:35,WH,002
10834,MSCH-J 804,LEC,OPEN,,10,10,0,,,,,,ARR,
10836,ENGR-E 687,LEC,OPEN,,10,8,0,,Ferradal S,,,,ARR,
10837,MUS-T 109,DRL,OPEN,,15,1,0,IN_PERSON,Faulkner J,MOWEFR,08:00,08:50,SM,242
1084,BIOL-L 319,LAB,CLOSED,,20,0,0,IN_PERSON,Holdeman R,TU,13:45,16:20,JH,015
10841,MUS-I 300,LEC,OPEN,,18,11,0,IN_PERSON,Coates Z,MO,18:00,20:00,MA,007
10842,EDUC-R 505,LEC,OPEN,"TEACH, ENGAGE K-16 ONLINE",20,16,0,,Boling E,,,,WB,WEB
10843,CSCI-Y 790,LEC,OPEN,,5,4,0,,Blanco Rodriguez S,,,,ARR,
10844,MSCH-J 804,LEC,OPEN,,10,10,0,,Gruszczynski M,,,,ARR,
10845,MSCH-X 498,LEC,OPEN,,1,1,0,,,,,,ARR,
10846,MUS-I 300,LEC,OPEN,,19,3,0,IN_PERSON,DeYoung M,TH,17:00,19:00,MA,454
10847,MUS-I 500,LEC,OPEN,,19,3,0,IN_PERSON,DeYoung M,TH,17:00,19:00,MA,454
10848,MUS-Z 110,LEC,OPEN,JAZZ PIANO UNDERGRAD ELECTIVE,3,3,0,,Gillespie L,,,,ARR,
10849,MUS-O 590,LEC,OPEN,,5,5,0,,Walsh T,,,,ARR,
1085,BIOL-L 319,LAB,CLOSED,,20,0,2,IN_PERSON,Holdeman R,WE,13:45,16:20,JH,015
10850,MUS-Y 153,LEC,OPEN,,5,4,0,,Oddie J,,,,ARR,
10852,CSCI-B 430,LAB,OPEN,,25,1,0,IN_PERSON,Zhang H,TH,12:45,14:00,IF,3115
10853,INFO-I 430,LAB,OPEN,,25,1,0,IN_PERSON,Zhang H,TH,12:45,14:00,IF,3115
10854,ENGR-E 687,LEC,OPEN,,10,8,0,,Chen F,,,,ARR,
10856,MUS-Z 710,LEC,OPEN,GUITAR GRAD ELECTIVE,1,1,0,,Duarte D,,,,ARR,
10857,DSCI-D 699,LEC,OPEN,,10,8,0,,Anderson D; Shih P; Sinders R,,,,ARR,
10858,EALC-X 490,LEC,OPEN,,2,2,0,,Kim S,,,,ARR,
10859,BIOT-T 590,LEC,OPEN,,5,5,0,,Bollivar D,,,,ARR,
10860,ENG-L 695,LEC,OPEN,,11,11,0,,Molesworth J,,,,ARR,
10861,EALC-X 490,LEC,OPEN,,2,2,0,,Chen Y,,,,ARR,
10862,THTR-T 319,LEC,CLOSED,,16,0,3,IN_PERSON,Goodman G,MOWE,15:00,16:45,TH,A207
10868,BUS-BE 375,LEC,CLOSED,,170,0,0,IN_PERSON,Fitter J; Alavi S; Marek B; DeShano M,MOWE,13:10,14:15,HH,1055
10869,BUS-BE 375,LEC,OPEN,,235,1,0,IN_PERSON,Medlyn C; Blair III J; Alavi S; Adair T,MOWE,15:45,16:50,HH,2083
10870,BUS-BE 375,LEC,OPEN,,170,1,0,IN_PERSON,Pittsford B; Adair T; Medlyn C; Marek B,MOWE,15:45,16:50,HH,1059
10871,BUS-BE 375,LEC,CLOSED,,170,0,0,IN_PERSON,Blair III J; Medlyn C; Adair T; Alavi S,MOWE,15:45,16:50,HH,1055
10872,BUS-F 370,LEC,CLOSED,,0,0,0,IN_PERSON,Fitter J,MOWE,13:10,14:15,HH,1055
10873,BUS-F 370,LEC,CLOSED,,0,0,0,IN_PERSON,Adair T,TUTH,17:00,18:05,HH,2083
10874,BUS-F 370,LEC,CLOSED,,0,0,0,IN_PERSON,Adair T,MOWE,17:00,18:05,HH,1059
10875,BUS-F 370,LEC,CLOSED,,0,0,0,IN_PERSON,Adair T,TUTH,15:45,16:50,HH,1055
10876,BUS-M 370,LEC,CLOSED,,0,0,0,IN_PERSON,Marek B,TUTH,13:10,14:15,HH,1055
10877,BUS-M 370,LEC,CLOSED,,0,0,0,IN_PERSON,Blair III J,MOWE,17:00,18:05,HH,2083
10878,BUS-M 370,LEC,CLOSED,,0,0,0,IN_PERSON,Marek B,TUTH,17:00,18:05,HH,1059
10879,BUS-M 370,LEC,CLOSED,,0,0,0,IN_PERSON,Blair III J,MOWE,15:45,16:50,HH,1055
10880,BUS-P 370,LEC,CLOSED,,0,0,0,IN_PERSON,Alavi S,MOWE,14:25,15:30,HH,1055
10881,BUS-P 370,LEC,CLOSED,,0,0,0,IN_PERSON,Alavi S,TUTH,15:45,16:50,HH,2083
10882,BUS-P 370,LEC,CLOSED,,0,0,0,IN_PERSON,Pittsford B,MOWE,15:45,16:50,HH,1059
10883,BUS-P 370,LEC,CLOSED,,0,0,0,IN_PERSON,Alavi S,TUTH,17:00,18:05,HH,1055
10884,BUS-Z 370,LEC,CLOSED,,0,0,0,IN_PERSON,DeShano M,TUTH,14:25,15:30,HH,1055
10885,BUS-Z 370,LEC,CLOSED,,0,0,0,IN_PERSON,Medlyn C,MOWE,15:45,16:50,HH,2083
10886,BUS-Z 370,LEC,CLOSED,,0,0,0,IN_PERSON,Medlyn C,TUTH,15:45,16:50,HH,1059
10887,BUS-Z 370,LEC,CLOSED,,0,0,0,IN_PERSON,Medlyn C,MOWE,17:00,18:05,HH,1055
10890,OPT-V 631,LAB,CLOSED,,22,0,0,IN_PERSON,Himebaugh N,TH,12:00,13:50,OP,108
10891,BUS-BE 304,LEC,OPEN,,50,4,0,IN_PERSON,Fairchild A; Martel J; Fossen B; Niewoehner R; Landis R,MOWE,08:20,09:35,HH,4026
10893,BUS-BE 304,LEC,OPEN,,50,2,0,IN_PERSON,Monaco S; Petersen F; Godfrey Z; Evans N,MOWE,11:20,12:35,HH,4026
10894,BUS-BE 304,LEC,OPEN,,50,3,0,IN_PERSON,Monaco S; Godfrey Z; Petersen F; Evans N,MOWE,14:20,15:35,HH,4026
10895,OPT-V 631,LAB,CLOSED,,22,0,0,IN_PERSON,Himebaugh N,TH,14:00,15:50,OP,108
10896,BUS-F 304,LEC,CLOSED,,0,0,0,IN_PERSON,Martel J,MOWE,09:45,11:00,HH,4026
10897,BUS-F 304,LEC,CLOSED,,0,0,0,IN_PERSON,Monaco S,MOWE,11:20,12:35,HH,4026
10898,BUS-F 304,LEC,CLOSED,,0,0,0,IN_PERSON,Monaco S,MOWE,15:45,17:00,HH,4026
10899,BUS-I 304,LEC,CLOSED,,0,0,0,,Landis R,,,,WB,WEB
1090,BIOL-L 474,LEC,CLOSED,,22,0,2,IN_PERSON,Darcy T,WE,12:45,17:10,HD,TBA
10900,BUS-I 304,LEC,CLOSED,,0,0,0,,Evans N,,,,WB,WEB
10901,BUS-I 304,LEC,CLOSED,,0,0,0,,Evans N,,,,WB,WEB
10902,BUS-J 304,LEC,CLOSED,,0,0,0,IN_PERSON,Fairchild A,MOWE,08:20,09:35,HH,4026
10903,BUS-J 304,LEC,CLOSED,,0,0,0,IN_PERSON,Lawrence M,MOWE,12:45,14:00,HH,4026
10904,BUS-J 304,LEC,CLOSED,,0,0,0,IN_PERSON,Lawrence M,MOWE,14:20,15:35,HH,4026
10905,BUS-M 304,LEC,CLOSED,,0,0,0,IN_PERSON,Fossen B,TUTH,08:20,09:35,HH,4026
10906,BUS-M 304,LEC,CLOSED,,0,0,0,IN_PERSON,Godfrey Z,TUTH,12:45,14:00,HH,4026
10907,BUS-M 304,LEC,CLOSED,,0,0,0,IN_PERSON,Godfrey Z,TUTH,14:20,15:35,HH,4026
10908,BUS-P 304,LEC,CLOSED,,0,0,0,IN_PERSON,Niewoehner R,TUTH,09:45,11:00,HH,4026
10909,BUS-P 304,LEC,CLOSED,,0,0,0,IN_PERSON,Petersen F,TUTH,11:20,12:35,HH,4026
1091,BIOL-L 500,LEC,OPEN,,45,29,0,,Moczek A; Allen S,,,,ARR,
10910,BUS-P 304,LEC,CLOSED,,0,0,0,IN_PERSON,Petersen F,TUTH,15:45,17:00,HH,4026
10911,REL-B 210,LEC,CLOSED,,91,0,0,IN_PERSON,Nance R,MOWE,14:20,15:35,GA,0001
10912,LSTU-L 205,LEC,OPEN,,20,8,0,,Linner P,,,,WB,WEB
10913,LSTU-L 370,LEC,OPEN,,20,18,0,,Cushman-Wood D,,,,WB,WEB
10914,LSTU-L 381,LEC,OPEN,,20,14,0,,Mello W,,,,WB,WEB
10915,LSTU-L 200,LEC,OPEN,,20,9,0,,Helmond T,,,,WB,WEB
10917,LSTU-L 290,LEC,OPEN,"LATINOS, LABOR & MIGRATION: US",35,28,0,,Mello W,,,,WB,WEB
10918,PHIL-P 106,LEC,OPEN,,90,1,0,IN_PERSON,Leite A,MOWE,09:10,10:00,LH,102
10919,PHIL-P 106,DIS,CLOSED,,22,0,0,IN_PERSON,Latyshev V,WE,10:25,11:15,BH,231
1092,BIOL-L 501,LEC,OPEN,,40,33,0,,Moczek A; Allen S,,,,ARR,
10920,PHIL-P 106,DIS,CLOSED,,23,0,0,IN_PERSON,Latyshev V,WE,11:35,12:25,BH,209
10921,PHIL-P 145,DIS,CLOSED,,22,0,0,IN_PERSON,Iorillo F,FR,09:10,10:00,SY,002
10922,PHIL-P 201,LEC,CLOSED,,62,0,4,IN_PERSON,McCloud S; Barnett T,MOWE,11:10,12:25,WH,111
10923,LSTU-L 490,LEC,OPEN,CLASS AND LABOR IN POLITICS,20,17,0,,Walker M,,,,WB,WEB
10924,PHIL-P 145,DIS,CLOSED,,23,0,0,IN_PERSON,Iorillo F,FR,10:25,11:15,SY,002
10925,PHIL-P 145,DIS,CLOSED,,22,0,0,IN_PERSON,Cudmore-Keating S,FR,13:55,14:45,SY,002
10926,PHIL-P 145,DIS,CLOSED,,23,0,0,IN_PERSON,Cudmore-Keating S,FR,15:10,16:00,SY,002
10927,SPH-H 312,LEC,OPEN,,50,41,0,,Payne S,,,,ARR,
10928,SPH-H 512,LEC,OPEN,,10,7,0,,Payne S,,,,ARR,
10929,SPH-V 235,LEC,CLOSED,,85,0,1,,Hocevar B,,,,WB,WEB
1093,BIOL-L 570,LEC,OPEN,,30,24,0,IN_PERSON,Lau J; Bashey-Visser F,TU,11:10,12:25,JH,001
10931,EAS-A 332,LEC,OPEN,,20,1,0,IN_PERSON,Staten P,TUTH,09:35,10:50,GY,2049
10932,EAS-X 498,LEC,OPEN,,3,3,0,,Stevens Goddard A,,,,ARR,
10933,EAS-G 700,LEC,OPEN,THERMODYNAMICS-CLOUD PROCESSES,20,1,0,IN_PERSON,Staten P,TUTH,09:35,10:50,GY,2049
10934,BUS-A 306,DIS,CLOSED,,38,0,1,IN_PERSON,Demere W; Spencer C,FR,11:10,12:25,HH,2057
10935,BUS-A 306,DIS,CLOSED,,38,0,8,IN_PERSON,Demere W; Spencer C,FR,12:45,14:00,HH,2057
10936,BUS-A 306,DIS,OPEN,,38,1,4,IN_PERSON,Demere W; Strouse J,FR,12:45,14:00,HH,4034
10937,BUS-A 304,DIS,CLOSED,,32,0,6,IN_PERSON,Josefy B; Blackford A,FR,09:35,10:50,HH,3057
10938,BUS-A 304,DIS,CLOSED,,32,0,7,IN_PERSON,Josefy B; Blackford A,FR,11:10,12:25,HH,3057
10939,BUS-A 304,DIS,CLOSED,,32,0,9,IN_PERSON,Josefy B; Blackford A,FR,12:45,14:00,HH,3057
1094,BIOL-L 800,LEC,OPEN,,200,176,0,,Moczek A; Allen S,,,,ARR,
10940,CJUS-P 408,LEC,CLOSED,,60,0,3,IN_PERSON,Ernst B,MOWE,11:10,12:25,JH,009
10941,CJUS-P 426,LEC,CLOSED,,33,0,1,IN_PERSON,O'Neill J,TUTH,09:35,10:50,BH,209
10943,MUS-O 831,LEC,OPEN,,5,5,0,,Raymond J,,,,ARR,
10944,MUS-O 832,LEC,OPEN,,5,5,0,,Wallace W,,,,ARR,
10945,CHEM-C 427,LAB,CLOSED,,8,0,0,IN_PERSON,Guo H,TH,15:00,19:00,CH,141
10946,ANTH-A 122,LEC,CLOSED,,30,0,1,IN_PERSON,Robinson J; Boateng A,TUTH,09:35,10:50,TE,F102
10947,ECON-B 252,LEC,CLOSED,,60,0,19,IN_PERSON,Zhao Y,TUTH,15:55,17:10,WH,111
10948,ECON-B 252,LEC,CLOSED,,60,0,7,IN_PERSON,Park J,TUTH,08:00,09:15,WH,004
1095,BIOL-M 440,LEC,OPEN,,21,3,0,IN_PERSON,Winkler M,MOWEFR,09:10,10:00,JH,001
10950,ECON-E 309,LEC,CLOSED,ECONOMICS OF INEQUALITY,30,0,5,IN_PERSON,Schwendel J,TUTH,11:10,12:25,GY,1050
10952,ECON-E 671,LEC,OPEN,,25,10,0,IN_PERSON,Xu K,MO,09:35,12:05,WY,329
10953,BUS-C 300,LEC,CLOSED,,25,0,14,IN_PERSON,Perry A,TUTH,08:00,09:15,HH,3046
10955,CLAS-C 209,LEC,CLOSED,,60,0,1,IN_PERSON,Szabo K,TUTH,08:00,08:50,JH,009
10956,ABEH-A 501,LEC,OPEN,TECHNIQUES IN REPRODUCTIVE,10,2,0,IN_PERSON,Sengelaub D,TU,09:30,10:45,HD,TBA
10957,ANTH-A 122,DIS,CLOSED,,25,0,1,IN_PERSON,Gibb J; Foti P,TH,16:25,17:15,SB,060
10958,ANTH-A 122,DIS,CLOSED,,25,0,1,IN_PERSON,Gibb J; Rose K,TH,14:15,15:05,SB,060
10959,ANTH-A 122,DIS,CLOSED,,25,0,1,IN_PERSON,Gibb J; Rose K,TH,15:20,16:10,SB,060
1096,BIOL-M 480,LEC,OPEN,,39,31,0,IN_PERSON,Rowe-Magnus D,TUTH,09:35,10:50,JH,A106
10960,LING-L 541,LEC,OPEN,,45,40,0,IN_PERSON,De Jong K,MOWE,12:45,14:00,WH,004
10961,LING-L 541,LAB,OPEN,,15,11,0,IN_PERSON,Lowry G,FR,11:10,12:45,BH,139
10962,LING-L 541,LAB,OPEN,,15,14,0,IN_PERSON,Lowry G,TH,14:20,15:35,BH,015
10963,LING-L 541,LAB,OPEN,,15,15,0,IN_PERSON,Lowry G,TH,15:55,17:10,BH,233
10964,MATH-M 701,LEC,OPEN,,25,14,0,IN_PERSON,Lunts V,TUTH,14:20,15:35,BH,146
10965,CJUS-P 502,LEC,OPEN,,15,10,0,IN_PERSON,Brauer J,TU,09:10,11:40,SY,105
10967,INFO-I 245,LEC,OPEN,,40,27,0,IN_PERSON,Blevis S,TUTH,15:55,17:10,AC,C102
1097,BIOL-M 500,LEC,OPEN,,20,15,0,,Moczek A; Allen S,,,,ARR,
10970,MATH-M 330,LEC,OPEN,,29,3,0,IN_PERSON,Agarwal S,MOWEFR,11:35,12:25,BH,344
10971,NURS-B 244,LEC,CLOSED,,60,0,0,IN_PERSON,Watts P,MO,13:00,16:00,AH,C1023Z
10972,AST-A 115,LEC,CLOSED,,200,0,2,IN_PERSON,Pilachowski C,MOWE,13:55,14:45,SW,119
10973,BUS-G 350,LEC,CLOSED,,35,0,1,IN_PERSON,Dias De Sousa T,TUTH,14:20,15:35,WY,005
10974,BUS-G 492,LEC,OPEN,,45,11,0,IN_PERSON,Seo B,MOWE,08:00,09:15,HH,3006
10975,SPH-K 350,LEC,CLOSED,ABC'S OF CHAMPIONSHIP COACHING,20,0,0,IN_PERSON,Huntoon J,MOWE,11:35,12:25,PH,017
10976,SPH-V 215,LEC,OPEN,,50,11,0,,Ximenes E,,,,WB,WEB
10977,SPH-E 657,LEC,OPEN,,15,2,0,IN_PERSON,Rosenberg M,MOWE,09:35,10:50,SY,137
10978,BUS-A 310,LEC,CLOSED,,52,0,20,IN_PERSON,Volant D,TUTH,11:10,12:25,HH,3030
10979,BUS-A 311,LEC,CLOSED,,52,0,3,IN_PERSON,Johnson R,MOWE,09:35,10:50,HH,3030
1098,BIOL-M 800,LEC,OPEN,,40,21,0,,Moczek A; Allen S,,,,ARR,
10980,BUS-A 311,LEC,CLOSED,,52,0,15,IN_PERSON,Johnson R,MOWE,11:10,12:25,HH,3030
10981,BUS-A 324,LEC,CLOSED,,52,0,3,IN_PERSON,Ruiz C,MOWE,08:00,09:15,HH,1030
10982,BUS-A 324,LEC,CLOSED,,52,0,16,IN_PERSON,Ruiz C,MOWE,09:35,10:50,HH,1030
10983,BUS-A 325,LEC,CLOSED,,50,0,0,IN_PERSON,Knisley R,TUTH,08:00,09:15,HH,3034
10984,BUS-A 325,LEC,CLOSED,,50,0,11,IN_PERSON,Knisley R,TUTH,09:35,10:50,HH,3034
10985,BUS-A 424,LEC,CLOSED,,40,0,4,IN_PERSON,Bhaskar L,MOWE,12:45,14:00,HH,2050
10986,EALC-E 333,LEC,CLOSED,,30,0,0,IN_PERSON,Xiao T,MOWE,17:30,18:45,WH,104
10987,BUS-T 175,LEC,OPEN,,45,1,0,IN_PERSON,Hamilton L,MO,14:20,15:35,HH,1043
10988,MATH-M 119,LEC,CLOSED,,251,0,7,IN_PERSON,Uskuplu Y,TUTH,09:35,10:50,RH,100
10989,SPH-Q 799,LEC,OPEN,,15,15,0,,Zoh R,,,,ARR,
10990,SPH-Q 799,LEC,OPEN,,15,15,0,,Liu N,,,,ARR,
10998,EDUC-U 320,LEC,CLOSED,,30,0,1,,DeSawal D,,,,WB,WEB
10999,SOC-S 530,LEC,OPEN,,15,3,0,IN_PERSON,Mueller A,WE,12:45,14:45,BH,012
11001,POLS-Y 661,LEC,OPEN,,8,3,0,IN_PERSON,Cruz Nichols V,TH,14:00,16:30,LH,120
11002,EDUC-A 510,LEC,OPEN,,18,2,0,,Woodson N,,,,WB,WEB
11003,EDUC-A 635,LEC,OPEN,,18,12,0,,Moore M,,,,WB,WEB
11006,ILS-Z 581,LEC,OPEN,,27,4,0,IN_PERSON,Donaldson D,WE,12:45,15:15,IF,0006
11009,LING-L 665,LEC,OPEN,,15,10,0,IN_PERSON,Cavar D,TUTH,12:45,14:00,IF,0119
11010,BUS-M 303,LEC,CLOSED,,34,0,3,IN_PERSON,Welden R,TUTH,15:55,17:10,HH,1030
11011,BUS-M 303,LEC,CLOSED,,34,0,1,IN_PERSON,Welden R,TUTH,17:30,18:45,HH,1030
11014,NURS-B 245,LEC,CLOSED,,20,0,0,IN_PERSON,Evans J; Chang P,TH,09:30,14:00,AH,C2034C
11015,NURS-B 245,LEC,CLOSED,,20,0,0,IN_PERSON,Lupfer J; Wyatt E,TH,09:30,14:00,AH,C2034D
11019,EDUC-P 602,LEC,OPEN,,16,3,0,IN_PERSON,Rodriguez Robles A,TU,09:10,11:55,ED,2280
11020,CEUS-T 213,LEC,OPEN,,10,9,0,IN_PERSON,Kivik P; Otetileuova A,MOWEFR,11:10,12:10,AC,C101
11021,CEUS-T 613,LEC,OPEN,,10,9,0,IN_PERSON,Kivik P; Otetileuova A,MOWEFR,11:10,12:10,AC,C101
11022,MATH-M 106,LEC,CLOSED,,144,0,51,IN_PERSON,Hendrickson J,TUTH,08:00,09:15,SW,007
11023,MATH-M 106,RCT,CLOSED,,24,0,13,IN_PERSON,Hendrickson J; Wall J,MOWEFR,11:35,12:25,SW,220
11024,MATH-M 106,RCT,CLOSED,,24,0,7,IN_PERSON,Hendrickson J; Boozer D,MOWEFR,11:35,12:25,SB,140
11025,MATH-M 106,RCT,CLOSED,,24,0,15,IN_PERSON,Hendrickson J; Phan V,MOWEFR,09:10,10:00,BH,138
11026,MATH-M 106,RCT,CLOSED,,24,0,5,IN_PERSON,Hendrickson J; Wall J,MOWEFR,10:25,11:15,LH,125
11027,MATH-M 106,RCT,CLOSED,,24,0,6,IN_PERSON,Hendrickson J; Boozer D,MOWEFR,10:25,11:15,SW,220
11028,MATH-M 106,RCT,CLOSED,,24,0,5,IN_PERSON,Hendrickson J; Kalansuriya Arachchi S,MOWEFR,08:00,08:50,FQ,B001
11029,MATH-M 106,LEC,CLOSED,,144,0,79,IN_PERSON,Hendrickson J,TUTH,12:45,14:00,BH,310
1103,BUS-A 100,LEC,OPEN,,200,52,0,IN_PERSON,Seitz J,MOWE,08:00,08:50,HH,2075
11030,MATH-M 106,RCT,CLOSED,,24,0,22,IN_PERSON,Hendrickson J; Toro Cardona C,MOWEFR,12:45,13:35,SW,219
11031,MATH-M 106,RCT,CLOSED,,24,0,10,IN_PERSON,Hendrickson J; Toro Cardona C,MOWEFR,13:55,14:45,BH,313
11032,MATH-M 106,RCT,CLOSED,,24,0,8,IN_PERSON,Hendrickson J; Buck E,MOWEFR,08:00,08:50,SW,219
11033,MATH-M 106,RCT,CLOSED,,24,0,9,IN_PERSON,Hendrickson J; Vollmayr-Lee M,MOWEFR,13:55,14:45,SY,003
11034,MATH-M 106,RCT,CLOSED,,24,0,8,IN_PERSON,Hendrickson J; Reina L,MOWEFR,08:00,08:50,SW,217
11035,MATH-M 106,RCT,CLOSED,,24,0,22,IN_PERSON,Hendrickson J; Kim S,MOWEFR,12:45,13:35,SW,208
11038,SPH-R 311,LEC,OPEN,,7,3,0,IN_PERSON,Knapp J,MOWEFR,11:35,12:25,BH,003
11039,SPH-T 337,LEC,CLOSED,,44,0,0,IN_PERSON,Smiley D,TUTH,12:45,14:00,BH,227
1104,BUS-A 100,LEC,OPEN,,48,3,0,IN_PERSON,Seitz J,MOWE,09:10,10:00,HH,2075
11040,SPH-T 335,LEC,OPEN,,40,2,0,IN_PERSON,Smiley D,TUTH,14:20,15:35,LH,130
11041,EDUC-Z 750,LEC,OPEN,CONTEMPORARY ART CURRIC PED,16,1,0,,Manifold M,,,,WB,WEB
11045,PSY-P 315,LEC,CLOSED,,106,0,1,IN_PERSON,Thomassen L,TUTH,09:35,10:50,PY,101
11046,PSY-P 407,LEC,CLOSED,,30,0,4,IN_PERSON,Bunner K,MOWEFR,11:35,12:25,PY,111
11049,SPH-I 113,LEC,OPEN,,18,1,0,IN_PERSON,Clemons R; Szalkie E,MOWE,12:45,13:35,UB,M097
1105,BUS-A 100,LEC,OPEN,,200,2,0,IN_PERSON,Seitz J,MOWE,10:25,11:15,HH,2075
11050,SPH-I 371,LAB,OPEN,,10,4,0,IN_PERSON,Hand N,TH,15:00,16:30,GF,194
11052,PSY-P 426,LEC,CLOSED,,20,0,0,IN_PERSON,Murataeva N,TU,09:00,12:00,PY,396
11056,LING-L 235,LEC,OPEN,,10,3,0,IN_PERSON,Gessler L,MOWE,11:10,12:25,IF,0119
11057,SOAD-C 280,LEC,OPEN,,18,1,0,IN_PERSON,Bailey J; Huffman B,TUTH,11:10,13:55,KH,002
11058,EDUC-J 795,LEC,OPEN,,15,7,0,,Akerson V,,,,WB,WEB
11059,ASCS-Q 295,LEC,CLOSED,,50,0,0,IN_PERSON,Tansmore J,TUTH,16:20,17:10,EP,206
1106,BUS-A 100,LEC,OPEN,,200,80,0,IN_PERSON,Seitz J,MOWE,08:00,08:50,HH,2075
11061,ASCS-Q 295,LEC,CLOSED,,38,0,0,IN_PERSON,Heben L,TUTH,15:10,16:00,EP,214
11062,ASCS-Q 295,LEC,CLOSED,,38,0,2,IN_PERSON,Heben L,TUTH,16:20,17:10,EP,214
11063,MSCH-C 228,DIS,CLOSED,,14,0,2,IN_PERSON,Hicks G,TU,14:15,16:45,FF,116
11065,PSY-X 397,LEC,OPEN,,20,20,0,,Chaku N,,,,ARR,
11066,PSY-X 397,LEC,OPEN,,20,20,0,,Motz B,,,,ARR,
11067,PSY-X 397,LEC,OPEN,,20,20,0,,Trueblood J,,,,ARR,
11068,PSY-X 398,LEC,OPEN,,20,20,0,,Chaku N,,,,ARR,
11069,PSY-X 398,LEC,OPEN,,20,17,0,,Motz B,,,,ARR,
1107,BUS-A 100,LEC,OPEN,,200,6,0,IN_PERSON,Seitz J,MOWE,09:10,10:00,HH,2075
11070,PSY-X 398,LEC,OPEN,,20,20,0,,Trueblood J,,,,ARR,
11071,PSY-X 497,LEC,OPEN,,20,20,0,,Chaku N,,,,ARR,
11072,PSY-X 497,LEC,OPEN,,20,19,0,,Motz B,,,,ARR,
11073,PSY-X 497,LEC,OPEN,,20,20,0,,Trueblood J,,,,ARR,
11074,PSY-X 498,LEC,OPEN,,20,19,0,,Chaku N,,,,ARR,
11075,PSY-X 498,LEC,OPEN,,20,20,0,,Motz B,,,,ARR,
11076,PSY-X 498,LEC,OPEN,,20,20,0,,Trueblood J,,,,ARR,
11077,PSY-P 895,LEC,OPEN,,20,20,0,,Hajos N,,,,ARR,
11078,PSY-P 895,LEC,OPEN,,20,20,0,,Katona I,,,,ARR,
11079,PSY-P 895,LEC,OPEN,,20,20,0,,Betzel R,,,,ARR,
1108,BUS-A 100,LEC,OPEN,,200,2,0,IN_PERSON,Seitz J,MOWE,10:25,11:15,HH,2075
11081,SLST-T 154,LEC,OPEN,,14,6,0,IN_PERSON,Dan Z,MOWEFR,12:45,13:35,BH,317
11082,MSCH-B 330,LEC,CLOSED,,125,0,1,IN_PERSON,Wallace B,TUTH,12:45,14:00,TV,251
11083,SPH-Q 651,LEC,OPEN,,14,1,0,IN_PERSON,Zoh R,TUTH,12:45,14:00,WH,114
11084,STAT-S 301,LEC,CLOSED,,80,0,3,IN_PERSON,Luen B,TUTH,17:30,18:45,SB,150
11087,MSCH-C 251,LEC,CLOSED,,18,0,1,IN_PERSON,Layton B,TUTH,14:20,15:35,FF,058
1109,BUS-A 200,LEC,CLOSED,,150,0,8,IN_PERSON,Head J,TUTH,09:35,10:50,WB,WEB
11090,MSCH-J 301,LEC,CLOSED,,18,0,0,IN_PERSON,Coleman J,MOWE,11:10,12:25,FF,060
11091,GEOG-G 314,LEC,OPEN,,36,4,0,IN_PERSON,Edmonds L,MOWE,09:35,10:50,SB,005
11092,HIST-H 101,LEC,OPEN,,140,35,1,IN_PERSON,Guardino P,MOWE,10:25,11:15,WH,101
11093,HIST-H 101,DIS,OPEN,,17,6,0,IN_PERSON,Guardino P,TH,08:00,08:50,BH,016
11095,HIST-H 101,DIS,CLOSED,,18,0,0,IN_PERSON,Guardino P,TH,10:25,11:25,BH,134
11097,HIST-H 101,DIS,CLOSED,,17,0,1,IN_PERSON,Guardino P,TH,11:35,12:25,BH,333
1110,BUS-A 200,LEC,CLOSED,,150,0,7,IN_PERSON,Head J,TUTH,11:10,12:25,WB,WEB
11100,HIST-A 222,LEC,OPEN,,70,1,0,IN_PERSON,Gregg S,TUTH,09:35,10:50,SE,105
11102,GNDR-G 435,LEC,CLOSED,,31,0,1,IN_PERSON,Graham C,MOWE,14:20,15:35,SE,240
11104,GNDR-G 710,LEC,CLOSED,,4,0,0,IN_PERSON,Graham C,MOWE,14:20,15:35,SE,240
11107,BIOL-L 313,LEC,CLOSED,,24,0,7,IN_PERSON,Whitworth K,TH,09:30,12:30,JH,A104
11108,BIOL-L 313,LEC,CLOSED,,24,0,6,IN_PERSON,Whitworth K,TH,13:00,16:00,JH,A104
11109,BUS-A 314,LEC,CLOSED,,45,0,7,IN_PERSON,Li X,MOWE,15:55,17:10,HH,1038
1111,BUS-A 310,LEC,CLOSED,,52,0,27,IN_PERSON,Volant D,TUTH,12:45,14:00,HH,3030
11111,BUS-A 314,LEC,CLOSED,,45,0,1,IN_PERSON,Li X,MOWE,17:30,18:45,HH,1038
11112,BUS-A 314,LEC,CLOSED,,45,0,0,IN_PERSON,Li X,MOWE,19:05,20:20,HH,1038
11113,BUS-A 314,LEC,CLOSED,,45,0,17,IN_PERSON,Salome S,MOWE,12:45,14:00,HH,1038
11114,BUS-A 314,LEC,CLOSED,,45,0,16,IN_PERSON,Salome S,MOWE,14:20,15:35,HH,1038
11117,BUS-A 314,LEC,CLOSED,,50,0,7,IN_PERSON,Salome S,MOWE,15:55,17:10,HH,2046
11118,BUS-A 314,LEC,CLOSED,,45,0,0,IN_PERSON,Korganbekov A,TUTH,08:00,09:15,HH,1038
11119,GNDR-G 695,LEC,OPEN,,2,2,0,,Graham C,,,,ARR,
1112,BUS-A 312,LEC,CLOSED,,52,0,10,IN_PERSON,Croom J,TUTH,09:35,10:50,HH,3030
11120,BUS-A 437,LEC,CLOSED,,50,0,1,IN_PERSON,Sprinkle G,TUTH,14:20,15:35,HH,2050
11121,BUS-A 200,LEC,CLOSED,,150,0,9,IN_PERSON,Head J,TUTH,14:20,15:35,WB,WEB
11122,SOC-S 110,LEC,OPEN,,48,1,0,IN_PERSON,Miller A,MOWE,11:10,12:25,WY,125
11123,SOC-S 110,LEC,CLOSED,,48,0,0,IN_PERSON,Thompson V,TUTH,15:55,17:10,BH,006
11125,COLL-C 103,LEC,OPEN,"JESUS, ALEXANDR, MUSLIM HEROES",60,13,0,IN_PERSON,Sela R,MOWE,09:10,10:00,GA,1100
11126,COLL-C 103,DIS,OPEN,"JESUS, ALEXANDR, MUSLIM HEROES",30,11,0,IN_PERSON,Sela R; Amantu A,FR,09:10,10:00,WI,C109
11127,COLL-C 103,DIS,OPEN,"JESUS, ALEXANDR, MUSLIM HEROES",30,2,0,IN_PERSON,Sela R; Amantu A,FR,10:25,11:15,RA,B111
11128,GNDR-X 490,LEC,OPEN,,2,2,0,,Graham C,,,,ARR,
11129,MATH-M 125,LEC,OPEN,,29,11,0,IN_PERSON,Yuan C; Mursaleen M,MOWEFR,10:25,11:15,BH,307
1113,BUS-A 312,LEC,CLOSED,,52,0,24,IN_PERSON,Moore A,TUTH,12:45,14:00,CG,2061
11130,MATH-M 127,LEC,OPEN,,30,2,0,IN_PERSON,Yuan C; Whitmire S,WE,17:30,18:20,HD,TBA
11131,MATH-M 212,LEC,CLOSED,,45,0,4,IN_PERSON,Lee M,MOWEFR,13:55,14:45,BH,346
11132,MATH-M 212,RCT,CLOSED,,22,0,3,IN_PERSON,Lee M; Ainslie N,TH,13:55,14:45,BH,141
11133,MATH-M 212,RCT,CLOSED,,23,0,1,IN_PERSON,Lee M; Marasinghe Mudiyanselage R,TH,13:55,14:45,BH,134
11134,MATH-M 303,LEC,OPEN,,27,7,0,IN_PERSON,Mandell M,TUTH,08:00,09:15,SE,245
11135,MATH-M 343,LEC,OPEN,,35,20,0,IN_PERSON,Sha J,MOWEFR,11:35,12:25,JH,A106
11137,MATH-M 211,LEC,CLOSED,,58,0,2,IN_PERSON,Pilgrim S,MOWEFR,15:10,16:00,BH,005
11138,MATH-M 211,RCT,CLOSED,,29,0,1,IN_PERSON,Bayer B; Pilgrim S,TH,15:10,16:00,BH,143
11139,MATH-M 211,RCT,CLOSED,,29,0,1,IN_PERSON,Pilgrim S; Liu X,TH,15:10,16:00,BH,243
1114,BUS-A 325,LEC,CLOSED,,50,0,11,IN_PERSON,Bable J,MOWE,09:35,10:50,HH,2046
11140,GER-G 305,LEC,OPEN,DEUTSCHSPRACHIGE MUSIKKULTUR,20,9,0,IN_PERSON,Sorensen L,MOWEFR,10:25,11:15,BH,318
11141,NURS-B 235,LEC,CLOSED,,10,0,0,IN_PERSON,Eads S,TH,08:00,19:00,AH,C1001A
11142,NURS-B 235,LEC,CLOSED,,10,0,0,IN_PERSON,Eads S,TH,08:00,19:00,AH,C1001A
11143,NURS-B 235,LEC,CLOSED,,10,0,0,IN_PERSON,Ball S,TU,08:00,19:00,AH,C1001A
11144,NURS-B 235,LEC,CLOSED,,10,0,0,IN_PERSON,Marte A,TU,08:00,19:00,AH,C1001A
11145,PSY-P 366,LEC,OPEN,,64,9,0,IN_PERSON,Hirt E,MOWE,15:55,17:10,PY,226
11147,SPEA-V 535,LEC,OPEN,,29,8,0,IN_PERSON,Fernandez S,MOWE,15:55,17:10,PV,A221
1115,BUS-A 327,LEC,CLOSED,,52,0,10,IN_PERSON,Hagerty A,TUTH,11:10,12:25,HH,1030
11151,SPEA-H 432,LEC,CLOSED,,48,0,2,IN_PERSON,Carmichael J,MOWE,14:20,15:35,PV,276
11153,COLL-C 104,DIS,OPEN,WHAT IS SCIENCE AND WHO CARES?,30,19,0,IN_PERSON,Cat J; Baden E,FR,10:25,11:15,GA,1112
11154,COLL-C 104,DIS,OPEN,WHAT IS SCIENCE AND WHO CARES?,30,20,0,IN_PERSON,Cat J; Baden E,FR,11:35,12:25,GA,1112
11156,SLHS-A 150,LEC,CLOSED,,28,0,7,IN_PERSON,Kochan S,TUTH,14:20,15:35,BH,330
11157,SPEA-E 183,LEC,CLOSED,,64,0,3,IN_PERSON,Gurtu A,TUTH,15:55,17:10,PV,276
11158,SPH-B 250,LEC,CLOSED,,8,0,0,IN_PERSON,de Siqueira A,TUTH,11:10,12:25,WH,003
11159,SPEA-V 181,LEC,CLOSED,,100,0,6,IN_PERSON,Graham J,MOWE,14:20,15:35,PV,169
1116,BUS-A 327,LEC,CLOSED,,52,0,14,IN_PERSON,Coleman F,MOWE,11:10,12:25,HH,2046
11160,SPEA-V 181,LEC,CLOSED,,100,0,10,IN_PERSON,Santiago K,TUTH,12:45,14:00,GA,0001
11161,SPEA-V 182,LEC,CLOSED,,100,0,7,IN_PERSON,Siena S,TUTH,12:45,14:00,PV,167
11162,SPEA-V 185,LEC,CLOSED,,100,0,4,IN_PERSON,Avellaneda C,TUTH,14:20,15:35,PV,167
11163,SPEA-V 186,LEC,OPEN,,102,2,5,IN_PERSON,Shassberger J,MOWE,17:30,18:45,PV,169
11164,SPEA-V 236,LEC,CLOSED,,35,0,3,IN_PERSON,Wells R,MOWE,15:55,17:10,PH,019
11165,SPEA-V 326,LEC,CLOSED,,35,0,5,IN_PERSON,DeLong B,TUTH,14:20,15:35,GA,0003
11167,SPEA-V 379,LEC,CLOSED,,45,0,7,IN_PERSON,Wakhungu P,TUTH,14:20,15:35,PV,274
11168,SPEA-V 450,LEC,CLOSED,GLOBAL HR MANAGEMENT,40,0,2,IN_PERSON,Grundmann D,TUTH,11:10,12:25,LH,130
11169,ENG-W 131,LEC,OPEN,,23,1,0,IN_PERSON,Xu Y; Rivera A,MOWEFR,16:20,17:10,BH,232
1117,BUS-A 569,LEC,OPEN,,49,3,0,IN_PERSON,Cook C,MOWE,08:00,09:15,HD,TBA
11172,SPH-H 360,LEC,CLOSED,,40,0,3,,Valdez D,,,,WB,WEB
11173,SPH-H 360,LEC,CLOSED,,40,0,1,IN_PERSON,Valdez D,MOWE,11:10,12:25,TV,226
11174,SLHS-A 200,LEC,CLOSED,,20,0,2,IN_PERSON,Goodall H,MOWE,15:55,17:10,AC,C102
11175,SLHS-A 250,LEC,OPEN,,27,12,0,IN_PERSON,,MOWE,14:20,15:35,BH,227
11176,JSTU-J 203,LEC,OPEN,YIDDISH: GHETTO-SHTETL-BEYOND,20,1,0,IN_PERSON,Kerler D,MOWE,15:55,17:10,BH,217
11177,EDUC-K 344,LEC,OPEN,,20,20,0,IN_PERSON,Hurwitz S,FR,11:10,13:40,ED,2025
11178,MUS-M 671,LEC,OPEN,,18,10,0,IN_PERSON,Fagen A; Meyer J; Wilkins T,TUTH,10:25,11:25,MA,405
11179,MATH-M 301,LEC,OPEN,,32,2,0,IN_PERSON,Wang S,MOWEFR,09:10,10:00,BH,243
1118,BUS-A 569,LEC,CLOSED,,48,0,0,IN_PERSON,Levitt B,MOWE,08:00,09:15,HD,TBA
11180,EDUC-P 248,LEC,CLOSED,,28,0,0,,Han Y,,,,WB,WEB
11181,INST-H 510,LEC,OPEN,,10,9,0,IN_PERSON,Sharma R,MOWETH,09:10,10:00,WH,114
11182,ABEH-A 101,LEC,CLOSED,,100,0,4,IN_PERSON,Fudickar A,MOWEFR,12:45,13:35,LU,1001
11183,BUS-F 317,LEC,OPEN,,50,8,0,IN_PERSON,Hirsch D,MOWE,08:00,09:15,HH,4030
11184,BUS-F 317,LEC,CLOSED,,50,0,10,IN_PERSON,Hirsch D,MOWE,09:35,10:50,HH,4030
11185,MSCH-A 442,LEC,CLOSED,,28,0,7,IN_PERSON,Cress E,TUTH,09:35,10:50,FF,215
11187,SPCN-V 536,LEC,OPEN,,30,9,0,,Ali T,,,,WB,WEB
11188,SPCN-V 532,LEC,OPEN,,30,14,0,,Deng S,,,,WB,WEB
11189,SPCN-V 535,LEC,CLOSED,,30,0,3,,Engbers T,,,,WB,WEB
1119,BUS-D 503,LEC,CLOSED,,50,0,1,IN_PERSON,Schlegel F,TUTH,11:05,12:30,CG,1026
11190,SPCN-V 537,LEC,OPEN,,30,10,0,,Littlepage L,,,,WB,WEB
11191,SPEA-V 461,LEC,OPEN,,40,8,0,IN_PERSON,Walsh A,TUTH,15:55,17:10,PV,A335
11192,MSCH-S 317,LEC,CLOSED,,30,0,1,IN_PERSON,Martins N,MOWE,09:35,10:50,FF,210
11193,MSCH-C 218,LEC,CLOSED,,125,0,0,IN_PERSON,Wallace B,TUTH,14:20,15:35,TV,251
11194,FOLK-F 252,LEC,CLOSED,FOLKLORE AND THE INTERNET,30,0,1,IN_PERSON,Dobler R,TUTH,12:45,14:00,C2,203
11197,MSCH-C 249,LEC,OPEN,,30,1,2,IN_PERSON,Jermain R,MOWE,14:20,15:35,AC,C116
11198,MSCH-J 365,LEC,OPEN,,18,1,0,IN_PERSON,Layton B,TUTH,09:35,10:50,FF,003
11199,MSCH-P 335,LEC,OPEN,,18,2,0,IN_PERSON,Allison C,TUTH,12:45,14:00,TV,180
1120,BUS-F 260,LEC,CLOSED,,60,0,7,IN_PERSON,Huang T,MOWE,12:45,14:00,WB,WEB
11200,SPEA-H 585,LEC,OPEN,,30,23,0,IN_PERSON,Grudi A,TH,18:00,20:30,WB,WEB
11202,SPEA-V 326,LEC,CLOSED,,35,0,3,IN_PERSON,White G,TUTH,09:35,10:50,PV,163
11203,HON-H 238,LEC,CLOSED,APPLIED IMPROVISATION,20,0,0,IN_PERSON,Wisher D,TUTH,09:35,12:05,FX,121
11204,EALC-E 100,DIS,CLOSED,,30,0,0,IN_PERSON,O'Bryan S,FR,11:35,12:25,RA,B109
11205,EALC-E 100,DIS,CLOSED,,30,0,0,IN_PERSON,O'Bryan S,FR,12:45,13:35,FR,C230
11208,MSCH-C 251,LEC,OPEN,,18,2,0,IN_PERSON,Carrothers C,TUTH,15:55,17:10,FF,058
11209,MSCH-F 392,LEC,CLOSED,RECREATING THE PAST,18,0,0,IN_PERSON,Bell T,TUTH,11:10,12:25,TV,180
1121,BUS-F 260,LEC,CLOSED,,60,0,3,IN_PERSON,Huang T,MOWE,09:35,10:50,WB,WEB
11210,MSCH-J 423,LEC,CLOSED,,18,0,1,IN_PERSON,Gruszczynski M,MOWE,09:35,10:50,FF,114
11211,MSCH-P 331,LEC,OPEN,,18,8,0,IN_PERSON,McEver E,MOWE,09:35,10:50,TV,180
11212,HISP-S 105,LEC,OPEN,,24,1,0,IN_PERSON,Aboelnadr M; Ortiz S,MOTUWETH,08:00,08:50,BH,138
11213,HISP-S 105,LEC,CLOSED,,24,0,2,IN_PERSON,Giacomino L,MOTUWETH,13:55,14:45,WH,119
11214,HISP-S 105,LEC,CLOSED,,24,0,1,IN_PERSON,Stutz M,MOTUWETH,17:30,18:20,WH,007
11215,HISP-S 200,LEC,CLOSED,,24,0,0,IN_PERSON,Attala e Paiva E,MOWEFR,08:00,08:50,GA,0005
11216,HISP-S 200,LEC,OPEN,,24,1,0,IN_PERSON,Perez Cantero M,MOWETH,19:55,20:45,BH,331
11218,CHEM-C 432,LEC,OPEN,,8,7,0,IN_PERSON,Zaleski J,MOTH,18:00,19:30,CH,127
11219,CHEM-C 502,LEC,OPEN,,30,19,0,IN_PERSON,Zaleski J,MOTH,18:00,19:30,CH,127
1122,BUS-F 260,LEC,CLOSED,,60,0,2,IN_PERSON,Musumeci B,TU,15:55,18:25,WB,WEB
11220,CEUS-T 171,LEC,OPEN,,10,7,0,IN_PERSON,Rabsal G,MOWEFR,08:00,08:50,BH,015
11222,SPH-V 235,LEC,OPEN,,40,2,0,IN_PERSON,Wang K,MOWE,09:35,10:50,AD,A152
11223,PSY-C 109,LEC,CLOSED,,250,0,15,,Ostrander-Ronan S,,,,WB,WEB
11224,PSY-C 209,LEC,CLOSED,,125,0,19,,Ostrander-Ronan S,,,,WB,WEB
11225,PSY-C 309,LEC,CLOSED,,125,0,14,,Ostrander-Ronan S,,,,WB,WEB
1123,BUS-F 303,LEC,CLOSED,,50,0,2,IN_PERSON,Hou C,MOWE,08:00,09:15,HH,1046
11230,MUS-Q 608,LEC,OPEN,,10,10,0,,Smith J,,,,ARR,
11231,SPEA-F 768,LEC,OPEN,,13,10,0,IN_PERSON,Moldogaziev T,TUTH,12:45,14:00,PV,273
11234,ECON-E 520,LAB,OPEN,,30,13,0,IN_PERSON,Xie Z,FR,08:30,11:00,WY,329
11235,ECON-E 521,LAB,OPEN,,26,10,0,IN_PERSON,Ko M,FR,11:30,12:45,LH,023
11236,ECON-E 522,LAB,OPEN,,26,11,0,IN_PERSON,Lee N,FR,13:15,14:30,SW,221
11237,ECON-E 571,LAB,OPEN,,30,14,0,IN_PERSON,Ha S,FR,15:00,16:15,BH,307
11238,ECON-E 671,LAB,OPEN,,25,10,0,IN_PERSON,Yang W,TU,08:00,09:15,WY,329
11239,BUS-M 344,LEC,CLOSED,,32,0,1,IN_PERSON,Riley Simone J,TUTH,14:20,15:35,CG,3044
1124,BUS-F 303,LEC,CLOSED,,50,0,7,IN_PERSON,Da R,MOWE,09:35,10:50,HH,1046
11240,BUS-M 550,LEC,OPEN,,30,12,0,IN_PERSON,Niedermeier K,TUTH,11:05,12:30,CG,2077
11241,ENG-L 260,LEC,OPEN,,30,3,0,IN_PERSON,Kreilkamp I,MOWE,09:35,10:50,LH,023
11243,MSCH-H 310,LEC,OPEN,PUBLIC OPINION AND PROPAGANDA,40,7,0,IN_PERSON,Shanahan J,TUTH,14:20,15:35,FF,312
11245,MSCH-A 450,LEC,CLOSED,,18,0,3,IN_PERSON,Logothetis Jr G,TUTH,15:55,17:10,FF,216
11246,MSCH-A 301,LEC,CLOSED,,125,0,4,IN_PERSON,Blotkamp J,MOWE,15:55,17:10,WH,120
11248,MSCH-A 442,LEC,CLOSED,,36,0,1,IN_PERSON,Dooley Dorocke E,MOWE,17:30,18:45,FF,310
11249,HON-H 237,LEC,CLOSED,DEMOCRATIZING GLOBALIZATION,22,0,3,IN_PERSON,Weinman M,MOWE,12:45,14:00,HU,111
1125,BUS-F 303,LEC,CLOSED,,50,0,12,IN_PERSON,Durguner S,TUTH,11:10,12:25,HH,3000
11250,MSCH-A 251,LEC,CLOSED,,65,0,3,IN_PERSON,Glennon J,TUTH,15:55,17:10,FF,312
11251,MSCH-A 251,DIS,CLOSED,,21,0,0,IN_PERSON,McColey M,FR,09:45,10:35,WB,WEB
11252,MSCH-A 251,DIS,CLOSED,,21,0,2,IN_PERSON,Goldsworthy E,FR,11:05,11:55,WB,WEB
11253,LING-X 473,LEC,OPEN,,10,10,0,,Bunger A,,,,ARR,
11254,MSCH-A 251,DIS,CLOSED,,23,0,1,IN_PERSON,Waitley J,FR,12:15,13:05,WB,WEB
11255,MSCH-A 251,LEC,CLOSED,,65,0,2,IN_PERSON,Logothetis Jr G,TUTH,09:35,10:50,FF,312
11256,MSCH-A 251,DIS,CLOSED,,23,0,1,IN_PERSON,Hammond B,FR,09:45,10:35,WB,WEB
11257,MSCH-A 251,DIS,CLOSED,,23,0,1,IN_PERSON,Topolewski E,FR,11:05,11:55,WB,WEB
11258,MSCH-A 251,DIS,CLOSED,,19,0,0,IN_PERSON,Dibble L,FR,12:15,13:05,WB,WEB
1126,BUS-F 303,LEC,CLOSED,,50,0,11,IN_PERSON,Durguner S,TUTH,12:45,14:00,HH,3000
11262,BIOL-L 111,LEC,OPEN,,144,57,0,IN_PERSON,Blizard M,MO,20:00,21:30,WH,120
11265,MUS-I 300,LEC,OPEN,,12,5,0,,Allen J,,,,ARR,
11266,MUS-I 500,LEC,OPEN,,12,5,0,,Allen J,,,,ARR,
11267,CLAS-C 211,LEC,CLOSED,,45,0,8,IN_PERSON,Poppen E,MOWE,14:20,15:35,M2,100
1127,BUS-F 304,LEC,CLOSED,,0,0,0,IN_PERSON,Martel J,MOWE,12:45,14:00,HH,4000
11273,PHIL-P 106,DIS,OPEN,,22,1,0,IN_PERSON,Haaksma K,WE,12:45,13:35,SY,002
11274,MUS-S 110,LEC,OPEN,,5,4,0,,Lee K,,,,ARR,
11275,MUS-S 410,LEC,OPEN,,18,15,0,,Lee K,,,,ARR,
11276,MUS-S 710,LEC,OPEN,,5,5,0,,Lee K,,,,ARR,
11277,MUS-S 810,LEC,OPEN,,5,4,0,,Lee K,,,,ARR,
11278,MUS-S 910,LEC,OPEN,,18,9,0,,Lee K,,,,ARR,
11279,STAT-S 301,LEC,OPEN,,50,4,0,IN_PERSON,Yu Y,TUTH,08:00,09:15,SB,150
1128,BUS-F 304,LEC,CLOSED,,0,0,0,IN_PERSON,Monaco S,MOWE,14:20,15:35,HH,4000
11280,SPH-K 550,LEC,OPEN,GRANTSMANSHIP IN HUMAN RES,10,5,0,IN_PERSON,Kawata K,TUTH,09:35,10:50,BH,123
11281,CSCI-B 659,LEC,CLOSED,APPLYING ML TECH TO NLP,5,0,1,IN_PERSON,Cavar D,TUTH,12:45,14:00,IF,0119
11283,MSCH-C 221,LEC,CLOSED,,18,0,7,IN_PERSON,Williams S,MOWE,11:10,12:25,SY,106
11285,BUS-P 454,LEC,OPEN,,22,2,0,,Dobos S,,,,HD,TBA
11286,BUS-R 300,LEC,CLOSED,,60,0,2,IN_PERSON,Monaco S,MOWE,17:30,18:45,HH,2057
11287,PSY-P 895,LEC,OPEN,,20,19,0,,James K,,,,ARR,
11288,SPH-K 409,LAB,CLOSED,,1,0,0,IN_PERSON,Chapman R,MO,12:40,14:30,PH,046
11289,EDUC-P 624,LEC,OPEN,,15,4,0,IN_PERSON,Mu N,WE,08:00,10:30,ED,1084
1129,BUS-F 305,LEC,CLOSED,,50,0,28,IN_PERSON,Sibley S,MOWE,17:30,18:45,HH,1046
11290,SPH-K 409,LAB,CLOSED,,1,0,0,IN_PERSON,Chapman R,MO,15:00,16:50,PH,046
11291,EDUC-F 203,LEC,OPEN,MEDIA MESSAGES: POWER AND IDEN,28,21,0,,Weber L,,,,WB,WEB
11292,SPH-K 409,LAB,CLOSED,,1,0,0,IN_PERSON,Chapman R,TU,15:00,16:50,PH,046
11293,SPH-K 409,LAB,CLOSED,,1,0,0,IN_PERSON,Chapman R,WE,12:40,14:30,PH,046
11294,SPH-K 409,LAB,OPEN,,1,1,0,IN_PERSON,Chapman R,TH,15:00,16:50,PH,046
11295,SOAD-U 700,LEC,OPEN,,15,15,0,IN_PERSON,,FR,13:00,17:00,FA,004
11296,BUS-W 265,LEC,OPEN,,30,30,0,IN_PERSON,Batchelder S,TUTH,11:10,12:25,HH,2049
11298,GER-G 625,LEC,OPEN,,10,10,0,IN_PERSON,Kerler D,TU,15:10,17:25,BH,133
11299,SPH-H 650,LEC,OPEN,PRC IN SXL & REP HLTH EDU,10,9,0,,Eastman-Mueller H,,,,ARR,
1130,BUS-F 305,LEC,CLOSED,,50,0,35,IN_PERSON,Kim S,MOWE,15:55,17:10,HH,3000
11300,CSCI-C 343,LAB,OPEN,,28,21,0,IN_PERSON,Siddiqui M,FR,16:10,18:05,BH,308
11301,SOAD-F 317,LEC,OPEN,,22,3,0,IN_PERSON,Shin J,TUTH,11:10,13:55,KH,313
11303,SOAD-D 170,LEC,CLOSED,,18,0,2,IN_PERSON,Floyd K,TUTH,14:20,17:05,KH,201
11304,SOAD-D 369,LEC,OPEN,,35,1,0,IN_PERSON,Bybee W,MOWE,11:10,12:25,KH,216
11305,SOAD-D 374,LEC,CLOSED,,15,0,0,IN_PERSON,Bybee W,TUTH,11:10,13:55,KH,215
11306,SOAD-D 321,LEC,CLOSED,,35,0,2,IN_PERSON,Smith K,TUTH,12:45,14:00,KH,216
11307,SOAD-D 321,LEC,CLOSED,,35,0,0,IN_PERSON,Smith K,TUTH,14:20,15:35,KH,216
1131,BUS-F 305,LEC,CLOSED,,50,0,20,IN_PERSON,Kim S,MOWE,17:30,18:45,HH,3000
11310,CSCI-C 291,LEC,OPEN,,30,2,0,IN_PERSON,Seiffert K,MOWE,14:20,15:35,IF,4111
11314,CSCI-C 200,LAB,OPEN,,20,8,0,IN_PERSON,Dalkilic M,FR,13:50,15:45,IF,3111
11315,CSCI-C 200,LAB,OPEN,,20,5,0,IN_PERSON,Dalkilic M,TH,09:10,11:05,IF,3111
11316,CSCI-C 200,LAB,OPEN,,20,10,0,IN_PERSON,Dalkilic M,FR,15:00,16:55,IF,3115
11317,BUS-L 408,LEC,OPEN,,45,8,1,IN_PERSON,Grow L,MOWE,08:00,09:15,HH,3059
11318,BUS-L 375,LEC,CLOSED,,50,0,19,IN_PERSON,Guevara A,TUTH,17:30,18:45,HH,4030
11319,BUS-L 375,LEC,CLOSED,,50,0,40,IN_PERSON,Keller L,MOWE,15:55,17:10,HH,1034
1132,BUS-F 305,LEC,CLOSED,,50,0,0,IN_PERSON,Kim S,MOWE,19:05,20:20,HH,3000
11320,BUS-L 375,LEC,CLOSED,,50,0,15,IN_PERSON,Hamilton C,MOWE,08:00,09:15,HH,1034
11321,EDUC-M 427,LEC,OPEN,,18,18,0,,Carter Jr R,,,,WB,WEB
11322,EDUC-K 480,LEC,OPEN,,18,18,0,,Hunnicutt T; Walterman S,,,,WB,WEB
11323,EDUC-BK 427,LEC,OPEN,,20,11,0,IN_PERSON,Carter Jr R; Hurwitz S; Hunnicutt T; Walterman S,FR,09:35,10:50,ED,2025
11324,SOAD-A 103,LEC,CLOSED,,18,0,2,IN_PERSON,Thompson S,TUTH,08:00,10:45,FA,173
11326,SOAD-S 201,LEC,CLOSED,,16,0,2,IN_PERSON,Reeves M,MOWE,09:10,11:55,FA,310
11327,SPEA-V 414,LEC,CLOSED,,48,0,1,IN_PERSON,Karaagac J,TUTH,11:10,12:25,PV,A221
11328,SPEA-V 252,LEC,CLOSED,,45,0,13,IN_PERSON,Gregoire D,TUTH,16:20,17:10,PV,A223
11329,SPEA-H 267,LEC,CLOSED,,45,0,0,IN_PERSON,Gregoire D,TUTH,16:20,17:10,PV,A223
1133,BUS-F 305,LEC,CLOSED,,50,0,3,IN_PERSON,Khoei S,TUTH,19:05,20:20,CG,2061
11330,SPEA-V 550,LEC,OPEN,FED BUDGET PROCESS: THEORY & PRAC,20,8,0,IN_PERSON,McClelland J; Patel E,TH,18:30,21:00,HD,TBA
11331,SOAD-S 419,LEC,OPEN,,25,3,0,IN_PERSON,Landerman A; Gamblin J,MOWE,09:35,10:50,VD,200
11332,SOAD-S 419,LEC,CLOSED,,30,0,0,IN_PERSON,Stanislav A; Smith A,TUTH,09:35,10:50,VD,200
11333,SOAD-S 519,LEC,OPEN,,17,6,0,IN_PERSON,Lee T,MOWE,09:35,10:50,AZ,130
11334,SOAD-S 519,LEC,OPEN,,16,3,0,IN_PERSON,Ricketts R,MOWE,09:35,10:50,KH,105
11335,SOAD-S 429,LEC,OPEN,,25,3,0,IN_PERSON,Landerman A; Gamblin J,MOWE,09:35,10:50,VD,200
11336,SOAD-S 429,LEC,CLOSED,,30,0,0,IN_PERSON,Stanislav A; Smith A,TUTH,09:35,10:50,VD,200
11337,SOAD-S 529,LEC,OPEN,,17,6,0,IN_PERSON,Lee T,MOWE,09:35,10:50,AZ,130
11338,SOAD-S 529,LEC,OPEN,,16,3,0,IN_PERSON,Ricketts R,MOWE,09:35,10:50,KH,105
11339,SOAD-S 439,LEC,OPEN,,25,3,0,IN_PERSON,Landerman A; Gamblin J,MOWE,09:35,10:50,VD,200
1134,BUS-F 307,LEC,CLOSED,,40,0,0,IN_PERSON,Zhu J,MO,14:20,15:35,I,E130
11340,SOAD-S 439,LEC,CLOSED,,30,0,0,IN_PERSON,Stanislav A; Smith A,TUTH,09:35,10:50,VD,200
11341,SOAD-S 509,LEC,OPEN,,17,6,0,IN_PERSON,Lee T,MOWE,09:35,10:50,AZ,130
11342,SOAD-S 509,LEC,OPEN,,16,3,0,IN_PERSON,Ricketts R,MOWE,09:35,10:50,KH,105
11343,SOAD-S 449,LEC,OPEN,,25,3,0,IN_PERSON,Landerman A; Gamblin J,MOWE,09:35,10:50,VD,200
11344,SOAD-S 449,LEC,CLOSED,,30,0,0,IN_PERSON,Stanislav A; Smith A,TUTH,09:35,10:50,VD,200
11345,SOAD-S 549,LEC,OPEN,,17,6,0,IN_PERSON,Lee T,MOWE,09:35,10:50,AZ,130
11346,SOAD-S 549,LEC,OPEN,,16,3,0,IN_PERSON,Ricketts R,MOWE,09:35,10:50,KH,105
11347,SOAD-S 459,LEC,OPEN,,25,3,0,IN_PERSON,Landerman A; Gamblin J,MOWE,09:35,10:50,VD,200
11348,SOAD-S 459,LEC,CLOSED,,30,0,0,IN_PERSON,Stanislav A; Smith A,TUTH,09:35,10:50,VD,200
11349,SOAD-S 559,LEC,OPEN,,17,6,0,IN_PERSON,Lee T,MOWE,09:35,10:50,AZ,130
1135,BUS-F 307,LEC,CLOSED,,40,0,5,IN_PERSON,Zhu J,MO,12:45,14:00,HH,1050
11350,SOAD-S 559,LEC,OPEN,,16,3,0,IN_PERSON,Ricketts R,MOWE,09:35,10:50,KH,105
11351,SOAD-S 469,LEC,OPEN,,25,3,0,IN_PERSON,Landerman A; Gamblin J,MOWE,09:35,10:50,VD,200
11352,SOAD-S 469,LEC,CLOSED,,30,0,0,IN_PERSON,Stanislav A; Smith A,TUTH,09:35,10:50,VD,200
11353,SOAD-S 569,LEC,OPEN,,17,6,0,IN_PERSON,Lee T,MOWE,09:35,10:50,AZ,130
11354,SOAD-S 569,LEC,OPEN,,16,3,0,IN_PERSON,Ricketts R,MOWE,09:35,10:50,KH,105
11355,SOAD-S 479,LEC,OPEN,,25,3,0,IN_PERSON,Landerman A; Gamblin J,MOWE,09:35,10:50,VD,200
11356,SOAD-S 479,LEC,CLOSED,,30,0,0,IN_PERSON,Stanislav A; Smith A,TUTH,09:35,10:50,VD,200
11357,SOAD-S 579,LEC,OPEN,,17,6,0,IN_PERSON,Lee T,MOWE,09:35,10:50,AZ,130
11358,SOAD-S 579,LEC,OPEN,,16,3,0,IN_PERSON,Ricketts R,MOWE,09:35,10:50,KH,105
11359,SOAD-S 489,LEC,OPEN,,25,3,0,IN_PERSON,Landerman A; Gamblin J,MOWE,09:35,10:50,VD,200
1136,BUS-F 335,LEC,CLOSED,,52,0,11,IN_PERSON,Teluja S,MOWE,11:10,12:25,HH,1046
11360,SOAD-S 489,LEC,CLOSED,,30,0,0,IN_PERSON,Stanislav A; Smith A,TUTH,09:35,10:50,VD,200
11361,SOAD-S 589,LEC,OPEN,,17,6,0,IN_PERSON,Lee T,MOWE,09:35,10:50,AZ,130
11362,SOAD-S 589,LEC,OPEN,,16,3,0,IN_PERSON,Ricketts R,MOWE,09:35,10:50,KH,105
11363,SOAD-S 499,LEC,OPEN,,25,3,0,IN_PERSON,Landerman A; Gamblin J,MOWE,09:35,10:50,VD,200
11364,SOAD-S 499,LEC,CLOSED,,30,0,0,IN_PERSON,Stanislav A; Smith A,TUTH,09:35,10:50,VD,200
11365,SOAD-S 599,LEC,OPEN,,17,6,0,IN_PERSON,Lee T,MOWE,09:35,10:50,AZ,130
11366,SOAD-S 599,LEC,OPEN,,16,3,0,IN_PERSON,Ricketts R,MOWE,09:35,10:50,KH,105
11369,CSCI-C 211,LAB,OPEN,,35,18,0,IN_PERSON,Angiuli C,TH,15:10,17:05,I,109
1137,BUS-F 335,LEC,CLOSED,,52,0,12,IN_PERSON,Teluja S,MOWE,12:45,14:00,HH,1046
11375,LAW-B 713,LEC,OPEN,,38,13,0,IN_PERSON,Almendares N,MOWE,13:20,14:45,LW,213
11378,LAW-L 710,LEC,OPEN,LAW & SOCIAL PSYCHOLOGY,18,4,0,IN_PERSON,Quintanilla V,TH,12:45,14:45,LW,216
11379,LAW-L 714,LEC,CLOSED,,18,0,2,IN_PERSON,Geyh C,TU,15:15,17:15,LW,216
1138,BUS-F 370,LEC,CLOSED,,0,0,0,IN_PERSON,Mole D,TUTH,09:15,10:20,HH,2083
11382,SPH-K 450,LEC,CLOSED,PROGRAMMING FOR AGE-REL COND,35,0,1,,Johnston J,,,,WB,WEB
11383,EALC-E 100,DIS,CLOSED,,30,0,0,IN_PERSON,O'Bryan S,FR,09:10,10:00,WI,C111
11384,EALC-E 100,DIS,OPEN,,30,1,0,IN_PERSON,O'Bryan S,FR,10:25,11:15,ED,2101
11385,PSY-P 335,LEC,CLOSED,,106,0,2,IN_PERSON,Goldstone R,TUTH,12:45,14:00,PY,101
11386,PSY-P 461,LEC,OPEN,,20,1,0,IN_PERSON,Pisoni D,TUTH,09:35,10:50,PY,111
11387,PSY-P 561,LEC,OPEN,,5,1,0,IN_PERSON,Pisoni D,TUTH,09:35,10:50,PY,111
11388,CHEM-M 503,LEC,OPEN,,23,8,0,IN_PERSON,Flood A,MOWEFR,12:45,14:00,CH,001
11389,EDUC-I 251,LEC,OPEN,,26,26,0,,Nussbaum M,,,,WB,WEB
1139,BUS-F 370,LEC,CLOSED,,0,0,0,IN_PERSON,Mole D,MOWE,08:00,09:05,HH,1059
11390,EDUC-I 251,LEC,OPEN,,26,26,0,IN_PERSON,Beyersdorf K,MOWE,14:20,15:35,ED,1204
11391,EDUC-BC 251,LEC,CLOSED,,26,0,1,,Zhou J; Nussbaum M,,,,WB,WEB
11392,EDUC-BC 251,LEC,OPEN,,26,1,0,IN_PERSON,Beyersdorf K,MOWE,14:20,15:35,ED,1204
11393,HON-H 303,LEC,OPEN,FACES OF WAR AND FREEDOM,20,1,0,IN_PERSON,Sicinski L,MO,15:55,18:25,BH,240
11394,MSCH-J 363,LEC,CLOSED,,30,0,5,,Hughes R,,,,WB,WEB
11395,BUS-T 275,LEC,CLOSED,,45,0,17,IN_PERSON,Kniola J,WE,12:45,14:00,HH,4075
11396,BUS-T 275,LEC,CLOSED,,45,0,8,IN_PERSON,Kniola J,WE,14:20,15:35,HH,4075
11397,MUS-Z 226,LEC,CLOSED,,50,0,4,IN_PERSON,Bishop D,MOWE,12:45,14:00,MA,452
11398,MUS-Z 287,LEC,CLOSED,,50,0,0,IN_PERSON,Cook C,TUTH,09:35,10:50,SM,C141
11399,SPH-E 680,LEC,OPEN,,15,10,0,IN_PERSON,Gonzalez Casanova I,WE,11:15,12:30,WB,WEB
1140,BUS-F 370,LEC,CLOSED,,0,0,0,IN_PERSON,Mole D,MOWE,09:15,10:20,HH,1055
11400,EDUC-L 699,LEC,OPEN,,15,5,0,,Wohlwend K,,,,WB,WEB
11401,EDUC-L 699,LEC,OPEN,,15,5,0,,Damico J,,,,WB,WEB
11402,EDUC-K 361,LEC,OPEN,,8,3,0,IN_PERSON,Carter Jr R,FR,09:35,10:50,ED,2025
11403,MUS-J 220,LEC,OPEN,,35,8,0,IN_PERSON,Janes R; Wroth S,FR,10:05,11:20,MC,305
11405,MSCH-P 352,LAB,OPEN,,18,9,0,IN_PERSON,Behringer A,TH,15:55,17:10,TV,250
11406,MUS-Z 101,LEC,CLOSED,,45,0,1,IN_PERSON,Cook C; Van Vleet M,WE,12:45,14:15,WB,WEB
11407,EDUC-F 203,LEC,OPEN,MENTORING FUTURE EDUCATORS,10,2,0,IN_PERSON,Wilson S; Erxleben E,TU,17:30,18:30,ED,3017
11408,MSCH-A 441,LEC,CLOSED,,35,0,0,IN_PERSON,Sarge M,MOWE,09:35,10:50,FF,312
11409,MSCH-C 270,LEC,CLOSED,ADVANCED DESIGN STRATEGY,18,0,1,,Harter J,,,,WB,WEB
1141,BUS-F 402,LEC,OPEN,,40,2,0,IN_PERSON,Durguner S,MOWE,15:55,17:10,HH,2006
11411,HIST-W 200,LEC,CLOSED,POPULATION IN WORLD HISTORY,35,0,1,IN_PERSON,Ipsen C,TUTH,15:55,17:10,BH,343
11412,BUS-X 540,LEC,OPEN,,30,29,0,,Handlos G,,,,ARR,
11413,ECON-B 252,LEC,CLOSED,,60,0,25,IN_PERSON,Carneiro R,TUTH,09:35,10:50,BH,304
11414,MSCH-H 111,LEC,OPEN,,30,8,0,IN_PERSON,Logothetis Jr G,WE,17:30,18:45,FF,312
11416,MSCH-A 490,LEC,CLOSED,,25,0,16,IN_PERSON,Schwab W,MOWE,14:20,15:35,FF,210
11417,SOAD-C 281,LEC,OPEN,,60,16,0,IN_PERSON,Steenblik R,MOWE,16:20,17:10,VD,200
11418,BUS-G 345,LEC,CLOSED,,45,0,4,IN_PERSON,Hauskrecht A,TUTH,11:10,12:25,HH,3055
11419,EDUC-I 251,LEC,OPEN,,26,26,0,IN_PERSON,Lau N,TUTH,14:20,15:35,ED,1220
1142,BUS-F 420,LEC,OPEN,,45,2,0,IN_PERSON,Woeppel M,TUTH,14:20,15:35,HH,2049
11420,EDUC-I 251,LEC,OPEN,,26,26,0,IN_PERSON,Yang S,MOWE,15:55,17:10,ED,1204
11421,EDUC-I 251,LEC,OPEN,,26,26,0,IN_PERSON,Nussbaum M,TUTH,15:55,17:10,ED,1250
11422,EDUC-M 101,LEC,OPEN,,26,26,0,,Lau N,,,,WB,WEB
11423,EDUC-M 101,LEC,OPEN,,26,26,0,,Yang S,,,,WB,WEB
11424,EDUC-BC 251,LEC,CLOSED,,26,0,1,IN_PERSON,Lau N,TUTH,14:20,15:35,ED,1220
11425,EDUC-BC 251,LEC,CLOSED,,26,0,0,IN_PERSON,Yang S,MOWE,15:55,17:10,ED,1204
1143,BUS-F 507,LEC,OPEN,,35,1,0,IN_PERSON,Masson D,MOWE,09:25,10:50,CG,1034
11434,MUS-K 340,LEC,CLOSED,,25,0,0,IN_PERSON,Fournet A,MOWEFR,16:20,17:10,SM,C018
11435,CEUS-T 711,LEC,OPEN,,3,1,0,IN_PERSON,Hodjaev M,MOWEFR,11:35,12:25,GA,3032
11436,BIOT-T 680,LEC,OPEN,,2,2,0,IN_PERSON,Bollivar D,TH,17:30,19:30,JH,001
11437,MUS-V 105,LEC,CLOSED,,15,0,0,IN_PERSON,Gunter E; Gill K,MOWE,10:25,11:15,MC,017
11438,MUS-V 105,LEC,OPEN,,15,2,0,IN_PERSON,Gunter E; Gill K,TUTH,10:25,11:15,MC,017
11439,MUS-V 105,LEC,OPEN,,15,3,0,IN_PERSON,Gunter E; Gill K,MOWE,17:30,18:20,MU,204
1144,BUS-F 517,LEC,OPEN,,40,6,0,IN_PERSON,Hays G,MOWE,14:25,15:50,CG,1026
11440,MUS-V 105,LEC,CLOSED,,15,0,0,IN_PERSON,Gunter E; Gill K,MOWE,12:45,13:35,MC,017
11441,MUS-V 105,LEC,OPEN,,15,1,0,IN_PERSON,Gunter E; Gill K,TUTH,12:45,13:35,MC,017
11442,MUS-V 105,LEC,OPEN,,15,14,0,IN_PERSON,Gunter E; Gill K,MOWE,19:55,20:45,SM,C113
11443,MUS-H 800,LEC,OPEN,,2,2,0,,Szmyt E,,,,ARR,
11444,DSCI-D 591,LEC,OPEN,,30,29,0,,Shih P; Anderson D; Sinders R,,,,ARR,
11449,LAW-B 712,LEC,OPEN,,50,43,0,,Orenstein A,,,,ARR,
1145,BUS-F 520,LEC,CLOSED,,50,0,1,IN_PERSON,Wang W,MOWE,11:05,12:30,CG,1034
11451,FRIT-M 300,LEC,OPEN,,22,4,0,IN_PERSON,Grossi A,TUTH,14:20,15:35,SY,003
11452,BUS-L 328,LEC,CLOSED,,18,0,0,IN_PERSON,Eibling D,FR,12:45,15:15,HH,1043
11454,CHEM-C 612,LEC,OPEN,,23,14,0,IN_PERSON,Thielges M,TUTH,11:35,12:25,CX,A500
11456,BUS-W 212,LEC,CLOSED,,55,0,3,IN_PERSON,Cochran S,TUTH,11:10,12:25,HH,2000
1146,BUS-G 303,LEC,OPEN,,50,5,0,IN_PERSON,Basak D,TUTH,09:35,10:50,AC,C112
11460,STAT-S 519,LEC,OPEN,,50,26,0,,Valdivia A,,,,WB,WEB
11461,BUS-W 235,LEC,OPEN,,45,22,0,IN_PERSON,Tian R,MOWE,08:00,09:15,HH,3057
1147,BUS-G 901,LEC,OPEN,,30,16,0,,Stoffman N,,,,ARR,
1148,BUS-J 304,LEC,CLOSED,,0,0,0,IN_PERSON,Fairchild A,MOWE,11:20,12:35,HH,4000
11483,EDUC-K 643,LEC,OPEN,,12,4,0,,Nord D; Andresen J,,,,WB,WEB
11485,BUS-A 604,LEC,OPEN,,10,7,0,IN_PERSON,Ham C,FR,13:30,15:00,HH,5103
11488,POLS-Y 681,LEC,OPEN,,2,2,0,,DeSante C,,,,ARR,
11489,POLS-Y 311,LEC,OPEN,DEMOCRACY & NATIONAL SECURITY,20,5,0,,Zulauf B,,,,ARR,
1149,BUS-J 304,LEC,CLOSED,,0,0,0,IN_PERSON,Lawrence M,MOWE,15:45,17:00,HH,4000
11490,GER-G 815,LEC,OPEN,,1,1,0,,,,,,WB,WEB
11491,MSCH-P 331,LEC,OPEN,,18,12,0,IN_PERSON,McGee R,WE,18:00,20:30,TV,180
11492,ILS-Z 764,LEC,OPEN,,15,15,0,,Hara N,,,,ARR,
11493,SPH-E 657,LEC,OPEN,,40,32,0,IN_PERSON,Kalbaugh C,MOWE,09:35,10:50,WB,WEB
11494,EDUC-M 101,LEC,OPEN,,26,26,0,,Nussbaum M,,,,WB,WEB
11495,EDUC-BC 251,LEC,OPEN,,26,6,0,IN_PERSON,Zhou J; Nussbaum M,TUTH,15:55,17:10,ED,1250
11497,EDUC-W 450,LEC,OPEN,,10,8,0,,Dutcher A,,,,ARR,
11499,DSCI-D 532,LEC,OPEN,,100,91,0,,Scrivner O,,,,WB,WEB
1150,BUS-J 306,LEC,CLOSED,,60,0,3,IN_PERSON,Jacobson L,TUTH,09:35,10:50,WB,WEB
11500,DSCI-D 532,LAB,OPEN,,50,42,0,IN_PERSON,Scrivner O,FR,13:15,14:30,I,E130
11505,EDUC-A 500,LEC,CLOSED,,18,0,1,,Perrone F,,,,WB,WEB
11506,MUS-F 343,LEC,OPEN,,12,4,0,IN_PERSON,Conjurske J,MOWE,11:35,12:25,SM,C113
11507,GRAD-C 540,LEC,OPEN,,10,8,0,,Andrew-Mohr J,,,,ARR,
11508,MSCH-A 450,LEC,CLOSED,,18,0,0,IN_PERSON,Logothetis Jr G,TUTH,12:45,14:00,FF,214
1151,BUS-K 201,LEC,OPEN,,40,6,0,IN_PERSON,Kelmer M,MOWE,17:30,18:45,MN,C018
11510,ENG-W 131,LEC,CLOSED,,23,0,0,IN_PERSON,Gorman E; Rivera A,MOWEFR,13:55,14:45,BH,306
11511,ENG-W 131,LEC,CLOSED,,23,0,0,IN_PERSON,McCollum D; Rivera A,MOWEFR,13:55,14:45,BH,145
11512,ENG-W 131,LEC,CLOSED,,23,0,0,IN_PERSON,Kemegue J; Silvester K,MOWEFR,13:55,14:45,BH,146
11513,MSCH-A 442,LEC,CLOSED,,28,0,1,IN_PERSON,Ashburn K,MOWE,17:30,18:45,FF,210
11514,HPSC-X 200,LEC,OPEN,,35,1,0,IN_PERSON,Zeng T,MOWE,17:30,18:45,BH,143
11515,BIOL-Z 620,LEC,OPEN,DIGITAL IMAGING: LIGHT MICROSC,10,1,0,IN_PERSON,Shaw S,TUTH,14:20,15:35,JH,A107
11516,AFRI-K 201,LEC,OPEN,,5,5,0,IN_PERSON,Ofori S,TUTH,12:45,14:00,WB,WEB
11517,AFRI-K 601,LEC,OPEN,,5,5,0,IN_PERSON,Ofori S,TUTH,12:45,14:00,WB,WEB
11518,MELC-A 330,LEC,OPEN,,5,2,0,,Mbarki A; Morkus N,,,,WB,WEB
11519,MELC-A 630,LEC,OPEN,,5,2,0,,Mbarki A; Morkus N,,,,WB,WEB
1152,BUS-K 201,LEC,CLOSED,,40,0,0,IN_PERSON,Hostetler K,MOWE,11:10,12:25,GR,102A
11520,SPH-F 410,LEC,OPEN,,35,1,0,,Getz D,,,,WB,WEB
11521,EDUC-P 225,LEC,CLOSED,,30,0,0,,Lopez A,,,,WB,WEB
11522,EDUC-P 225,LEC,OPEN,,30,1,0,,Steuer R,,,,WB,WEB
11523,EDUC-P 225,LEC,OPEN,,30,6,0,,Lopez A,,,,WB,WEB
11524,CSCI-C 200,LAB,OPEN,,24,12,0,IN_PERSON,Dalkilic M,TH,16:45,18:40,BH,332
11526,MUS-K 455,LEC,OPEN,VIDEO GAME SCORING,15,9,0,IN_PERSON,Groupe L; Neill R,MOTH,11:10,12:25,JS,328
11527,MUS-K 555,LEC,OPEN,VIDEO GAME SCORING,15,9,0,IN_PERSON,Groupe L; Neill R,MOTH,11:10,12:25,JS,328
11530,SPEA-E 461,LEC,CLOSED,,15,0,0,IN_PERSON,Benavidez Westrich M; Westrich B,SA,08:00,12:00,PV,273
11531,STAT-S 301,LEC,CLOSED,,50,0,7,IN_PERSON,Lee M,TUTH,15:55,17:10,SB,015
11532,STAT-S 301,LEC,CLOSED,,80,0,3,IN_PERSON,Kurt M,MOWE,15:55,17:10,OP,111
11534,SPH-V 799,LEC,OPEN,,10,9,0,,Shao K,,,,ARR,
11535,SPH-V 799,LEC,OPEN,,5,4,0,,Silveyra P,,,,ARR,
11538,BUS-L 375,LEC,CLOSED,,50,0,61,IN_PERSON,Fort T,TUTH,11:10,12:25,HH,1034
11539,CEUS-T 493,LEC,OPEN,POST ADV LANGUAGE-UZBEK,3,3,0,,Hodjaev M,,,,ARR,
1154,BUS-K 201,LEC,CLOSED,,40,0,0,IN_PERSON,Robbins C,MOWE,14:20,15:35,GR,102A
11540,CEUS-T 798,LEC,OPEN,POST ADV LANGUAGE-UZBEK,3,3,0,,Hodjaev M,,,,ARR,
11541,SPEA-E 725,LEC,OPEN,,10,10,0,,Venier M,,,,ARR,
11543,SPEA-V 789,LEC,OPEN,,10,10,0,,Ross J,,,,ARR,
11545,SPEA-V 799,LEC,OPEN,,10,10,0,,Ross J,,,,ARR,
11547,MUS-F 543,LEC,OPEN,,12,4,0,IN_PERSON,Conjurske J,MOWE,11:35,12:25,SM,C113
11548,SLHS-A 100,LEC,CLOSED,,29,0,9,IN_PERSON,Gessinger D,MOWE,12:45,14:00,BH,227
1155,BUS-K 201,LEC,CLOSED,,40,0,0,IN_PERSON,Jewell J,MOWE,08:00,09:15,LI,503
11550,SOAD-M 315,LEC,OPEN,,20,3,2,IN_PERSON,Kim W,MOWE,15:55,17:10,KH,112
11551,GEOG-G 352,LEC,CLOSED,,36,0,11,IN_PERSON,Shattuck A,TUTH,11:10,12:25,SB,005
11552,EAS-E 121,LEC,CLOSED,,32,0,1,IN_PERSON,Schieber J,TUTH,12:45,14:00,GY,2029
11554,EDUC-P 403,LEC,OPEN,,30,4,0,,Byers D,,,,WB,WEB
11555,EDUC-M 200,LEC,CLOSED,,22,0,4,,Yang B,,,,WB,WEB
11556,BUS-A 506,LEC,OPEN,,45,5,0,IN_PERSON,Hoffman P,MOWE,11:05,12:30,CG,1026
11557,BUS-A 507,LEC,OPEN,,45,5,0,IN_PERSON,Hoffman P,MOWE,11:05,12:30,CG,1026
1156,BUS-K 201,LEC,CLOSED,,40,0,0,IN_PERSON,W W,TUTH,12:45,14:00,LI,503
11561,EDUC-U 212,LEC,OPEN,STEMMING INTO IU,30,20,0,IN_PERSON,Anderson C; Statile J,MOWE,14:20,15:35,ED,0101
11562,EDUC-P 248,LEC,CLOSED,,28,0,0,,Price M,,,,WB,WEB
11563,EDUC-G 310,LEC,OPEN,,30,18,0,IN_PERSON,Ramos I,TUTH,14:20,15:35,AC,C116
11564,NEUS-N 800,LEC,OPEN,,3,3,0,,Pangelinan M,,,,ARR,
11565,NEUS-N 800,LEC,OPEN,,3,3,0,,Lim H,,,,ARR,
11568,CHEM-C 127,LAB,CLOSED,,28,0,4,IN_PERSON,Picozzi J,TU,15:00,18:00,CH,049
11569,OVST-A 494,LEC,OPEN,,15,13,0,,Carty S,,,,ARR,
1157,BUS-K 201,LEC,CLOSED,,40,0,0,IN_PERSON,Kase T,MOWE,14:20,15:35,LI,503
11570,OVST-M 496,LEC,OPEN,,15,15,0,,Carty S,,,,ARR,
11571,OVST-I 497,LEC,OPEN,,25,25,0,,Carty S,,,,ARR,
11572,OVST-P 497,LEC,OPEN,,15,11,0,,Carty S,,,,ARR,
11573,MUS-I 300,LEC,CLOSED,,20,0,0,IN_PERSON,Lasch B,TU,19:00,20:30,MC,066
11574,MUS-I 500,LEC,CLOSED,,20,0,0,IN_PERSON,Lasch B,TU,19:00,20:30,MC,066
11576,SOC-X 498,LEC,OPEN,,4,4,0,,Headworth S,,,,ARR,
11577,MSCH-C 150,LEC,CLOSED,,18,0,0,IN_PERSON,Ducette M,TU,17:30,18:20,FF,212
11579,SPH-K 450,LEC,OPEN,THE HISTORY OF FOOTBALL,20,18,0,IN_PERSON,Deal M,MOWE,19:25,20:50,PH,10
1158,BUS-K 201,LEC,CLOSED,,40,0,0,IN_PERSON,Anderson J,TUTH,11:10,12:25,GR,102A
11580,SPH-K 492,LEC,OPEN,,5,5,0,,Madsen L,,,,ARR,
11582,ENG-W 131,LEC,OPEN,,23,1,0,IN_PERSON,Kim S; Silvester K,MOWEFR,08:00,08:50,BH,313
11583,ENG-W 131,LEC,CLOSED,,23,0,0,IN_PERSON,MacRitchie R; Rivera A,MOWEFR,08:00,08:50,BH,245
11584,BUS-R 448,LEC,OPEN,,18,3,0,IN_PERSON,Peck T,TUTH,15:55,17:10,CG,2069
11586,CSCI-C 200,LAB,OPEN,,20,6,0,IN_PERSON,Dalkilic M,FR,10:20,12:15,BH,229
11587,CSCI-C 200,LAB,OPEN,,20,2,0,IN_PERSON,Dalkilic M,TH,16:10,18:05,BH,217
11589,CJUS-P 505,LEC,OPEN,,15,10,0,IN_PERSON,Ernst B,MO,10:00,10:50,SY,210
1159,BUS-K 201,LEC,CLOSED,,40,0,1,IN_PERSON,Anderson J,TUTH,12:45,14:00,GR,102A
11590,INFO-I 101,LAB,OPEN,,32,11,0,IN_PERSON,Wood S; Wood B,MOWE,15:55,17:10,I,109
11591,CJUS-P 503,LEC,OPEN,,15,10,0,IN_PERSON,Ernst B,MO,09:00,09:50,SY,105
11592,EDUC-I 251,LEC,OPEN,,20,20,0,IN_PERSON,Cruz Gonzalez C,TUTH,15:55,17:10,ED,3017
11593,EDUC-M 101,LEC,OPEN,,24,24,0,,Cruz Gonzalez C,,,,WB,WEB
11594,EDUC-BC 251,LEC,OPEN,,24,5,0,IN_PERSON,Cruz Gonzalez C; Zhou M,TUTH,15:55,17:10,ED,3017
11599,CSCI-H 343,LAB,CLOSED,,0,0,0,IN_PERSON,,FR,10:20,12:15,WB,WEB
11600,SWK-S 331,LEC,OPEN,,25,1,0,IN_PERSON,Brown J,TU,13:55,16:40,AH,C1020B
11602,SPEA-V 582,LEC,OPEN,GRAD SEMESTER EXCHANGE-ANU,5,4,0,,Ferguson J,,,,ARR,
11603,SPEA-V 582,LEC,OPEN,GRAD SEMESTER EXCHANGE-BOCCONI,5,5,0,,Ferguson J,,,,ARR,
11604,MSCH-C 270,LEC,CLOSED,ADOBE DESIGN AND STRUCTURE,18,0,1,IN_PERSON,Parkinson C,WE,09:30,11:00,FF,060
11605,MSCH-A 441,LEC,CLOSED,,35,0,5,IN_PERSON,Blotkamp J,MOWE,12:45,14:00,FF,310
11606,EDUC-Q 205,LEC,OPEN,,24,1,0,IN_PERSON,Abdullahi K,MOWE,17:30,19:15,ED,3105
11607,HISP-S 281,LEC,CLOSED,,24,0,4,IN_PERSON,Ortiz Manzanilla R,MOWE,09:35,10:50,SY,200
1161,BUS-K 201,LEC,OPEN,,40,9,0,IN_PERSON,Sweeny K,MOWE,08:00,09:15,GR,102A
11611,MUS-Z 120,LEC,CLOSED,,40,0,0,IN_PERSON,Lindsay E,TUTH,12:45,14:00,WB,WEB
11612,SPH-N 694,LEC,OPEN,,10,5,0,IN_PERSON,Erinosho T,WE,14:20,15:20,AC,C107
11613,MUS-Z 710,LEC,OPEN,HARPSICHORD GRADUATE ELECTIVE,1,1,0,,Oddie J,,,,ARR,
11615,SPEA-V 326,LEC,CLOSED,,35,0,0,IN_PERSON,Merrell T,TUTH,15:55,17:10,PV,272
11616,SPEA-H 124,LEC,OPEN,,100,18,0,IN_PERSON,McCollam P,TUTH,15:55,17:10,PV,169
11617,SPEA-H 403,LEC,OPEN,,48,2,0,IN_PERSON,Carmichael J,MOWE,12:45,14:00,PV,A335
1162,BUS-K 201,LEC,CLOSED,,40,0,0,IN_PERSON,W W,MOWE,09:35,10:50,LI,503
11620,OPT-V 469,LEC,OPEN,,5,5,0,,Cheng C,,,,ARR,
11621,SLAV-S 562,LEC,CLOSED,ELEMENTARY RUSSIAN I,21,0,0,IN_PERSON,Shardakova M; Finkel M,MOTUWETH,12:45,13:35,BH,241
11622,EAS-X 498,LEC,OPEN,,5,5,0,,Yanites B,,,,ARR,
11624,SLAV-S 562,LEC,OPEN,ELEMENTARY RUSSIAN I,21,3,0,IN_PERSON,Shardakova M; Hardy E,MOTUWETH,13:55,14:45,BH,142
11625,EALC-C 103,LEC,OPEN,,15,3,0,IN_PERSON,Bao Y,MOTUWETH,13:55,14:45,BH,016
11626,MSCH-M 504,LEC,OPEN,,18,3,0,IN_PERSON,Plotnick R,TH,09:00,11:30,FF,212
11628,MSCH-J 572,LEC,OPEN,,9,1,0,IN_PERSON,Fargo A,MO,09:30,12:00,FF,017
11629,SOAD-Z 808,LEC,OPEN,,8,3,0,IN_PERSON,Brown L,WE,09:00,12:00,HD,TBA
11630,MUS-V 800,LEC,OPEN,,5,4,0,,Coates Z,,,,ARR,
11631,MUS-V 900,LEC,OPEN,,8,7,0,,Coates Z,,,,ARR,
11637,BUS-X 541,LEC,OPEN,,50,21,0,IN_PERSON,Hill J,MOTUWETHFR,09:00,17:00,CG,1050
11638,BUS-X 541,LEC,OPEN,,50,22,0,IN_PERSON,Hill J,MOTUWETHFR,09:00,17:00,CG,1056
11639,BUS-X 542,LEC,OPEN,,50,49,0,IN_PERSON,Hill J,MOTUWETHFR,09:00,17:00,CG,1050
1164,BUS-K 201,LEC,CLOSED,,40,0,1,IN_PERSON,W W,MOWE,11:10,12:25,LI,503
11640,BUS-X 542,LEC,OPEN,,50,50,0,IN_PERSON,Hill J,MOTUWETHFR,09:00,17:00,CG,1056
11641,MUS-V 400,LEC,OPEN,,18,7,0,,Vaughn T,,,,ARR,
11642,MUS-V 800,LEC,OPEN,,5,5,0,,Vaughn T,,,,ARR,
11643,MUS-V 900,LEC,OPEN,,18,15,0,,Vaughn T,,,,ARR,
11645,CSCI-C 200,LEC,OPEN,,200,197,0,,Mattox M,,,,ARR,
11646,CSCI-C 200,LEC,OPEN,,200,200,0,,Scott H,,,,ARR,
11647,ENG-L 111,LEC,OPEN,,90,87,0,,Hogg K,,,,ARR,
11648,ENG-L 111,LEC,OPEN,,90,46,0,,Seland G,,,,ARR,
11649,ENG-L 111,LEC,OPEN,,90,43,0,,Zerbe T,,,,ARR,
1165,BUS-K 201,LEC,CLOSED,,40,0,0,IN_PERSON,Sweeny K,MOWE,09:35,10:50,GR,102A
11650,ENG-L 111,LEC,OPEN,,90,42,0,,Hodgson K,,,,ARR,
11651,ENG-L 111,LEC,OPEN,,90,80,0,,Davis E,,,,ARR,
11652,ENG-L 111,LEC,OPEN,,91,49,0,,McInteer A,,,,ARR,
11660,EDUC-Y 520,LEC,CLOSED,,20,0,0,,Paulsen J,,,,WB,WEB
11664,MSCH-C 270,LEC,CLOSED,ADOBE PREMIERE BASICS,18,0,0,IN_PERSON,Carroll A,MOWE,16:10,17:00,WB,WEB
11665,SPEA-V 252,LEC,CLOSED,,45,0,0,IN_PERSON,Reardon B,TUTH,08:00,08:50,PV,277
11666,ENG-W 131,LEC,CLOSED,,23,0,0,IN_PERSON,Panjiyar C; Silvester K,MOWEFR,13:55,14:45,BH,245
11667,SPEA-H 267,LEC,CLOSED,,45,0,0,IN_PERSON,Reardon B,TUTH,08:00,08:50,PV,277
11669,MUS-M 528,LEC,CLOSED,,20,0,2,IN_PERSON,Liu B,TUTH,12:45,14:00,SM,356
11671,SPEA-V 184,LEC,CLOSED,,64,0,7,IN_PERSON,Engels E,MOWE,11:10,12:25,GA,1106
11672,SPEA-E 518,LEC,CLOSED,,8,0,1,IN_PERSON,Walker A,MOWE,12:45,14:00,PV,151
11673,SOAD-S 270,LEC,CLOSED,,10,0,1,IN_PERSON,Woerner D,MOWE,09:10,11:55,CO,100
11675,SOAD-S 810,LEC,OPEN,,3,1,0,,Young M,,,,ARR,
11676,SOAD-S 820,LEC,OPEN,,3,1,0,,Ricketts R,,,,ARR,
11677,SOAD-S 830,LEC,OPEN,,3,2,0,,Weintraub C,,,,ARR,
11678,SOAD-S 840,LEC,OPEN,,3,2,0,,Templeton T,,,,ARR,
11679,SOAD-S 850,LEC,OPEN,,3,1,0,,Lee T,,,,ARR,
1168,BUS-K 201,LEC,CLOSED,,40,0,0,IN_PERSON,Richardson A,MOWE,17:30,18:45,GR,102A
11680,SOAD-S 860,LEC,OPEN,,3,1,0,,Gamblin J,,,,ARR,
11681,SOAD-S 870,LEC,OPEN,,3,3,0,,Pennington M,,,,ARR,
11682,SOAD-S 880,LEC,OPEN,,3,1,0,,Jacquard N,,,,ARR,
11683,SOAD-S 890,LEC,OPEN,,3,2,0,,Nakagawa O,,,,ARR,
11684,LAW-B 684,LEC,OPEN,,18,4,0,IN_PERSON,Murphy B,MOWE,13:20,14:15,LW,203
11685,GNDR-X 490,LEC,OPEN,,2,2,0,,Otero S,,,,ARR,
11686,ANTH-E 260,DIS,OPEN,,30,12,0,IN_PERSON,Phillips S; Ramirez C,TU,13:55,14:45,SB,231
11687,ANTH-E 260,DIS,OPEN,,30,13,0,IN_PERSON,Phillips S; Ramirez C,TU,15:10,16:00,SB,231
11688,ANTH-E 260,DIS,OPEN,,30,20,0,IN_PERSON,Phillips S; Ramirez C,TU,16:20,17:10,SB,231
11689,NEUS-G 901,LEC,OPEN,,2,2,0,,Sporns O,,,,ARR,
1169,BUS-K 201,LEC,OPEN,,40,14,0,IN_PERSON,Davis R,MOWE,08:00,09:15,HH,1047
11691,SPH-I 100,LEC,CLOSED,PICKLEBALL,24,0,3,IN_PERSON,Bain W,TUTH,10:10,11:25,HD,TBA
11695,SPH-V 492,LEC,OPEN,,1,1,0,,Greaves J,,,,ARR,
11696,SPH-V 492,LEC,OPEN,,6,4,0,,Silveyra P,,,,ARR,
1170,BUS-K 201,LEC,CLOSED,,34,0,0,IN_PERSON,Abbott DeMoss M,MOWE,15:55,17:10,HH,4083
11707,HISP-S 200,LEC,CLOSED,,24,0,2,IN_PERSON,Ortiz S,MOWETH,17:30,18:20,WB,WEB
11708,AAAD-A 699,LEC,OPEN,,1,1,0,,Williams J,,,,ARR,
11709,COLL-P 155,LEC,CLOSED,,24,0,1,IN_PERSON,Riley S,MOFR,16:20,17:10,BH,236
1171,BUS-K 201,LEC,CLOSED,,40,0,0,IN_PERSON,Lipare A,TUTH,11:10,12:25,LI,503
11710,CSCI-C 241,DIS,OPEN,,30,16,0,IN_PERSON,Wennstrom E,FR,13:55,15:50,BH,208
11713,SPH-K 550,LEC,OPEN,PEDAGOGY,10,7,0,IN_PERSON,Huntoon J,TUTH,11:10,12:25,ED,3004
11715,SPH-N 700,LEC,OPEN,,10,7,0,IN_PERSON,Perry C; Spence L,MO,14:20,15:40,WH,118
11719,ENGR-E 687,LEC,OPEN,,10,10,0,,Swany M,,,,ARR,
11722,AAAD-A 355,LEC,CLOSED,,35,0,2,IN_PERSON,Jelks R,MOWE,12:45,14:00,BH,343
11724,SOAD-Z 800,LEC,CLOSED,,2,0,0,,Martinez D,,,,ARR,
11726,MSCH-T 576,LEC,OPEN,,10,5,0,IN_PERSON,Tolchinsky D,TU,14:20,16:50,FF,017
11727,CHEM-C 101,LEC,CLOSED,,160,0,2,IN_PERSON,Li L,MOWEFR,08:00,08:50,WH,101
11728,CHEM-C 101,DIS,CLOSED,,40,0,0,IN_PERSON,Gao Y,WE,09:10,10:00,BH,003
11729,CHEM-C 101,DIS,CLOSED,,40,0,1,IN_PERSON,Gao Y,WE,10:25,11:15,GA,1122
1173,BUS-K 201,LEC,CLOSED,,40,0,1,IN_PERSON,Kase T,TUTH,15:55,17:10,LI,503
11730,CHEM-C 101,DIS,CLOSED,,40,0,0,IN_PERSON,Chandrachood M,WE,11:35,12:25,WH,121
11731,CHEM-C 101,DIS,CLOSED,,40,0,1,IN_PERSON,Chandrachood M,WE,12:45,13:35,GA,0003
11732,MUS-I 300,LEC,OPEN,,18,6,0,IN_PERSON,Vaughn T,TU,19:00,20:30,SM,005
11733,MUS-I 500,LEC,OPEN,,18,6,0,IN_PERSON,Vaughn T,TU,19:00,20:30,SM,005
11734,BUS-X 540,LEC,OPEN,,30,30,0,,Handlos G,,,,ARR,
11737,PSY-P 895,LEC,OPEN,,20,17,0,,Gunderson E,,,,ARR,
11738,PSY-P 895,LEC,OPEN,,20,20,0,,Moussa-Tooks A,,,,ARR,
11739,PSY-P 895,LEC,OPEN,,20,18,0,,Nozari B,,,,ARR,
1174,BUS-K 201,LEC,CLOSED,,40,0,0,IN_PERSON,Ohrt J,MOWE,15:55,17:10,GR,102A
11740,PSY-P 895,LEC,OPEN,,20,20,0,,Pleskac T,,,,ARR,
11741,CEUS-T 298,LEC,OPEN,INTERMEDIATE KYRGYZ I,5,4,0,IN_PERSON,Daniiar kyzy A,MOWEFR,09:10,10:00,FQ,B002
11742,CEUS-T 698,LEC,OPEN,INTERMEDIATE KYRGYZ I,5,4,0,IN_PERSON,Daniiar kyzy A,MOWEFR,09:10,10:00,FQ,B002
11743,CEUS-T 798,LEC,OPEN,POST ADV LANG STUDY-HUNGARIAN,4,4,0,,Varga V,,,,WB,WEB
11744,CEUS-T 798,LEC,OPEN,POST ADV LANG STUDY-ESTONIAN,5,5,0,,Kivik P,,,,WB,WEB
11745,CEUS-T 711,LEC,OPEN,,5,5,0,IN_PERSON,Hodjaev M,MOWEFR,11:35,12:25,WB,WEB
11747,SGIS-S 300,LEC,OPEN,INTERNAT'L CLIMATE GOVERNANCE,18,6,0,,O'Reilly J,,,,ARR,
11748,SGIS-S 500,LEC,OPEN,INTERNAT'L CLIMATE GOVERNANCE,18,6,0,,O'Reilly J,,,,ARR,
11749,ENGR-E 399,LEC,OPEN,MICROELECTRONICS RADIATION EFF,30,9,0,IN_PERSON,Loveless D,TUTH,12:45,14:00,IF,4063
1175,BUS-K 201,LEC,CLOSED,,40,0,0,IN_PERSON,Pranger M,TUTH,15:55,17:10,HH,1047
11750,ENGR-E 599,LEC,OPEN,MICROELECTRONICS RADIATION EFF,30,9,0,IN_PERSON,Loveless D,TUTH,12:45,14:00,IF,4063
11751,MUS-V 105,LEC,OPEN,,15,12,0,IN_PERSON,Gunter E; Gill K,MOWE,09:10,10:00,MC,017
11752,MUS-V 105,LEC,OPEN,,15,1,0,IN_PERSON,Gunter E; Gill K,TUTH,11:35,12:25,MC,017
11754,SPH-E 799,LEC,OPEN,,10,10,0,,Litvinova M,,,,ARR,
11755,EAS-G 810,LEC,OPEN,,3,1,0,,Gong J,,,,ARR,
11756,BUS-W 505,LEC,CLOSED,,41,0,2,IN_PERSON,Kolovou T,MOWE,12:45,14:10,CG,1008
11757,MUS-I 500,LEC,OPEN,,18,11,0,IN_PERSON,Coates Z,MO,18:00,20:00,MA,007
1176,BUS-K 201,LEC,CLOSED,,40,0,0,IN_PERSON,Anderson J,TUTH,14:20,15:35,GR,102A
11761,MUS-P 800,LEC,OPEN,,10,10,0,,Gulyak S,,,,ARR,
11764,EDUC-A 590,LEC,OPEN,,1,1,0,,Perrone F,,,,ARR,
11766,SLHS-S 670,LEC,OPEN,,20,11,0,IN_PERSON,Bidelman J,TH,14:20,15:20,AH,C3053A
11768,BIOT-T 500,LEC,OPEN,,1,1,0,,Bollivar D,,,,ARR,
1177,BUS-K 201,LEC,CLOSED,,40,0,0,IN_PERSON,Kase T,MOWE,15:55,17:10,LI,503
11770,INFO-I 390,LEC,OPEN,,20,20,0,,Francisco M,,,,ARR,
11773,CSCI-Y 390,LEC,OPEN,,20,19,0,,Tobin-Hochstadt S,,,,ARR,
11774,DSCI-D 390,LEC,OPEN,,20,20,0,,Dalkilic M,,,,ARR,
11775,ENGR-E 390,LEC,OPEN,,20,19,0,,Kim Y,,,,ARR,
11777,MUS-Z 110,LEC,OPEN,JAZZ GUITAR UNDERGRAD ELECTIVE,5,5,0,,Williams A,,,,ARR,
11778,MUS-S 120,LEC,OPEN,,1,1,0,,Arad A,,,,ARR,
11779,MUS-P 400,LEC,OPEN,,18,16,0,,Gulyak S,,,,ARR,
1178,BUS-K 201,LEC,CLOSED,,40,0,1,IN_PERSON,Hostetler K,MOWE,12:45,14:00,GR,102A
11780,MUS-P 900,LEC,OPEN,,18,5,0,,Gulyak S,,,,ARR,
11781,NEUS-N 800,LEC,OPEN,,3,3,0,,Wood J,,,,ARR,
11785,MUS-L 400,LEC,OPEN,,18,18,0,,Kim J,,,,ARR,
11786,MUS-L 900,LEC,OPEN,,18,13,0,,Kim J,,,,ARR,
11787,MUS-L 900,LEC,OPEN,,18,15,0,,Duarte D,,,,ARR,
11788,DSCI-D 390,LEC,OPEN,,5,5,0,,Dalkilic M,,,,ARR,
1179,BUS-K 201,LEC,CLOSED,,40,0,0,IN_PERSON,Davis R,MOWE,09:35,10:50,HH,1047
11790,SPH-O 244,LEC,OPEN,,26,4,0,IN_PERSON,Armstrong J,WE,12:45,17:25,HD,TBA
11791,CEUS-R 690,LEC,OPEN,,2,2,0,,Ozcelik O,,,,ARR,
11792,CSCI-Y 499,LEC,OPEN,,2,2,0,,Tobin-Hochstadt S,,,,ARR,
11795,MUS-I 300,LEC,OPEN,,18,5,0,IN_PERSON,Lee K,WE,20:00,21:30,MU,204
11796,MUS-I 500,LEC,OPEN,,18,5,0,IN_PERSON,Lee K,WE,20:00,21:30,MU,204
11797,OPT-V 569,LEC,OPEN,,5,5,0,,Hassan S,,,,ARR,
11798,REEI-R 300,LEC,OPEN,ELEMENTARY ARMENIAN I,5,4,0,IN_PERSON,Goldberg H,MOWE,17:40,19:00,WB,WEB
11799,SLAV-S 201,LEC,OPEN,,15,10,0,IN_PERSON,Ozcelik T,MOWEFR,10:25,11:15,GA,3106
11800,SLAV-S 201,LEC,OPEN,,6,4,0,IN_PERSON,Ozcelik T,MOWEFR,10:25,11:15,WB,WEB
11801,SLAV-S 503,LEC,OPEN,,5,4,0,IN_PERSON,Ozcelik T,MOWEFR,10:25,11:15,GA,3106
11802,SLAV-S 503,LEC,OPEN,,6,4,0,IN_PERSON,Ozcelik T,MOWEFR,10:25,11:15,WB,WEB
11803,SLHS-S 423,LEC,CLOSED,INTRO CHILD LANG DISORDERS,22,0,4,IN_PERSON,Gangopadhyay I,MOWE,14:20,15:35,PV,275
11804,POLS-Y 103,LEC,OPEN,INTRO TO AMERICAN POLITIC,200,67,0,IN_PERSON,Lienesch R,MOWE,11:10,12:25,MO,007
11805,EAS-E 105,LAB,CLOSED,,21,0,0,IN_PERSON,Kenderes E,TH,15:10,17:10,GY,2033
11806,EAS-E 114,LEC,OPEN,,105,1,1,IN_PERSON,Polly P,MOWE,12:45,13:35,GY,1045
11807,EAS-E 114,LAB,CLOSED,,21,0,0,IN_PERSON,Polly P,TH,12:45,14:45,GY,5051
11808,EAS-E 114,LAB,CLOSED,,21,0,0,IN_PERSON,Polly P,WE,15:10,17:10,GY,5051
11809,EAS-E 114,LAB,CLOSED,,21,0,1,IN_PERSON,Polly P,WE,17:30,19:30,GY,5051
11810,EAS-E 114,LAB,CLOSED,,21,0,0,IN_PERSON,Polly P,TH,15:10,17:10,GY,5051
11812,NURS-H 355,LEC,OPEN,,60,3,0,IN_PERSON,Tanner A,MO,13:00,16:00,AH,C1020Y
11816,POLS-Y 383,LEC,CLOSED,,55,0,3,IN_PERSON,Cruzatti Constantine C,TUTH,14:20,15:35,GA,1134
11817,REL-B 220,LEC,OPEN,,76,5,0,IN_PERSON,Manring R,TUTH,09:35,10:50,WH,003
11819,MATH-E 265,LEC,OPEN,,40,16,0,IN_PERSON,Neese B,MOWE,15:55,17:10,WH,009
11821,BIOL-L 112,LEC,CLOSED,,150,0,8,IN_PERSON,Shafer III O,MOWEFR,11:35,12:25,JH,124
11822,BIOL-L 112,DIS,CLOSED,,22,0,1,IN_PERSON,Shafer III O,TU,17:30,18:20,JH,A105
11823,BIOL-L 112,DIS,OPEN,,22,1,0,IN_PERSON,Shafer III O,WE,18:40,19:30,JH,A105
11824,BIOL-L 112,DIS,OPEN,,22,1,1,IN_PERSON,Shafer III O,WE,19:55,20:45,JH,A106
11825,BIOL-L 112,DIS,CLOSED,,22,0,2,IN_PERSON,Shafer III O,WE,15:10,16:00,JH,A105
11826,BIOL-L 112,DIS,CLOSED,,23,0,4,IN_PERSON,Shafer III O,TU,11:10,12:25,JH,440
11827,BIOL-L 112,DIS,CLOSED,,22,0,0,IN_PERSON,Shafer III O,TU,18:40,19:30,JH,A105
11830,PHIL-P 106,DIS,CLOSED,,23,0,0,IN_PERSON,Haaksma K,WE,13:55,14:45,BH,232
11831,MSCH-J 410,LEC,OPEN,,25,7,0,IN_PERSON,Comfort S,MOWE,12:45,14:00,FF,210
11832,SOC-S 230,LEC,CLOSED,,48,0,1,IN_PERSON,Gannon Jr M,MOWE,15:55,17:10,BH,006
11834,PHIL-P 340,LEC,CLOSED,,24,0,6,IN_PERSON,Abramson K,TUTH,12:45,14:00,BH,337
11835,PHIL-P 345,LEC,CLOSED,,40,0,3,IN_PERSON,Adams M,MOWE,11:10,12:25,IF,1019
11837,SOC-S 431,LEC,CLOSED,SOCIOLOGY OF EMOTIONS,25,0,18,IN_PERSON,Miller J,TUTH,15:55,17:10,BH,306
11838,ECON-B 252,LEC,CLOSED,,60,0,6,IN_PERSON,Kim S,TUTH,08:00,09:15,BH,304
11839,ECON-E 321,LEC,CLOSED,,45,0,22,IN_PERSON,Walker J,TUTH,09:35,10:50,JH,009
11841,ECON-E 724,LEC,OPEN,ADVANCED MACRO THEORY,18,9,0,IN_PERSON,Guler B,TH,15:55,18:25,WY,005
11842,ECON-E 362,LEC,OPEN,,48,2,0,IN_PERSON,Raghav M,TUTH,12:45,14:00,WY,015
11844,THTR-T 130,LEC,OPEN,,10,6,0,IN_PERSON,Sickmeier K,MOWE,12:45,14:00,TH,A206
11848,SPH-V 360,LEC,OPEN,,12,5,0,IN_PERSON,Del Rio M,TUTH,15:55,17:10,BH,336
11849,SPH-V 560,LEC,OPEN,,10,6,0,IN_PERSON,Del Rio M,TUTH,15:55,17:10,BH,336
11850,THTR-T 351,LEC,OPEN,,16,5,0,IN_PERSON,Roland R,MOWE,10:50,12:35,TH,A200
11851,THTR-T 353,LEC,OPEN,,16,5,0,IN_PERSON,Roland R,TUTH,10:50,12:35,TH,A200
11852,THTR-T 120,LEC,CLOSED,,12,0,0,IN_PERSON,McKnight J,TU,09:35,10:50,AD,A280
11853,THTR-T 340,LEC,OPEN,,16,1,0,IN_PERSON,Valentine A,TUTH,10:50,12:35,TH,A207
11854,ECON-E 327,LEC,OPEN,,60,20,0,IN_PERSON,Zeidel J,MOWE,09:35,10:50,WY,005
11855,OPT-V 644,LEC,OPEN,,96,6,0,IN_PERSON,Grogg J,TU,10:00,11:50,OP,111
11856,OPT-V 646,LEC,OPEN,,96,4,0,IN_PERSON,Himebaugh N; Klemencic S,WE,09:00,10:50,OP,105
11857,SPH-Q 611,LEC,OPEN,,40,22,0,IN_PERSON,Ajelli M,MOWE,11:10,12:25,GA,0003
11858,SWK-S 442,LEC,OPEN,PRAC: CHILDREN AND FAMILIES,30,6,0,IN_PERSON,Terry M,TU,15:55,18:40,AH,C1023A
11860,REL-A 270,LEC,OPEN,,76,21,0,IN_PERSON,Jaques R,MOWE,12:45,14:00,BH,008
11861,MSCH-C 223,LEC,CLOSED,,125,0,5,IN_PERSON,Brown B,MOWE,12:45,14:00,TV,251
11862,SPH-K 450,LEC,OPEN,SPORT BASED YOUTH DEV PUB HLTH,20,10,0,IN_PERSON,Kercher K,TUTH,12:45,14:00,BH,315
11864,THTR-D 154,LEC,OPEN,,20,9,0,IN_PERSON,Foley S,TUTH,15:00,16:30,TH,A200
11865,SPH-K 199,LEC,OPEN,,25,13,0,IN_PERSON,Coleman J,MOWE,10:10,11:00,SY,003
11866,SPH-K 492,LEC,OPEN,,5,3,0,,Kercher K,,,,ARR,
11867,SPH-K 693,LEC,OPEN,,25,25,0,,Kercher K,,,,ARR,
1187,BUS-L 201,LEC,CLOSED,,150,0,4,IN_PERSON,Wheeler C,TUTH,09:35,10:50,HH,1006
11871,CJUS-P 332,LEC,OPEN,,138,46,0,IN_PERSON,Diekhoff M,TUTH,16:30,17:45,BH,110
11872,CJUS-P 433,LEC,CLOSED,,48,0,0,IN_PERSON,Burkhardt T,TUTH,14:20,15:35,LH,102
11873,SOC-S 100,LEC,CLOSED,,48,0,0,IN_PERSON,Biswas A,MOWE,15:55,17:10,LH,102
11874,SPH-Q 501,LEC,OPEN,,27,23,0,IN_PERSON,Fluharty D,TUTH,14:20,15:35,BH,147
11876,SOC-S 100,LEC,CLOSED,,48,0,1,IN_PERSON,Derner A,TUTH,08:00,09:15,BH,005
11877,BUS-A 325,LEC,CLOSED,,50,0,13,IN_PERSON,Knisley R,TUTH,12:45,14:00,HH,2046
11878,COLL-C 104,LEC,OPEN,LANG HOTSPOTS & BIODIVERSITY,60,2,0,IN_PERSON,Stringer D,TUTH,11:10,12:25,BH,304
11879,COLL-C 104,LEC,OPEN,"OPINIONS, BELIEFS, AND TRUTH",64,3,0,IN_PERSON,Hullinger R,MOWE,09:10,10:00,PY,226
1188,BUS-L 201,LEC,CLOSED,,150,0,2,IN_PERSON,Clark R,MOWE,15:55,17:10,HH,1006
11880,COLL-C 104,DIS,OPEN,"OPINIONS, BELIEFS, AND TRUTH",32,1,0,IN_PERSON,Hullinger R; Hoogstraten S,FR,09:10,10:00,PY,226
11881,COLL-C 104,DIS,OPEN,"OPINIONS, BELIEFS, AND TRUTH",32,2,0,IN_PERSON,Hullinger R; Hoogstraten S,FR,10:25,11:15,PY,226
11882,SPH-R 142,LEC,OPEN,,250,92,0,,McIntire J,,,,WB,WEB
11883,BUS-A 313,LEC,CLOSED,,34,0,1,IN_PERSON,Levitt B,MO,15:55,17:10,HH,3030
11884,COLL-C 105,LEC,OPEN,"MUSIC, LANGUAGE, AND THE BRAIN",180,70,0,IN_PERSON,Riffle T,MOWE,17:30,18:45,WH,100
11885,COLL-C 105,LEC,OPEN,PHYSICS OF SPORTS,120,1,0,IN_PERSON,Zhang S,TUTH,13:55,14:45,WB,WEB
11886,COLL-C 105,DIS,CLOSED,PHYSICS OF SPORTS,30,0,0,IN_PERSON,Zhang S; Collier A,FR,09:10,10:00,WB,WEB
11887,COLL-C 105,DIS,CLOSED,PHYSICS OF SPORTS,30,0,0,IN_PERSON,Zhang S; Collier A,FR,10:25,11:15,WB,WEB
11888,COLL-C 105,DIS,OPEN,PHYSICS OF SPORTS,30,1,0,IN_PERSON,Zhang S; Collier A,FR,11:35,12:25,WB,WEB
11889,COLL-C 105,DIS,CLOSED,PHYSICS OF SPORTS,30,0,0,IN_PERSON,Zhang S; Collier A,FR,12:45,13:35,WB,WEB
1189,BUS-L 201,LEC,CLOSED,,150,0,5,IN_PERSON,Gaske M,MOWE,09:35,10:50,HH,1006
11892,BUS-M 330,LEC,CLOSED,,30,0,3,IN_PERSON,Spahr D,MOWE,09:35,10:50,HH,2047
11893,ENG-L 260,LEC,CLOSED,,30,0,2,IN_PERSON,Anderson D,TUTH,12:45,14:00,WH,104
11894,MSCH-C 250,LEC,CLOSED,,126,0,2,IN_PERSON,Whitaker J,TUTH,11:10,12:25,WH,120
11895,MSCH-C 250,LAB,CLOSED,,18,0,0,IN_PERSON,Glowacki E; Whitaker J,FR,11:10,12:25,FF,062
11896,MSCH-C 250,LAB,CLOSED,,18,0,1,IN_PERSON,Craig A; Whitaker J,FR,12:45,14:00,FF,060
11897,MSCH-C 250,LAB,CLOSED,,18,0,0,IN_PERSON,Lock E; Whitaker J,FR,14:20,15:35,FF,060
11898,MSCH-C 250,LAB,CLOSED,,18,0,0,IN_PERSON,Jernigan J; Whitaker J,FR,12:45,14:00,FF,062
11899,MSCH-C 250,LAB,CLOSED,,18,0,0,IN_PERSON,McKinney L; Whitaker J,FR,14:20,15:35,FF,058
1190,BUS-L 201,LEC,CLOSED,,150,0,1,IN_PERSON,Altom K,MOWE,17:30,18:45,HH,1006
11900,MSCH-C 250,LAB,CLOSED,,18,0,1,IN_PERSON,Ihrig R; Whitaker J,FR,09:35,10:50,FF,060
11902,INFO-I 101,LAB,OPEN,,32,20,0,IN_PERSON,Paul L,MOWE,19:05,20:20,IF,1019
11903,LING-L 690,LEC,OPEN,,10,10,0,,Cavar D,,,,ARR,
11904,LING-L 690,LEC,OPEN,,10,8,0,,Chelliah S,,,,ARR,
1191,BUS-L 201,LEC,CLOSED,,150,0,5,IN_PERSON,Eikenberry S,TUTH,11:10,12:25,HH,1006
11911,INFO-I 101,LAB,OPEN,,32,19,0,IN_PERSON,Paul L,TUTH,19:05,20:20,I,109
11912,MSCH-B 360,LEC,CLOSED,COLLEGE SPORTS MEDIA RELATIONS,20,0,2,IN_PERSON,Keag J,TUTH,10:00,11:15,AS,056
11913,SPH-R 235,LEC,OPEN,,65,40,0,,Anderson A,,,,WB,WEB
11915,CHEM-J 341,LEC,OPEN,,50,2,0,IN_PERSON,Brown M,MOWEFR,10:25,11:15,FA,102
11916,CHEM-J 341,DIS,CLOSED,,25,0,0,IN_PERSON,Putnam K,WE,11:35,12:25,BH,104
11917,MSCH-P 362,LEC,CLOSED,,12,0,5,IN_PERSON,Garland Jr J,FR,10:00,14:00,TV,127
11918,MUS-G 679,LEC,OPEN,,5,1,0,,McKinney D,,,,ARR,
11919,MUS-M 579,LEC,OPEN,,5,1,0,IN_PERSON,McKinney D,MOWE,09:35,10:50,SM,153A
1192,BUS-L 201,LEC,CLOSED,,150,0,4,IN_PERSON,Gaske M,MOWE,12:45,14:00,HH,1006
11920,MUS-M 679,LEC,OPEN,,5,1,0,IN_PERSON,McKinney D,MOWE,09:35,10:50,SM,153A
11922,BIOL-M 316,LEC,OPEN,,20,1,0,IN_PERSON,Limoli D,MOWE,13:55,16:25,JH,A012
11923,BIOL-L 104,LEC,CLOSED,HUMAN BIOLOGY,75,0,1,IN_PERSON,Chooi Y,TUTH,09:35,10:50,JH,A100
11924,BUS-A 313,LEC,CLOSED,,34,0,1,IN_PERSON,Levitt B,MO,17:30,18:45,HH,3030
11925,EDUC-F 203,LEC,OPEN,MENTORING FUTURE EDUCATORS,24,16,0,IN_PERSON,Wilson S; Erxleben E,TH,17:30,18:30,ED,2271
11926,BUS-A 327,LEC,CLOSED,,52,0,2,IN_PERSON,Hagerty A,TUTH,12:45,14:00,HH,1030
11927,BUS-A 327,LEC,CLOSED,,52,0,9,IN_PERSON,Coleman F,MOWE,14:20,15:35,HH,2050
11929,INFO-I 542,LEC,OPEN,,60,40,0,IN_PERSON,Sun K,WE,17:30,20:00,I,E150
1193,BUS-L 201,LEC,CLOSED,,150,0,5,IN_PERSON,Gaske M,MOWE,14:20,15:35,HH,1006
11932,CSCI-C 200,LAB,OPEN,,24,14,0,IN_PERSON,Dalkilic M,FR,13:55,15:50,PV,151
11933,CSCI-C 200,LAB,OPEN,,24,18,0,IN_PERSON,Dalkilic M,TUTH,17:30,19:25,LH,008
11934,CSCI-C 200,LAB,OPEN,,25,16,0,IN_PERSON,Dalkilic M,TH,15:00,16:50,LH,030
11935,MSCH-P 432,LEC,OPEN,,18,1,0,IN_PERSON,McGee R,MO,18:00,20:30,TV,180
11936,CSCI-C 291,LEC,OPEN,,30,3,0,IN_PERSON,Bisht A,MOWE,12:45,14:00,I,107
11937,MSCH-B 334,LEC,CLOSED,,18,0,6,IN_PERSON,Wells M,MOWE,11:10,12:25,FF,058
11938,HISP-S 431,LEC,CLOSED,,22,0,5,IN_PERSON,Del Carpio L,MOWE,11:10,12:25,SY,0009
1194,BUS-L 201,LEC,CLOSED,,150,0,2,IN_PERSON,Clark R,TUTH,15:55,17:10,HH,1006
11941,MSCH-P 360,LEC,CLOSED,,12,0,4,IN_PERSON,Schwibs S,TUTH,12:30,14:00,TV,157
11942,MSCH-C 560,LEC,OPEN,,2,1,0,IN_PERSON,Schwibs S,TUTH,12:30,14:00,TV,157
11943,INFO-I 457,LEC,OPEN,DISNEY,40,18,0,IN_PERSON,Terrell J,TUTH,15:55,17:10,I,E150
11944,CSCI-B 455,LEC,OPEN,,50,11,0,IN_PERSON,He J,MOWE,09:35,10:50,AC,C114
11945,PSY-P 155,LEC,OPEN,,50,14,0,IN_PERSON,Thomassen L,TUTH,12:45,14:00,PY,226
11946,CSCI-P 466,LEC,OPEN,,15,7,0,IN_PERSON,Bahramian H,TUTH,14:20,15:35,LU,1001
11947,PSY-P 319,LEC,CLOSED,,126,0,30,,Roberts A,,,,WB,WEB
1195,BUS-M 300,LEC,CLOSED,,100,0,8,IN_PERSON,Palmer Jr P,MOWE,14:20,15:35,WB,WEB
11950,MSCH-J 560,LEC,OPEN,DOUBLE EXPOSURE,2,2,0,IN_PERSON,Schwibs S,TUTH,15:55,17:25,TV,180
11951,CSCI-B 544,LAB,OPEN,,26,23,0,IN_PERSON,Huang Y,FR,13:50,14:40,IF,3115
11952,CHEM-J 341,DIS,OPEN,,25,2,0,IN_PERSON,Putnam K,WE,12:45,13:35,LH,130
11953,CJUS-P 304,LEC,CLOSED,,60,0,2,IN_PERSON,Colanese J,TUTH,17:30,18:45,WB,WEB
11955,EDUC-X 150,LEC,OPEN,BECOMING THE BEST STUDENT,19,14,0,IN_PERSON,Guest-Scott A; Lesser R,TUTH,14:20,15:35,ED,2101
11956,MUS-I 615,LEC,OPEN,,5,5,0,,Cartledge D,,,,ARR,
11958,PSY-P 448,LEC,CLOSED,,25,0,3,IN_PERSON,Rydell R,MOWE,11:10,12:25,PY,230
11959,PSY-P 453,LEC,CLOSED,,30,0,4,IN_PERSON,Brown J,MOWE,14:20,15:35,PY,228
1196,BUS-M 303,LEC,OPEN,,34,1,0,IN_PERSON,Liu Z,MOWE,08:00,09:15,HH,3075
11964,ENG-W 680,LEC,CLOSED,,12,0,0,IN_PERSON,Gay R,TU,17:30,20:30,BH,241
11965,PSY-X 397,LEC,OPEN,,20,17,0,,Gunderson E,,,,ARR,
11967,PSY-X 397,LEC,OPEN,,20,20,0,,Moussa-Tooks A,,,,ARR,
11968,PSY-X 397,LEC,OPEN,,20,18,0,,Nozari B,,,,ARR,
11969,PSY-X 397,LEC,OPEN,,20,18,0,,Pleskac T,,,,ARR,
1197,BUS-M 303,LEC,CLOSED,,34,0,16,IN_PERSON,Welden R,TUTH,14:20,15:35,HH,1030
11970,PSY-X 398,LEC,OPEN,,20,18,0,,Gunderson E,,,,ARR,
11971,PSY-X 398,LEC,OPEN,,20,20,0,,Moussa-Tooks A,,,,ARR,
11972,PSY-X 398,LEC,OPEN,,20,20,0,,Nozari B,,,,ARR,
11973,PSY-X 398,LEC,OPEN,,20,20,0,,Pleskac T,,,,ARR,
11974,PSY-X 497,LEC,OPEN,,20,20,0,,Gunderson E,,,,ARR,
11975,PSY-X 497,LEC,OPEN,,20,20,0,,Moussa-Tooks A,,,,ARR,
11976,PSY-X 497,LEC,OPEN,,20,19,0,,Nozari B,,,,ARR,
11977,PSY-X 497,LEC,OPEN,,20,20,0,,Pleskac T,,,,ARR,
11978,PSY-X 498,LEC,OPEN,,20,20,0,,Gunderson E,,,,ARR,
11979,PSY-X 498,LEC,OPEN,,20,20,0,,Moussa-Tooks A,,,,ARR,
1198,BUS-M 303,LEC,CLOSED,,34,0,19,IN_PERSON,Liu Z,MOWE,12:45,14:00,HH,3075
11980,PSY-X 498,LEC,OPEN,,20,20,0,,Nozari B,,,,ARR,
11981,PSY-X 498,LEC,OPEN,,20,20,0,,Pleskac T,,,,ARR,
11982,EDUC-X 152,LEC,CLOSED,TACKLING TEST ANXIETY,19,0,0,IN_PERSON,Guest-Scott A; Hamilton M,MOWE,15:10,16:00,AC,C118
11983,CHEM-C 118,DIS,OPEN,,36,8,1,IN_PERSON,Drummond A,TU,15:10,16:00,JH,A106
11985,CHEM-C 118,LAB,OPEN,,24,3,2,IN_PERSON,Singh P,FR,13:00,16:00,CH,027
11986,EDUC-E 343,LEC,OPEN,,18,18,0,IN_PERSON,Marsh A,TUTH,11:10,12:25,ED,3017
11987,EDUC-E 328,LEC,OPEN,,18,18,0,IN_PERSON,Amoako Mensah J,TUTH,09:35,10:50,ED,3015
11988,EDUC-M 301,LEC,OPEN,,18,18,0,IN_PERSON,Amoako Mensah J,FR,08:15,16:00,HD,TBA
11989,SOAD-S 450,LEC,CLOSED,PRODUCTION,18,0,2,IN_PERSON,Hott C,MOWE,09:10,11:55,FA,137
1199,BUS-M 304,LEC,CLOSED,,0,0,0,IN_PERSON,Fossen B,TUTH,11:20,12:35,HH,4000
11990,ENGR-E 471,LEC,OPEN,,12,11,0,IN_PERSON,Guo F,WE,15:10,17:40,BH,214
11991,ENGR-E 687,LEC,OPEN,,10,7,0,,Song F,,,,ARR,
11992,ENGR-E 687,LEC,OPEN,,10,7,0,,Leung H,,,,ARR,
11993,BIOL-B 221,LEC,OPEN,,12,1,0,IN_PERSON,Kehoe D,TUTH,11:10,12:25,JH,065
11996,MSCH-J 344,LEC,OPEN,,18,9,0,IN_PERSON,Comfort R,TUTH,15:55,17:10,FF,060
11997,BIOT-T 425,LEC,OPEN,,18,3,0,IN_PERSON,Held D,TUTH,12:45,15:45,JH,033
11998,BIOT-T 525,LEC,OPEN,,6,4,0,IN_PERSON,Held D,TUTH,12:45,15:45,JH,033
1200,BUS-M 304,LEC,CLOSED,,0,0,0,IN_PERSON,Godfrey Z,TUTH,15:45,17:00,HH,4000
12003,BUS-T 275,LEC,CLOSED,,45,0,3,IN_PERSON,Tai W,WE,17:30,18:45,HH,4075
12004,BUS-T 275,LEC,CLOSED,,45,0,4,IN_PERSON,Kniola J,WE,15:55,17:10,HH,4075
12005,PSY-P 101,LEC,CLOSED,,255,0,0,IN_PERSON,Koop G,TUTH,09:35,10:50,JH,124
12007,SOAD-W 400,LEC,CLOSED,,20,0,0,IN_PERSON,Racek J,TUTH,11:10,13:55,KH,017
12009,EDUC-J 795,LEC,OPEN,,2,1,0,,Tavin K,,,,WB,WEB
1201,BUS-M 370,LEC,CLOSED,,0,0,0,IN_PERSON,McManus K,MOWE,08:00,09:05,HH,2083
12012,FRIT-F 305,LEC,OPEN,,12,6,0,IN_PERSON,Valazza N,MOWE,15:55,17:10,WH,108
12014,FRIT-F 375,LEC,OPEN,FRANCOPHONE WRLD IN THE 1960'S,14,1,0,IN_PERSON,Bouchard V,MOWE,11:10,12:25,PV,A203
12017,BUS-C 104,BIDS,OPEN,,32,4,0,IN_PERSON,Beaver A,TUTH,15:55,17:10,HH,3055
12018,BUS-C 104,BIDS,OPEN,,32,1,0,IN_PERSON,Schmeckebier M,MOWE,09:35,10:50,CG,0001
12019,BUS-C 104,BIDS,OPEN,,32,12,0,IN_PERSON,Smith A,TUTH,17:30,18:45,HH,3022
1202,BUS-M 370,LEC,CLOSED,,0,0,0,IN_PERSON,McManus K,TUTH,08:00,09:05,HH,1059
12021,BUS-C 104,BIDS,OPEN,,32,3,0,IN_PERSON,Beaver A,TUTH,14:20,15:35,HH,4006
12022,BUS-C 104,BIDS,OPEN,,32,6,0,IN_PERSON,Nnagboro C,TUTH,12:45,14:00,WT,C115
12024,BUS-C 204,LEC,CLOSED,,24,0,1,IN_PERSON,Leppert M,MOWE,08:00,09:15,HH,3048
12025,BUS-C 204,LEC,CLOSED,,24,0,6,IN_PERSON,Clark S,TUTH,12:45,14:00,HH,3048
12026,BUS-C 204,LEC,CLOSED,,24,0,5,IN_PERSON,Chen X,MOWE,11:10,12:25,HH,3050
12027,INTL-I 315,LEC,CLOSED,,30,0,6,IN_PERSON,Hulvey R,TUTH,12:45,14:00,WH,002
12029,INTL-I 515,LEC,OPEN,,5,4,0,IN_PERSON,Hulvey R,TUTH,12:45,14:00,WH,002
1203,BUS-M 370,LEC,CLOSED,,0,0,0,IN_PERSON,McManus K,TUTH,09:15,10:20,HH,1055
12031,SOC-X 371,LEC,OPEN,,40,37,0,,Headworth S,,,,ARR,
12034,INTL-I 100,DIS,CLOSED,,26,0,0,IN_PERSON,Bekadze S,FR,10:25,11:15,ED,1250
12035,INTL-I 100,DIS,CLOSED,,27,0,0,IN_PERSON,Bekadze S,FR,12:45,13:35,BH,244
12036,INTL-I 100,DIS,CLOSED,,27,0,1,IN_PERSON,Bekadze S,FR,13:55,14:45,LH,025
12037,INTL-I 100,DIS,CLOSED,,22,0,0,IN_PERSON,Moukhtar C,FR,10:25,11:15,ED,0101
12038,INTL-I 100,DIS,CLOSED,,21,0,0,IN_PERSON,Moukhtar C,FR,11:35,12:25,RE,C110
12039,INTL-I 100,DIS,CLOSED,,22,0,0,IN_PERSON,Moukhtar C,FR,13:55,14:45,FQ,B001
1204,BUS-M 405,LEC,OPEN,,40,13,0,IN_PERSON,Khamitov M,TUTH,08:00,09:15,HH,3075
12040,ENG-W 131,LEC,CLOSED,,23,0,0,IN_PERSON,Silvester K; Achinapura C,MOWEFR,16:20,17:10,BH,133
12041,ENG-W 131,LEC,CLOSED,,23,0,0,IN_PERSON,Kim M; Rivera A,MOWEFR,16:20,17:10,BH,336
12043,CMLT-C 200,LEC,CLOSED,LIGHTNESS,25,0,0,IN_PERSON,Turk J,MOWE,09:35,10:50,AC,C116
12044,CMLT-C 205,LEC,CLOSED,DOUBLE LIVES,20,0,14,IN_PERSON,Emery J,MOWE,14:20,15:35,LH,120
12046,MUS-R 474,LEC,OPEN,,13,2,0,IN_PERSON,Shell M,MOWEFR,13:30,14:45,MC,301
12049,HON-H 234,LEC,CLOSED,LITERATURE OF THE HOLOCAUST,22,0,1,IN_PERSON,Rosenfeld A,TUTH,14:20,15:35,BH,246
1205,BUS-M 405,LEC,CLOSED,,40,0,2,IN_PERSON,Khamitov M,TUTH,09:35,10:50,HH,3075
12058,MELC-M 347,LEC,OPEN,,35,15,0,IN_PERSON,Caner D,MOWE,09:35,10:50,WH,009
12059,MELC-M 695,LEC,OPEN,RISE OF EASTERN ROME,35,15,0,IN_PERSON,Caner D,MOWE,09:35,10:50,WH,009
1206,BUS-M 419,LEC,OPEN,,30,6,0,IN_PERSON,Olsen D,TUTH,11:10,12:25,HH,2047
12060,NURS-H 356,CLN,CLOSED,,10,0,0,IN_PERSON,Baranko Lincoln S,TU,07:00,20:00,HD,TBA
12061,NURS-H 356,CLN,CLOSED,,10,0,0,IN_PERSON,Hutton K,SASU,07:00,20:00,HD,TBA
12062,NURS-H 356,LEC,OPEN,,60,3,0,IN_PERSON,Eads S,WE,13:00,16:00,AH,C1001Z
12063,NURS-H 356,CLN,CLOSED,,10,0,0,IN_PERSON,Harden D,TU,07:00,20:00,HD,TBA
12064,NURS-H 356,CLN,CLOSED,,10,0,0,IN_PERSON,Eads S,TU,07:00,20:00,HD,TBA
12065,NURS-H 356,CLN,OPEN,,10,1,0,IN_PERSON,Haley B,TH,07:00,20:00,HD,TBA
12066,NURS-H 356,CLN,CLOSED,,10,0,0,IN_PERSON,Baranko Lincoln S,TH,07:00,20:00,HD,TBA
12067,NURS-H 356,CLN,OPEN,,10,1,0,IN_PERSON,Baranko Lincoln S,SASU,07:00,20:00,HD,TBA
12068,NURS-H 356,CLN,OPEN,,10,1,0,IN_PERSON,Todd K,SASU,07:00,20:00,HD,TBA
12069,ENG-W 170,LEC,CLOSED,PROJECTS IN READING & WRITING,23,0,1,IN_PERSON,Lehr B,TUTH,11:10,12:25,BH,232
1207,BUS-M 450,LEC,OPEN,,35,11,0,IN_PERSON,Wooldridge B,TUTH,08:00,09:15,HH,2055
12070,NURS-B 334,CLN,CLOSED,,10,0,0,IN_PERSON,Black B,TH,06:45,19:00,HD,TBA
12071,NURS-B 334,CLN,OPEN,,10,1,0,IN_PERSON,Black B,FR,06:45,19:00,HD,TBA
12072,ENG-W 170,LEC,CLOSED,PROJECTS IN READING & WRITING,23,0,1,IN_PERSON,Strauch J; Storey J,MOWEFR,10:25,11:15,BH,246
12073,ENG-W 170,LEC,CLOSED,PROJECTS IN READING & WRITING,23,0,1,IN_PERSON,Maloney C; Storey J,MOWEFR,09:10,10:00,BH,313
12074,ENG-W 170,LEC,CLOSED,PROJECTS IN READING & WRITING,23,0,0,IN_PERSON,Lehr B,TUTH,15:55,17:10,BH,231
12075,ENG-W 170,LEC,CLOSED,PROJECTS IN READING & WRITING,23,0,1,IN_PERSON,Storey J; Sehgal I,MOWEFR,11:35,12:25,BH,244
12077,NURS-H 360,CLN,OPEN,,10,1,0,IN_PERSON,Balle M,TH,07:00,17:00,HD,TBA
12078,NURS-H 360,CLN,OPEN,,10,1,0,IN_PERSON,Balle M,TU,07:00,17:00,HD,TBA
12079,ENG-W 171,LEC,CLOSED,,23,0,0,IN_PERSON,Storey J,TUTH,12:45,14:00,SY,003
1208,BUS-M 512,LEC,OPEN,,30,1,0,IN_PERSON,Mallapragada G,MOWE,11:05,12:30,CG,2077
12081,EDUC-G 647,LEC,CLOSED,,8,0,0,IN_PERSON,Gastil N,WE,17:30,20:00,ED,1084
12082,MSCH-H 300,LEC,OPEN,,20,1,0,IN_PERSON,Clavio O,MO,09:35,12:05,TV,186
1209,BUS-M 530,LEC,OPEN,,35,3,0,IN_PERSON,Gildea J,TUTH,11:05,12:30,CG,2063
12092,MELC-M 215,LEC,OPEN,,30,23,0,IN_PERSON,Caner D,MOWE,12:45,15:15,WH,008
12094,EDUC-K 441,LEC,OPEN,,20,12,0,,Grossi T,,,,WB,WEB
12095,EDUC-K 541,LEC,OPEN,,20,12,0,,Grossi T,,,,WB,WEB
12096,MSCH-X 386,LEC,CLOSED,,10,0,0,,Curtiss S,,,,ARR,
12097,MSCH-X 486,LEC,OPEN,,12,2,0,,Curtiss S,,,,ARR,
12098,EDUC-F 203,LEC,CLOSED,,0,0,0,,,,,,ARR,
12099,EDUC-Q 612,LEC,OPEN,,12,7,0,IN_PERSON,Buck G,WE,09:35,12:05,ED,3105
1210,BUS-P 300,LEC,CLOSED,,60,0,1,IN_PERSON,Mejias G,MOWE,08:00,09:15,WB,WEB
12100,FOLK-F 253,LEC,CLOSED,MONSTERS & THE MONSTROUS,30,0,1,IN_PERSON,Dobler R,MOWE,12:45,14:00,C2,203
12101,EDUC-Q 601,LEC,OPEN,,12,8,0,IN_PERSON,Park Rogers M,MOWE,15:55,18:25,ED,2277
12102,MSCH-X 488,LEC,OPEN,,10,9,0,IN_PERSON,Bolstridge E,FR,12:00,15:00,TV,103A
12103,FOLK-F 367,LEC,CLOSED,,30,0,4,IN_PERSON,Barker B,TUTH,14:20,15:35,C2,203
12109,HIST-A 301,LEC,OPEN,COLONIAL/REVOLUTIONARY AMERICA,32,1,0,IN_PERSON,Irvin B,TUTH,09:35,10:50,BH,104
1211,BUS-P 304,LEC,CLOSED,,0,0,0,IN_PERSON,Niewoehner R,TUTH,12:45,14:00,HH,4000
12110,HIST-C 390,LEC,OPEN,,35,15,0,IN_PERSON,Caner D,MOWE,09:35,10:50,WH,009
12112,SPEA-E 363,LEC,OPEN,,35,18,0,IN_PERSON,Fox B,WE,17:30,20:00,BQ,C129
12113,SPEA-E 416,LEC,OPEN,,30,20,0,IN_PERSON,Clark-Kolaks S,MOWE,18:30,19:45,PV,A205
12114,SPEA-E 440,LEC,OPEN,,16,1,0,IN_PERSON,Bannister J,TUTH,15:55,17:10,PV,275
12115,SPEA-E 516,LEC,OPEN,,30,20,0,IN_PERSON,Clark-Kolaks S,MOWE,18:30,19:45,PV,A205
12116,SPEA-E 528,LEC,OPEN,,18,4,0,IN_PERSON,Sample R,WE,17:30,18:45,PV,A203
12117,SPEA-E 540,LEC,OPEN,,16,1,0,IN_PERSON,Bannister J,TUTH,15:55,17:10,PV,275
12119,SPEA-E 555,LEC,OPEN,SUSTANABILITY SCIENCE,25,3,0,IN_PERSON,Li Z,MOWE,15:55,17:10,PV,273
1212,BUS-P 304,LEC,CLOSED,,0,0,0,IN_PERSON,Petersen F,TUTH,14:20,15:35,HH,4000
12120,SPEA-E 561,LEC,CLOSED,,15,0,1,IN_PERSON,Benavidez Westrich M; Westrich B,SA,08:00,12:00,PV,273
12123,GER-E 162,LEC,OPEN,,60,2,0,IN_PERSON,May G,TUTH,15:55,17:10,GA,1122
12124,MSCH-B 445,LEC,CLOSED,,18,0,7,IN_PERSON,Lewis N,TUTH,14:20,15:35,FF,212
12125,ANAT-A 225,LEC,CLOSED,,264,0,55,IN_PERSON,Dunham S,MOWEFR,11:35,12:25,BH,013
12126,ANAT-A 225,LEC,CLOSED,,264,0,55,IN_PERSON,Dunham S,MOWEFR,10:25,11:15,BH,013
12127,ANAT-A 225,LAB,CLOSED,,44,0,23,IN_PERSON,Hanson D; Dunham S,MOWE,11:30,13:15,C2,122
12128,ANAT-A 225,LAB,CLOSED,,44,0,31,IN_PERSON,Hanson D; Dunham S,MOWE,13:30,15:15,C2,122
12129,ANAT-A 225,LAB,CLOSED,,44,0,11,IN_PERSON,Hanson D; Dunham S,MOWE,15:30,17:15,C2,122
1213,BUS-P 370,LEC,CLOSED,,0,0,0,IN_PERSON,Clark R,MOWE,09:15,10:20,HH,2083
12130,ANAT-A 225,LAB,CLOSED,,44,0,9,IN_PERSON,Hanson D; Dunham S,MOWE,17:30,19:15,C2,122
12131,ANAT-A 225,LAB,CLOSED,,44,0,2,IN_PERSON,Hanson D; Dunham S,MOWE,19:30,21:15,C2,122
12132,ANAT-A 225,LAB,CLOSED,,44,0,7,IN_PERSON,Hanson D; Dunham S,TUTH,08:00,09:45,C2,122
12133,ANAT-A 225,LAB,CLOSED,,44,0,10,IN_PERSON,Hanson D; Dunham S,TUTH,10:00,11:45,C2,122
12134,ANAT-A 225,LAB,CLOSED,,44,0,16,IN_PERSON,Hanson D; Dunham S,TUTH,12:00,13:45,C2,122
12135,ANAT-A 225,LAB,CLOSED,,44,0,11,IN_PERSON,Hanson D; Dunham S,TUTH,14:00,15:45,C2,122
12136,ANAT-A 225,LAB,CLOSED,,44,0,7,IN_PERSON,Hanson D; Dunham S,TUTH,16:00,17:45,C2,122
12137,ANAT-A 225,LAB,CLOSED,,44,0,2,IN_PERSON,Hanson D; Dunham S,TUTH,18:00,19:45,C2,122
12139,AMST-A 100,LEC,CLOSED,CAPTIVITY NARRATIVES,70,0,0,IN_PERSON,Lepselter S,TUTH,15:55,17:10,BH,104
1214,BUS-P 370,LEC,CLOSED,,0,0,0,IN_PERSON,Kalish J,TUTH,09:15,10:20,HH,1059
12140,HON-X 298,LEC,OPEN,HONORS INDEPENDENT RESEARCH,20,20,0,IN_PERSON,,MO,14:20,15:35,HD,TBA
12149,GNDR-G 695,LEC,OPEN,,2,2,0,,Otero S,,,,ARR,
1215,BUS-P 370,LEC,CLOSED,,0,0,0,IN_PERSON,Kalish J,TUTH,08:00,09:05,HH,1055
12151,HON-H 241,LEC,OPEN,"JOY: SCIENCE, ETHICS, CULTURE",22,2,3,IN_PERSON,Gunderman R,TH,12:45,15:15,HU,217
12153,SPEA-V 184,LEC,CLOSED,,64,0,12,IN_PERSON,O'Guinn D,MOWE,12:45,14:00,PV,274
12154,EALC-J 401,LEC,OPEN,,24,5,0,IN_PERSON,Ueda S,TUTH,14:20,15:35,BH,145
12155,EALC-J 543,LEC,OPEN,,24,5,0,IN_PERSON,Ueda S,TUTH,14:20,15:35,BH,145
12157,LSTU-L 260,LEC,OPEN,,20,12,0,,Walker M,,,,WB,WEB
12158,SPEA-V 186,LEC,OPEN,,102,1,3,IN_PERSON,Shahryar B,MOWE,08:00,09:15,PV,167
12159,PHYS-P 555,LEC,OPEN,,26,13,0,IN_PERSON,Ortiz G,MOWE,14:20,15:35,SW,218
1216,BUS-P 429,LEC,OPEN,,40,3,0,IN_PERSON,Zhou Y,TUTH,09:35,10:50,HH,4006
12160,JSTU-H 100,LEC,OPEN,,14,1,0,IN_PERSON,Romashov D,MOWE,12:45,13:35,BH,146
12161,MSCH-P 331,LEC,CLOSED,,18,0,1,IN_PERSON,Shoulberg P,MOWE,14:20,15:35,TV,180
12162,JSTU-H 200,LEC,OPEN,,12,5,0,IN_PERSON,Romashov D,MOWE,10:25,11:15,BH,146
12163,JSTU-H 503,LEC,OPEN,,12,5,0,IN_PERSON,Romashov D,MOWE,10:25,11:15,BH,146
12164,SPEA-V 236,LEC,CLOSED,,35,0,2,IN_PERSON,Long S,MOWE,14:20,15:35,GY,1043
12165,SPEA-V 236,LEC,CLOSED,,35,0,2,IN_PERSON,Long S,MOWE,12:45,14:00,GY,1043
12166,SPEA-V 246,LEC,CLOSED,,52,0,22,IN_PERSON,Plooster M,MOWE,14:20,15:35,LH,035
12168,SPEA-V 373,LEC,OPEN,,52,3,0,IN_PERSON,Smith N,MOWE,08:00,09:15,PV,A335
12169,SPEA-V 450,LEC,CLOSED,LAW AND SOCIAL JUSTICE,40,0,2,IN_PERSON,Nicholson-Crotty S,TUTH,12:45,14:00,PV,A335
1217,BUS-R 440,LEC,CLOSED,,50,0,6,IN_PERSON,Harstad D,MOWE,14:20,15:35,CG,2061
12170,SPEA-V 481,LEC,CLOSED,,30,0,4,IN_PERSON,Greer C,TUTH,09:35,10:50,BQ,C129
12171,SPEA-H 374,LEC,CLOSED,,30,0,0,IN_PERSON,Carmichael J,MOWE,09:35,10:50,WH,203
12173,SOC-S 101,LEC,CLOSED,POLARIZATION IN AMERICA,48,0,0,IN_PERSON,Knudson L,MOWE,11:10,12:25,LH,130
12174,BIOT-X 150,LEC,CLOSED,SYNTHETIC BIOLOGY: BACTERIAL B,20,0,0,IN_PERSON,Dalia A,TUTH,09:00,12:00,JH,022
12175,BUS-F 305,LEC,CLOSED,,50,0,9,IN_PERSON,Sibley S,MOWE,19:05,20:20,HH,1046
12176,BUS-F 305,LEC,CLOSED,,50,0,31,IN_PERSON,Piccolo A,TUTH,15:55,17:10,HH,1046
12177,BUS-F 305,LEC,CLOSED,,50,0,14,IN_PERSON,Durguner S,MOWE,17:30,18:45,HH,4000
12178,BUS-F 305,LEC,CLOSED,,50,0,42,IN_PERSON,Sibley S,MOWE,15:55,17:10,HH,1046
1218,BUS-R 510,LEC,CLOSED,,44,0,0,IN_PERSON,Zhu J,MOWE,09:25,10:50,CG,1026
12181,EAS-A 476,LEC,OPEN,,32,2,0,IN_PERSON,Lilien D,MOWEFR,10:25,11:15,GY,5051
12182,MATH-M 463,LEC,OPEN,,27,16,0,IN_PERSON,Levenberg N,MOWEFR,13:55,14:45,SE,245
12184,PHSL-P 225,LEC,OPEN,,286,4,21,IN_PERSON,Davis J,MOWEFR,08:00,09:15,WH,100
12185,PHSL-P 225,LEC,OPEN,,260,18,7,IN_PERSON,Clark P,MOWEFR,09:35,10:50,WH,100
12186,PHSL-P 225,LAB,CLOSED,,26,0,6,IN_PERSON,Donovan E,MO,10:25,12:20,C2,120
12187,PHSL-P 225,LAB,CLOSED,,26,0,3,IN_PERSON,Donovan E,MO,15:00,16:55,C2,120
12188,PHSL-P 225,LAB,CLOSED,,26,0,1,IN_PERSON,Donovan E,TU,08:00,09:55,C2,120
12189,PHSL-P 225,LAB,CLOSED,,26,0,10,IN_PERSON,Donovan E,TU,12:40,14:35,C2,120
1219,BUS-S 305,LEC,CLOSED,,35,0,2,IN_PERSON,Dennis A,MOWE,11:10,12:25,HH,4006
12190,PHSL-P 225,LAB,CLOSED,,26,0,2,IN_PERSON,Donovan E,TU,17:20,19:15,C2,120
12191,PHSL-P 225,LAB,CLOSED,,26,0,3,IN_PERSON,Donovan E,WE,10:25,12:20,C2,120
12192,PHSL-P 225,LAB,CLOSED,,26,0,2,IN_PERSON,Donovan E,WE,15:00,16:55,C2,120
12193,PHSL-P 225,LAB,CLOSED,,26,0,1,IN_PERSON,Donovan E,TH,12:40,14:35,C2,120
12194,PHSL-P 225,LAB,OPEN,,26,1,0,IN_PERSON,Donovan E,TH,17:20,19:15,C2,120
12195,PHSL-P 225,LAB,CLOSED,,26,0,1,IN_PERSON,Donovan E,FR,10:25,12:20,C2,120
12196,PHSL-P 225,LAB,OPEN,,26,3,0,IN_PERSON,Donovan E,FR,15:00,16:55,C2,120
12197,PHSL-P 225,LAB,OPEN,,26,1,3,IN_PERSON,Donovan E,MO,12:40,14:35,C2,120
12198,PHSL-P 225,LAB,OPEN,,26,2,0,IN_PERSON,Donovan E,MO,17:20,19:15,C2,120
12199,PHSL-P 225,LAB,OPEN,,26,1,1,IN_PERSON,Donovan E,TU,10:25,12:20,C2,120
1220,BUS-S 310,LEC,CLOSED,,38,0,1,IN_PERSON,Emmons T,MOWE,12:45,14:00,HH,4079
12200,PHSL-P 225,LAB,OPEN,,26,1,2,IN_PERSON,Donovan E,TU,15:00,16:55,C2,120
12201,PHSL-P 225,LAB,CLOSED,,26,0,4,IN_PERSON,Donovan E,WE,12:40,14:35,C2,120
12202,PHSL-P 225,LAB,OPEN,,26,3,0,IN_PERSON,Donovan E,WE,17:20,19:15,C2,120
12203,PHSL-P 225,LAB,OPEN,,26,6,0,IN_PERSON,Donovan E,TH,08:00,09:55,C2,120
12204,PHSL-P 225,LAB,OPEN,,26,3,1,IN_PERSON,Donovan E,TH,10:25,12:20,C2,120
12205,PHSL-P 225,LAB,CLOSED,,26,0,0,IN_PERSON,Donovan E,TH,15:00,16:55,C2,120
12206,PHYS-P 400,LEC,OPEN,,16,11,0,IN_PERSON,Urheim J,MOWE,13:55,14:45,SW,217
12207,PHYS-P 540,LEC,OPEN,,16,11,0,IN_PERSON,Urheim J,MOWE,13:55,14:45,SW,217
12209,BUS-F 300,LEC,CLOSED,,60,0,29,IN_PERSON,Huang T,MOWE,11:10,12:25,WB,WEB
1221,BUS-W 499,LEC,OPEN,,50,13,0,,Stomberg B; Dyer D,,,,ARR,
12210,BUS-F 303,LEC,CLOSED,,50,0,13,IN_PERSON,Zou D,TUTH,14:20,15:35,HH,1050
12211,BUS-F 303,LEC,CLOSED,,50,0,10,IN_PERSON,Zou D,TUTH,15:55,17:10,HH,1050
12212,BUS-F 303,LEC,CLOSED,,50,0,6,IN_PERSON,Zou D,TUTH,17:30,18:45,HH,1050
12213,BUS-F 335,LEC,CLOSED,,52,0,14,IN_PERSON,Teluja S,MOWE,14:20,15:35,HH,1050
12214,REL-A 250,LEC,CLOSED,,80,0,0,IN_PERSON,Brown C,MOWE,09:35,10:50,BH,203
12215,MSCH-R 348,LEC,CLOSED,,18,0,0,IN_PERSON,Tani-Eshon E,MOWE,12:45,14:00,FF,060
12216,STAT-S 693,LEC,OPEN,,5,4,0,,Xie F,,,,ARR,
12217,BUS-F 212,LEC,OPEN,,22,1,0,IN_PERSON,Crigler E,FR,09:35,12:05,HH,3000
12218,MSCH-F 377,LEC,CLOSED,,20,0,0,IN_PERSON,Martin M,MOWE,12:45,15:15,FF,304C
12219,BUS-R 315,LEC,CLOSED,,0,0,0,IN_PERSON,Harstad D,MOWE,15:55,17:10,CG,2077
1222,BUS-C 205,LEC,CLOSED,,24,0,3,IN_PERSON,Rodak M,TUTH,09:35,10:50,HH,3052
12220,BUS-R 315,LEC,CLOSED,,0,0,0,IN_PERSON,Cockerham C,MOWE,15:55,17:10,CG,1032
12221,BUS-F 303,LEC,CLOSED,,50,0,23,IN_PERSON,Hou C,MOWE,12:45,14:00,HH,2006
12222,INFO-I 422,LEC,CLOSED,,60,0,4,IN_PERSON,Leykin A,MOWE,14:20,15:35,GA,1100
12223,BUS-A 314,LEC,CLOSED,,45,0,5,IN_PERSON,Korganbekov A,TUTH,09:35,10:50,HH,3079
12224,BUS-A 314,LEC,CLOSED,,50,0,8,IN_PERSON,Korganbekov A,TUTH,11:10,12:25,WH,101
12225,ECON-E 303,LEC,CLOSED,,34,0,11,IN_PERSON,Chen T,MOWE,14:20,15:35,BH,208
12227,BUS-X 180,LEC,CLOSED,,26,0,0,IN_PERSON,Tai W,MO,13:55,14:45,MN,C010
12228,BUS-X 180,LEC,CLOSED,,26,0,0,IN_PERSON,McConahay M,MO,15:10,16:00,MN,C010
12229,BUS-X 180,LEC,CLOSED,,26,0,0,IN_PERSON,McConahay M,MO,16:20,17:10,MN,C010
1223,BUS-C 205,LEC,CLOSED,,24,0,3,IN_PERSON,Rodak M,TUTH,11:10,12:25,HH,3052
12230,BUS-X 180,LEC,CLOSED,,26,0,0,IN_PERSON,Kinsel R,MO,17:30,18:20,MN,C010
12231,BUS-X 180,LEC,CLOSED,,26,0,0,IN_PERSON,Kinsel R,TU,13:55,14:45,MN,C010
12232,BUS-X 180,LEC,CLOSED,,26,0,0,IN_PERSON,Taylor B,TU,15:10,16:00,MN,C010
12233,BUS-X 180,LEC,CLOSED,,26,0,0,IN_PERSON,Martens A,TU,16:20,17:10,MN,C010
12234,BUS-X 180,LEC,CLOSED,,26,0,0,IN_PERSON,Dennist Jr D,TU,17:30,18:20,MN,C010
12235,BUS-X 180,LEC,CLOSED,,26,0,0,IN_PERSON,McConahay M,MO,12:45,13:35,MN,C010
12236,BUS-X 180,LEC,CLOSED,,26,0,0,IN_PERSON,Bennett N,WE,12:45,13:35,MN,C010
12237,BUS-X 180,LEC,CLOSED,,27,0,0,IN_PERSON,Dyer D,WE,13:55,14:45,MN,C010
12238,BUS-X 180,LEC,OPEN,,26,1,0,IN_PERSON,Storm C,WE,15:10,16:00,MN,C010
12239,BUS-X 180,LEC,CLOSED,,26,0,0,IN_PERSON,Colglazier L,WE,16:20,17:10,MN,C010
1224,BUS-X 496,LEC,OPEN,,30,18,0,,,,,,ARR,
12240,BUS-X 180,LEC,CLOSED,,26,0,0,IN_PERSON,Dennist Jr D,WE,17:30,18:20,MN,C010
12241,BUS-X 180,LEC,CLOSED,,26,0,0,IN_PERSON,Taylor B,TU,12:45,13:35,MN,C010
12242,BUS-X 180,LEC,CLOSED,,26,0,0,IN_PERSON,Kinsel R,TH,12:45,13:35,MN,C010
12243,BUS-X 180,LEC,CLOSED,,26,0,0,IN_PERSON,Miron A,TH,13:55,14:45,MN,C010
12244,BUS-X 180,LEC,CLOSED,,27,0,0,IN_PERSON,Knapp C,TH,15:10,16:00,MN,C010
12245,BUS-X 180,LEC,CLOSED,,26,0,0,IN_PERSON,Knapp C,TH,16:20,17:10,MN,C010
12246,BUS-X 180,LEC,CLOSED,,26,0,0,IN_PERSON,Knapp C,TH,17:30,18:20,MN,C010
12247,MSCH-B 331,LEC,CLOSED,,30,0,3,IN_PERSON,Lewis N,TUTH,11:10,12:25,FF,114
12248,CLLC-L 220,LEC,OPEN,FESTIVALS & POPULAR RESISTANCE,18,3,0,IN_PERSON,Torun F,TUTH,12:45,14:00,EO,C112
12249,BUS-F 369,LEC,OPEN,,50,22,0,IN_PERSON,Benrud E,MOWE,08:00,09:15,MN,C210
1225,BUS-X 540,LEC,OPEN,,30,30,0,,Stern E,,,,ARR,
12257,ASCS-X 265,LEC,OPEN,,200,19,0,,Lovejoy J,,,,WB,WEB
12258,BUS-A 333,LEC,OPEN,,50,1,0,IN_PERSON,Geisler G,TUTH,14:20,15:35,HH,2057
12260,BUS-F 100,LEC,CLOSED,,100,0,3,IN_PERSON,Arcot S,MOWE,12:45,14:00,MN,C210
12261,SEAS-B 201,LEC,OPEN,,15,11,0,IN_PERSON,Myat K,MOWEFR,11:35,12:25,BH,333
12262,AFRI-X 391,LEC,OPEN,,8,7,0,,Okelo B,,,,ARR,
12264,EURO-W 200,LEC,OPEN,,130,36,0,IN_PERSON,Ames C,TUTH,15:55,17:10,GA,0001
12265,JSTU-J 359,LEC,OPEN,,55,7,0,IN_PERSON,Lockwood J,TUTH,15:55,17:10,AC,C002
12266,MSCH-J 300,LEC,CLOSED,,80,0,7,IN_PERSON,Fargo A,MOWE,14:20,15:35,TV,245
12268,MSCH-B 360,LEC,OPEN,INTRO TO MEDIA FIELD PROD,10,1,0,IN_PERSON,Dhaene P,WE,17:00,19:30,FF,060
1227,BUS-X 799,LEC,OPEN,,60,28,0,,Stoffman N,,,,ARR,
12270,EDUC-D 600,LEC,OPEN,,16,9,0,,Pickard A,,,,WB,WEB
12271,MATH-M 353,LEC,OPEN,,40,15,0,IN_PERSON,Ciucu M,TUTH,11:10,12:25,GY,1043
12272,SPEA-E 779,LEC,OPEN,,10,10,0,,Venier M,,,,ARR,
12275,BUS-J 306,LEC,CLOSED,,60,0,1,IN_PERSON,Springer L,MOWE,17:30,18:45,WB,WEB
12278,BUS-Z 302,LEC,CLOSED,,60,0,6,IN_PERSON,Magjuka R,TUTH,09:35,10:50,WB,WEB
12282,CJUS-P 440,LEC,CLOSED,,25,0,2,IN_PERSON,Levesque R,TU,16:20,18:50,BH,147
12283,BUS-Z 340,LEC,CLOSED,,32,0,4,IN_PERSON,Ghafourian T,TUTH,15:55,17:10,HH,2049
12285,CHEM-C 567,LEC,OPEN,,18,11,0,IN_PERSON,Dragnea B; Jain T,MOWEFR,12:45,13:35,CX,A300
12286,INFO-I 441,LEC,OPEN,,20,2,0,IN_PERSON,Siegel M,MOWE,17:30,18:45,I,107
12287,EDUC-D 625,LEC,OPEN,TOP SEM: ADLT ED INTNL CNTXT,12,4,0,,Pawan F,,,,WB,WEB
12288,MSCH-B 360,LEC,CLOSED,SPORTS SHOW PRODUCING,16,0,0,IN_PERSON,Nardiello P,TU,11:45,14:15,FF,212
12289,POLS-Y 317,LEC,CLOSED,VOTERS IN AMERICA,89,0,4,IN_PERSON,Webster S,TUTH,14:20,15:35,GA,0001
1229,BUS-Z 302,LEC,CLOSED,,60,0,5,IN_PERSON,Magjuka R,TUTH,14:20,15:35,WB,WEB
12290,SPEA-V 550,LEC,OPEN,CLOUD COMPUTING IN PUBLIC AFF,40,8,0,IN_PERSON,Walsh A,TUTH,15:55,17:10,PV,A335
12291,SPH-V 241,LEC,CLOSED,,85,0,0,,Commodore S,,,,WB,WEB
12296,SPH-V 692,LEC,OPEN,,5,5,0,,Capone D,,,,ARR,
12299,SPH-V 692,LEC,OPEN,,3,2,0,,Commodore S,,,,ARR,
12300,SPH-V 692,LEC,OPEN,,3,3,0,,Del Rio M,,,,ARR,
12301,SPH-V 692,LEC,OPEN,,3,3,0,,Greaves J,,,,ARR,
1231,CEUS-G 901,LEC,OPEN,,10,4,0,,Ozcelik O,,,,ARR,
12312,CJUS-P 619,LEC,OPEN,,15,8,0,IN_PERSON,Block M,WE,09:10,11:40,SY,006
12313,PSY-P 346,LEC,CLOSED,,106,0,5,IN_PERSON,DeBoeuf K,MOWE,11:10,12:25,BH,310
12314,EDUC-Y 435,LEC,OPEN,,26,19,0,IN_PERSON,Layton D,TUTH,09:35,10:50,ED,2275
12315,EDUC-Y 535,LEC,OPEN,,20,2,0,,Rutkowski D,,,,WB,WEB
12317,ILS-Z 550,LEC,CLOSED,,25,0,4,IN_PERSON,Vladoiu M,WE,16:20,18:50,I,232
12318,BUS-BE 314,LEC,CLOSED,,29,0,0,IN_PERSON,Cockerham C,MOWE,15:55,17:10,CG,1032
12319,BUS-BE 314,LEC,OPEN,,29,1,0,IN_PERSON,Harstad D,MOWE,15:55,17:10,CG,2077
1232,CEUS-T 103,LEC,OPEN,,5,3,0,IN_PERSON,Kivik P,MOWEFR,12:45,13:35,GA,4024
12320,BUS-G 300,LEC,CLOSED,,60,0,8,IN_PERSON,Shri K,TUTH,14:20,15:35,WB,WEB
12322,BUS-G 455,LEC,OPEN,ENERGY ECON & ENVIRO POLICY,35,1,0,IN_PERSON,Butters R,TUTH,14:20,15:35,HH,3006
12323,EDUC-G 207,LEC,CLOSED,,25,0,0,IN_PERSON,Winsick N,TUTH,12:45,14:00,ED,1220
12324,BUS-G 752,LEC,OPEN,,15,5,0,IN_PERSON,Pease M,TH,08:20,10:50,CG,1004
12325,BUS-G 751,LEC,OPEN,,15,4,0,IN_PERSON,Pease M,TH,08:20,10:50,CG,1004
12326,EDUC-U 560,LEC,OPEN,,10,7,0,ONLINE,DeSawal D,,,,OL,ONLINE
12327,SLAV-M 101,LEC,OPEN,,5,5,0,IN_PERSON,,TUWETHFR,15:00,15:55,WB,WEB
12328,SLAV-M 201,LEC,OPEN,,5,4,0,IN_PERSON,,TUWETH,09:35,10:55,WB,WEB
12329,BUS-C 104,BIDS,CLOSED,,32,0,0,IN_PERSON,James K,TUTH,11:10,12:25,AC,C112
1233,CEUS-T 101,LEC,OPEN,,12,11,0,IN_PERSON,Kivik P,MOTUWETH,15:30,16:20,WB,WEB
12331,BUS-C 104,BIDS,OPEN,,32,7,0,IN_PERSON,Yoder S,TUTH,14:20,15:35,CG,0001
12332,BUS-C 104,BIDS,CLOSED,,32,0,0,IN_PERSON,Schmeckebier M,MOWE,11:10,12:25,CG,0001
12333,EDUC-M 201,LEC,OPEN,LAB. FIELD EXPERIENCE-ELEM.,21,21,0,IN_PERSON,Stewart K,WE,08:00,11:45,HD,TBA
12334,SPH-A 695,LEC,OPEN,,25,15,0,,Madsen L,,,,ARR,
12335,ANAT-A 225,LAB,CLOSED,,44,0,3,IN_PERSON,Hanson D; Dunham S,TUTH,20:00,21:45,C2,122
12337,BUS-C 204,LEC,CLOSED,,24,0,6,IN_PERSON,Bunger A,MOWE,08:00,09:15,HH,3050
12338,EALC-J 520,LEC,OPEN,,24,17,0,IN_PERSON,Chen B,TUTH,14:20,15:35,BH,244
12339,EALC-J 421,LEC,OPEN,,24,17,0,IN_PERSON,Chen B,TUTH,14:20,15:35,BH,244
1234,CEUS-T 141,LEC,OPEN,,5,2,0,IN_PERSON,Varga V,MOTUWETHFR,10:25,11:15,GA,4030
12340,EALC-J 110,LEC,CLOSED,,20,0,0,IN_PERSON,Chen B,TUTH,15:55,17:10,BH,312
12341,HISP-S 250,LEC,CLOSED,,24,0,1,IN_PERSON,Shi V,MOWEFR,09:10,10:00,SW,220
12346,JSTU-H 501,LEC,OPEN,,14,1,0,IN_PERSON,Romashov D,MOWE,12:45,13:35,BH,146
12347,EDUC-P 225,LEC,OPEN,,30,5,0,,Steuer R,,,,WB,WEB
1235,CEUS-T 161,LEC,OPEN,,5,4,0,IN_PERSON,Legden T,MOWEFR,10:25,11:15,GA,4021
12350,MUS-A 320,LEC,OPEN,,12,1,0,IN_PERSON,Belser J,TH,12:45,15:20,MC,301
12354,SPH-K 490,LEC,CLOSED,,40,0,5,,Pangelinan M,,,,WB,WEB
12357,EDUC-M 302,LEC,OPEN,CALCULUS THROUGHOUT SEC CURR,23,6,0,IN_PERSON,Burch L,TUTH,08:00,09:15,ED,3017
12358,EDUC-M 502,LEC,OPEN,CALCULUS THROUGHOUT SEC CURR,1,1,0,IN_PERSON,Burch L,TUTH,08:00,09:15,ED,3017
12359,SPH-I 113,LEC,OPEN,,18,3,0,IN_PERSON,Clemons R; Szalkie E,TUTH,15:10,16:00,UB,M097
1236,CEUS-T 181,LEC,OPEN,,15,6,0,IN_PERSON,Crum S,MOWEFR,09:10,10:00,WH,007
12364,SPH-V 792,LEC,OPEN,,5,5,0,,Capone D,,,,ARR,
12367,EAS-X 498,LEC,OPEN,,2,2,0,,Zhu C,,,,ARR,
12369,SPH-V 792,LEC,OPEN,,3,3,0,,Commodore S,,,,ARR,
1237,CEUS-T 241,LEC,OPEN,,5,3,0,IN_PERSON,Varga V,MOWETHFR,11:35,12:25,GA,4030
12370,SPH-V 792,LEC,OPEN,,3,3,0,,Del Rio M,,,,ARR,
12372,EAS-G 810,LEC,CLOSED,,2,0,0,,Kelson J,,,,ARR,
12373,EAS-G 810,LEC,CLOSED,,2,0,1,,Lilien D,,,,ARR,
1238,CEUS-T 261,LEC,OPEN,,5,3,0,IN_PERSON,Legden T,MOWEFR,11:35,12:25,GA,4021
12388,SPH-V 691,LEC,OPEN,,3,2,0,,Greaves J,,,,ARR,
1239,CEUS-T 271,LEC,OPEN,,8,6,0,IN_PERSON,Rabsal G,MOWEFR,09:10,10:00,SE,009
12397,SPH-V 791,LEC,OPEN,,5,3,0,,Capone D,,,,ARR,
1240,CEUS-T 281,LEC,OPEN,,10,3,0,IN_PERSON,Crum S,MOWEFR,08:00,08:50,WH,008
12409,SPH-V 799,LEC,OPEN,,3,3,0,,Kamendulis L,,,,ARR,
1241,CEUS-T 211,LEC,OPEN,,3,1,0,IN_PERSON,Hodjaev M,MOWEFR,11:35,12:25,GA,3032
12410,EDUC-K 344,LEC,OPEN,,8,3,0,IN_PERSON,Hurwitz S,FR,11:10,13:40,ED,2025
12412,SPH-V 799,LEC,OPEN,,3,3,0,,Ayeni F,,,,ARR,
12413,SPH-V 799,LEC,OPEN,,3,3,0,,Capone D,,,,ARR,
12414,SPH-V 799,LEC,OPEN,,3,3,0,,Chusyd D,,,,ARR,
12415,SPH-V 799,LEC,OPEN,,3,2,0,,Commodore S,,,,ARR,
12416,SPH-V 799,LEC,OPEN,,3,2,0,,Del Rio M,,,,ARR,
12417,SPH-V 799,LEC,OPEN,,3,2,0,,Greaves J,,,,ARR,
12418,SPH-V 799,LEC,OPEN,,3,3,0,,Hocevar B,,,,ARR,
12419,SPH-V 799,LEC,OPEN,,3,2,0,,Rodriguez R,,,,ARR,
1242,CEUS-T 251,LEC,OPEN,,20,13,0,IN_PERSON,Nematollahi N,MOWEFR,11:35,12:25,BH,231
12420,SPH-V 799,LEC,OPEN,,3,2,0,,Ximenes E,,,,ARR,
12422,HIST-W 300,LEC,CLOSED,DECOLONIZING THE MUSEUM,24,0,1,IN_PERSON,Foray J,MOWE,14:20,15:35,BH,140
12423,PHIL-P 200,LEC,CLOSED,DEATH,35,0,2,IN_PERSON,Meadows K,MOWE,14:20,15:35,LI,028
12424,REEI-R 301,LEC,OPEN,THE UNSUSTAINABILITY OF WAR,36,1,0,IN_PERSON,Griffin C,MOWE,09:35,10:50,BH,342
12427,EDUC-K 305,LEC,OPEN,,20,20,0,IN_PERSON,Larsen E,TH,14:20,16:50,ED,2275
12429,EDUC-K 305,LEC,OPEN,,20,20,0,IN_PERSON,Larsen E,TU,17:30,20:00,ED,2271
1243,CEUS-T 541,LEC,OPEN,,5,2,0,IN_PERSON,Varga V,MOTUWETHFR,10:25,11:15,GA,4030
12431,BUS-C 104,BIDS,OPEN,,32,1,0,IN_PERSON,Prange K,MOWE,12:45,14:00,CG,2061
12432,BUS-C 300,LEC,CLOSED,,25,0,14,IN_PERSON,Perry A,TUTH,09:35,10:50,HH,3046
12433,EDUC-M 201,LEC,OPEN,FLD EXP: SEC SPECIAL ED,18,11,0,,Carter Jr R,,,,ARR,
12434,HISP-S 324,LEC,OPEN,,22,1,1,IN_PERSON,Guzman R,TUTH,11:10,12:25,SB,138
12435,MSCH-R 450,LEC,OPEN,,20,3,0,IN_PERSON,Groobert D,MOWE,09:35,10:50,FF,215
12436,AAAD-A 398,LEC,CLOSED,HIDDEN HISTORY,40,0,2,,Smith C,,,,WB,WEB
12437,AMST-A 100,DIS,CLOSED,PEOPLING OF CONTEMP AMERICA,25,0,0,IN_PERSON,Levy R,FR,12:45,13:35,BH,306
12438,AMST-A 100,DIS,CLOSED,PEOPLING OF CONTEMP AMERICA,25,0,0,IN_PERSON,Moore M,FR,12:45,13:35,BH,105
12439,AMST-A 100,DIS,OPEN,PEOPLING OF CONTEMP AMERICA,25,2,0,IN_PERSON,Levy R,FR,10:25,11:15,ED,1210
1244,CEUS-T 501,LEC,OPEN,,12,11,0,IN_PERSON,Kivik P,MOTUWETH,15:30,16:20,WB,WEB
12440,AMST-A 100,DIS,CLOSED,PEOPLING OF CONTEMP AMERICA,25,0,0,IN_PERSON,Moore M,FR,10:25,11:15,ED,1204
12441,AMST-A 100,DIS,CLOSED,PEOPLING OF CONTEMP AMERICA,25,0,0,IN_PERSON,Moore M,FR,11:25,12:25,SB,231
12442,AMST-A 100,DIS,OPEN,PEOPLING OF CONTEMP AMERICA,25,1,0,IN_PERSON,Levy R,FR,09:10,10:00,SW,221
12445,INFO-T 100,LEC,OPEN,FIRST YEAR SEMINAR,30,1,0,IN_PERSON,Loveless M,MOWE,12:45,13:35,BH,208
12446,INFO-T 100,LEC,CLOSED,FIRST YEAR SEMINAR,30,0,0,IN_PERSON,Clor M,TUTH,11:35,12:25,I,107
12447,BUS-L 540,LEC,OPEN,,32,1,0,IN_PERSON,Raymond A,TUTH,09:25,10:50,CG,2077
12448,SLHS-S 423,LEC,CLOSED,TREAT PEDIATRIC COMM DISORDERS,22,0,0,IN_PERSON,Dowling M,TUTH,12:45,14:00,SB,140
12449,SOAD-M 410,LEC,CLOSED,,20,0,3,IN_PERSON,Kim W,MOWE,12:45,14:00,KH,112
1245,CEUS-T 503,LEC,OPEN,,5,3,0,IN_PERSON,Kivik P,MOWEFR,12:45,13:35,GA,4024
12450,CHEM-J 342,LEC,OPEN,,85,5,6,IN_PERSON,Brown L,MOWEFR,11:35,12:25,CH,033
12455,SOAD-D 263,LEC,CLOSED,,25,0,2,IN_PERSON,Mohammed H,TUTH,11:10,12:25,KH,216
12457,SOAD-D 374,LEC,CLOSED,,14,0,0,IN_PERSON,Murteza N,TUTH,14:20,17:05,KH,215
12458,CSCI-C 211,LEC,OPEN,,80,38,0,IN_PERSON,Angiuli C,MOWE,09:35,10:50,IF,1106
12459,JSTU-J 304,LEC,CLOSED,COMPARATIVE FOREIGN POLICY,64,0,0,IN_PERSON,Spechler D,TUTH,12:45,14:00,WH,111
1246,CEUS-T 561,LEC,OPEN,,5,4,0,IN_PERSON,Legden T,MOWEFR,10:25,11:15,GA,4021
12460,JSTU-J 203,LEC,CLOSED,LITERATURE OF THE HOLOCAUST,2,0,0,IN_PERSON,Rosenfeld A,TUTH,14:20,15:35,BH,246
12461,SOAD-S 260,LEC,CLOSED,,16,0,3,IN_PERSON,Kleckner E,TUTH,08:00,10:45,FA,152
12462,SOAD-S 450,LEC,CLOSED,LETTERPRESS,16,0,0,IN_PERSON,Landerman A,TUTH,11:10,13:55,FA,245
12463,SOAD-S 550,LEC,CLOSED,LETTERPRESS,16,0,0,IN_PERSON,Landerman A,TUTH,11:10,13:55,FA,245
12464,SOAD-S 550,LEC,CLOSED,PRODUCTION,18,0,0,IN_PERSON,Hott C,MOWE,09:10,11:55,FA,137
12467,SOAD-S 341,LEC,CLOSED,,16,0,0,IN_PERSON,Templeton T,TUTH,11:10,13:55,AZ,124
12468,SOAD-S 441,LEC,CLOSED,,16,0,0,IN_PERSON,Templeton T,TUTH,11:10,13:55,AZ,124
12469,SOAD-S 542,LEC,CLOSED,,16,0,0,IN_PERSON,Templeton T,TUTH,11:10,13:55,AZ,124
1247,CEUS-T 641,LEC,OPEN,,5,3,0,IN_PERSON,Varga V,MOWETHFR,11:35,12:25,GA,4030
12470,SOAD-S 370,LEC,OPEN,PUBLIC PRACTICES,14,1,0,IN_PERSON,Pennington M,MOWE,12:45,15:30,AZ,A107
12471,SOAD-S 470,LEC,OPEN,PUBLIC PRACTICES,14,1,0,IN_PERSON,Pennington M,MOWE,12:45,15:30,AZ,A107
12472,SOAD-S 570,LEC,OPEN,PUBLIC PRACTICES,14,1,0,IN_PERSON,Pennington M,MOWE,12:45,15:30,AZ,A107
12473,SOAD-D 263,LEC,CLOSED,,25,0,0,IN_PERSON,Mohammed H,TUTH,09:35,10:50,KH,216
12474,SLAV-M 501,LEC,OPEN,,5,5,0,IN_PERSON,,TUWETHFR,15:00,15:55,WB,WEB
12475,SLAV-M 503,LEC,OPEN,,5,5,0,IN_PERSON,,TUWETH,09:35,10:55,WB,WEB
12476,ASCS-Q 295,LEC,CLOSED,,50,0,2,IN_PERSON,Junken J,MOWE,12:45,13:35,EP,206
12477,ASCS-Q 295,LEC,CLOSED,,50,0,1,IN_PERSON,Tansmore J,TUTH,11:35,12:25,EP,206
12478,ASCS-Q 295,LEC,CLOSED,,50,0,1,IN_PERSON,Fasone L,TUTH,12:45,13:35,EP,206
12479,ASCS-Q 295,LEC,CLOSED,,38,0,2,IN_PERSON,Cress E,MOWE,12:45,13:35,EP,214
1248,CEUS-T 681,LEC,OPEN,,10,3,0,IN_PERSON,Crum S,MOWEFR,08:00,08:50,WH,008
12480,ASCS-Q 295,LEC,CLOSED,,38,0,1,IN_PERSON,Lexmond A,TUTH,11:35,12:25,EP,214
12481,ASCS-Q 295,LEC,CLOSED,,50,0,0,IN_PERSON,Fasone L,TUTH,15:10,16:00,EP,206
12482,ARTH-A 590,LEC,OPEN,,10,4,0,IN_PERSON,Reichert E,WE,12:45,16:00,HD,TBA
12483,PSY-P 690,LEC,OPEN,CBT: PRACTICUM,12,7,0,IN_PERSON,Hansen N,MO,11:00,13:00,PY,130
12484,CHEM-J 342,DIS,OPEN,,24,3,4,IN_PERSON,Schaller D; Peck E,WE,13:55,14:45,BH,308
12485,CHEM-J 342,DIS,OPEN,,21,2,1,IN_PERSON,Waples S,WE,17:30,18:20,BH,144
12486,CHEM-J 342,DIS,CLOSED,,22,0,1,IN_PERSON,Waples S,WE,15:10,16:00,BH,306
12487,CHEM-J 342,DIS,CLOSED,,18,0,0,IN_PERSON,Brown C; Peck E,WE,16:20,17:10,BH,307
12488,CHEM-C 619,LEC,OPEN,,20,20,0,IN_PERSON,,MOTUWETHFR,12:45,14:00,CH,033
12489,MSCH-B 430,LEC,OPEN,INDIANAPOLIS SPORTS REPORTING,10,5,0,IN_PERSON,Wells M,MOWE,12:45,14:00,FF,058
1249,CEUS-T 611,LEC,OPEN,,3,1,0,IN_PERSON,Hodjaev M,MOWEFR,11:35,12:25,GA,3032
12490,AMST-A 201,LEC,CLOSED,FEEDING AMERICA,35,0,2,IN_PERSON,Frazier L,MOWE,15:55,17:10,JH,A106
12491,MSCH-B 360,LEC,CLOSED,BTN PLUS PRODUCING,10,0,0,IN_PERSON,Sirois P,WE,09:30,12:00,TV,186
12492,CHEM-C 638,LEC,OPEN,,20,20,0,IN_PERSON,,MOTUWETHFR,12:45,14:00,CH,033
12493,CHEM-C 648,LEC,OPEN,,20,20,0,IN_PERSON,,MOTUWETHFR,12:45,14:00,CH,033
12494,CHEM-C 668,LEC,OPEN,,20,20,0,IN_PERSON,,MOTUWETHFR,12:45,14:00,CH,033
12495,CHEM-C 688,LEC,OPEN,,20,20,0,IN_PERSON,,MOTUWETHFR,12:45,14:00,CH,033
12496,CHEM-M 608,LEC,OPEN,,20,20,0,IN_PERSON,,MOTUWETHFR,12:45,14:00,CH,033
12497,CSCI-C 323,LAB,CLOSED,,35,0,0,IN_PERSON,Qaaidi S,WE,12:45,14:00,I,109
12498,SLHS-S 470,LEC,OPEN,,35,3,0,IN_PERSON,Shrivastav M,TUTH,11:10,12:25,WH,009
12499,LAW-B 501,LEC,OPEN,,5,2,0,IN_PERSON,Tomain J,MOTUWE,08:45,10:00,LW,122
1250,CEUS-T 661,LEC,OPEN,,5,3,0,IN_PERSON,Legden T,MOWEFR,11:35,12:25,GA,4021
12500,LAW-B 501,LEC,OPEN,,5,4,0,IN_PERSON,Mattioli M,MOTUWE,08:45,10:00,LW,125
12501,LAW-B 531,LEC,OPEN,,5,5,0,IN_PERSON,Madeira J,MOTUWE,10:35,11:50,LW,124
12502,LAW-B 531,LEC,OPEN,,5,2,0,IN_PERSON,Lubin A,MOTUWE,10:35,11:50,LW,125
12503,LAW-B 533,LEC,OPEN,,5,5,0,IN_PERSON,Quintanilla V,MOTUWE,13:20,14:35,LW,121
12504,LAW-B 533,LEC,OPEN,,5,1,0,IN_PERSON,Geyh C,MOTUWE,13:20,14:35,LW,122
12505,LAW-B 533,LEC,OPEN,,5,5,0,IN_PERSON,Cho C,MOTUWE,13:20,14:35,LW,124
12506,LAW-B 614,LEC,OPEN,,20,20,0,IN_PERSON,McFadden A,TH,13:20,14:35,LW,123
12508,LAW-B 590,LEC,OPEN,,44,24,0,IN_PERSON,Meitus R,TUTH,14:55,15:50,LW,120
12509,LAW-B 602,LEC,OPEN,,140,52,0,IN_PERSON,Scott R,MOWE,14:55,16:20,LW,121
1251,CEUS-T 671,LEC,OPEN,,8,6,0,IN_PERSON,Rabsal G,MOWEFR,09:10,10:00,SE,009
12511,LAW-B 672,LEC,OPEN,,44,4,0,IN_PERSON,Sullivan Jr F,WE,12:45,14:45,LW,120
12512,LAW-L 764,LEC,OPEN,,18,2,0,IN_PERSON,Marinotti J,TU,12:45,14:45,LW,214
12514,GER-E 141,LEC,OPEN,,40,21,0,IN_PERSON,Ransford A,TUTH,15:55,17:10,LH,008
12515,BIOL-B 370,LEC,CLOSED,,28,0,2,IN_PERSON,Nikolov L,TUTH,11:10,12:25,LH,023
12516,EDUC-K 305,LEC,OPEN,,21,21,0,IN_PERSON,Carr C,TU,14:20,16:50,ED,1230
12517,EDUC-F 401,LEC,OPEN,LEVERAGING AI FOR LRNING & LIF,18,5,0,,Drumm S,,,,WB,WEB
12518,BUS-A 324,LEC,CLOSED,,52,0,9,IN_PERSON,Berski K,MOWE,17:30,18:45,HH,3034
1252,CEUS-R 600,LEC,OPEN,,2,2,0,,Kivik P,,,,ARR,
12520,SLAV-T 260,LEC,CLOSED,,10,0,0,IN_PERSON,Holdeman J,TUTH,15:55,17:10,ED,2101
12521,SLAV-T 260,LEC,CLOSED,,10,0,1,IN_PERSON,Holdeman J,TUTH,15:55,17:10,ED,2101
12522,SPH-H 160,LEC,OPEN,,168,65,0,IN_PERSON,Timbrook C,MO,11:35,12:25,EP,257
12523,SPH-H 160,LAB,OPEN,,20,2,0,IN_PERSON,Timbrook C,MOWE,10:20,11:10,PH,021
12524,SPH-H 160,LAB,CLOSED,,20,0,0,IN_PERSON,Timbrook C,MOWE,12:40,13:30,PH,021
12525,SPH-H 160,LAB,OPEN,,20,6,0,IN_PERSON,Timbrook C,MOWE,13:50,14:40,PH,021
12526,SPH-H 160,LAB,OPEN,,18,12,0,IN_PERSON,Timbrook C,TUTH,09:10,10:00,PH,021
12527,SPH-H 160,LAB,OPEN,,18,10,0,IN_PERSON,Timbrook C,TUTH,10:20,11:10,PH,021
12528,SPH-H 160,LAB,OPEN,,18,6,0,IN_PERSON,Timbrook C,TUTH,12:40,13:30,PH,021
12529,SPH-H 160,LAB,OPEN,,18,13,0,IN_PERSON,Timbrook C,MOWE,09:10,10:00,PH,021
1253,CEUS-R 691,LEC,OPEN,,5,5,0,,Ozcelik O,,,,ARR,
12530,SPH-H 160,LAB,OPEN,,18,11,0,IN_PERSON,Timbrook C,TUTH,13:50,14:40,PH,021
12531,SPH-H 160,LAB,OPEN,,18,5,0,IN_PERSON,Timbrook C,TUTH,11:30,12:20,PH,021
12535,SPH-N 730,LEC,OPEN,,10,7,0,IN_PERSON,Perry C,MOWE,11:10,12:25,BH,123
12536,HIST-A 348,LEC,OPEN,,70,13,0,IN_PERSON,Andrews S,TUTH,09:35,10:50,BH,008
12538,BIOL-H 122,LEC,CLOSED,,18,0,0,IN_PERSON,Shaw S,TU,11:10,12:25,JH,015
12539,DSCI-D 591,LEC,OPEN,,75,58,0,,Shih P; Sinders R; Anderson D,,,,ARR,
1254,CEUS-R 890,LEC,OPEN,,8,3,0,,Ozcelik O,,,,ARR,
12540,CSCI-Y 798,LEC,OPEN,,95,81,0,,Chen F; Sinders R,,,,ARR,
12541,BUS-D 312,LEC,OPEN,,45,1,0,IN_PERSON,Kovacs E,MOWE,11:10,12:25,HH,3057
12542,REEI-R 500,LEC,OPEN,ELEMENTARY ARMENIAN I,5,4,0,IN_PERSON,Goldberg H,MOWE,17:40,19:00,WB,WEB
12543,BUS-Z 304,LEC,CLOSED,,45,0,1,IN_PERSON,Kleshinski C,TUTH,12:45,14:00,HH,3057
12544,MUS-U 315,LEC,OPEN,,10,8,0,,Carballo K,,,,HD,TBA
12545,MUS-U 515,LEC,OPEN,,10,8,0,,Carballo K,,,,HD,TBA
12546,MUS-E 527,LEC,OPEN,,24,15,0,IN_PERSON,Shaw B,TUTH,12:45,14:40,SM,005
12549,MATH-B 110,LEC,CLOSED,,240,0,0,IN_PERSON,Jenkins A,MOWEFR,13:55,14:45,RH,100
12550,MATH-B 110,LEC,CLOSED,,240,0,3,IN_PERSON,Chen H,MOWEFR,11:35,12:25,RH,100
12551,BUS-Z 531,LEC,OPEN,,30,1,0,IN_PERSON,Medlyn C,TUTH,09:25,10:50,CG,3046
12552,MUS-Z 115,LEC,OPEN,,20,4,0,IN_PERSON,Nelson O,MOWE,14:20,15:35,SM,242
12553,MUS-Z 209,LEC,OPEN,,45,3,0,IN_PERSON,Podgursky J,TUTH,17:30,18:45,SM,C141
12554,SEAS-F 101,LEC,OPEN,,15,5,0,IN_PERSON,De La Piedra K,MOWEFR,09:10,10:10,ED,1201
12555,INFO-I 301,LEC,OPEN,,45,13,0,IN_PERSON,Muehlhaus K,MOWE,11:10,12:25,I,E130
12556,SPEA-V 186,PRA,CLOSED,,34,0,3,IN_PERSON,Bukhari A,FR,12:00,12:50,PV,276
12557,SPEA-V 186,PRA,OPEN,,34,1,1,IN_PERSON,Bukhari A,FR,10:00,10:50,PV,276
12558,SPEA-V 186,PRA,OPEN,,34,1,1,IN_PERSON,Bukhari A,FR,11:00,11:50,PV,276
12559,SOAD-A 100,LEC,CLOSED,,220,0,19,,Alunei A,,,,WB,WEB
1256,CHEM-C 103,LEC,CLOSED,,312,0,22,IN_PERSON,Hill S; Oakley M; Scurek E,MOWEFR,08:00,08:50,BH,013
12560,SPEA-V 186,PRA,CLOSED,,34,0,2,IN_PERSON,Gray E,WE,16:45,17:35,GA,1118
12561,SPEA-V 186,PRA,OPEN,,34,1,0,IN_PERSON,Islam N,WE,18:00,18:50,PY,109
12562,SPEA-V 186,PRA,CLOSED,,34,0,1,IN_PERSON,Islam N,FR,11:00,11:50,PV,274
12563,SPEA-V 186,PRA,CLOSED,,34,0,9,IN_PERSON,Gray E,TH,16:30,17:20,GY,1043
12564,SPEA-V 186,PRA,CLOSED,,34,0,4,IN_PERSON,Gray E,TH,17:30,18:20,PV,163
12565,SPEA-V 186,PRA,CLOSED,,34,0,1,IN_PERSON,Gray E,TH,19:00,19:50,PV,163
12566,SPEA-V 186,PRA,CLOSED,,34,0,3,IN_PERSON,Rojas E,TH,16:45,17:35,BQ,C129
12567,SPEA-V 186,PRA,CLOSED,,34,0,1,IN_PERSON,Islam N,FR,10:00,10:50,PV,A223
12568,SPEA-V 186,PRA,CLOSED,,34,0,0,IN_PERSON,Rojas E,FR,11:00,11:50,PV,A223
1257,CHEM-C 103,DIS,CLOSED,,44,0,1,IN_PERSON,Enciso N; Pangan H,MOWE,13:55,14:45,LH,008
12570,SPEA-V 186,PRA,CLOSED,,34,0,6,IN_PERSON,Rahman S,FR,09:00,09:50,PV,163
12571,SPEA-V 186,PRA,CLOSED,,34,0,2,IN_PERSON,Rahman S,TH,18:00,18:50,BQ,C129
12572,MUS-M 510,LEC,OPEN,ASIAN-AMERICAN COMPOSERS,20,8,0,IN_PERSON,Liu B,TUTH,09:35,10:50,SM,356
12579,AFRI-L 101,LEC,OPEN,,22,1,0,IN_PERSON,Sow A,MOWE,14:20,15:35,SY,106
1258,CHEM-C 103,DIS,CLOSED,,50,0,6,IN_PERSON,Kiran V; Pangan H,TUTH,08:00,08:50,BH,330
12580,ENG-W 203,LEC,CLOSED,FICTION,15,0,0,IN_PERSON,McDonough M,TUTH,09:35,10:50,LH,016
12582,ENG-W 171,LEC,CLOSED,,23,0,0,IN_PERSON,Storey J; Thomae L,MOWEFR,09:10,10:00,BH,145
12584,MUS-P 110,LAB,CLOSED,,8,0,0,IN_PERSON,Yao E,TUTH,18:40,19:30,MA,318
12585,MUS-P 110,LAB,CLOSED,,8,0,0,IN_PERSON,Yao E,TUTH,12:45,13:35,MA,315
12586,MUS-P 121,LEC,CLOSED,,8,0,0,IN_PERSON,Yao E,TUTH,10:25,11:15,MA,318
1259,CHEM-C 103,DIS,CLOSED,,40,0,3,IN_PERSON,Rumon M,TUTH,16:20,17:10,BH,206
12591,ENGR-E 516,LEC,OPEN,,25,15,0,IN_PERSON,Song F,MO,14:20,16:50,IF,4012
12592,CSCI-B 405,LEC,OPEN,,60,1,0,IN_PERSON,Tao C,TUTH,12:45,14:00,GA,1106
12593,EDUC-G 763,LEC,OPEN,,10,7,0,IN_PERSON,Laskowski L,TU,09:35,11:05,ED,0034
12594,SPEA-V 374,LEC,CLOSED,,62,0,5,IN_PERSON,Duncan D,MOWE,09:35,10:50,PV,167
12595,MATH-X 125,LEC,OPEN,,25,11,0,IN_PERSON,Yuan C; Glidewell J,TUTH,09:35,10:50,PV,273
12596,MATH-X 125,LEC,OPEN,,25,2,0,IN_PERSON,Yuan C; Chan P,TUTH,12:45,14:00,AD,A151
12597,GEOG-G 120,LEC,OPEN,,96,29,0,IN_PERSON,Basile P,TUTH,14:20,15:35,SB,015
1260,CHEM-C 103,LAB,CLOSED,,26,0,2,IN_PERSON,Needham L,MO,09:10,10:40,CH,045
12601,ANTH-E 302,LEC,OPEN,,30,4,0,IN_PERSON,Collins C,MOWE,12:45,14:00,SB,220
12604,BIOL-L 211,LEC,CLOSED,,200,0,22,IN_PERSON,Anderson H,TUTH,11:10,12:25,JH,124
12605,CJUS-P 330,LEC,OPEN,,30,2,0,IN_PERSON,Hilton L,TU,17:30,20:00,BH,208
12606,EALC-K 101,LEC,OPEN,,27,10,0,IN_PERSON,Kim J,TUTH,15:10,16:00,ED,1210
12607,EALC-K 101,LEC,OPEN,,27,10,0,IN_PERSON,Kim J,TUTH,15:10,16:00,ED,1210
12608,LAW-B 684,LEC,OPEN,,18,6,0,IN_PERSON,Murphy B,MOWE,08:45,09:40,LW,203
12609,MSCH-J 528,LEC,OPEN,,5,4,0,IN_PERSON,Groobert D,MOWE,09:35,10:50,FF,215
1261,CHEM-C 103,LAB,CLOSED,,26,0,1,IN_PERSON,Needham L,MO,10:55,12:25,CH,045
12610,SLAV-R 401,LEC,OPEN,,20,4,0,IN_PERSON,Safiullina G; Shardakova M,MOWEFR,13:55,14:45,BH,241
12611,MSCH-J 577,LEC,OPEN,,5,1,0,IN_PERSON,Johnston K,MOWE,12:45,14:00,FF,215
12616,CSCI-B 490,LEC,OPEN,SOFTWARE ENG FOR INFOR SYS II,11,9,0,IN_PERSON,Bahramian H,TUTH,14:20,15:35,LU,1001
12617,ILS-Z 680,LEC,CLOSED,,16,0,4,IN_PERSON,Maryanski M,FR,12:45,15:20,LL,105
12618,BUS-W 300,LEC,CLOSED,,60,0,13,IN_PERSON,Pieratt M,MOWE,11:10,12:25,WB,WEB
1262,CHEM-C 103,LAB,CLOSED,,26,0,3,IN_PERSON,Hu L,MO,16:10,17:40,CH,045
12620,SPH-H 263,LEC,OPEN,,100,45,0,,Salem S,,,,WB,WEB
12623,HHC-H 211,LEC,CLOSED,,22,0,2,IN_PERSON,Cecil R,MOWE,14:20,15:35,HU,111
12624,BUS-Z 565,LEC,OPEN,,30,15,0,IN_PERSON,Luther R,MOTUWE,09:00,17:00,CG,1022
12625,HHC-H 212,LEC,OPEN,,22,9,0,IN_PERSON,Furniss N,MOWE,12:45,14:00,HU,217
12626,OVST-J 396,LEC,OPEN,,10,8,0,,Carty S,,,,ARR,
12627,OVST-K 496,LEC,OPEN,,10,10,0,,Carty S,,,,ARR,
12628,BUS-P 319,LEC,CLOSED,,40,0,2,IN_PERSON,Manhart P,MOWE,14:20,15:35,HH,3079
1263,CHEM-C 103,LAB,CLOSED,,26,0,0,IN_PERSON,Hu L,MO,17:55,19:25,CH,045
12630,MUS-T 132,LEC,OPEN,,20,4,0,IN_PERSON,Ferns Z,MOWE,08:00,08:50,MU,204
12633,MUS-Q 400,LEC,OPEN,,18,17,0,,Smith J,,,,ARR,
12634,MUS-Q 700,LEC,OPEN,,10,10,0,,Smith J,,,,ARR,
12635,MUS-Q 900,LEC,OPEN,,18,16,0,,Smith J,,,,ARR,
1264,CHEM-C 103,LAB,CLOSED,,26,0,2,IN_PERSON,Needham L,TU,08:00,09:30,CH,045
12641,MSCH-J 529,LEC,OPEN,,2,1,0,IN_PERSON,Groobert D,MOWE,12:45,14:00,FF,062
12642,MUS-P 115,LEC,OPEN,,16,6,0,IN_PERSON,Yao E,TUTH,10:25,11:15,MU,101
12643,MUS-F 446,LEC,OPEN,,18,12,0,IN_PERSON,Murphy Jr O,FR,17:00,19:00,SM,242
12644,MUS-F 546,LEC,OPEN,,18,12,0,IN_PERSON,Murphy Jr O,FR,17:00,19:00,SM,242
12646,SPEA-R 625,LEC,OPEN,,30,13,0,IN_PERSON,Richards K,MOWE,15:55,17:10,PV,A335
12648,MSCH-C 350,LEC,CLOSED,MEDIA & ENT INDUSTRY CAREERS,35,0,0,IN_PERSON,Snyder B,WE,19:00,20:45,WB,WEB
12649,EURO-W 500,LEC,OPEN,BEGINNER IRISH I,24,16,0,IN_PERSON,Ni Mhuiri E,MOWE,12:45,13:35,GA,0013
1265,CHEM-C 117,LEC,CLOSED,,315,0,23,IN_PERSON,Arnold K; Porter M; Brauser M,MOWEFR,08:00,08:50,CH,122
12651,INFO-I 591,LEC,OPEN,,20,18,0,,Gray C,,,,ARR,
12652,INFO-I 591,LEC,OPEN,,20,20,0,,Guidi G,,,,ARR,
12653,BUS-K 507,LEC,OPEN,,30,3,0,IN_PERSON,Baird J,TUTH,12:45,14:10,CG,3046
12658,EDUC-E 225,LEC,CLOSED,,24,0,0,IN_PERSON,Hazen K,MOWE,08:00,09:15,ED,3275
12659,INFO-I 520,LAB,OPEN,,2,2,0,IN_PERSON,Huang Y,FR,13:50,14:40,IF,3115
1266,CHEM-C 117,LEC,CLOSED,,315,0,27,IN_PERSON,Porter M; Arnold K; Brauser M,MOWEFR,09:10,10:00,CH,122
12660,CSCI-B 557,LEC,OPEN,,26,13,0,IN_PERSON,Raphael C,TUTH,11:10,12:25,I,321A
12661,INFO-I 547,LEC,OPEN,,26,13,0,IN_PERSON,Raphael C,TUTH,11:10,12:25,I,321A
12662,ARTH-A 775,LEC,CLOSED,,1,0,0,,Molotiu A,,,,ARR,
12664,INFO-I 541,LEC,OPEN,,65,47,0,IN_PERSON,Gray C,MOWE,14:15,16:45,TE,F160
12665,EALC-C 306,LEC,OPEN,,20,10,0,IN_PERSON,Luo M,TUTH,12:45,14:00,BH,336
12666,EALC-C 506,LEC,OPEN,,20,10,0,IN_PERSON,Luo M,TUTH,12:45,14:00,BH,336
12668,EALC-J 101,LEC,OPEN,,36,14,0,IN_PERSON,Akiyama Y; Ueda S,TUTH,12:45,13:35,WI,C111
1267,CHEM-C 117,DIS,CLOSED,,45,0,3,IN_PERSON,Bashir M,MO,10:25,11:15,GA,1122
12670,EALC-J 101,LEC,OPEN,,36,14,0,IN_PERSON,Akiyama Y; Ueda S,TUTH,12:45,13:35,WI,C111
12671,EDUC-J 795,LEC,CLOSED,,1,0,0,,Buck G,,,,ARR,
12672,EALC-J 101,DRL,OPEN,,14,5,0,IN_PERSON,Akiyama Y; Ueda S,MOWEFR,09:10,10:00,BH,312
12673,EALC-J 101,DRL,OPEN,,14,5,0,IN_PERSON,Akiyama Y; Ueda S,MOWEFR,09:10,10:00,BH,312
12674,EALC-J 101,DRL,OPEN,,14,10,0,IN_PERSON,Akiyama Y; Ueda S,MOWEFR,10:25,11:15,LH,135
12675,EALC-J 101,DRL,OPEN,,14,10,0,IN_PERSON,Akiyama Y; Ueda S,MOWEFR,10:25,11:15,LH,135
12676,EALC-J 101,DRL,OPEN,,14,8,0,IN_PERSON,Akiyama Y; Ueda S,MOWEFR,11:35,12:25,LI,851
12677,EALC-J 101,DRL,OPEN,,14,8,0,IN_PERSON,Akiyama Y; Ueda S,MOWEFR,11:35,12:25,LI,851
12678,EALC-J 101,DRL,CLOSED,,14,0,0,IN_PERSON,Akiyama Y; Ueda S,MOWEFR,16:20,17:10,BH,237
12679,EALC-J 101,DRL,CLOSED,,14,0,0,IN_PERSON,Akiyama Y; Ueda S,MOWEFR,16:20,17:10,BH,237
1268,CHEM-C 117,DIS,CLOSED,,45,0,6,IN_PERSON,Bashir M,MO,11:35,12:25,BH,006
12680,ILS-Z 639,LEC,OPEN,,25,9,0,IN_PERSON,Wu S,MO,13:55,16:25,IF,0006
12681,EALC-C 101,LEC,OPEN,,25,11,0,IN_PERSON,Catalano S; Lyu X,TUTH,15:10,16:00,RE,C110
12682,EALC-C 101,LEC,OPEN,,25,11,0,IN_PERSON,Catalano S; Lyu X,TUTH,15:10,16:00,RE,C110
12683,EALC-C 201,LEC,OPEN,,28,9,0,IN_PERSON,Liles X,TUTH,12:45,13:35,BH,216
12684,EALC-C 201,LEC,OPEN,,28,9,0,IN_PERSON,Liles X,TUTH,12:45,13:35,BH,216
12685,ENG-W 170,LEC,CLOSED,PROJECTS IN READING & WRITING,23,0,1,IN_PERSON,Yusen B; Storey J,MOWEFR,11:35,12:25,SY,002
12686,ENG-W 170,LEC,CLOSED,PROJECTS IN READING & WRITING,23,0,0,IN_PERSON,Ephraim M; Storey J,MOWEFR,12:45,13:35,BH,232
12687,ARTH-A 775,LEC,OPEN,,1,1,0,,Van Voorhis J,,,,ARR,
12689,SPEA-H 586,LEC,OPEN,,30,30,0,IN_PERSON,Grudi A,TH,18:00,20:30,WB,WEB
1269,CHEM-C 117,DIS,CLOSED,,45,0,3,IN_PERSON,Wehigaldeniya R,MO,13:55,14:45,LH,130
12691,CSCI-B 590,LEC,OPEN,SOFTWARE ENGINEERING FOR INFOR,2,1,0,IN_PERSON,Seiffert K,MOWE,11:10,12:25,IF,1106
12694,MUS-Z 288,LEC,CLOSED,,40,0,5,IN_PERSON,Rigby M,MOWE,15:55,17:10,SM,242
12696,MSCH-A 360,LEC,CLOSED,MEDIA & ENT INDUSTRY CAREERS,35,0,0,IN_PERSON,Snyder B,WE,19:00,20:45,WB,WEB
1270,CHEM-C 117,DIS,CLOSED,,45,0,7,IN_PERSON,Hanagan C,MO,12:45,13:35,JH,065
12700,EDUC-M 333,LEC,CLOSED,,22,0,5,,Jenkins E,,,,WB,WEB
12705,MSCH-A 360,LEC,CLOSED,INTRO TO DATA STRATEGY,30,0,4,IN_PERSON,Heredia-Ferran M,TUTH,17:30,18:45,WB,WEB
12706,MSCH-P 353,LEC,CLOSED,,18,0,0,IN_PERSON,Knowles M,MO,18:30,21:00,TV,250
12707,MSCH-P 361,LAB,CLOSED,,12,0,2,IN_PERSON,Braunlin S,WE,17:00,21:00,TV,127
12708,MSCH-A 442,LEC,CLOSED,,30,0,0,IN_PERSON,Vega C,TUTH,17:30,18:45,WB,WEB
1271,CHEM-C 117,DIS,CLOSED,,45,0,3,IN_PERSON,Hanagan C,MO,13:55,14:45,GA,1128
12710,BUS-F 455,LEC,OPEN,PRIVATE EQUITY FUND,23,1,0,IN_PERSON,Goy M,FR,12:45,14:00,HH,3000
12711,MSCH-C 345,LEC,OPEN,,40,8,0,IN_PERSON,Bruker M,MO,11:10,12:25,AD,A152
12712,EDUC-P 250,LEC,CLOSED,,30,0,0,,Little T,,,,WB,WEB
12713,MSCH-X 489,LEC,OPEN,,15,11,0,,Major L; Johnston K; Truesdell B,,,,ARR,
12714,MSCH-A 441,LEC,CLOSED,,32,0,2,IN_PERSON,Khan T,TUTH,11:10,12:25,LH,004
12716,BUS-K 327,LEC,CLOSED,,34,0,0,IN_PERSON,Serex P,TUTH,11:10,12:25,HH,4057
12717,MSCH-J 410,LEC,OPEN,,18,8,0,IN_PERSON,White T,MOWE,14:20,15:35,FF,060
12718,SPH-H 360,LEC,CLOSED,,40,0,4,,Jacobs W,,,,WB,WEB
12719,BUS-M 455,LEC,OPEN,KELLEY OUTFITTERS,30,9,0,IN_PERSON,Talbott J,TH,15:55,18:25,HH,2047
1272,CHEM-C 117,DIS,CLOSED,,45,0,3,IN_PERSON,Wehigaldeniya R,MO,12:45,13:35,BH,346
12720,SPEA-E 490,LEC,OPEN,,10,9,0,,Need A,,,,ARR,
12721,SPEA-E 490,LEC,OPEN,,10,10,0,,Need A,,,,ARR,
12723,REEI-R 500,LEC,OPEN,THE UNSUSTAINABILITY OF WAR,36,1,0,IN_PERSON,Griffin C,MOWE,09:35,10:50,BH,342
12724,INST-X 490,LEC,OPEN,,3,3,0,,Ashutosh I,,,,ARR,
12725,MSCH-H 498,LEC,OPEN,,5,5,0,,Coleman J,,,,ARR,
12726,MSCH-B 334,LEC,CLOSED,,18,0,2,IN_PERSON,Sharrett C,MO,12:00,14:30,WB,WEB
12727,CHEM-C 343,LAB,CLOSED,,20,0,1,IN_PERSON,Agosto C,MO,12:40,16:40,CH,145
12728,SPEA-V 181,LEC,CLOSED,,100,0,2,IN_PERSON,Girgis S,TUTH,08:00,09:15,PV,167
12729,BUS-D 311,LEC,CLOSED,,50,0,14,IN_PERSON,Vodosek M,TUTH,12:45,14:00,HH,2000
1273,CHEM-C 117,DIS,CLOSED,,45,0,5,IN_PERSON,Wehigaldeniya R,MO,11:35,12:25,BH,008
12730,BUS-D 411,LEC,OPEN,,35,17,0,IN_PERSON,Bu J,TUTH,08:00,09:15,HH,2049
12731,BUS-W 430,LEC,OPEN,,30,13,0,IN_PERSON,Nugent M,TUTH,17:30,18:45,HH,3057
12732,OVST-A 497,LEC,OPEN,,15,14,0,,Carty S,,,,ARR,
12733,ILS-Z 511,LEC,OPEN,,25,3,0,IN_PERSON,Hu Y,WE,11:35,14:05,AD,A152
12736,MSCH-A 450,LEC,CLOSED,,18,0,3,IN_PERSON,Cole C,TUTH,12:45,14:00,WB,WEB
12739,EDUC-L 517,LEC,OPEN,,28,5,0,,McNeill E,,,,WB,WEB
1274,CHEM-C 117,DIS,CLOSED,,45,0,3,IN_PERSON,Gachotte C; Oehrlein E,TU,16:20,17:10,SE,140
12740,MSCH-R 349,LEC,CLOSED,,18,0,5,IN_PERSON,Lawhorn T,TUTH,09:35,10:50,FF,060
12742,HON-X 298,LEC,OPEN,HONORS INDEPENDENT RESEARCH,1,1,0,,Newman E,,,,ARR,
12743,ILS-Z 511,LEC,OPEN,,30,22,0,IN_PERSON,Choksy C,MOWE,09:35,10:50,IF,1104
12744,THTR-T 722,LEC,OPEN,,16,13,0,,McKnight J,,,,HD,TBA
12746,MSCH-X 490,LEC,OPEN,,1,1,0,,Castronova E,,,,ARR,
12748,BUS-F 415,LEC,OPEN,,25,12,0,IN_PERSON,Masson D,WE,17:30,20:00,HH,3048
12749,PSY-X 397,LEC,OPEN,,20,20,0,,Rutter L,,,,ARR,
1275,CHEM-C 117,DIS,CLOSED,,45,0,2,IN_PERSON,Cadena Martinez N,MO,09:10,10:00,BH,003
12750,PSY-X 398,LEC,OPEN,,20,20,0,,Rutter L,,,,ARR,
12751,PSY-X 497,LEC,OPEN,,20,19,0,,Rutter L,,,,ARR,
12752,PSY-X 498,LEC,OPEN,,20,20,0,,Rutter L,,,,ARR,
12753,MSCH-X 472,LEC,OPEN,,60,49,0,,Major L; Heckler T; Bland J,,,,ARR,
12755,MUS-Y 154,LEC,OPEN,,5,5,0,,Chang Kitano H,,,,ARR,
12757,CSCI-B 590,LEC,OPEN,SOFTWARE ENG FOR INFO SYS II,2,2,0,IN_PERSON,Bahramian H,TUTH,14:20,15:35,LU,1001
12759,EDUC-G 490,LEC,OPEN,,8,8,0,,Brooks J,,,,HD,TBA
12763,OVST-H 494,LEC,OPEN,,10,9,0,,Carty S,,,,ARR,
12764,OVST-H 494,LEC,OPEN,,10,10,0,,Carty S,,,,ARR,
12766,GER-Y 503,LEC,CLOSED,,2,0,0,,Kerler D,,,,HD,TBA
12767,GER-Y 200,LEC,CLOSED,,2,0,0,,Kerler D,,,,HD,TBA
12768,EDUC-M 200,LEC,CLOSED,,22,0,6,,Won J,,,,WB,WEB
12769,EDUC-M 235,LEC,CLOSED,,24,0,1,,Wood L,,,,WB,WEB
1277,CHEM-C 121,LEC,OPEN,,96,2,3,IN_PERSON,Singh H,TH,12:45,13:35,CH,122
12770,CSCI-Y 790,LEC,OPEN,,5,5,0,,Angiuli C,,,,ARR,
12771,MSCH-A 441,LEC,CLOSED,,28,0,2,IN_PERSON,Baker J,TUTH,11:10,12:25,FF,215
12772,MSCH-J 575,LEC,OPEN,,12,5,0,,Johnston K,,,,HD,TBA
12773,PHIL-P 150,DIS,CLOSED,,21,0,0,IN_PERSON,Jackson M,FR,09:10,10:00,SY,006
12774,PHIL-P 150,DIS,CLOSED,,21,0,0,IN_PERSON,Jackson M,FR,10:25,11:15,SY,006
12775,PHIL-P 150,DIS,OPEN,,21,1,0,IN_PERSON,Nguyen L,FR,13:55,14:45,SY,006
12777,PHIL-P 105,LEC,CLOSED,,69,0,1,IN_PERSON,Yetman D,TUTH,13:55,14:45,GY,1050
12778,PHYS-P 201,DIS,CLOSED,,30,0,0,IN_PERSON,Beggs J; Liao J; Govin R,TH,15:10,16:00,SE,240
12779,PHYS-P 201,LAB,CLOSED,,24,0,0,IN_PERSON,Beggs J; Liao J; Govin R,WE,15:10,17:05,SW,108
1278,CHEM-C 121,LAB,OPEN,,24,2,0,IN_PERSON,Nakath Durage W,MO,18:00,21:00,CH,027
12780,SLHS-A 500,LEC,CLOSED,,1,0,0,IN_PERSON,Goodall H,MOWE,09:35,10:50,BH,330
12781,SLHS-A 550,LEC,CLOSED,,1,0,0,IN_PERSON,Demeter D,TUTH,12:45,14:00,BH,330
12782,EDUC-M 500,LEC,OPEN,,20,3,0,,Christoun L,,,,ARR,
12783,HHC-H 101,LEC,CLOSED,,24,0,1,IN_PERSON,Gittleman E,MO,09:35,10:50,RE,C110
12784,HHC-H 101,LEC,CLOSED,,24,0,2,IN_PERSON,Winston S,MO,12:45,14:00,SY,200
12787,CHEM-C 341,DIS,CLOSED,,42,0,2,IN_PERSON,Schmitt C; Howell J,TH,16:20,17:10,BH,346
12788,CHEM-C 341,DIS,CLOSED,,43,0,2,IN_PERSON,Dugger D,TH,17:30,18:20,BH,227
1279,CHEM-C 121,LAB,CLOSED,,24,0,0,IN_PERSON,Santia D,TU,08:00,11:00,CH,027
12790,HHC-H 101,LEC,CLOSED,,24,0,0,IN_PERSON,Xavier Carvalho T,TU,15:55,17:10,HU,108
12791,HHC-H 101,LEC,CLOSED,,24,0,1,IN_PERSON,Kunzman R,WE,09:35,10:50,HU,111
12792,HHC-H 101,LEC,CLOSED,,24,0,2,IN_PERSON,Kunzman R,WE,11:10,12:25,HU,111
12793,HHC-H 101,LEC,CLOSED,,24,0,2,IN_PERSON,Gittleman E,TU,11:10,12:25,HU,111
12794,HHC-H 101,LEC,CLOSED,,24,0,2,IN_PERSON,Pontillo J,TH,11:10,12:25,HU,111
12795,MUS-O 841,LEC,OPEN,,18,11,0,,Caswell R,,,,ARR,
12796,MUS-Z 710,LEC,OPEN,JAZZ VOICE GRAD ELECTIVE,18,11,0,,Caswell R,,,,ARR,
12797,HHC-H 101,LEC,CLOSED,,24,0,2,IN_PERSON,Nussbaum M,TU,12:45,14:00,HU,111
12798,HHC-H 101,LEC,CLOSED,,24,0,4,IN_PERSON,Pontillo J,TU,14:20,15:35,HU,111
12799,MSCH-P 331,LEC,OPEN,,18,5,0,IN_PERSON,Shoulberg P,TUTH,09:35,10:50,TV,226
1280,CHEM-C 121,LAB,CLOSED,,24,0,2,IN_PERSON,Santia D,TU,11:30,14:30,CH,027
12801,MUS-A 321,LAB,OPEN,,10,10,0,IN_PERSON,Turhan A,TH,09:35,10:50,SM,354
12802,CMLT-C 111,LEC,CLOSED,,20,0,0,IN_PERSON,Kurek D,MOWE,13:50,15:05,SY,108
12803,CLLC-L 210,LEC,OPEN,FOOD PHOTO CONCEPTS & PRACTICE,16,3,0,IN_PERSON,Cluver Y,MOWE,13:55,15:35,EO,C112
12804,SLHS-A 150,LEC,CLOSED,,27,0,7,IN_PERSON,Demeter D,TUTH,09:35,10:50,BH,330
12806,MUS-F 419,LEC,OPEN,FLUTE ORCHESTRAL REPERTOIRE,20,7,0,IN_PERSON,Robertello T,FR,12:45,14:40,MA,006
12807,MUS-F 519,LEC,OPEN,FLUTE ORCHESTRAL REPERTOIRE,20,7,0,IN_PERSON,Robertello T,FR,12:45,14:40,MA,006
12809,SPEA-V 246,LEC,CLOSED,,64,0,1,IN_PERSON,Astill A,MOWE,08:00,09:15,PV,274
1281,CHEM-C 121,LAB,CLOSED,,24,0,1,IN_PERSON,Nakath Durage W,TU,15:00,18:00,CH,027
12811,INFO-T 100,LEC,OPEN,LUDDY SCHOLARS SEMINAR,20,8,0,IN_PERSON,Ensmenger N,TH,11:10,12:10,BH,141
12817,CSCI-A 201,LAB,OPEN,,20,11,0,IN_PERSON,Tao C,TU,16:20,18:15,BH,107
12818,SPH-K 550,LEC,OPEN,ADV IN MOTOR LEARNING RESEARCH,12,12,0,IN_PERSON,Shea J,TUTH,11:00,12:15,SY,137
12819,AFRI-A 100,LEC,CLOSED,,45,0,0,IN_PERSON,Aherne T,TUTH,12:45,14:00,GA,1118
1282,CHEM-C 341,DIS,CLOSED,,40,0,0,IN_PERSON,Neary B; Howell J,WE,18:40,19:30,BH,346
12821,ENG-W 203,LEC,CLOSED,FICTION,15,0,0,IN_PERSON,Neal A,TUTH,14:20,15:35,LH,112
12823,EDUC-X 151,LEC,CLOSED,GAMING FOR RESILIENCE,19,0,0,IN_PERSON,Clor M,TUTH,12:45,14:00,EP,256
12825,PHYS-P 201,LAB,CLOSED,,24,0,4,IN_PERSON,Beggs J; Liao J; Govin R,TU,10:25,12:20,SW,108
12826,BUS-C 104,BIDS,CLOSED,,32,0,0,IN_PERSON,Powell M,MOWE,14:20,15:35,HH,3016
12827,BUS-C 104,BIDS,OPEN,,30,7,0,IN_PERSON,Broner M,TUTH,14:20,15:35,WH,106
12828,BUS-C 104,BIDS,OPEN,,32,3,0,IN_PERSON,Nevitt J,TUTH,12:45,14:00,HH,3016
12829,EDUC-X 158,LEC,OPEN,,19,7,0,IN_PERSON,Burke M; Lapalus M,MOWE,12:45,14:00,ED,1210
1283,CHEM-C 342,LEC,OPEN,,360,32,5,IN_PERSON,Burlingham B,MOWEFR,11:35,12:25,WH,100
12830,EDUC-X 158,LEC,OPEN,,19,13,0,IN_PERSON,Burke M; Ahumibe U,MOWE,14:20,15:35,ED,1210
12831,MSCH-T 540,LEC,CLOSED,,1,0,0,IN_PERSON,French T,TUTH,12:45,14:00,FF,215
12832,CLLC-Q 199,LEC,OPEN,,10,1,0,IN_PERSON,Cluver Y,TUTH,09:10,10:00,EO,C110
12835,MUS-P 901,LEC,OPEN,,5,4,0,,Prestinari C; Kashiwagi T,,,,ARR,
12838,ASCS-Q 295,LEC,CLOSED,,50,0,0,IN_PERSON,Kendall M,MOWE,15:10,16:00,EP,206
12839,ASCS-Q 295,LEC,CLOSED,,50,0,0,IN_PERSON,Kendall M,MOWE,16:20,17:10,EP,206
1284,CHEM-C 342,DIS,CLOSED,,40,0,0,IN_PERSON,Ward C,WE,15:10,16:00,LH,130
12840,ASCS-Q 295,LEC,CLOSED,,50,0,0,IN_PERSON,Tansmore J,TUTH,09:10,10:00,EP,206
12841,ASCS-Q 295,LEC,CLOSED,,50,0,0,IN_PERSON,Tansmore J,TUTH,10:25,11:15,EP,206
12842,ASCS-Q 295,LEC,CLOSED,,50,0,0,IN_PERSON,Fasone L,TUTH,13:55,14:45,EP,206
12843,ASCS-Q 295,LEC,CLOSED,,38,0,1,IN_PERSON,Baker A,MOWE,16:20,17:10,EP,214
12844,ASCS-Q 295,LEC,CLOSED,,38,0,1,IN_PERSON,Lexmond A,TUTH,09:10,10:00,EP,214
12845,ASCS-Q 295,LEC,CLOSED,,38,0,0,IN_PERSON,Lexmond A,TUTH,10:25,11:15,EP,214
12846,ASCS-Q 295,LEC,CLOSED,,38,0,0,IN_PERSON,Heben L,TUTH,13:55,14:45,EP,214
12847,ASCS-Q 295,LEC,CLOSED,,38,0,1,IN_PERSON,Junken J,MOWE,15:10,16:00,EP,214
12848,BUS-M 512,LEC,OPEN,,30,9,0,IN_PERSON,Mallapragada G,MOWE,09:25,10:50,CG,2063
12849,HIST-J 425,LEC,OPEN,,20,1,0,IN_PERSON,Diaz A,MO,12:45,15:15,SB,131
1285,CHEM-C 342,DIS,OPEN,,40,9,1,IN_PERSON,Carricondo B,WE,17:30,18:20,BH,206
12850,CJUS-P 411,LEC,CLOSED,,31,0,1,IN_PERSON,Seifers B,TUTH,15:55,17:10,SY,103
12851,BUS-C 104,BIDS,OPEN,,32,3,0,IN_PERSON,Prange K,TUTH,09:35,10:50,WT,C115
12852,BUS-Z 525,LEC,OPEN,,35,5,0,IN_PERSON,Kratz J,TUTH,11:05,12:30,CG,1022
12855,MSCH-X 360,LEC,OPEN,DIGITAL TECHNOLOGY IN LA,35,14,0,IN_PERSON,Snyder B; Madejski I,TH,19:00,22:00,HD,TBA
12857,MSCH-X 360,LEC,OPEN,MEDIA IND & CULTURE PRODUCTION,35,14,0,IN_PERSON,Roberts W; Madejski I,WE,19:00,22:00,HD,TBA
12858,MSCH-X 360,LEC,OPEN,IU MEDIA CENTER: LA EXPERIENCE,35,29,0,IN_PERSON,Madejski I; Hite B,MO,19:00,22:00,ARR,
12859,HHC-H 101,LEC,CLOSED,,24,0,0,IN_PERSON,Drake J,MO,09:35,10:50,HU,111
1286,CHEM-C 342,DIS,OPEN,,40,3,0,IN_PERSON,Cripe L,TH,08:00,08:50,JH,065
12860,HHC-H 101,LEC,CLOSED,,24,0,1,IN_PERSON,Drake J,MO,11:10,12:25,HU,111
12861,HHC-H 101,LEC,CLOSED,,24,0,2,IN_PERSON,Frohardt-Lane S,TU,11:10,12:25,HU,217
12862,HHC-H 101,LEC,CLOSED,,24,0,2,IN_PERSON,Truglia M,WE,15:55,17:10,HU,111
12863,MSCI-M 100,LEC,OPEN,IMPROV LEARNING SKILLS IN ANAT,35,10,0,IN_PERSON,Garner G,TU,13:55,14:45,TE,F106
12869,MSCH-C 150,LEC,CLOSED,,18,0,1,IN_PERSON,Jeter T,TU,15:55,16:45,FF,212
1287,CHEM-C 343,LEC,OPEN,,340,9,12,IN_PERSON,Mata S; Nguyen H,TUTH,11:35,12:25,CH,122
12870,EDUC-P 314,LEC,OPEN,,30,9,0,,Davis G,,,,WB,WEB
12871,EDUC-G 510,LEC,OPEN,,22,3,0,IN_PERSON,Vaughan E,TH,12:45,15:30,ED,0101
12873,BUS-A 514,LEC,CLOSED,,5,0,0,IN_PERSON,Schroeder J,MOWE,11:10,12:25,CG,1008
12874,MUS-M 519,LEC,OPEN,,10,8,0,IN_PERSON,Marsh D,WEFR,10:25,11:15,MU,205
12875,EDUC-G 647,LEC,CLOSED,,8,0,0,IN_PERSON,Martinez R,WE,12:45,15:15,ED,1004
12876,NURS-A 103,LEC,CLOSED,,30,0,0,IN_PERSON,Evans J,MO,09:35,12:35,AH,C1020B
12877,HHC-H 101,LEC,CLOSED,,24,0,2,IN_PERSON,Frohardt-Lane S,TU,12:45,14:00,HU,217
12878,GER-E 212,LEC,CLOSED,THE CITY CONTEMPORARY GERMANY,24,0,0,IN_PERSON,Dekel I,TUTH,09:35,10:50,BH,146
12879,MSCH-J 370,LEC,OPEN,,18,5,0,IN_PERSON,Moore N,TUTH,11:10,12:25,FF,214
1288,CHEM-C 343,LAB,CLOSED,,20,0,1,IN_PERSON,Gomis A,MO,12:40,16:40,CH,147
12880,MUS-I 300,LEC,OPEN,,18,5,0,IN_PERSON,Han C,TU,18:00,19:30,MA,405
12881,MUS-I 300,LEC,OPEN,,18,1,0,IN_PERSON,Klinton D,MO,17:00,19:00,HD,TBA
12882,MUS-I 500,LEC,OPEN,,18,5,0,IN_PERSON,Han C,TU,18:00,19:30,MA,405
12883,MUS-I 500,LEC,OPEN,,18,1,0,IN_PERSON,Klinton D,MO,17:00,19:00,HD,TBA
12884,OVST-Z 499,LEC,OPEN,,1,1,0,,Carty S,,,,ARR,
12885,EDUC-P 248,LEC,CLOSED,,28,0,0,IN_PERSON,Komer J,TUTH,11:10,12:25,ED,2101
12887,SPH-M 314,LEC,CLOSED,,100,0,17,,Jang W,,,,WB,WEB
12888,SPH-M 495,LEC,OPEN,,25,1,0,,Shelton J,,,,ARR,
12889,SPH-M 497,LEC,OPEN,,25,1,0,,Shelton J,,,,ARR,
1289,CHEM-C 343,LAB,CLOSED,,20,0,3,IN_PERSON,Kankam F,MO,17:20,21:20,CH,149
12890,CEUS-T 493,LEC,OPEN,POST ADV LANG STUDY-ESTONIAN,2,2,0,,Kivik P,,,,WB,WEB
12891,CEUS-T 798,LEC,OPEN,POST ADV LANG STUDY-ESTONIAN,2,2,0,,Kivik P,,,,WB,WEB
12893,EDUC-P 681,LEC,OPEN,,20,7,0,IN_PERSON,Merrill A,WE,12:45,15:30,ED,1230
12894,MUS-M 510,LEC,CLOSED,FOLK MUSIC AND ART MUSIC,20,0,0,IN_PERSON,Hooker L,TUTH,11:10,12:25,RA,B109
12896,AMST-X 390,LEC,CLOSED,,0,0,0,IN_PERSON,Ing M,FR,12:45,13:35,HD,TBA
12898,THTR-D 254,LEC,OPEN,,18,6,0,IN_PERSON,Gray D,MOWE,15:15,16:30,TH,A200
12899,EALC-E 201,LEC,OPEN,"CLASSIC CHN CALLIG, PAINT, POE",30,12,0,IN_PERSON,Lin L,MOWE,14:20,15:35,RA,B111
1290,CHEM-C 343,LAB,OPEN,,20,1,2,IN_PERSON,Saha R,WE,17:20,21:20,CH,147
12900,HISP-S 250,LEC,CLOSED,,24,0,2,IN_PERSON,Gastelum M,MOWETH,17:30,18:20,WB,WEB
12902,HISP-S 150,LEC,OPEN,,200,154,0,,Cook A,,,,ARR,
12903,SPEA-H 267,LEC,CLOSED,,45,0,1,IN_PERSON,Bosk A,MOWE,11:35,12:25,AC,C002
12904,SPEA-V 252,LEC,CLOSED,,45,0,14,IN_PERSON,Bosk A,MOWE,11:35,12:25,AC,C002
12905,SPEA-V 348,LEC,CLOSED,,40,0,12,IN_PERSON,Zhu X,MOWE,14:20,15:35,SM,C141
12906,EDUC-G 272,LEC,OPEN,,30,1,0,,Akers B,,,,WB,WEB
12907,BIOC-B 680,LEC,OPEN,DIGITL IMAGNG LIGHT & MICROSCOPY,5,1,0,IN_PERSON,Shaw S,TUTH,14:20,15:35,JH,A107
12908,SPH-E 451,LEC,OPEN,,20,18,0,IN_PERSON,James R,TUTH,17:00,18:30,WB,WEB
12909,MUS-F 447,LEC,OPEN,,25,12,0,IN_PERSON,Miller A,MOWE,19:15,20:30,MA,B012
1291,CHEM-C 343,LAB,OPEN,,20,1,1,IN_PERSON,Hazra P,TU,12:40,16:40,CH,147
12910,MUS-F 547,LEC,OPEN,,25,12,0,IN_PERSON,Miller A,MOWE,19:15,20:30,MA,B012
12911,SPEA-V 380,LEC,OPEN,,1,1,0,,Starnes M,,,,ARR,
12913,EDUC-M 302,LEC,CLOSED,ALGEBRA AND GEOMETRY,26,0,0,IN_PERSON,Tillema E,TUTH,11:10,12:25,ED,2025
12914,BUS-P 254,LEC,OPEN,,24,1,0,IN_PERSON,Votolato K,FR,09:35,12:25,HH,3034
12915,BUS-P 354,LEC,OPEN,,25,5,0,IN_PERSON,Votolato K,FR,09:35,12:25,HH,3046
12916,EAS-G 690,LEC,OPEN,EAS WRITING SEMINAR,15,13,0,IN_PERSON,Goddard P,FR,10:25,13:25,GY,2064
12917,MUS-P 400,LEC,OPEN,,18,16,0,,Han C,,,,ARR,
12918,MUS-P 800,LEC,OPEN,,10,10,0,,Klinton D,,,,ARR,
12919,MUS-P 800,LEC,OPEN,,10,10,0,,Han C,,,,ARR,
1292,CHEM-C 343,LAB,CLOSED,,20,0,1,IN_PERSON,Ross H,TU,12:40,16:40,CH,149
12920,MUS-P 900,LEC,OPEN,,18,5,0,,Han C,,,,ARR,
12922,MUS-G 801,LEC,OPEN,,5,5,0,,Cartledge D,,,,ARR,
12928,SPH-M 333,LEC,CLOSED,,100,0,30,,Whitaker R,,,,WB,WEB
12929,SPH-M 382,LEC,CLOSED,,100,0,22,,Coble C,,,,WB,WEB
1293,CHEM-C 343,LAB,OPEN,,20,1,3,IN_PERSON,Gupta A,WE,12:40,16:40,CH,147
12930,EDUC-X 105,LEC,CLOSED,,20,0,8,IN_PERSON,Koke A; Gallagher M,TUTH,17:30,18:20,SY,037
12931,EDUC-X 105,LEC,CLOSED,,20,0,6,IN_PERSON,Koke A; Gallagher M,TUTH,16:20,17:10,SY,210
12932,EDUC-X 105,LEC,CLOSED,,20,0,6,IN_PERSON,Koke A; Gallagher M,TUTH,17:30,18:20,ED,3115
12933,EDUC-X 105,LEC,CLOSED,,20,0,3,IN_PERSON,Koke A; Gallagher M,TUTH,16:20,17:10,ED,3115
12934,VSCI-V 768,LEC,OPEN,MIRACLE OF SIGHT,10,10,0,,Port N,,,,HD,TBA
12935,VSCI-V 550,LEC,OPEN,,10,7,0,IN_PERSON,Port N,TH,16:45,18:00,OP,105
12936,VSCI-V 550,LAB,OPEN,,10,7,0,IN_PERSON,Port N,TH,18:15,19:45,OP,102
12937,MUS-D 800,LEC,OPEN,,5,5,0,,Miller A,,,,ARR,
12938,MUS-D 900,LEC,OPEN,,5,5,0,,Miller A,,,,ARR,
12939,MSCH-B 360,LEC,OPEN,LITTLE 500 DOCUSERIES I,10,5,0,IN_PERSON,Dhaene P; Guyon N,TU,17:00,19:00,FF,052
1294,CHEM-C 343,LAB,CLOSED,,20,0,0,IN_PERSON,Rolfs A,TH,12:40,16:40,CH,147
12941,ECON-E 371,LEC,CLOSED,,48,0,3,IN_PERSON,Lantis R,TUTH,14:20,15:35,WY,015
12943,CSCI-C 200,LEC,OPEN,,200,200,0,,Carr D,,,,ARR,
12944,CSCI-C 212,LEC,OPEN,,200,179,0,,Ehresman S,,,,ARR,
12945,EDUC-W 200,LEC,OPEN,,200,197,0,,Eley K,,,,ARR,
12946,EDUC-W 200,LEC,OPEN,,200,182,0,,Newell C,,,,ARR,
12947,GER-G 100,LEC,OPEN,,200,195,0,,Shaw A,,,,ARR,
12948,GER-G 100,LEC,OPEN,,200,200,0,,Westerhouse B,,,,ARR,
12949,CSCI-C 102,LEC,OPEN,,200,200,0,,Tyrakowski J,,,,ARR,
1295,CHEM-C 343,LAB,CLOSED,,20,0,0,IN_PERSON,Vickers O,TH,12:40,16:40,CH,149
12950,CSCI-C 212,LEC,OPEN,,200,199,0,,Carr D,,,,ARR,
12952,MSCH-X 373,LEC,OPEN,,37,16,0,,Major L; Madejski I,,,,ARR,
12953,SPH-Q 711,LEC,OPEN,,10,3,0,IN_PERSON,Li X,MOWE,13:30,14:45,WB,WEB
12956,SPH-F 180,LEC,OPEN,,200,200,0,,Abusamn H,,,,ARR,
12957,INFO-I 498,LEC,OPEN,ELANCO ANIMAL HEALTH,20,18,0,,Francisco M; Sinders R,,,,ARR,
12959,CSCI-Y 790,LEC,OPEN,,5,4,0,,Zhang H,,,,ARR,
1296,CHEM-C 360,LEC,OPEN,,30,2,0,IN_PERSON,Georgescu A,TUTH,14:20,15:35,CH,001
12961,MSCH-T 311,LEC,CLOSED,,25,0,7,IN_PERSON,Fox J,TUTH,14:20,15:35,AC,C102
12962,EDUC-K 305,LEC,OPEN,,20,20,0,IN_PERSON,Maufuriyah I,MO,11:10,13:40,ED,1225
12963,HIST-H 105,LEC,OPEN,,200,177,0,,Bradburn J,,,,ARR,
12965,CSCI-Y 790,LEC,OPEN,,5,4,0,,He J,,,,ARR,
12966,CSCI-Y 790,LEC,OPEN,,5,1,0,,Heidari Khoozani M,,,,ARR,
12967,CSCI-Y 790,LEC,OPEN,,5,5,0,,Kim H,,,,ARR,
12968,CSCI-Y 790,LEC,OPEN,,5,4,0,,LaRacuente N,,,,ARR,
12969,CSCI-Y 790,LEC,OPEN,,10,4,0,,Le T,,,,ARR,
1297,CHEM-C 360,DIS,OPEN,,30,13,0,IN_PERSON,Pandit S,FR,13:55,14:45,BH,330
12970,CSCI-Y 790,LEC,OPEN,,5,3,0,,Wang C,,,,ARR,
12971,CSCI-Y 790,LEC,OPEN,,5,5,0,,Zhao M,,,,ARR,
12972,CSCI-Y 790,LEC,OPEN,,5,3,0,,Zhang H,,,,ARR,
12973,CSCI-Y 790,LEC,OPEN,,5,4,0,,Zhou D,,,,ARR,
12974,LAW-L 799,LEC,OPEN,ADV CON LAW,18,3,1,IN_PERSON,Butler Y,TH,09:50,11:50,LW,203
12977,PHYS-P 201,DIS,CLOSED,,27,0,0,IN_PERSON,Liao J; Beggs J; Govin R,TU,09:10,10:00,SW,217
12978,PHYS-P 201,DIS,CLOSED,,27,0,0,IN_PERSON,Beggs J; Liao J; Govin R,TH,09:10,10:00,SW,217
12979,PHYS-P 201,LAB,OPEN,,24,11,0,IN_PERSON,Liao J; Beggs J; Govin R,MO,19:55,21:50,SW,109
1298,CHEM-C 360,DIS,OPEN,,30,19,0,IN_PERSON,Pandit S,FR,12:45,13:35,BH,016
12980,PHYS-P 201,LAB,OPEN,,24,2,0,IN_PERSON,Beggs J; Liao J; Govin R,WE,17:30,19:25,SW,109
1299,CHEM-C 500,LEC,OPEN,,100,57,0,,Bloch E,,,,ARR,
12990,CEUS-T 361,LEC,OPEN,,5,2,0,IN_PERSON,Legden T,MOWEFR,11:35,12:25,WB,WEB
12991,PSY-P 895,LEC,OPEN,,20,18,0,,Rutter L,,,,ARR,
12996,EDUC-Y 660,LEC,OPEN,,6,6,0,,Vellanki V,,,,HD,TBA
12997,CEUS-T 141,LEC,OPEN,,5,4,0,IN_PERSON,Varga V,MOTUWETHFR,10:25,11:15,WB,WEB
12998,CEUS-T 541,LEC,OPEN,,5,4,0,IN_PERSON,Varga V,MOTUWETHFR,10:25,11:15,WB,WEB
12999,ENGR-E 571,LEC,OPEN,,10,3,0,IN_PERSON,Guo F,WE,15:10,17:40,BH,214
1300,CHEM-C 540,LEC,OPEN,,75,64,0,IN_PERSON,Pohl N,MOWEFR,10:25,11:15,CX,A300
13002,BUS-A 509,LEC,OPEN,,30,6,0,IN_PERSON,Cook C,MOTUWETHFR,08:00,17:00,CG,3059
13003,MUS-I 500,LEC,OPEN,,18,17,0,IN_PERSON,Smith J,TU,12:20,14:00,SM,215
13005,SPCN-V 532,LEC,OPEN,,30,16,0,,Deng S,,,,WB,WEB
13009,CEUS-T 351,LEC,OPEN,,5,5,0,IN_PERSON,Nematollahi N,MOTUWEFR,11:35,12:25,WB,WEB
1301,CHEM-C 543,LEC,OPEN,,23,12,0,IN_PERSON,Snaddon T,MOWEFR,11:35,12:25,CX,A300
13010,CEUS-T 351,LEC,OPEN,,5,5,0,IN_PERSON,Nematollahi N,MOTUWEFR,11:35,12:25,WB,WEB
13011,CEUS-T 751,LEC,OPEN,,5,5,0,IN_PERSON,Nematollahi N,MOTUWEFR,11:35,12:25,WB,WEB
13012,CEUS-T 751,LEC,OPEN,,5,5,0,IN_PERSON,Nematollahi N,MOTUWEFR,11:35,12:25,WB,WEB
13018,EDUC-I 251,LEC,OPEN,,4,3,0,IN_PERSON,Cruz Gonzalez C,TUTH,15:55,17:10,ED,3017
13019,INST-H 200,LEC,OPEN,,12,5,0,IN_PERSON,Sharma R,MOTUWETH,11:35,12:25,WH,006
1302,CHEM-C 561,LEC,OPEN,,23,17,0,IN_PERSON,Shushkov P,TUTH,12:45,14:00,CX,A300
13020,INST-H 300,LEC,OPEN,,10,9,0,IN_PERSON,Sharma R,MOWETH,09:10,10:00,WH,114
13021,SPEA-V 379,LEC,CLOSED,,45,0,10,IN_PERSON,Wu J,MOWE,11:10,12:25,GY,1043
13022,SPH-N 120,LAB,OPEN,,15,1,0,IN_PERSON,Wang J; Meng X,TH,11:30,14:30,PH,09
13023,MUS-R 571,LEC,OPEN,,13,2,0,IN_PERSON,Shell M,MOWEFR,13:30,14:45,MC,301
13025,CSCI-P 566,LEC,OPEN,,65,64,0,IN_PERSON,Bahramian H,TUTH,14:20,15:35,LU,1001
13026,ENGR-E 687,LEC,OPEN,,10,4,0,,Loveless D,,,,ARR,
13027,ENG-L 111,LEC,OPEN,,90,82,0,,Larkin P,,,,ARR,
13028,MUS-J 425,LEC,OPEN,,20,4,0,,Wroth S,,,,MU,011
13029,SPEA-V 490,LEC,OPEN,,10,10,0,,Need A,,,,HD,TBA
1303,CHEM-C 810,LEC,OPEN,,99,79,0,,Bloch E,,,,ARR,
13030,ANTH-X 479,LEC,OPEN,,2,2,0,,King S,,,,ARR,
13031,ENGR-E 390,LEC,OPEN,,2,2,0,,Kim Y,,,,ARR,
13034,SWK-S 651,LEC,OPEN,,18,1,0,IN_PERSON,Tremel K,TH,15:55,18:40,AH,C1021
13035,SWK-S 651,LEC,OPEN,,18,1,0,IN_PERSON,Fries J,TH,15:55,18:40,AH,C1023A
13039,CEUS-R 509,LEC,OPEN,ESTONIA'S PLACE,25,20,0,IN_PERSON,Kivik P,TUTH,11:10,12:25,BH,306
1304,CHEM-C 840,LEC,OPEN,,98,71,0,,Bloch E,,,,ARR,
13040,CEUS-R 309,LEC,OPEN,ESTONIA'S PLACE,25,20,0,IN_PERSON,Kivik P,TUTH,11:10,12:25,BH,306
13041,CHEM-H 342,DIS,OPEN,,12,6,0,IN_PERSON,Miraghaee S,WE,15:10,16:00,PY,113
13042,MUS-V 400,LEC,OPEN,,14,10,0,,Villarreal P,,,,ARR,
13043,MUS-V 800,LEC,OPEN,,5,5,0,,Markgraf K,,,,ARR,
13044,MUS-V 900,LEC,OPEN,,18,10,0,,Markgraf K,,,,ARR,
13045,SLAV-S 501,LEC,OPEN,,5,4,0,IN_PERSON,Ozcelik T,MOTUWETH,09:10,10:00,LH,101
13046,SPH-K 496,LEC,OPEN,,3,3,0,,Moscicki B,,,,ARR,
13048,MUS-I 300,LEC,OPEN,,18,13,0,IN_PERSON,Villarreal P,MO,18:30,20:30,JS,315
13049,MUS-I 500,LEC,OPEN,,18,13,0,IN_PERSON,Villarreal P,MO,18:30,20:30,JS,315
1305,CHEM-C 860,LEC,OPEN,,98,81,0,,Bloch E,,,,ARR,
13050,MUS-F 519,LEC,OPEN,BASS ORCHESTRAL REPERTOIRE,10,10,0,IN_PERSON,Barker E,WE,13:00,14:30,MC,036
13051,MUS-V 400,LEC,OPEN,,18,10,0,,Markgraf K,,,,ARR,
13052,MUS-V 800,LEC,OPEN,,5,5,0,,Hymel Jr B,,,,ARR,
13053,MUS-V 900,LEC,OPEN,,18,13,0,,Hymel Jr B,,,,ARR,
13054,MUS-I 300,LEC,OPEN,,18,18,0,IN_PERSON,,WE,18:00,19:30,SM,350
13055,MUS-I 500,LEC,OPEN,,18,18,0,IN_PERSON,,WE,18:00,19:30,SM,350
13056,SPH-R 492,LEC,OPEN,,5,5,0,,Forist B,,,,ARR,
13057,MUS-E 610,LEC,OPEN,,10,10,0,,Cartledge D,,,,HD,TBA
13058,MUS-S 410,LEC,OPEN,,18,18,0,,Ehnes J; Rose S,,,,ARR,
13059,MUS-S 910,LEC,OPEN,,18,13,0,,Ehnes J; Rose S,,,,ARR,
1306,CHEM-C 880,LEC,OPEN,,98,75,0,,Bloch E,,,,ARR,
13060,MUS-Y 153,LEC,OPEN,,5,5,0,,Oddie J,,,,ARR,
13062,SLHS-S 417,LEC,OPEN,,8,8,0,,Gugel R,,,,WB,WEB
13064,MUS-D 400,LEC,OPEN,,18,18,0,,Miller A,,,,ARR,
13066,LING-L 499,LEC,OPEN,,10,10,0,,Shi S,,,,ARR,
13067,LING-L 499,LEC,OPEN,,10,10,0,,Gessler L,,,,ARR,
13068,LING-L 690,LEC,OPEN,,10,9,0,,Gessler L,,,,ARR,
13069,LING-L 690,LEC,OPEN,,10,10,0,,Shi S,,,,ARR,
1307,CHEM-G 901,LEC,OPEN,,150,82,0,,Bloch E,,,,ARR,
13070,LING-X 490,LEC,OPEN,,10,10,0,,Shi S,,,,ARR,
13071,LING-X 490,LEC,OPEN,,10,10,0,,Gessler L,,,,ARR,
13074,SEAS-F 201,LEC,OPEN,,14,5,0,IN_PERSON,De La Piedra K,MOWEFR,11:35,12:25,GY,1032
13075,MATH-M 119,LEC,CLOSED,,35,0,6,IN_PERSON,Clarkson C; Villatoro J; van Welzen B; Yuan C,TUTH,09:35,10:50,TE,F104
13076,EAS-E 141,LEC,OPEN,,48,2,0,IN_PERSON,Gong J,MOWE,11:35,12:25,GY,5051
13077,EAS-E 141,LEC,OPEN,,24,2,0,IN_PERSON,Gong J,TU,12:45,14:45,GY,2033
13078,EAS-E 141,LEC,CLOSED,,24,0,0,IN_PERSON,Gong J,TU,15:10,17:10,GY,2033
1308,CJUS-G 901,LEC,OPEN,,10,4,0,,Ernst B,,,,ARR,
13083,EAS-E 351,LEC,CLOSED,,26,0,2,IN_PERSON,Yanites B,TUTH,14:20,15:35,GY,2049
13086,NURS-K 310,LEC,OPEN,,20,15,0,,Landis S,,,,WB,WEB
13088,HPSC-X 125,LEC,OPEN,,18,3,0,IN_PERSON,Savion L,TH,09:35,12:05,BH,803
13089,HPSC-X 206,LEC,OPEN,,35,14,0,IN_PERSON,Cat J,MOWE,11:10,12:25,RA,B109
1309,CJUS-K 300,DIS,CLOSED,,26,0,0,IN_PERSON,Bowman R; Owens S,TH,15:10,16:00,BH,313
1310,CJUS-K 300,DIS,CLOSED,,25,0,0,IN_PERSON,Bowman R; Owens S,TH,16:20,17:10,BH,105
13102,MATH-B 110,LEC,CLOSED,,240,0,4,IN_PERSON,Demeter I,TUTH,11:10,12:25,RH,100
13103,MATH-B 110,LEC,OPEN,,240,10,1,IN_PERSON,Chen H,TUTH,08:00,09:15,RH,100
13104,REL-R 133,LEC,CLOSED,,164,0,0,IN_PERSON,Michelson P,TUTH,12:45,14:00,EP,257
1311,CJUS-P 100,LEC,OPEN,,200,6,0,IN_PERSON,Block M,MOWE,15:55,17:10,JH,124
13116,BUS-A 324,LEC,CLOSED,,52,0,2,IN_PERSON,Berski K,MOWE,19:05,20:20,HH,3034
13117,BUS-A 312,LEC,CLOSED,,52,0,30,IN_PERSON,Moore A,TUTH,14:20,15:35,CG,2061
13118,BUS-A 311,LEC,CLOSED,,52,0,11,IN_PERSON,Merkley K,TUTH,12:45,14:00,HH,1046
13119,BUS-A 329,LEC,CLOSED,,52,0,4,IN_PERSON,Coleman F,TUTH,15:55,17:10,HH,3030
1312,CJUS-P 100,LEC,CLOSED,,60,0,1,IN_PERSON,Lee C,TUTH,15:55,17:10,JH,065
13120,BUS-A 200,LEC,CLOSED,,95,0,7,IN_PERSON,Fell H,TUTH,09:35,10:50,HH,2050
13121,MATH-M 540,LEC,OPEN,,16,10,0,IN_PERSON,Le N,MOWEFR,13:55,14:45,RH,104
13127,MATH-M 301,LEC,OPEN,,33,2,1,IN_PERSON,Uskuplu E,MOWEFR,10:25,11:15,BH,206
13129,MATH-B 110,LEC,CLOSED,,240,0,15,IN_PERSON,Lahiri A,TUTH,14:20,15:35,JH,124
1313,CJUS-P 200,LEC,OPEN,,166,2,2,IN_PERSON,Brauer J; Williams V; Toedter H,MOWE,13:55,14:45,WH,101
13130,MATH-B 110,LEC,OPEN,,230,10,0,IN_PERSON,Mandlik N,MOWE,08:00,09:15,MO,007
13133,SOC-S 568,LEC,OPEN,,15,6,0,,Lee J,,,,ARR,
13137,SOC-S 100,LEC,CLOSED,,48,0,2,IN_PERSON,Dixon Everett H,TUTH,09:35,10:50,BH,005
13138,SOC-S 100,LEC,CLOSED,,48,0,2,IN_PERSON,Gao H,MOWE,11:10,12:25,GA,1112
13139,SOC-S 660,LEC,OPEN,LAW AND SOCIETY,15,1,0,IN_PERSON,Michelson E,MO,14:20,16:20,WH,114
1314,CJUS-P 200,DIS,CLOSED,,27,0,0,IN_PERSON,Brauer J; Williams V,FR,10:25,11:15,BH,143
13141,SOC-S 365,LEC,CLOSED,,100,0,12,,Hernandez E,,,,WB,WEB
13142,SOC-S 358,LEC,OPEN,,159,1,0,IN_PERSON,Mueller A,MOWE,15:55,17:10,ED,1120
13147,PHIL-P 105,DIS,CLOSED,,17,0,1,IN_PERSON,Jo M,FR,10:25,11:15,SY,037
13148,PHIL-P 105,DIS,CLOSED,,17,0,0,IN_PERSON,Rogers M,FR,12:45,13:35,SY,037
1315,CJUS-P 200,DIS,CLOSED,,28,0,2,IN_PERSON,Brauer J; Williams V,FR,11:35,12:25,BH,143
13151,CLAS-C 311,LEC,CLOSED,,25,0,0,IN_PERSON,Beck B,MOWE,14:20,15:35,WH,009
1316,CJUS-P 200,DIS,OPEN,,27,1,0,IN_PERSON,Brauer J; Williams V,FR,12:45,13:35,BH,143
13162,INFO-I 211,LAB,CLOSED,,24,0,0,IN_PERSON,Muehlhaus K,TH,12:45,14:00,I,232
13163,INFO-I 211,LAB,OPEN,,30,16,0,IN_PERSON,Hayes A,FR,12:45,14:00,I,109
13165,THTR-T 528,LEC,OPEN,INTRO PROJECTION & MEDIA DESIGN,10,8,0,IN_PERSON,Lucas R,TUTH,11:10,12:25,TH,A205
13167,PHIL-P 150,DIS,CLOSED,,21,0,2,IN_PERSON,Nguyen L,FR,15:10,16:00,SY,006
13169,PHIL-P 366,LEC,CLOSED,,29,0,3,IN_PERSON,Ludwig K,MOWE,14:20,15:35,IF,1104
1317,CJUS-P 200,DIS,CLOSED,,28,0,0,IN_PERSON,Brauer J; Toedter H,TH,15:10,16:00,BH,314
13170,CEUS-R 493,LEC,OPEN,,20,12,0,IN_PERSON,Bovingdon G,FR,12:45,15:15,BH,337
13171,CEUS-R 693,LEC,OPEN,,20,12,0,IN_PERSON,Bovingdon G,FR,12:45,15:15,BH,337
13172,PHIL-P 370,LEC,CLOSED,GREEK AND ROMAN STOICISM,35,0,0,IN_PERSON,Meadows K,MOWE,15:55,17:10,BH,243
13177,THTR-T 529,LEC,OPEN,SCENIC TECHNOLOGY SEMINAR II,10,5,0,,Baldwin J,,,,HD,TBA
1318,CJUS-P 200,DIS,CLOSED,,28,0,0,IN_PERSON,Brauer J; Toedter H,TH,16:20,17:10,BH,243
13187,HISP-S 328,LEC,CLOSED,,22,0,0,IN_PERSON,Cohn D,MOWE,12:45,14:00,BH,337
13189,THTR-T 583,LEC,OPEN,DRAMATURGY THEORY AND METHODS,12,3,0,IN_PERSON,Johnson S,TUTH,11:10,12:25,AD,A262
1319,CJUS-P 200,DIS,OPEN,,28,1,0,IN_PERSON,Brauer J; Toedter H,TH,17:30,18:20,BH,244
13194,SLST-S 319,LEC,OPEN,LANGUAGE ASSESSMENT,20,19,0,IN_PERSON,Shin S,MOWE,11:10,12:25,WH,009
1320,CJUS-P 399,LEC,OPEN,,5,4,0,,Henry T,,,,ARR,
13200,CHEM-C 117,LEC,CLOSED,,310,0,21,IN_PERSON,Arnold K; Porter M; Brauser M,MOWEFR,13:55,14:45,CH,122
13201,CHEM-C 117,DIS,CLOSED,,45,0,1,IN_PERSON,Hanagan C,TU,08:00,08:50,BH,003
13202,CHEM-C 117,DIS,CLOSED,,45,0,0,IN_PERSON,Cadena Martinez N,TU,16:20,17:10,JH,009
13205,CHEM-C 483,DIS,OPEN,,29,2,0,IN_PERSON,Baisya R; Belani H,WE,13:55,14:45,SE,010
13206,ARTH-A 224,LEC,CLOSED,,88,0,0,IN_PERSON,Reilly D,MOWE,14:20,15:35,SB,150
1321,CJUS-P 499,LEC,OPEN,,5,5,0,,Henry T,,,,ARR,
13214,HIST-D 103,LEC,OPEN,,35,1,1,IN_PERSON,Bruno A,TUTH,11:10,12:25,BH,342
13215,HIST-W 200,LEC,CLOSED,GLOBAL POP CULTURE,35,0,0,IN_PERSON,McGraw J,TUTH,12:45,14:00,BH,342
13217,HIST-C 220,LEC,OPEN,,120,1,0,IN_PERSON,Elliott C,MOWE,10:25,11:15,RH,100
13218,HIST-H 270,LEC,CLOSED,,35,0,1,IN_PERSON,Ransford A,MOWE,09:35,10:50,BH,118
13219,HIST-J 300,LEC,CLOSED,EARLY MEDIEVAL ENGLAND,20,0,10,IN_PERSON,Deliyannis D,TUTH,15:55,17:10,SB,131
1322,CJUS-P 599,LEC,OPEN,,10,10,0,,,,,,ARR,
13220,HIST-J 300,LEC,CLOSED,THE NOTORIOUS 1960S,20,0,4,IN_PERSON,Inouye K,WE,15:10,17:40,BH,240
13225,HIST-B 351,LEC,OPEN,,35,2,0,IN_PERSON,Deliyannis D,TUTH,11:10,12:25,WH,002
13228,EALC-E 115,LEC,CLOSED,,67,0,0,IN_PERSON,Baker V,MOWE,11:10,12:25,GY,1050
1323,CJUS-P 694,LEC,OPEN,RESEARCH IN CRIM JUSTICE,10,10,0,,Ernst B,,,,ARR,
13230,CEUS-R 355,LEC,OPEN,,25,5,0,IN_PERSON,Istrabadi F,MOWE,09:35,10:50,AC,C118
13231,CEUS-R 559,LEC,CLOSED,CONTEMPORARY PERSIAN GULF,0,0,0,IN_PERSON,Istrabadi F,MOWE,09:35,10:50,AC,C118
13232,HIST-A 398,LEC,CLOSED,,70,0,1,IN_PERSON,Irvin B,MOWE,09:35,10:50,SE,105
13233,HIST-J 400,LEC,CLOSED,THE SOCIAL HISTORY OF WAR,20,0,0,IN_PERSON,Guardino P,MO,15:10,17:40,AC,C107
13234,HIST-H 601,LEC,OPEN,,15,11,0,IN_PERSON,Ortega C,TU,16:40,18:40,BH,140
13236,HIST-H 101,DIS,OPEN,,18,7,0,IN_PERSON,Guardino P,WE,15:10,16:00,BH,135
13237,HIST-H 101,DIS,OPEN,,17,1,0,IN_PERSON,Guardino P,WE,13:55,14:45,BH,134
1324,CJUS-P 794,LEC,OPEN,,5,2,0,,Ernst B,,,,ARR,
13240,EALC-E 111,LEC,OPEN,,75,2,0,IN_PERSON,Vogt N,MOWEFR,12:45,13:35,BH,203
13245,EALC-E 350,LEC,OPEN,JAPANESE SOCIETY TODAY,25,7,0,IN_PERSON,Holbrow H,TUTH,11:10,12:25,GA,0003
13246,EALC-E 311,LEC,OPEN,,35,21,0,IN_PERSON,Baker V,MOWE,08:00,09:15,GA,2067
1325,CJUS-P 851,LEC,OPEN,,10,9,0,,Ernst B,,,,ARR,
13250,EALC-E 505,LEC,OPEN,JAPANESE SOCIETY TODAY,5,2,0,IN_PERSON,Holbrow H,TUTH,11:10,12:25,GA,0003
13251,EALC-E 600,LEC,OPEN,U.S. ASIA-PACIFIC STRATEGY,8,6,0,IN_PERSON,Liff A,WE,09:35,12:05,SB,230
13257,ANTH-E 400,LEC,CLOSED,GLOBAL REPRODUCTIVE JUSTICE,25,0,0,IN_PERSON,Stavig L,TUTH,15:55,17:10,BH,145
13259,SPH-B 609,LEC,OPEN,,10,5,0,IN_PERSON,Galaviz K; Ramly E,TU,13:55,15:25,BH,141
1326,CJUS-P 855,LEC,OPEN,,10,10,0,,Ernst B,,,,ARR,
13268,EALC-J 311,LEC,OPEN,HUMANITIES,14,1,0,IN_PERSON,Akiyama Y,MO,13:55,14:45,BH,012
13269,EALC-J 311,LEC,OPEN,HUMANITIES,14,1,0,IN_PERSON,Akiyama Y,MO,13:55,14:45,BH,012
1327,CJUS-P 859,LEC,OPEN,,25,12,0,,Ernst B,,,,ARR,
13274,SPH-V 546,LEC,OPEN,,20,16,0,IN_PERSON,Shao K,MOWE,11:10,12:15,HD,TBA
13275,SPH-V 544,LEC,OPEN,,30,24,0,,Del Rio M,,,,WB,WEB
13276,BIOL-L 417,LEC,OPEN,,35,17,0,IN_PERSON,Zelhof A,TUTH,11:10,12:25,JH,A106
13277,INFO-I 301,LEC,OPEN,,45,6,0,IN_PERSON,Muehlhaus K,MOWE,12:45,14:00,I,E150
1328,CLAS-C 102,LEC,CLOSED,,150,0,2,IN_PERSON,Leach B,TUTH,08:00,09:15,MY,130
13285,INTL-I 306,LEC,OPEN,GENOCIDE DENIAL & DISINFORMATION,24,2,0,IN_PERSON,Pinaud C,MOWE,12:45,14:00,GA,0011
13286,INTL-I 310,LEC,OPEN,CONTEMP SECURITY ISS IN EUROPE,35,1,0,IN_PERSON,Zajac J,MOWE,09:35,10:50,BH,343
13289,INTL-I 408,LEC,OPEN,"WAR, GENOCIDE, AND LITERATURE",20,4,0,IN_PERSON,Nemes P,MOWE,09:35,10:50,SY,037
1329,CLAS-C 205,LEC,CLOSED,,150,0,22,IN_PERSON,Poppen E,MOWE,11:10,12:25,JH,A100
13292,INTL-I 429,LEC,CLOSED,GLOBAL REPRODUCTIVE JUSTICE,25,0,0,IN_PERSON,Stavig L,TUTH,15:55,17:10,BH,145
13295,INTL-I 502,LEC,CLOSED,GLOBAL REPRODUCTIVE JUSTICE,25,0,0,IN_PERSON,Stavig L,TUTH,15:55,17:10,BH,145
13297,ILS-Z 514,LEC,OPEN,,22,12,0,IN_PERSON,Hara N,TU,09:10,11:45,LH,120
1330,CLAS-C 209,LEC,CLOSED,,60,0,11,IN_PERSON,Kaplan S,MOWE,17:30,18:20,BH,304
13300,ILS-Z 534,LEC,OPEN,,25,12,0,,Ghazinejad A,,,,WB,WEB
13303,SOC-S 100,LEC,CLOSED,,48,0,0,IN_PERSON,May K,MOWE,09:35,10:50,WY,125
13304,SOC-S 100,LEC,CLOSED,,48,0,1,IN_PERSON,Lamm E,TUTH,11:10,12:25,BH,006
13306,SPH-V 241,LEC,CLOSED,,85,0,1,,Commodore S,,,,WB,WEB
13307,CHEM-C 243,LEC,OPEN,,12,5,0,IN_PERSON,Arnold K,MOWEFR,13:55,14:45,CH,122
13308,CHEM-C 243,DIS,CLOSED,,2,0,0,IN_PERSON,,MO,15:10,16:00,WH,005
1331,CLAS-C 499,LEC,OPEN,,5,5,0,,Bannon C,,,,ARR,
13310,LING-L 399,LEC,OPEN,,10,10,0,,Nesbitt M,,,,ARR,
13311,LING-L 399,LEC,OPEN,,10,10,0,,Gessler L,,,,ARR,
13312,LING-L 399,LEC,OPEN,,10,10,0,,Shi S,,,,ARR,
13313,LING-L 499,LEC,OPEN,,10,10,0,,Hanink E,,,,ARR,
1332,CLAS-C 880,LEC,OPEN,,5,2,0,,Bannon C,,,,ARR,
13323,EALC-K 201,LEC,OPEN,,29,2,0,IN_PERSON,Lee J,TUTH,11:35,12:25,WI,C109
13324,EALC-K 201,DRL,CLOSED,,15,0,0,IN_PERSON,Lee J,MOWEFR,11:35,12:25,BH,238
13325,EALC-K 201,DRL,OPEN,,14,1,0,IN_PERSON,Lee J,MOWEFR,10:25,11:15,BH,315
13326,EALC-K 201,LEC,OPEN,,29,2,0,IN_PERSON,Lee J,TUTH,11:35,12:25,WI,C109
13327,EALC-K 201,DRL,CLOSED,,15,0,0,IN_PERSON,Lee J,MOWEFR,11:35,12:25,BH,238
13328,EALC-K 201,DRL,OPEN,,14,1,0,IN_PERSON,Lee J,MOWEFR,10:25,11:15,BH,315
1333,CLAS-G 100,LEC,OPEN,,25,15,0,IN_PERSON,Christ M,MOTUWETH,11:35,12:25,SW,218
13333,BIOL-S 211,LEC,CLOSED,,20,0,1,IN_PERSON,Wang X,TUTH,11:10,12:25,JH,A105
13334,BIOL-S 211,LAB,CLOSED,,20,0,1,IN_PERSON,Wang X,FR,15:00,18:00,JH,015
13336,SPH-X 696,LEC,OPEN,,20,20,0,,Garcia E,,,,ARR,
13337,SPH-X 696,LEC,OPEN,,20,19,0,,Johnston J,,,,ARR,
1334,CLAS-G 200,LEC,OPEN,,20,13,0,IN_PERSON,Melzer A,MOWE,15:55,17:10,BH,312
13340,SPH-X 696,LEC,OPEN,,20,20,0,,Luo J,,,,ARR,
13344,MELC-E 201,LEC,OPEN,,120,81,0,IN_PERSON,Vinson S,TUTH,14:20,15:35,WH,120
13346,CSCI-B 590,LEC,OPEN,COMPUTATN LINGUISTIC ANALYSIS,5,3,0,IN_PERSON,Tyers F,MOWE,09:35,10:50,IF,0119
13347,BUS-T 275,LEC,CLOSED,,45,0,10,IN_PERSON,Kniola J,MO,12:45,14:00,HH,4075
13348,BIOL-L 111,LEC,OPEN,,150,20,0,IN_PERSON,Ragsdale E,MOWEFR,13:55,14:45,MY,130
13349,BIOL-L 111,DIS,CLOSED,,25,0,0,IN_PERSON,Ragsdale E,MO,15:10,16:00,JH,440
1335,CLAS-G 500,LEC,OPEN,,25,15,0,IN_PERSON,Christ M,MOTUWETH,11:35,12:25,SW,218
13350,BIOL-L 111,DIS,OPEN,,25,2,0,IN_PERSON,Ragsdale E,MO,16:20,17:10,JH,440
13352,BIOL-L 111,DIS,OPEN,,25,1,0,IN_PERSON,Ragsdale E,WE,15:10,16:00,BH,244
13353,BIOL-L 111,DIS,OPEN,,25,7,0,IN_PERSON,Ragsdale E,WE,16:20,17:10,BH,246
13354,BIOL-L 111,DIS,CLOSED,,25,0,0,IN_PERSON,Ragsdale E,TU,15:10,16:00,JH,440
13355,BIOL-L 111,DIS,OPEN,,25,10,0,IN_PERSON,Ragsdale E,TU,16:20,17:10,JH,440
13356,BUS-C 300,LEC,CLOSED,,25,0,21,IN_PERSON,Perry A,TUTH,11:10,12:25,HH,3046
13357,BUS-C 204,LEC,CLOSED,,24,0,7,IN_PERSON,Fisher D,MOWE,11:10,12:25,HH,3046
13358,DSCI-D 321,LEC,OPEN,,100,58,0,IN_PERSON,Siddiqui M,TUTH,12:45,14:00,LU,1001
1336,CLAS-G 600,LEC,OPEN,,20,13,0,IN_PERSON,Melzer A,MOWE,15:55,17:10,BH,312
13361,CSCI-C 323,LAB,OPEN,,30,18,0,IN_PERSON,Qaaidi S,WE,14:20,15:35,BH,117
13362,BIOL-L 340,LEC,OPEN,,40,1,0,IN_PERSON,Smith G,TUTH,12:45,14:00,JH,001
13363,BIOL-M 430,LEC,OPEN,,40,1,0,IN_PERSON,Danthi P,MOWEFR,12:45,13:35,JH,009
13364,BIOL-M 435,LEC,OPEN,,20,4,0,IN_PERSON,Mukhopadhyay S,TUTH,13:30,16:30,JH,022
1337,CLAS-G 803,LEC,OPEN,,10,10,0,,Bannon C,,,,ARR,
13370,BUS-J 306,LEC,CLOSED,,60,0,3,IN_PERSON,Springer L,MOWE,15:55,17:10,WB,WEB
13371,BUS-W 212,LEC,CLOSED,,60,0,0,IN_PERSON,Raines G,MOWE,09:35,10:50,HH,2057
13372,BUS-W 212,LEC,CLOSED,,60,0,0,IN_PERSON,Kerr B,MOWE,09:35,10:50,HD,TBA
13373,BUS-W 300,LEC,CLOSED,,60,0,14,IN_PERSON,Pieratt M,MOWE,14:20,15:35,WB,WEB
13374,BUS-Z 302,LEC,CLOSED,,60,0,6,IN_PERSON,Magjuka R,TUTH,11:10,12:25,WB,WEB
13375,BUS-Z 447,LEC,CLOSED,,40,0,1,IN_PERSON,Lennard A,MOWE,12:45,14:00,HH,2055
1338,CLAS-G 901,LEC,OPEN,,10,8,0,,Bannon C,,,,ARR,
1339,CLAS-L 100,LEC,OPEN,,23,4,0,IN_PERSON,Melzer A; Raisch B,MOTUWETH,09:10,10:00,BH,133
13390,POLS-Y 577,LEC,OPEN,,10,7,0,IN_PERSON,Koren O,TU,09:35,12:05,AC,C103
13391,SPH-T 502,LEC,OPEN,,30,27,0,,Howell B,,,,WB,WEB
13392,SPH-R 542,LEC,OPEN,,25,16,0,,Orner Jr R,,,,WB,WEB
13394,SPH-W 113,LEC,CLOSED,,16,0,0,IN_PERSON,Brown N; Kivland T,MO,18:40,21:10,EG,020
13395,BUS-W 365,LEC,OPEN,,30,30,0,IN_PERSON,Batchelder S,TUTH,11:10,12:25,HH,1046
13396,VSCI-V 250,LEC,OPEN,,15,15,0,IN_PERSON,Port N,TH,16:45,18:00,OP,105
13397,VSCI-V 250,LAB,OPEN,,15,15,0,IN_PERSON,Port N,TH,18:15,19:45,OP,102
13398,BIOL-Z 620,LEC,OPEN,NEW APPROACHES/CONCEPTS MICROB,20,15,0,IN_PERSON,Dalia A,TUTH,15:55,17:10,BH,229
13399,EDUC-V 551,LEC,OPEN,,16,5,0,,Baildon M,,,,WB,WEB
1340,CLAS-L 100,LEC,CLOSED,,23,0,0,IN_PERSON,Melzer A; Mangal A,MOTUWETH,11:35,12:25,BH,245
13400,EDUC-V 553,LEC,OPEN,,5,5,0,,Kubow P,,,,WB,WEB
13401,EDUC-V 625,LEC,OPEN,,5,5,0,,Kubow P,,,,WB,WEB
13402,EDUC-V 637,LEC,OPEN,INTRNL PERSPECT DEM CITZNSP ED,12,2,0,,Kubow P,,,,WB,WEB
13403,EDUC-V 690,LEC,OPEN,,5,4,0,,Kubow P,,,,WB,WEB
13404,EDUC-V 626,LEC,OPEN,,16,4,0,,Kubow P,,,,WB,WEB
13405,BUS-S 364,LEC,CLOSED,,32,0,0,IN_PERSON,Seo E,TUTH,11:10,12:25,CG,3075
13406,BUS-S 364,LEC,CLOSED,,32,0,4,IN_PERSON,Li J,MOWE,12:45,14:00,CG,3075
13407,EDUC-E 352,LEC,OPEN,,20,20,0,IN_PERSON,Ray L,WE,11:10,13:40,WB,WEB
13408,INTL-L 250,LEC,CLOSED,,60,0,1,IN_PERSON,Istrabadi F,MOWE,14:20,15:35,GA,1112
13409,BUS-S 364,LEC,CLOSED,,32,0,3,IN_PERSON,Li J,MOWE,14:20,15:35,CG,3075
1341,CLAS-L 200,LEC,OPEN,,23,1,0,IN_PERSON,Melzer A; Kammerer M,TUTH,09:35,10:50,SB,140
13410,BUS-K 353,LEC,OPEN,,45,7,0,IN_PERSON,Kan R,MOWE,17:30,18:45,HH,4059
13411,BUS-K 353,LEC,OPEN,,45,1,0,IN_PERSON,Yoo E,TUTH,11:10,12:25,HH,4059
13413,BUS-P 520,LEC,OPEN,,30,8,0,IN_PERSON,Mejias G,TUTH,09:25,10:50,CG,3046
13414,SPH-K 550,LEC,OPEN,RESRCH MTHDS & ANALYS IN KINES,15,12,0,IN_PERSON,Koceja D; Chapman R,MOWE,08:45,10:00,GY,1032
13416,PSY-P 336,LEC,CLOSED,,60,0,7,,Nadler J,,,,WB,WEB
1342,CLAS-L 250,LEC,OPEN,,23,8,0,IN_PERSON,Melzer A; Coats I,TUTH,12:45,14:00,SB,131
13421,PSY-P 350,LEC,CLOSED,,25,0,0,IN_PERSON,Day B,MO,09:10,10:00,WB,WEB
13423,AST-A 305,LEC,OPEN,,20,13,0,IN_PERSON,Wang S,TUTH,12:45,14:00,SW,219
13424,AST-A 100,LEC,CLOSED,,80,0,76,,Lugger P,,,,WB,WEB
13425,SOAD-F 203,LEC,OPEN,,100,26,0,IN_PERSON,Embry M,TUTH,17:30,18:45,MY,130
13427,ECON-B 252,LEC,CLOSED,,300,0,80,IN_PERSON,Barnette J,TUTH,12:45,14:00,WH,100
13429,OPT-V 746,LEC,OPEN,,90,21,0,IN_PERSON,Henderson P,TU,08:00,09:50,OP,111
1343,CLAS-L 803,LEC,OPEN,,6,5,0,,Bannon C,,,,ARR,
13430,HIST-C 220,DIS,CLOSED,,15,0,0,IN_PERSON,Elliott C,FR,09:10,10:00,BH,232
13431,EDUC-K 570,LEC,OPEN,,20,4,0,,Klinker S,,,,WB,WEB
13433,HIST-C 220,DIS,OPEN,,15,2,0,IN_PERSON,Elliott C,TH,08:00,08:50,BH,232
13434,HIST-C 220,DIS,CLOSED,,15,0,0,IN_PERSON,Elliott C,TH,15:10,16:00,BH,133
13435,HIST-C 220,DIS,CLOSED,,15,0,0,IN_PERSON,Elliott C,FR,10:25,11:15,BH,231
13437,MSCH-J 431,LEC,OPEN,,18,14,0,IN_PERSON,Chambers A,WE,15:55,18:55,FF,214
13438,BUS-A 422,LEC,OPEN,,30,1,0,IN_PERSON,Wertz J,TUTH,11:10,12:25,HH,2050
13439,BUS-A 424,LEC,OPEN,,40,1,0,IN_PERSON,Bhaskar L,MOWE,09:35,10:50,HH,2050
1344,MSCH-X 472,LEC,OPEN,,25,19,0,,Major L; Heckler T; Bland J,,,,ARR,
13440,EAS-X 150,LEC,OPEN,,22,11,0,IN_PERSON,Kenderes E,TUTH,14:20,15:35,GY,2029
13441,BUS-P 429,LEC,CLOSED,,40,0,0,IN_PERSON,Zhou Y,TUTH,12:45,14:00,HH,4006
13442,BUS-S 305,LEC,OPEN,,35,3,0,IN_PERSON,Clark M,MOWE,17:30,18:45,HH,3079
13443,BUS-M 330,LEC,OPEN,,30,3,0,IN_PERSON,Peterson R,MOWE,09:35,10:50,HH,2055
13444,BUS-M 312,LEC,CLOSED,,48,0,14,IN_PERSON,O Hern M,TUTH,14:20,15:35,AC,C114
13445,BUS-M 650,LEC,OPEN,,10,4,0,IN_PERSON,Li K,MO,15:00,17:30,HH,2103
13449,EDUC-X 151,LEC,OPEN,GAMING FOR RESILIENCE,19,2,0,IN_PERSON,Ross K,MOWE,11:10,12:25,PY,226
1345,MSCH-H 399,LEC,OPEN,,16,16,0,,Coleman J,,,,ARR,
13450,EDUC-X 151,LEC,OPEN,GAMING FOR RESILIENCE,19,12,0,IN_PERSON,Ross K,MOWE,11:10,12:25,PY,226
13452,THTR-T 120,LEC,CLOSED,,12,0,2,IN_PERSON,Weingast K,WE,09:35,10:50,AD,A060
13453,THTR-T 120,LEC,CLOSED,,12,0,0,IN_PERSON,Anzaldua L,WE,09:35,10:50,AD,A280
13454,MSCH-C 255,LEC,CLOSED,,18,0,6,IN_PERSON,Fritz N,TUTH,11:10,12:25,FF,216
13455,MSCH-J 415,LEC,OPEN,,18,8,0,IN_PERSON,LaFave J,TUTH,12:45,14:00,FF,062
13456,GNDR-G 300,LEC,CLOSED,,25,0,0,IN_PERSON,Allen S,TUTH,12:45,14:00,LH,101
13457,MSCH-S 452,LEC,CLOSED,,18,0,7,IN_PERSON,Comfort R,TUTH,11:10,12:25,FF,058
1346,CMLT-C 499,LEC,OPEN,,10,8,0,,Emery J,,,,ARR,
13469,BUS-G 540,LEC,OPEN,,44,9,0,IN_PERSON,McDermott E,TUTH,12:45,14:00,CG,1040
1347,CMLT-C 501,LEC,OPEN,,14,7,0,IN_PERSON,Peretz E,MO,15:10,17:40,BH,233
13470,BUS-G 570,LEC,OPEN,,44,9,0,IN_PERSON,Basak D,TUTH,12:45,14:00,CG,1040
13472,PSY-P 357,LEC,OPEN,SCI OF CHOICE: FOUNDATIONS,64,2,0,IN_PERSON,Koop G,TUTH,14:20,15:35,PY,226
13477,BUS-G 345,LEC,CLOSED,,45,0,3,IN_PERSON,Hauskrecht A,TUTH,09:35,10:50,HH,3055
13479,ANTH-L 314,LEC,OPEN,,20,2,1,IN_PERSON,Goodman J,TUTH,14:20,15:35,SB,220
1348,CMLT-C 604,LEC,OPEN,,15,15,0,,Emery J,,,,ARR,
13485,BUS-F 540,LEC,OPEN,,45,10,0,IN_PERSON,Sibley S,TUTH,11:10,12:25,CG,1040
13489,SPH-K 250,LEC,CLOSED,EXERCISE SCIENCE POP CULTURE,20,0,3,IN_PERSON,Johnson B,TUTH,12:45,14:00,BH,240
1349,CMLT-C 801,LEC,OPEN,,10,6,0,,Emery J,,,,ARR,
13494,PSY-P 457,LEC,CLOSED,NEUROBIO OF NEURODEG DISEASE,30,0,4,IN_PERSON,DeBoeuf K,MOWE,09:35,10:50,PY,111
13495,PSY-P 457,LEC,CLOSED,DIAG & TREAT EAT DISORDERS,25,0,3,IN_PERSON,Schiestl E,MOWE,09:35,10:50,PY,109
13496,PSY-P 457,LEC,CLOSED,CLIN PSYCH NEURO DEV COUNTRIES,25,0,1,IN_PERSON,Hetrick W,TUTH,14:20,15:35,PY,230
13498,PSY-P 469,LEC,CLOSED,,35,0,1,IN_PERSON,Wellman C,TUTH,09:35,10:50,PY,109
1350,CMLT-C 805,LEC,OPEN,,10,10,0,,Emery J,,,,ARR,
13502,PSY-P 657,LEC,OPEN,MACHINE LEARNING FOR COGNITIVE,25,15,0,IN_PERSON,Tang W,MO,13:00,15:30,PY,230
13504,PSY-Y 414,LEC,CLOSED,,30,0,7,IN_PERSON,Sporns O,TUTH,14:20,15:35,PY,228
13507,SPH-I 350,LEC,OPEN,,16,12,0,IN_PERSON,Thomas Jr J,MOWE,16:10,17:00,PH,169
13508,SPH-I 119,LAB,OPEN,,35,1,0,IN_PERSON,Barnette M; Molina J,MOWE,08:00,08:50,GF,199
13509,SPH-I 119,LAB,OPEN,,35,1,0,IN_PERSON,Boyer M; Barnette M,TUTH,08:00,08:50,GF,199
1351,CMLT-C 810,LEC,OPEN,,30,29,0,,Emery J,,,,ARR,
13510,MUS-Z 282,LEC,CLOSED,,35,0,0,IN_PERSON,Witt A,TUTH,09:35,10:50,RA,B109
13512,EDUC-L 602,LEC,CLOSED,,13,0,0,,Wohlwend K,,,,WB,WEB
13518,SPH-B 360,LEC,CLOSED,,27,0,0,IN_PERSON,Taylor A,TU,15:10,18:10,BH,243
13519,SPH-B 360,LEC,OPEN,,30,9,0,IN_PERSON,Taylor A,TH,15:10,18:10,WB,WEB
1352,CMLT-G 901,LEC,OPEN,,15,12,0,,Emery J,,,,ARR,
13520,ANTH-H 500,LEC,OPEN,,12,1,0,IN_PERSON,Osterhoudt S,TU,12:45,15:15,SB,159
13522,ANTH-E 418,LEC,CLOSED,,27,0,0,IN_PERSON,Gilley B,TUTH,09:35,10:50,SB,138
13524,NURS-H 403,LEC,CLOSED,,10,0,0,IN_PERSON,Smith D,TU,07:00,21:00,HD,TBA
13525,NURS-H 403,LEC,CLOSED,,10,0,0,IN_PERSON,Olson A,TH,07:00,21:00,HD,TBA
13526,BUS-T 175,LEC,OPEN,,45,3,0,IN_PERSON,Beranova L,TH,14:20,15:35,HH,4075
13528,NURS-H 403,LEC,CLOSED,,10,0,0,IN_PERSON,Nelson R,TU,07:00,20:30,HD,TBA
13529,NURS-H 403,LEC,CLOSED,,10,0,0,IN_PERSON,Nelson R,TH,07:00,20:30,HD,TBA
1353,IMP-X 390,LEC,OPEN,,30,30,0,,Ranard M,,,,ARR,
13531,NURS-H 403,LEC,CLOSED,,10,0,0,IN_PERSON,Klineline D,TU,07:00,20:00,HD,TBA
13532,NURS-H 403,LEC,OPEN,,10,2,0,IN_PERSON,Degener C,TH,07:00,20:30,HD,TBA
13533,NURS-H 403,LEC,CLOSED,,10,0,0,IN_PERSON,Visnius M,FR,07:00,20:30,HD,TBA
13534,NURS-H 403,LEC,CLOSED,,10,0,0,IN_PERSON,Raber H,FR,07:00,20:30,HD,TBA
13535,BUS-T 175,LEC,OPEN,,45,4,0,IN_PERSON,Brothers L,TU,08:00,09:15,HH,2006
13536,BUS-T 175,LEC,OPEN,,45,14,0,IN_PERSON,Brothers L,TH,08:00,09:15,HH,2006
1354,IMP-I 470,LEC,OPEN,,10,10,0,IN_PERSON,Ranard M,TH,19:20,21:05,WB,WEB
13540,COLL-C 103,LEC,CLOSED,LANGUAGE AND RELIGION,120,0,2,,Obeng S,,,,WB,WEB
13541,COLL-C 103,DIS,CLOSED,LANGUAGE AND RELIGION,30,0,0,IN_PERSON,Obeng S; Aina K,FR,11:35,12:25,RA,B111
13542,COLL-C 103,DIS,CLOSED,LANGUAGE AND RELIGION,30,0,1,IN_PERSON,Obeng S; Aina K,FR,12:45,13:35,RA,B111
13543,COLL-C 103,DIS,CLOSED,LANGUAGE AND RELIGION,30,0,1,IN_PERSON,Obeng S; Jenkins J,FR,10:25,11:15,RA,B109
13544,COLL-C 103,DIS,CLOSED,LANGUAGE AND RELIGION,30,0,0,IN_PERSON,Obeng S; Jenkins J,FR,09:10,10:00,RA,B109
13546,BUS-C 205,LEC,CLOSED,,24,0,11,IN_PERSON,Heidewald J,TUTH,11:10,12:25,HH,3050
13556,AAAD-A 221,LEC,OPEN,,40,26,0,IN_PERSON,Berry Jr S,TUTH,11:55,14:25,TH,A217
13557,HUBI-B 300,LEC,OPEN,GENETICS AND EUGENICS,70,6,4,IN_PERSON,Libby A; Cullin J,TUTH,12:45,14:00,MO,107
13558,HUBI-B 300,DIS,OPEN,GENETICS AND EUGENICS,27,1,1,IN_PERSON,Metin Y,TH,16:20,17:10,MO,107
13559,HUBI-B 300,DIS,CLOSED,GENETICS AND EUGENICS,22,0,4,IN_PERSON,Metin Y,TH,17:30,18:20,MO,107
13562,AAAD-A 481,LEC,CLOSED,,36,0,1,IN_PERSON,Motley F,TUTH,11:10,12:25,BH,144
13564,EDUC-M 502,LEC,OPEN,CALCULUS THROUGHOUT SEC CURR,1,1,0,IN_PERSON,Tillema E,TUTH,11:10,12:25,ED,2025
13569,CJUS-P 594,LEC,OPEN,,15,9,0,IN_PERSON,Chan F,TU,15:10,17:40,SY,105
1357,COGS-Q 351,LEC,OPEN,,5,5,0,IN_PERSON,Blanco Rodriguez S,TUTH,15:55,17:10,PV,167
13570,CJUS-P 333,LEC,OPEN,,103,27,0,IN_PERSON,Mc Coskey W,WE,18:40,21:10,FA,102
13573,HUBI-S 300,LEC,CLOSED,GENETICS AND EUGENICS,2,0,0,IN_PERSON,Libby A; Cullin J,TUTH,12:45,14:00,MO,107
13574,HUBI-S 300,DIS,CLOSED,GENETICS AND EUGENICS,2,0,0,IN_PERSON,Metin Y,TH,16:20,17:10,MO,107
13575,HUBI-S 300,DIS,CLOSED,GENETICS AND EUGENICS,0,0,0,IN_PERSON,Metin Y,TH,17:30,18:20,MO,107
13576,BUS-S 535,LEC,OPEN,BUS TECH: TECH TRENDS,30,19,0,IN_PERSON,Darcy D,MOWE,09:25,10:50,CG,2069
13577,BUS-S 535,LEC,OPEN,BUS TECH: INDUSTRY PERSPECTIVE,30,20,0,IN_PERSON,Darcy D,MOWE,09:25,10:50,CG,1022
1358,COGS-X 497,LEC,OPEN,,15,14,0,,Cartmill E,,,,ARR,
13580,EAS-G 559,LEC,OPEN,,15,15,0,,,,,,ARR,
13587,EDUC-I 799,LEC,OPEN,,15,14,0,,Morrone A,,,,WB,WEB
13588,SWK-S 507,LEC,OPEN,,30,4,0,IN_PERSON,Parker V,MO,15:55,18:40,AH,C1023
13589,EDUC-I 799,LEC,OPEN,,15,15,0,,Morrone A,,,,ARR,
1359,COGS-X 498,LEC,OPEN,,10,10,0,,Cartmill E,,,,ARR,
13591,SWK-S 517,LEC,OPEN,,20,3,0,IN_PERSON,Nelson T,WE,12:45,15:30,AH,C1022
13592,SWK-S 519,LEC,OPEN,,25,10,0,IN_PERSON,Whitaker M,WE,09:10,11:55,AH,C2038
13597,MUS-A 115,LEC,OPEN,,19,5,0,IN_PERSON,West A,MOFR,10:25,11:15,SM,C018
13598,MUS-A 115,LAB,CLOSED,,10,0,0,IN_PERSON,West A,WE,10:25,11:15,SM,C018
13599,MUS-A 310,LEC,OPEN,,24,4,0,IN_PERSON,Fournet A,MO,18:40,19:30,SM,C018
1360,COGS-X 373,LEC,OPEN,,10,10,0,,Cartmill E,,,,ARR,
13605,ECON-E 724,LEC,OPEN,ADV MICROECONOMICS SEMINAR,15,8,0,IN_PERSON,Beshkar M,FR,14:15,16:45,WY,015
13606,MUS-I 500,LEC,OPEN,,12,4,0,IN_PERSON,Epperson A,FR,15:10,16:25,JS,315
13607,MSCH-M 503,LEC,OPEN,,14,4,0,IN_PERSON,Comfort S,WE,09:00,11:30,FF,017
1361,COGS-X 490,LEC,OPEN,,10,9,0,,Cartmill E,,,,ARR,
13610,MSCI-M 325,LEC,OPEN,,48,16,0,IN_PERSON,Shafer K; Hiller K,WE,17:30,19:10,AH,C3062
13615,FRIT-M 450,LEC,CLOSED,FANTASTIC MONSTERS,10,0,0,IN_PERSON,D'Errico C,TUTH,12:45,14:00,BH,237
13617,FRIT-F 364,LEC,CLOSED,,14,0,1,IN_PERSON,Panaite O,MOWE,12:45,14:00,SY,037
13619,FRIT-M 504,LEC,OPEN,,10,3,0,IN_PERSON,Arnaudo M,TU,12:00,14:00,BH,333
1362,COGS-Q 499,LEC,OPEN,,5,2,0,,Cartmill E,,,,ARR,
13623,MUS-O 112,LEC,OPEN,,12,7,0,,Lerner P,,,,ARR,
13624,MUS-O 812,LEC,OPEN,,12,7,0,,Lerner P,,,,ARR,
1363,COGS-Q 733,LEC,OPEN,,63,51,0,IN_PERSON,Nozari B,MO,15:45,17:15,PY,101
13631,MUS-F 419,LEC,OPEN,BASSOON ORCHESTRAL REPERTOIRE,10,5,0,IN_PERSON,McLean K,MO,12:45,13:35,SM,350
13632,MUS-F 519,LEC,OPEN,BASSOON ORCHESTRAL REPERTOIRE,10,5,0,IN_PERSON,McLean K,MO,12:45,13:35,SM,350
13634,EDUC-Y 402,LEC,CLOSED,,20,0,0,IN_PERSON,Qiu Y,TUTH,11:10,12:25,SY,006
13636,STAT-S 695,LEC,OPEN,,2,2,0,,Glatt-Holtz N,,,,ARR,
13638,STAT-S 695,LEC,OPEN,,2,2,0,,Manrique-Vallier D,,,,ARR,
13639,STAT-S 695,LEC,OPEN,,2,2,0,,Mejia A,,,,ARR,
1364,COGS-Q 799,LEC,OPEN,,3,2,0,,Barwich A,,,,ARR,
13640,STAT-S 695,LEC,OPEN,,2,2,0,,Pratola M,,,,ARR,
13641,STAT-S 695,LEC,OPEN,,2,2,0,,Trosset M,,,,ARR,
13642,STAT-S 695,LEC,OPEN,,2,2,0,,Xie F,,,,ARR,
13643,STAT-S 695,LEC,OPEN,,2,2,0,,Xu M,,,,ARR,
13644,STAT-S 695,LEC,OPEN,,2,2,0,,Zhang Y,,,,ARR,
1365,COGS-Q 899,LEC,OPEN,,2,1,0,,Barwich A,,,,ARR,
13651,SOAD-D 323,LEC,OPEN,,80,12,0,IN_PERSON,Frank M,MOWE,12:45,14:00,WB,WEB
13652,SOAD-D 191,LEC,CLOSED,,25,0,1,IN_PERSON,Wu J,MOWE,14:20,15:35,KH,216
1366,CSCI-A 110,LAB,CLOSED,,20,0,0,IN_PERSON,Pope C,MOWE,12:45,14:00,SB,230
13660,FRIT-M 203,LEC,OPEN,,15,10,0,,Serafin K,,,,ARR,
13661,FRIT-F 152,LEC,OPEN,,15,11,0,,Vance B,,,,ARR,
13662,FRIT-F 202,LEC,OPEN,,15,11,0,,Vance B,,,,ARR,
13663,FRIT-F 252,LEC,OPEN,,15,15,0,,Vance B,,,,ARR,
13666,ENG-W 231,LEC,CLOSED,,25,0,10,IN_PERSON,Anderson D,TUTH,09:35,10:50,BH,342
1367,CSCI-A 110,LAB,CLOSED,,20,0,0,IN_PERSON,Pope C,TUTH,17:30,18:45,LH,030
13670,EDUC-J 500,LEC,OPEN,,21,1,0,,Ansaldo J,,,,WB,WEB
13673,FRIT-F 313,LEC,OPEN,,25,5,0,IN_PERSON,Calhoun A,TUTH,09:35,10:50,WH,203
13677,EDUC-A 608,LEC,OPEN,,14,1,0,,Gahimer H,,,,WB,WEB
13679,EDUC-A 624,LEC,OPEN,,18,11,0,,Moore M,,,,WB,WEB
1368,CSCI-A 110,LAB,OPEN,,20,1,1,IN_PERSON,Pope C,MOWE,09:35,10:50,BH,107
13682,HON-H 233,LEC,CLOSED,THE LIGHTNESS OF BEING,25,0,0,IN_PERSON,Turk J,MOWE,09:35,10:50,AC,C116
13683,LATS-L 320,LEC,CLOSED,LATINX REMIX CONTMP LIT & FILM,24,0,1,IN_PERSON,Varon A,TUTH,14:20,15:35,BH,237
13684,LATS-L 101,LEC,CLOSED,,40,0,36,,Molina Rosario G; Rodriguez J,,,,WB,WEB
13687,ENG-W 171,LEC,CLOSED,,23,0,1,IN_PERSON,Storey J,TUTH,11:10,12:25,BH,332
1369,CSCI-A 110,LAB,CLOSED,,20,0,0,IN_PERSON,Pope C,MOWE,11:10,12:25,BH,107
1370,CSCI-A 110,LAB,CLOSED,,20,0,0,IN_PERSON,Pope C,MOWE,15:55,17:10,BH,107
13708,HON-H 241,LEC,CLOSED,CANCER,22,0,0,IN_PERSON,Gunderman R,TH,15:55,18:25,HU,217
1371,CSCI-A 110,LAB,CLOSED,,20,0,1,IN_PERSON,Pope C,TUTH,11:10,12:25,BH,107
13716,MSCH-J 360,LEC,CLOSED,ON-CAMERA PRESENCE,16,0,0,IN_PERSON,Whitaker P,MOWE,09:55,12:25,FF,212
13717,SPEA-A 459,LEC,OPEN,,48,29,0,IN_PERSON,Kuhar U,MOWE,12:45,14:00,PV,272
13718,SOAD-S 468,LEC,OPEN,,16,11,0,IN_PERSON,Mather T,MOWE,12:45,14:00,AZ,130
13719,EDUC-U 495,LEC,OPEN,,50,50,0,IN_PERSON,Kelly R,TH,18:40,20:20,GA,1134
1372,CSCI-A 110,LEC,OPEN,,80,1,0,IN_PERSON,Pope C,TU,14:20,15:35,TH,A201
13720,SOAD-S 568,LEC,OPEN,,16,11,0,IN_PERSON,Mather T,MOWE,12:45,14:00,AZ,130
13721,HHC-H 101,LEC,CLOSED,,24,0,3,IN_PERSON,Baildon M,WE,12:45,14:00,HU,108
13723,SPEA-E 272,LEC,CLOSED,,64,0,1,IN_PERSON,Almeida R,MOWE,11:10,12:25,GA,1100
13725,SPEA-E 340,LEC,CLOSED,,48,0,1,IN_PERSON,Shinde N,MOWE,15:55,17:10,PV,278
13726,SPEA-E 412,LEC,OPEN,,40,33,0,IN_PERSON,Henshel D,TUTH,12:45,14:00,PV,272
13727,SPEA-E 431,LEC,OPEN,,24,3,0,IN_PERSON,Balson T,TUTH,12:45,14:00,BQ,C129
13729,SPEA-H 124,LEC,OPEN,,64,1,1,IN_PERSON,Wayne C,TUTH,14:20,15:35,PV,276
1373,CSCI-A 201,LEC,OPEN,,39,20,0,IN_PERSON,Tao C,MOWE,14:20,15:35,AC,C114
13730,SPEA-H 267,LEC,OPEN,,45,1,0,IN_PERSON,Reed G,MOWE,08:00,08:50,PV,272
13731,SPEA-H 267,LEC,OPEN,,45,3,0,IN_PERSON,Harpell M,MOWE,08:25,09:15,PV,A201
13732,SPEA-H 352,LEC,OPEN,,40,1,0,IN_PERSON,Renner T,MOWE,11:10,12:25,PV,278
13733,SPEA-V 184,LEC,CLOSED,,64,0,4,IN_PERSON,Ali T,TUTH,09:35,10:50,PV,274
13735,SPEA-V 185,LEC,CLOSED,,100,0,4,IN_PERSON,Raemer A,TUTH,17:30,18:45,BH,310
13737,SPEA-V 185,LEC,CLOSED,,100,0,7,IN_PERSON,Hahm C,TUTH,11:10,12:25,PV,167
13738,SPEA-V 202,LEC,CLOSED,,100,0,1,IN_PERSON,Simon D,TUTH,12:45,14:00,PV,169
1374,CSCI-A 201,LAB,OPEN,,19,9,0,IN_PERSON,Tao C,TH,09:10,11:05,BH,107
13740,HHC-H 202,LEC,CLOSED,,24,0,1,IN_PERSON,Frohardt-Lane S,TH,11:10,12:25,HU,217
13741,HHC-H 202,LEC,CLOSED,,24,0,1,IN_PERSON,Pontillo J,TH,12:45,14:00,HU,108
13742,HHC-H 202,LEC,CLOSED,,24,0,3,IN_PERSON,Baildon M,MO,09:35,10:50,HU,108
13743,HHC-H 202,LEC,CLOSED,,24,0,3,IN_PERSON,Baildon M,WE,09:35,10:50,HU,108
13744,HHC-H 202,LEC,CLOSED,,24,0,2,IN_PERSON,Frohardt-Lane S,TH,12:45,14:00,HU,111
13745,HHC-H 202,LEC,CLOSED,,24,0,0,IN_PERSON,Ely M,TU,15:55,17:10,HU,217
13746,SPEA-V 326,LEC,CLOSED,,35,0,0,IN_PERSON,Merrell T,TUTH,17:30,18:45,PV,272
13748,SPEA-V 326,LEC,OPEN,,35,1,0,IN_PERSON,Broadfoot K,TUTH,08:00,09:15,BQ,C129
13749,SPEA-V 361,LEC,CLOSED,,64,0,1,IN_PERSON,Reuveny R,MOWE,11:10,12:25,PV,276
13751,SPEA-V 401,LEC,CLOSED,,45,0,14,IN_PERSON,Hsu A,TUTH,11:10,12:25,PV,276
13752,SPEA-V 412,LEC,CLOSED,,48,0,20,IN_PERSON,Avellaneda C,TUTH,11:10,12:25,PV,A223
13753,SPEA-V 437,LEC,CLOSED,,30,0,10,IN_PERSON,Maull P,MOWE,15:55,17:10,PV,A223
13757,MUS-P 110,LAB,CLOSED,,8,0,2,IN_PERSON,Yao E,MOWE,13:55,14:45,MA,305
13758,MUS-P 110,LAB,CLOSED,,8,0,0,IN_PERSON,Yao E,MOWE,18:40,19:30,MA,305
13759,MUS-P 110,LAB,CLOSED,,8,0,0,IN_PERSON,Yao E,TUTH,16:20,17:10,MA,305
1376,CSCI-A 594,LEC,OPEN,,4,3,0,IN_PERSON,Siddiqui M,TUTH,15:55,17:10,SW,007
13760,MUS-P 110,LAB,CLOSED,,8,0,0,IN_PERSON,Yao E,TUTH,18:40,19:30,MA,305
13761,MUS-P 110,LAB,CLOSED,,8,0,0,IN_PERSON,Yao E,TUTH,17:30,18:20,MA,305
13762,MUS-P 110,LAB,CLOSED,,8,0,0,IN_PERSON,Yao E,TUTH,13:55,14:45,MA,305
13763,MUS-P 110,LAB,CLOSED,,8,0,1,IN_PERSON,Yao E,MOWE,09:10,10:00,MA,305
13764,MUS-P 110,LAB,CLOSED,,8,0,1,IN_PERSON,Yao E,MOWE,15:10,16:00,MA,305
13765,MUS-P 110,LAB,CLOSED,,8,0,1,IN_PERSON,Yao E,MOWE,12:45,13:35,MA,305
13766,MUS-P 110,LAB,CLOSED,,8,0,0,IN_PERSON,Yao E,MOWE,17:30,18:20,MA,305
13767,MUS-P 110,LAB,CLOSED,,8,0,1,IN_PERSON,Yao E,MOWE,16:20,17:10,MA,305
13768,MUS-P 110,LAB,CLOSED,,8,0,2,IN_PERSON,Yao E,TUTH,12:45,13:35,MA,305
13769,HHC-H 101,LEC,CLOSED,,24,0,0,IN_PERSON,Singh A,FR,09:35,10:50,HU,108
1377,CSCI-A 594,LAB,OPEN,,4,3,0,IN_PERSON,Siddiqui M,TH,17:30,19:25,IF,0119
13770,GER-G 100,LEC,OPEN,,23,7,0,IN_PERSON,Brady Corona M,MOTUWETH,09:10,10:00,BH,232
13771,HHC-H 101,LEC,CLOSED,,24,0,1,IN_PERSON,Gittleman E,MO,14:20,15:35,HU,108
13772,HHC-H 101,LEC,CLOSED,,24,0,1,IN_PERSON,Andersson P,WE,14:20,15:35,RE,C110
13773,ECON-E 490,LEC,OPEN,ADVANCED MICROECONOMIC THEORY,10,1,0,IN_PERSON,Beshkar M,FR,14:15,16:45,WY,015
13774,MUS-P 111,LEC,OPEN,,8,1,0,IN_PERSON,Yao E,TUTH,10:25,11:15,MA,305
13775,MUS-P 111,LEC,CLOSED,,8,0,0,IN_PERSON,Yao E,MOWE,10:25,11:15,MA,305
13776,MUS-P 111,LEC,CLOSED,,8,0,0,IN_PERSON,Yao E,TUTH,11:35,12:25,MA,305
13777,MUS-P 111,LEC,OPEN,,8,1,0,IN_PERSON,Yao E,MOWE,11:35,12:25,MA,305
13779,ECON-E 490,LEC,OPEN,ADVANCED ECONOMETRICS,20,3,0,IN_PERSON,Chang Y,WE,15:10,17:40,BH,337
1378,CSCI-A 596,LEC,OPEN,,2,2,0,IN_PERSON,Shan C,TUTH,12:45,14:00,IF,1104
13780,MUS-P 120,LAB,OPEN,,8,2,0,IN_PERSON,Yao E,TUTH,15:10,16:00,MA,305
13781,MUS-P 120,LAB,OPEN,,8,1,0,IN_PERSON,Yao E,TUTH,09:10,10:00,MA,305
13786,SPH-B 350,LEC,OPEN,INDIGENOUS PUBLIC HEALTH,30,28,0,IN_PERSON,Camplain C,MOWE,14:20,15:35,AD,A152
13787,MUS-N 399,LEC,OPEN,,16,6,0,IN_PERSON,Adams K,TUTH,12:45,14:00,MA,006
13788,GER-E 121,LEC,CLOSED,,24,0,0,IN_PERSON,Kovacs T,TUTH,12:45,14:00,BH,314
13789,SWK-S 506,LEC,OPEN,,25,1,0,IN_PERSON,Whitaker M,MO,12:45,15:30,AH,C2038
1379,CSCI-A 596,DIS,OPEN,,2,2,0,IN_PERSON,Shan C,FR,10:25,11:15,BH,138
13791,MUS-E 434,LEC,CLOSED,,15,0,0,IN_PERSON,Nam J,MOWEFR,08:00,08:50,SM,153A
13792,MUS-E 342,LEC,OPEN,,20,15,0,IN_PERSON,Gault B,MOWEFR,09:10,11:05,SM,005
13793,MUS-BE 342,LEC,OPEN,,22,13,0,IN_PERSON,Gault B; Yadav P,MOWEFR,09:10,11:05,SM,005
13794,MUS-E 343,LEC,OPEN,,17,17,0,IN_PERSON,Shaw J,TUTH,12:45,14:40,SM,340
13795,MUS-BE 343,LEC,OPEN,,12,4,0,IN_PERSON,Shaw J,TUTH,12:45,14:40,SM,340
13796,MUS-E 344,LEC,OPEN,,24,15,0,IN_PERSON,Shaw B,TUTH,12:45,14:40,SM,005
13797,MUS-BE 344,LEC,OPEN,,24,4,0,IN_PERSON,Shaw B,TUTH,12:45,14:40,SM,005
1380,CSCI-A 597,LEC,CLOSED,,1,0,0,IN_PERSON,Tao C,MOWE,14:20,15:35,AC,C114
13803,PHYS-P 454,LEC,OPEN,,20,12,0,IN_PERSON,Co R,MOWEFR,14:20,15:35,SW,214
1381,CSCI-A 597,LAB,CLOSED,,1,0,0,IN_PERSON,Tao C,TH,09:10,11:05,BH,107
13810,ARTH-A 343,LEC,CLOSED,,40,0,0,IN_PERSON,Domene-Danes M,TUTH,11:10,12:25,BH,206
13811,MSCH-J 360,LEC,OPEN,ENTMT WRITING AND EDITING,15,7,0,IN_PERSON,Stutsman S,TUTH,17:30,18:45,FF,216
13812,PHIL-P 141,LEC,CLOSED,,40,0,0,IN_PERSON,Lorenzo D,TUTH,08:00,09:15,BH,206
13814,COLL-C 104,LEC,OPEN,THE DEATH PENALTY IN AMERICA,180,76,0,IN_PERSON,Sandys M,MOWE,12:45,14:00,MO,007
1382,CSCI-B 351,LEC,OPEN,,95,28,0,IN_PERSON,Blanco Rodriguez S,TUTH,15:55,17:10,PV,167
13821,MSCH-B 360,LEC,CLOSED,ON-CAMERA PRESENCE,16,0,0,IN_PERSON,Whitaker P,MOWE,09:55,12:25,FF,212
13823,MSCH-R 360,LEC,CLOSED,ON-CAMERA PRESENCE,16,0,2,IN_PERSON,Whitaker P,MOWE,09:55,12:25,FF,212
13824,BUS-P 320,LEC,CLOSED,,40,0,0,IN_PERSON,Dobos S,TUTH,11:10,12:25,HH,3079
13826,BUS-A 509,LEC,OPEN,,30,7,0,IN_PERSON,Greene D,FR,08:00,12:00,CG,1026
13827,BUS-A 514,LEC,OPEN,,44,9,0,IN_PERSON,Schroeder J,MOWE,09:35,10:50,CG,1040
13828,BUS-A 540,LEC,OPEN,,44,5,0,IN_PERSON,Young D,MOWE,09:35,10:50,CG,1008
1383,CSCI-B 461,LEC,OPEN,,100,45,0,IN_PERSON,Yan D,TUTH,15:55,17:10,LU,1001
13837,BUS-F 534,LEC,OPEN,,30,19,0,IN_PERSON,Adair T,TUTH,11:05,12:30,CG,3046
13838,BUS-F 533,LEC,OPEN,,30,5,0,IN_PERSON,Adair T,TUTH,12:45,14:10,CG,2069
13839,MSCH-A 315,LEC,CLOSED,,125,0,17,IN_PERSON,Guins R,MOWE,11:10,12:25,TV,251
1384,CSCI-B 521,LEC,OPEN,,16,8,0,IN_PERSON,Sabry A,TUTH,09:35,10:50,GY,4069
13840,BUS-A 562,LEC,CLOSED,,54,0,1,IN_PERSON,Sinha R,MOWE,12:45,14:10,CG,1040
13841,BUS-A 562,LEC,OPEN,,54,2,0,IN_PERSON,Sinha R,MOWE,14:25,15:50,CG,1040
13842,BUS-F 511,LEC,OPEN,,25,1,0,IN_PERSON,Wegener M,TUTH,09:25,10:50,CG,2063
13843,BUS-F 511,LEC,OPEN,,25,2,0,IN_PERSON,Wegener M,TUTH,11:05,12:30,CG,3046
13846,EALC-J 461,LEC,OPEN,,15,8,0,IN_PERSON,Hintzman R,TUTH,09:35,10:50,WY,111
13847,EALC-J 506,LEC,OPEN,,15,8,0,IN_PERSON,Hintzman R,TUTH,09:35,10:50,WY,111
13849,CLLC-L 110,LEC,OPEN,PHILOSOPHY OF DEATH,18,1,0,IN_PERSON,Murphy J,MOWE,15:55,17:10,EO,C112
13851,BIOL-L 112,DIS,CLOSED,,30,0,0,IN_PERSON,Matlack D,TU,18:40,19:30,JH,001
13852,BIOL-L 112,DIS,CLOSED,,30,0,5,IN_PERSON,Matlack D,TU,15:10,16:00,JH,248
13853,BIOL-L 112,DIS,CLOSED,,30,0,1,IN_PERSON,Matlack D,WE,15:10,16:00,JH,248
13858,BUS-M 574,LEC,OPEN,,30,11,0,IN_PERSON,Cosguner K,MOWE,09:25,10:50,CG,2063
13859,BUS-M 550,LEC,OPEN,,30,9,0,IN_PERSON,Niedermeier K,TUTH,12:45,14:10,CG,1022
13862,EDUC-P 302,LEC,CLOSED,,30,0,0,,Kassab H,,,,WB,WEB
13864,MSCH-F 395,LEC,CLOSED,,20,0,0,IN_PERSON,Martin M,TUTH,12:45,15:15,FF,304C
13865,BUS-C 205,LEC,CLOSED,,24,0,8,IN_PERSON,Heidewald J,TUTH,09:35,10:50,HH,3050
13866,BUS-T 175,LEC,OPEN,,45,1,0,IN_PERSON,Beranova L,TH,15:55,17:10,HH,4075
13867,BUS-T 175,LEC,OPEN,,45,1,0,IN_PERSON,Ford J,WE,14:20,15:35,HH,1043
13869,EURO-W 406,LEC,OPEN,IYKYK: KNOWLDGE IN MDRN EUROPE,24,15,0,IN_PERSON,Pearson C,MOWE,11:10,12:25,BH,338
1387,CSCI-C 241,DIS,OPEN,,30,24,0,IN_PERSON,Wennstrom E,FR,09:10,11:05,IF,1104
13870,BUS-J 540,LEC,OPEN,,44,9,0,IN_PERSON,Schlegel F,TUTH,09:35,10:50,CG,1040
13871,GNDR-G 695,LEC,CLOSED,,0,0,0,,,,,,ARR,
13876,BUS-M 355,LEC,CLOSED,PERSONAL SELLING & SALES MGMT,35,0,3,IN_PERSON,Spahr D,MOWE,12:45,14:00,HH,1030
13877,AADM-Y 511,LEC,OPEN,,24,16,0,IN_PERSON,Booher D,TUTH,15:55,17:10,PV,A203
13878,AADM-Y 559,LEC,OPEN,,22,13,0,IN_PERSON,Kuhar U,MOWE,11:10,12:25,PV,275
1388,CSCI-C 311,LEC,OPEN,,41,26,0,IN_PERSON,Shan C,TUTH,12:45,14:00,IF,1104
13880,GNDR-G 101,LEC,CLOSED,,35,0,0,IN_PERSON,Angel G,TUTH,16:20,17:10,BH,143
13881,FOLK-E 290,LEC,CLOSED,,25,0,0,IN_PERSON,McDonald D,MOWE,09:35,10:50,C2,102
13883,FOLK-F 722,LEC,OPEN,ECOMUSICOLOGY & ENVIRO JUSTICE,12,8,0,IN_PERSON,Dirksen R,TU,13:30,16:00,C2,272
13889,BUS-C 106,LEC,CLOSED,,30,0,0,IN_PERSON,Land P,TUTH,08:00,09:15,HH,3016
1389,CSCI-C 311,DIS,OPEN,,22,12,0,IN_PERSON,Shan C,FR,10:25,11:15,BH,138
13890,THTR-T 583,LEC,OPEN,DIRECTING SHAKESPEARE,10,6,0,IN_PERSON,Michaelsen J,MOWE,15:30,17:00,AD,A052
13891,HIST-H 650,LEC,CLOSED,,11,0,1,IN_PERSON,Caddoo C,MO,16:20,18:20,BH,317
13893,HIST-C 220,DIS,CLOSED,,15,0,0,IN_PERSON,Elliott C,FR,13:55,14:45,BH,133
13894,HIST-C 220,DIS,CLOSED,,15,0,0,IN_PERSON,Elliott C,FR,10:25,11:15,BH,232
13896,EURO-W 605,LEC,OPEN,IYKYK: KNOWLDGE IN MDRN EUROPE,24,15,0,IN_PERSON,Pearson C,MOWE,11:10,12:25,BH,338
13897,HIST-C 220,DIS,CLOSED,,15,0,0,IN_PERSON,Elliott C,FR,11:35,12:25,BH,336
1390,CSCI-C 311,DIS,OPEN,,19,14,0,IN_PERSON,Shan C,FR,09:10,10:00,I,107
13900,BUS-M 405,LEC,CLOSED,,40,0,1,IN_PERSON,Harrison K,TUTH,11:10,12:25,HH,2055
13901,BUS-M 405,LEC,CLOSED,,40,0,4,IN_PERSON,Harrison K,TUTH,12:45,14:00,HH,2055
13905,SPEA-H 411,LEC,OPEN,,40,6,0,IN_PERSON,Peterson N,TUTH,15:55,17:10,BH,342
13907,MSCH-J 331,LEC,OPEN,,18,1,0,IN_PERSON,Carrothers C,TUTH,17:30,18:45,FF,058
1391,CSCI-C 343,LEC,OPEN,,144,72,0,IN_PERSON,Siddiqui M,TUTH,15:55,17:10,SW,007
13911,MSCH-A 305,LEC,CLOSED,,18,0,0,IN_PERSON,Bratton J,MOWE,17:30,18:45,FF,052
13913,SPH-K 350,LEC,OPEN,PROGRAMMING FOR SPORTS DISCIPL,20,9,0,IN_PERSON,Huntoon J,TUTH,09:35,10:50,BH,312
13914,MSCH-G 340,LEC,CLOSED,,23,0,3,IN_PERSON,Best C,MOWE,12:45,14:00,FF,073
13916,ENG-W 171,LEC,CLOSED,,23,0,1,IN_PERSON,Storey J; Thomae L,MOWEFR,10:25,11:15,BH,313
13918,ENG-W 170,LEC,CLOSED,PROJECTS IN READING & WRITING,23,0,0,IN_PERSON,Strauch J; Storey J,MOWEFR,09:10,10:00,BH,246
1392,CSCI-C 343,LAB,OPEN,,30,23,0,IN_PERSON,Siddiqui M,FR,09:10,11:05,BH,118
13920,ENG-W 170,LEC,CLOSED,PROJECTS IN READING & WRITING,23,0,0,IN_PERSON,Ephraim M; Storey J,MOWEFR,13:55,14:45,BH,216
13923,SPEA-V 346,LEC,CLOSED,,61,0,1,IN_PERSON,McCaster A,TUTH,11:10,12:25,PV,A201
13924,SPEA-V 435,LEC,OPEN,,45,4,0,IN_PERSON,Branham G,MOWE,17:30,18:45,LH,035
13925,SPEA-V 439,LEC,CLOSED,,24,0,9,IN_PERSON,Lehmkuhler P,TUTH,17:30,18:45,PV,A205
13926,SPEA-V 499,LEC,OPEN,,15,6,0,IN_PERSON,Silva J,MOWE,12:45,14:00,PV,A203
1393,CSCI-C 343,LAB,OPEN,,28,4,0,IN_PERSON,Siddiqui M,TH,17:30,19:25,IF,0119
13934,REEI-R 500,LEC,CLOSED,RUSS AND SOVIET FOREIGN POLICY,32,0,1,IN_PERSON,Spechler D,TUTH,15:55,17:10,WH,109
13936,EDUC-E 325,LEC,OPEN,,20,20,0,IN_PERSON,Burke A,TUTH,08:00,09:15,ED,3275
13937,EDUC-K 352,LEC,OPEN,,16,16,0,IN_PERSON,Klinker S,MOWE,08:00,09:15,ED,2025
1394,CSCI-G 901,LEC,OPEN,,25,12,0,,Chen F,,,,ARR,
13943,EDUC-M 420,LEC,OPEN,,65,18,0,,Aslam M; Brannan A,,,,WB,WEB
13945,BUS-C 104,BIDS,OPEN,,32,9,0,IN_PERSON,Scott-Harmon S,MOWE,08:00,09:15,HH,3022
13946,BUS-C 104,BIDS,CLOSED,,32,0,0,IN_PERSON,Fisher K,TUTH,09:35,10:50,CG,0001
13947,BUS-C 104,BIDS,OPEN,,32,8,0,IN_PERSON,Nussbaum K,MOWE,17:30,18:45,HH,1043
13948,BUS-C 104,BIDS,OPEN,,30,7,0,IN_PERSON,Broner M,TUTH,12:45,14:00,WH,106
13949,BUS-T 175,LEC,CLOSED,,45,0,0,IN_PERSON,Hamilton L,MO,09:35,10:50,HH,4034
1395,CSCI-H 211,LEC,OPEN,,20,16,0,IN_PERSON,Angiuli C,MOWE,09:35,10:50,IF,1106
13950,BUS-C 355,LEC,OPEN,DATA STORYTELLING,30,16,0,IN_PERSON,Butters R,MOWE,11:10,12:25,HH,3016
13953,BUS-L 521,LEC,OPEN,,43,4,0,IN_PERSON,Haugh T,TUTH,09:35,10:50,CG,1008
13954,EDUC-X 101,LEC,OPEN,LEARNING STRATEGIES FOR MATH,19,19,0,IN_PERSON,Adhikari A; Koke A,TUTH,15:10,16:00,BH,214
1396,CSCI-H 211,LAB,OPEN,,20,16,0,IN_PERSON,Angiuli C,TH,13:55,15:50,SB,230
13962,BUS-L 305,LEC,CLOSED,,35,0,1,IN_PERSON,Sellers A,MOWE,12:45,14:00,HH,3059
13963,MSCH-D 331,LEC,CLOSED,,20,0,4,IN_PERSON,Jermain R,TUTH,14:20,15:35,WB,WEB
13965,REEI-R 301,LEC,OPEN,ANTHROPOLOGY OF WAR IN E EURO,30,21,0,IN_PERSON,Storey-Nagy J,TUTH,09:35,10:50,BH,307
13966,REEI-R 301,LEC,OPEN,WINE INDUSTRY & POST-COMMUNISM,30,26,0,IN_PERSON,Otten J,MOWE,17:30,20:00,BH,307
13967,REEI-R 500,LEC,OPEN,WINE INDUSTRY & POST-COMMUNISM,30,26,0,IN_PERSON,Otten J,MOWE,17:30,20:00,BH,307
13968,MATH-M 384,LEC,OPEN,,30,20,0,IN_PERSON,Uskuplu E,MOWEFR,15:10,16:00,SE,010
13969,HIST-J 425,LEC,OPEN,,20,4,0,IN_PERSON,Cullather N,TUTH,12:45,14:00,SY,108
1397,CSCI-Y 390,LEC,OPEN,,25,23,0,,Ensmenger N,,,,ARR,
13975,EDUC-M 222,LEC,CLOSED,,18,0,2,,Davis-Soylu H,,,,WB,WEB
13976,GNDR-X 490,LEC,CLOSED,,0,0,0,,,,,,ARR,
1398,CSCI-Y 391,LEC,OPEN,,5,5,0,,Tobin-Hochstadt S,,,,ARR,
13984,EDUC-K 570,LEC,OPEN,,26,1,0,ONLINE,Klinker S,,,,OL,ONLINE
13987,SPH-V 241,LEC,OPEN,,85,41,0,,Rodriguez R,,,,WB,WEB
13988,SPH-V 546,LEC,OPEN,,20,15,0,,Shao K,,,,WB,WEB
13989,SPH-V 241,LEC,CLOSED,,85,0,2,,Greaves J,,,,WB,WEB
1399,CSCI-Y 399,LEC,OPEN,,20,14,0,,Pope C,,,,ARR,
13992,ANTH-A 107,LEC,OPEN,,88,1,1,IN_PERSON,Kaestle F,MOWE,11:35,12:25,SB,150
13993,ANTH-A 107,DIS,CLOSED,,30,0,0,IN_PERSON,Kaestle F; Lord Y,TU,10:25,11:15,SB,060
13994,ANTH-A 107,DIS,CLOSED,,29,0,1,IN_PERSON,Kaestle F; Lord Y,TU,11:35,12:25,SB,060
13995,ANTH-A 107,DIS,OPEN,,29,1,0,IN_PERSON,Kaestle F; Lord Y,TU,09:10,10:00,SB,060
13996,SPH-C 213,LEC,CLOSED,,225,0,4,,Pedersen P,,,,WB,WEB
13997,SPH-M 310,LEC,CLOSED,,100,0,29,,Qian T,,,,WB,WEB
13998,SPH-K 391,LAB,CLOSED,,15,0,0,IN_PERSON,Moscicki B,WE,15:00,16:50,PH,048
13999,SPH-K 409,LAB,CLOSED,,15,0,0,IN_PERSON,Chapman R,WE,15:00,16:50,PH,046
1400,CSCI-Y 499,LEC,OPEN,,10,10,0,,Tobin-Hochstadt S,,,,ARR,
14000,SPH-K 409,LAB,OPEN,,15,1,0,IN_PERSON,Chapman R,TU,12:40,14:30,PH,046
14001,SPH-K 409,LAB,OPEN,,15,3,0,IN_PERSON,Chapman R,TH,08:00,09:50,PH,046
14002,SPH-M 404,LEC,CLOSED,MANAGING SPORT EVENTS,100,0,2,IN_PERSON,Cassimire D,MOWE,14:20,15:35,FA,102
14003,EURO-G 100,LEC,OPEN,,24,16,0,IN_PERSON,Ni Mhuiri E,MOWE,12:45,13:35,GA,0013
14004,POLS-Y 346,LEC,CLOSED,,52,0,4,IN_PERSON,Razo A,TUTH,09:35,10:50,GY,1043
14006,SPH-M 404,LEC,CLOSED,LEADERSHIP IN SPORT MANAGEMENT,100,0,4,,Stewart A,,,,WB,WEB
14007,BUS-C 355,LEC,OPEN,KSBIMPACT,30,1,0,IN_PERSON,Dayton K,MO,12:45,14:00,HH,1043
14008,BUS-C 355,LEC,OPEN,KSBIMPACT,30,8,0,IN_PERSON,Dayton K,WE,12:45,14:00,HH,1043
14009,BUS-A 509,LEC,OPEN,,30,6,0,IN_PERSON,Greene D,FR,08:00,12:00,CG,1040
1401,CSCI-Y 790,LEC,OPEN,,50,47,0,,Chen F,,,,ARR,
14010,BUS-A 420,LEC,CLOSED,,45,0,0,IN_PERSON,Mathis J,TUTH,15:55,17:10,HH,2046
14011,SPH-I 138,LEC,OPEN,,20,17,0,IN_PERSON,Hathaway A,MO,15:00,17:00,HD,TBA
14012,SPH-I 138,LEC,OPEN,,20,19,0,IN_PERSON,Hathaway A,WE,15:00,17:00,HD,TBA
14014,SPH-I 138,LEC,OPEN,,20,20,0,IN_PERSON,Hathaway A,TH,15:00,17:00,HD,TBA
14015,SPH-I 138,LEC,OPEN,,20,20,0,IN_PERSON,Hathaway A,TU,15:00,17:00,HD,TBA
14016,SPH-I 138,LEC,OPEN,,20,16,0,IN_PERSON,Hathaway A,TH,15:00,17:00,HD,TBA
14017,SPCN-F 560,LEC,CLOSED,,30,0,10,,Sell R,,,,WB,WEB
14018,SOAD-S 343,LEC,CLOSED,,16,0,0,IN_PERSON,Johnson J,MOWE,12:45,15:30,AZ,125
14019,SPCN-V 536,LEC,OPEN,,30,4,0,,Ali T,,,,WB,WEB
1402,CSCI-Y 798,LEC,OPEN,,80,77,0,,Chen F; Sinders R,,,,ARR,
14020,SOAD-S 443,LEC,CLOSED,,16,0,0,IN_PERSON,Johnson J,MOWE,12:45,15:30,AZ,125
14021,SOAD-S 543,LEC,CLOSED,,16,0,0,IN_PERSON,Johnson J,MOWE,12:45,15:30,AZ,125
14022,SPCN-V 548,LEC,OPEN,,30,1,0,,Silva J,,,,WB,WEB
14027,PSY-P 155,LEC,CLOSED,,255,0,1,IN_PERSON,Ernst F,TUTH,11:10,12:25,PY,100
14028,PSY-P 324,LEC,OPEN,,106,4,0,IN_PERSON,Ernst F,TUTH,08:00,09:15,PY,101
14029,PSY-P 457,LEC,CLOSED,CRIMINAL BEHAVIOR,40,0,2,IN_PERSON,Ernst F,TUTH,15:55,17:10,PY,226
1403,CSCI-Y 890,LEC,OPEN,,60,48,0,,Chen F,,,,ARR,
14030,SPEA-V 477,LEC,OPEN,,40,12,0,IN_PERSON,Archer D,TUTH,15:55,17:10,PV,163
14031,MSCH-C 110,LEC,CLOSED,,38,0,0,IN_PERSON,Lee T,TUTH,11:10,12:25,FF,310
14032,SWK-S 686,LEC,CLOSED,,20,0,0,IN_PERSON,Nelson T,WE,15:55,18:40,AH,C1020
14033,SWK-S 686,LEC,OPEN,,20,5,0,IN_PERSON,Lynch A,WE,15:55,18:40,AH,C1022
14034,ENG-W 170,LEC,CLOSED,PROJECTS IN READING & WRITING,23,0,0,IN_PERSON,Chatterjee H; Storey J,MOWEFR,12:45,13:35,BH,231
14035,ENG-W 170,LEC,CLOSED,PROJECTS IN READING & WRITING,23,0,0,IN_PERSON,Yusen B; Storey J,MOWEFR,12:45,13:35,SB,140
14038,NAIS-A 150,LEC,CLOSED,,35,0,0,IN_PERSON,Sullivan-Clarke A,TUTH,09:35,10:50,WH,005
14039,MSCH-A 305,LEC,OPEN,,30,8,0,IN_PERSON,Hodson Stillwell J,TUTH,17:30,18:45,FF,114
1404,EALC-C 101,LEC,CLOSED,,25,0,0,IN_PERSON,Catalano S; Lyu X,TUTH,11:35,12:25,PH,019
14043,EDUC-L 451,LEC,OPEN,,20,20,0,IN_PERSON,Castner D,WE,11:10,13:40,ED,0101
14044,SLAV-P 223,LEC,OPEN,,30,10,0,IN_PERSON,Nizynska J,MOWE,17:30,20:00,WH,109
14047,EDUC-L 453,LEC,OPEN,,20,20,0,IN_PERSON,Esarey K,MO,11:10,13:40,ED,1004
1405,EALC-C 101,DRL,OPEN,,15,1,0,IN_PERSON,Catalano S; Lyu X,MOWEFR,10:25,11:15,BH,333
14053,REEI-R 500,LEC,OPEN,ANTHROPOLOGY OF WAR,30,21,0,IN_PERSON,Storey-Nagy J,TUTH,09:35,10:50,BH,307
14054,SLAV-X 473,LEC,OPEN,,5,4,0,,Holdeman J,,,,ARR,
14055,SLAV-X 473,LEC,OPEN,,5,5,0,,Holdeman J,,,,ARR,
14056,SLAV-X 473,LEC,OPEN,,5,4,0,,Holdeman J,,,,ARR,
1406,EALC-C 101,DRL,OPEN,,15,6,0,IN_PERSON,Lyu X; Catalano S,MOWEFR,16:20,17:10,BH,010
14066,ECON-E 309,LEC,CLOSED,POLITICAL ECONOMY,42,0,1,IN_PERSON,Glomm G,MOWE,15:55,17:10,BH,304
14067,MUS-M 101,LEC,OPEN,,80,5,1,IN_PERSON,Ospina Romero S,MOWE,08:00,09:15,MA,454
14068,MUS-M 101,DRL,OPEN,,20,1,0,IN_PERSON,Ospina Romero S,TUTH,08:00,08:50,SM,005
14069,MUS-M 101,DRL,CLOSED,,20,0,0,IN_PERSON,Ospina Romero S,TUTH,09:10,10:00,SM,149C
1407,EALC-C 101,DRL,OPEN,,15,6,0,IN_PERSON,Lyu X; Catalano S,MOWEFR,09:10,10:00,BH,135
14070,MUS-Z 111,LEC,OPEN,,30,1,0,IN_PERSON,Guntren A,MOWEFR,09:10,10:10,SM,350
14071,SPH-I 113,LEC,OPEN,,18,2,0,IN_PERSON,Clemons R; Kosuru I,MOWE,11:35,12:25,HD,TBA
14075,HIST-H 620,LEC,OPEN,,11,4,0,IN_PERSON,Roos J,MO,14:00,16:00,BH,317
1408,EALC-C 101,DRL,OPEN,,15,10,0,IN_PERSON,Catalano S; Lyu X,MOWEFR,12:45,13:35,BH,313
14080,SPH-I 100,LEC,CLOSED,TABLE TENNIS,12,0,0,IN_PERSON,Clemons R; Boone E,MOWE,13:55,14:45,HD,TBA
14081,SPH-I 100,LEC,OPEN,TABLE TENNIS,12,1,0,IN_PERSON,Clemons R; Boone E,MOWE,10:25,11:15,HD,TBA
14083,SOAD-M 255,LEC,CLOSED,,20,0,9,IN_PERSON,Kim M,TUTH,14:20,15:35,KH,112
14085,SOAD-F 311,LEC,OPEN,,22,11,0,IN_PERSON,Shin J,TUTH,14:20,15:35,KH,318
14086,SOAD-F 325,LEC,CLOSED,,16,0,1,IN_PERSON,Quirk J,MOWE,09:10,11:55,KH,313
14087,INST-U 110,LEC,OPEN,,15,14,0,,Manring R; Daud L,,,,WB,WEB
14088,EALC-K 321,LEC,OPEN,,14,12,0,IN_PERSON,Kim J,TUTH,09:35,10:50,BH,140
14089,CEUS-R 393,LEC,CLOSED,,23,0,1,IN_PERSON,Brose M,TUTH,09:35,10:50,BH,336
1409,EALC-C 101,DRL,OPEN,,15,5,0,IN_PERSON,Catalano S; Lyu X,MOWEFR,11:35,12:25,BH,135
14090,EDUC-L 454,LEC,OPEN,,20,20,0,,Scott J,,,,WB,WEB
14091,EDUC-L 451,LEC,OPEN,,21,21,0,IN_PERSON,Scott J,TH,11:10,13:40,ED,3025
14092,EDUC-L 451,LEC,OPEN,,20,20,0,IN_PERSON,Scott J,TU,14:20,16:50,ED,3275
14093,EDUC-L 451,LEC,OPEN,,20,20,0,IN_PERSON,Stark C,MO,17:30,20:00,ED,3275
14096,SPEA-E 555,LEC,OPEN,SUSTANABILITY SCIENCE,30,3,0,,Beal K,,,,WB,WEB
14097,EDUC-L 452,LEC,OPEN,,18,18,0,IN_PERSON,Truex-Root A,TU,11:10,13:40,ED,1204
1410,EALC-C 101,LEC,CLOSED,,25,0,0,IN_PERSON,Catalano S; Lyu X,TUTH,11:35,12:25,PH,019
14100,EDUC-L 452,LEC,OPEN,,18,18,0,IN_PERSON,Daley S; Guinn A,MO,17:30,20:00,ED,3025
14101,EDUC-L 453,LEC,OPEN,,19,19,0,IN_PERSON,Marshall S,TH,17:30,20:00,ED,3025
14102,EDUC-L 453,LEC,OPEN,,21,21,0,IN_PERSON,Stark C,MO,14:20,16:50,ED,3275
14103,EDUC-L 453,LEC,OPEN,,19,19,0,IN_PERSON,Knepper S; Daley S,TU,11:10,13:40,ED,3025
14104,EDUC-L 453,LEC,OPEN,,20,20,0,IN_PERSON,Loudermilk L,WE,11:10,13:40,ED,3025
14105,EDUC-L 454,LEC,OPEN,,19,19,0,,Beathea K,,,,WB,WEB
14106,EDUC-L 454,LEC,OPEN,,21,21,0,,Stark C,,,,WB,WEB
14107,SPEA-E 543,LEC,CLOSED,,30,0,4,,White G,,,,WB,WEB
14108,EDUC-L 454,LEC,OPEN,,19,19,0,,Beathea K,,,,WB,WEB
14109,EDUC-L 454,LEC,OPEN,,20,20,0,,Thomson S,,,,WB,WEB
1411,EALC-C 101,DRL,OPEN,,15,1,0,IN_PERSON,Catalano S; Lyu X,MOWEFR,10:25,11:15,BH,333
14112,EDUC-L 452,LEC,OPEN,,16,16,0,IN_PERSON,Loudermilk L,TU,14:20,16:50,ED,3025
14117,SPH-X 695,LEC,OPEN,,20,17,0,,Garcia E,,,,ARR,
14118,SPH-X 695,LEC,OPEN,,20,13,0,,Johnston J,,,,ARR,
14119,SPH-X 695,LEC,OPEN,,20,12,0,,Luo J,,,,ARR,
1412,EALC-C 101,DRL,OPEN,,15,7,0,IN_PERSON,Lyu X; Catalano S,MOWEFR,15:10,16:00,BH,010
14122,SPH-I 117,LEC,OPEN,,36,19,0,IN_PERSON,Clemons R; Kosuru I,FR,12:45,14:00,HD,TBA
14124,SPH-I 100,LEC,CLOSED,TABLE TENNIS,12,0,0,IN_PERSON,Clemons R; Kapure S,TUTH,12:45,13:35,HD,TBA
14129,SPH-I 100,LEC,CLOSED,TABLE TENNIS,12,0,3,IN_PERSON,Clemons R; Cain G,TUTH,16:20,17:10,HD,TBA
1413,EALC-C 101,DRL,OPEN,,15,6,0,IN_PERSON,Lyu X; Catalano S,MOWEFR,09:10,10:00,BH,135
14130,EDUC-L 451,LEC,OPEN,,22,22,0,IN_PERSON,Loudermilk L,WE,14:20,16:50,ED,2025
14131,EDUC-K 305,LEC,OPEN,,22,22,0,IN_PERSON,Olkhova L,MO,11:10,13:40,ED,1204
14133,EDUC-M 201,LEC,OPEN,LAB/FIELD EXP: ELEMENTARY,22,22,0,IN_PERSON,Thomson S,TU,08:00,11:45,HD,TBA
14135,EDUC-F 110,LEC,OPEN,,130,22,0,IN_PERSON,Wilson S; Erxleben E,TH,17:30,18:30,ED,1120
14139,EDUC-F 110,LEC,OPEN,,130,2,0,IN_PERSON,Wilson S; Erxleben E,TU,17:30,18:30,ED,1120
1414,EALC-C 101,DRL,OPEN,,15,10,0,IN_PERSON,Catalano S; Lyu X,MOWEFR,12:45,13:35,BH,313
14145,MSCH-C 350,LEC,CLOSED,ON-CAMERA PRESENCE,16,0,0,IN_PERSON,Whitaker P,MOWE,09:55,12:25,FF,212
14147,SPEA-V 415,LEC,CLOSED,,45,0,13,IN_PERSON,Morris R,MOWE,15:55,17:10,PV,274
14148,MSCH-B 334,LEC,CLOSED,,20,0,1,IN_PERSON,Koton E,TU,18:30,21:00,WB,WEB
14149,SPEA-V 252,LEC,OPEN,,45,1,0,IN_PERSON,Reed G,MOWE,08:00,08:50,PV,272
1415,EALC-C 101,DRL,OPEN,,15,5,0,IN_PERSON,Catalano S; Lyu X,MOWEFR,11:35,12:25,BH,135
14150,SPEA-V 252,LEC,OPEN,,45,3,0,IN_PERSON,Harpell M,MOWE,08:25,09:15,PV,A201
14155,SPEA-E 555,LEC,OPEN,NATURE-BASED CLIMATE SOLUTIONS,30,15,0,IN_PERSON,Novick K,MOWE,14:20,15:35,PV,163
14156,MSCH-P 352,LAB,CLOSED,,18,0,1,IN_PERSON,Behringer A,WE,11:10,12:25,TV,250
14159,BUS-M 310,LEC,OPEN,,30,16,0,IN_PERSON,King K,TUTH,15:55,17:10,HH,3075
1416,EALC-C 201,DRL,CLOSED,,14,0,1,IN_PERSON,Liles X,MOWEFR,12:45,13:35,JH,A107
14161,ENG-W 203,LEC,OPEN,FICTION AND POETRY,15,1,0,IN_PERSON,Singh M,MOWE,15:55,17:10,WH,006
14162,ENG-W 203,LEC,CLOSED,FICTION AND POETRY,15,0,0,IN_PERSON,Mitchell K,TUTH,11:10,12:25,BH,317
14163,BUS-C 204,LEC,CLOSED,,24,0,9,IN_PERSON,Esola E,MOWE,08:00,09:15,BQ,C232
14164,BUS-C 204,LEC,CLOSED,,24,0,20,IN_PERSON,Esola E,MOWE,09:35,10:50,BQ,C232
14165,BUS-C 204,LEC,CLOSED,,24,0,22,IN_PERSON,Esola E,MOWE,11:10,12:25,BQ,C232
14167,HISP-S 328,LEC,OPEN,,22,2,0,IN_PERSON,Myers K,TUTH,11:10,12:25,GA,0013
14168,CSCI-A 310,LAB,OPEN,,25,8,0,IN_PERSON,German D,TH,15:55,17:45,IF,3111
14169,CSCI-A 310,LAB,OPEN,,25,16,0,IN_PERSON,German D,FR,15:10,17:00,LH,030
1417,EALC-C 201,DRL,OPEN,,14,1,0,IN_PERSON,Liles X,MOWEFR,13:55,14:45,BH,135
14173,ENGR-E 451,LEC,OPEN,,20,18,0,IN_PERSON,Jadhao V,MOWE,12:45,14:00,LH,004
14174,ENGR-E 551,LEC,OPEN,,10,6,0,IN_PERSON,Jadhao V,MOWE,12:45,14:00,LH,004
14177,ENGR-E 221,LAB,OPEN,,32,12,0,IN_PERSON,Anousheh N,FR,14:20,15:35,IF,4063
14178,SPH-B 496,LEC,OPEN,,50,44,0,,Finley K,,,,ARR,
14179,MSCH-R 431,LEC,OPEN,,18,10,0,IN_PERSON,Kang M,TUTH,14:20,15:35,FF,114
1418,EALC-C 201,DRL,CLOSED,,14,0,0,IN_PERSON,Liles X,MOWEFR,12:45,13:35,JH,A107
14180,FRIT-X 471,LEC,OPEN,,6,2,0,,Vance B,,,,ARR,
14184,LAW-B 662,LEC,OPEN,,24,14,0,IN_PERSON,deMaine S,MOWE,14:55,16:20,LW,216
14187,LAW-B 755,LEC,OPEN,,44,31,0,IN_PERSON,Jeney P; Nemeth I; Kende T,MOWETH,16:30,18:45,LW,120
14188,LAW-B 764,LEC,OPEN,BLOCKCHAIN & DIGITAL CURRENCY,38,19,0,IN_PERSON,Emmert F,TU,16:30,18:30,LW,213
1419,EALC-C 201,DRL,OPEN,,14,1,0,IN_PERSON,Liles X,MOWEFR,13:55,14:45,BH,135
14190,LAW-B 782,LEC,OPEN,,44,13,0,IN_PERSON,Applegate J,MOTUWE,08:45,09:40,LW,120
14194,LAW-L 776,LEC,CLOSED,WRONGFUL CONVICTIONS,24,0,2,IN_PERSON,Beety V,TH,09:50,11:50,LW,216
1420,EALC-C 401,LEC,OPEN,,20,10,0,IN_PERSON,Liles X,MOWEFR,10:25,11:15,BH,214
14203,THTR-T 168,LEC,CLOSED,,50,0,1,,Hopson A; Baldwin J; Milam H; Hahn A,,,,HD,TBA
14205,OVST-F 498,LEC,OPEN,,30,29,0,,Carty S,,,,ARR,
14206,OVST-Z 499,LEC,OPEN,,30,29,0,,Carty S,,,,ARR,
14207,OVST-L 497,LEC,OPEN,,15,15,0,,Carty S,,,,ARR,
14208,OVST-M 496,LEC,OPEN,,15,15,0,,Carty S,,,,ARR,
14209,OVST-M 497,LEC,OPEN,,15,15,0,,Carty S,,,,ARR,
1421,EALC-C 701,LEC,OPEN,,10,10,0,,Vogt N,,,,ARR,
14212,SPEA-V 370,LEC,CLOSED,,48,0,2,IN_PERSON,Alexeev A,TUTH,09:35,10:50,PV,A221
14213,SPH-B 700,LEC,OPEN,,20,9,0,IN_PERSON,Guerra Reyes L; Walsh-Buhi E; Jozkowski K,WE,09:00,10:00,PH,012
14214,SPH-B 710,LEC,OPEN,,20,10,0,IN_PERSON,Macy J,TUTH,08:00,09:20,PH,10
1422,EALC-C 801,LEC,OPEN,,10,6,0,,Vogt N,,,,ARR,
14220,SLAV-S 562,LEC,OPEN,ELEMENTARY RUSSIAN I,21,7,0,IN_PERSON,Shardakova M; Stovba E,MOTUWETH,10:25,11:15,BH,241
14221,SLAV-S 562,LEC,OPEN,ELEMENTARY RUSSIAN I,22,1,0,IN_PERSON,Shardakova M; Kim S,MOTUWETH,11:35,12:25,WH,119
14222,BUS-F 516,LEC,OPEN,,30,13,0,IN_PERSON,Teluja S; Darvishan M,MOTUWETHFR,10:00,11:30,CG,1034
14224,BUS-K 201,LEC,CLOSED,,34,0,0,IN_PERSON,Oh H,MOWE,09:35,10:50,HH,4083
14225,BUS-K 201,LEC,CLOSED,,34,0,1,IN_PERSON,Lipare A,MOWE,12:45,14:00,HH,4083
14226,BUS-K 201,LEC,OPEN,,34,4,0,IN_PERSON,Thompson S,TUTH,17:30,18:45,HH,4083
14227,BUS-K 201,LEC,OPEN,,34,15,0,IN_PERSON,Thompson S,TUTH,19:05,20:20,HH,4083
14228,BUS-K 201,LEC,OPEN,,40,16,0,IN_PERSON,Hertel J,TUTH,17:30,18:45,GR,102A
1423,EALC-X 490,LEC,OPEN,,2,2,0,,Kim J,,,,ARR,
14230,MSCH-G 367,LEC,OPEN,,18,7,0,IN_PERSON,Ballou E,TUTH,17:30,18:45,WB,WEB
14236,CSCI-B 490,LEC,OPEN,GENERATIVE AI AND APPLICATIONS,60,25,0,IN_PERSON,Le T,MOWE,09:35,10:50,JH,009
14237,SPH-K 250,LEC,CLOSED,PHYSIOLOGY OF CLIMATE CHANGE,20,0,1,IN_PERSON,Schlader Z,TUTH,14:20,15:35,BH,217
1424,EALC-E 496,LEC,OPEN,,10,10,0,,O'Bryan S,,,,ARR,
1425,EALC-E 595,LEC,OPEN,,15,15,0,,Vogt N,,,,ARR,
14250,MSCH-C 365,LEC,OPEN,,28,3,0,IN_PERSON,Uslan M,MOTUWETH,19:00,21:30,FF,215
14251,MSCH-C 366,LEC,OPEN,,25,14,0,IN_PERSON,Uslan M,MOTUWETH,15:00,17:30,FF,215
14254,MSCH-C 250,LAB,CLOSED,,18,0,0,IN_PERSON,Finney M; Whitaker J,FR,11:10,12:25,FF,060
14256,MUS-J 700,LEC,OPEN,,25,19,0,IN_PERSON,Wroth S,TUTH,19:55,20:55,MC,309
14257,MUS-J 100,LEC,OPEN,,25,19,0,IN_PERSON,Wroth S,TUTH,19:55,20:55,MC,309
1426,EALC-E 700,LEC,OPEN,,5,5,0,,Vogt N,,,,ARR,
14261,MUS-Q 800,LEC,OPEN,,6,5,0,,Smith J,,,,ARR,
14263,BUS-F 307,LEC,OPEN,,40,4,0,IN_PERSON,Zhu J,WE,14:20,15:35,GY,1050
14264,BUS-F 307,LEC,CLOSED,,40,0,2,IN_PERSON,Zhu J,WE,12:45,14:00,HH,1050
14268,THTR-T 305,LEC,OPEN,,15,5,0,IN_PERSON,Sage R,WE,16:45,18:15,AD,A280
14269,BUS-F 519,LEC,OPEN,,45,2,0,IN_PERSON,Trzcinka C,MOWE,12:45,14:10,CG,1026
1427,EALC-G 901,LEC,OPEN,,10,9,0,,Vogt N,,,,ARR,
14270,BUS-F 303,LEC,CLOSED,,50,0,7,IN_PERSON,Maciocco A,TUTH,15:55,17:10,HH,3000
14275,EDUC-E 303,LEC,CLOSED,,35,0,0,,Aslam M,,,,WB,WEB
14276,EDUC-E 303,LEC,CLOSED,,35,0,0,,Aslam M,,,,WB,WEB
14278,MSCH-C 320,LEC,CLOSED,,25,0,11,IN_PERSON,Dewig S,MOWE,17:30,18:45,WB,WEB
14279,BUS-M 346,LEC,OPEN,,35,5,0,IN_PERSON,Lalwani A,MOWE,19:05,20:20,HH,2055
1428,EALC-H 399,LEC,OPEN,,10,10,0,,O'Bryan S,,,,ARR,
14284,EURO-W 500,LEC,OPEN,INTERMEDIATE IRISH I,5,3,0,IN_PERSON,Ni Mhuiri E,TUTH,14:20,15:35,GA,4024
14285,SOAD-S 600,LEC,OPEN,,10,1,0,IN_PERSON,Bailey J,MOWE,15:55,18:40,CO,100
14286,BUS-J 285,LEC,OPEN,,45,16,0,IN_PERSON,Josefy M,TUTH,08:00,09:15,HH,3057
14287,BUS-J 285,LEC,CLOSED,,45,0,0,IN_PERSON,Josefy M,TUTH,09:35,10:50,HH,3057
14288,BUS-J 285,LEC,CLOSED,,45,0,4,IN_PERSON,Josefy M,TUTH,11:10,12:25,HH,3057
14289,CHEM-C 100,LEC,OPEN,SUSTAINABILITY & ENVIRONMENT,90,3,0,IN_PERSON,Kumar P,TUTH,12:45,14:00,CH,001
1429,EALC-H 499,LEC,OPEN,,10,10,0,,O'Bryan S,,,,ARR,
14290,CHEM-C 100,DIS,OPEN,SUSTAINABILITY & ENVIRONMENT,30,3,0,IN_PERSON,Bravo Manzo M,TU,16:20,17:10,BH,346
14291,CHEM-C 100,DIS,CLOSED,SUSTAINABILITY & ENVIRONMENT,30,0,0,IN_PERSON,Bravo Manzo M,WE,16:20,17:10,BH,340
14293,ARTH-A 102,DIS,CLOSED,,25,0,1,IN_PERSON,,FR,12:45,13:35,SY,002
14294,ARTH-A 102,DIS,CLOSED,,25,0,0,IN_PERSON,,FR,13:55,14:45,LH,101
14295,ARTH-A 102,DIS,CLOSED,,25,0,0,IN_PERSON,,FR,15:10,16:00,SY,003
14299,BUS-T 375,LEC,CLOSED,,40,0,19,,Walton C,,,,WB,WEB
1430,EALC-J 101,LEC,OPEN,,25,7,0,IN_PERSON,Akiyama Y; Ueda S,TUTH,10:25,11:15,SY,002
14300,MUS-Z 210,LEC,OPEN,,55,1,1,IN_PERSON,Smith M,MOWE,15:55,17:10,SM,C141
14301,BUS-T 375,LEC,CLOSED,,40,0,18,,Walton C,,,,WB,WEB
14302,BUS-T 375,LEC,CLOSED,,40,0,19,,Walton C,,,,WB,WEB
14304,MUS-L 121,LEC,CLOSED,,10,0,0,,Jankovic P,,,,WB,WEB
14305,MUS-L 121,LEC,CLOSED,,10,0,1,,Jankovic P,,,,WB,WEB
14306,MUS-L 121,LEC,CLOSED,,10,0,1,IN_PERSON,Jankovic P,MOWE,15:10,16:00,SM,149C
14307,MUS-L 121,LEC,CLOSED,,10,0,0,IN_PERSON,Jankovic P,TUTH,15:10,16:00,MA,006
1431,EALC-J 101,LEC,OPEN,,33,7,0,IN_PERSON,Akiyama Y; Ueda S,TUTH,11:35,12:25,ED,1220
14315,MSCH-S 348,LEC,CLOSED,,75,0,7,IN_PERSON,Jamison-Koenig T,MOWE,11:10,12:25,TV,245
14317,MSCH-C 150,LEC,CLOSED,,25,0,1,IN_PERSON,Gillam M,FR,11:10,12:00,FF,210
1432,EALC-J 101,LEC,OPEN,,36,7,0,IN_PERSON,Akiyama Y; Ueda S,TUTH,09:10,10:00,WI,C111
14320,MSCH-J 414,LEC,OPEN,,18,8,0,IN_PERSON,French T,TUTH,09:35,10:50,FF,052
14322,MSCH-B 360,LEC,CLOSED,PROD LIVE REMOTE BROADCASTS,14,0,0,IN_PERSON,Andrei C,MO,15:55,18:20,FF,214
14324,EDUC-BC 336,LEC,OPEN,,20,1,0,IN_PERSON,Maufuriyah I; Shah P; Castner D; Chen L; Ray L,MO,11:10,13:40,ED,1225
14325,EDUC-BC 454,LEC,OPEN,,20,8,0,IN_PERSON,Kelsheimer J; Esarey K; Ray L; Scott J,MOWE,09:35,10:50,ED,3275
14326,EDUC-BD 451,LEC,CLOSED,,21,0,0,IN_PERSON,Carr C; Stewart K; Scott J,TU,14:20,16:50,ED,1230
14327,EDUC-BD 451,LEC,CLOSED,LITERACY INSTRUCT & ASSESS 1,20,0,0,IN_PERSON,Stewart K; Scott J; Larsen E,TU,08:00,11:45,HD,TBA
14328,EDUC-BD 451,LEC,OPEN,TCHG EXCEPTNL LEARNER-ELEM SCH,20,3,0,IN_PERSON,Stark C; Larsen E; Daley S,MO,17:30,20:00,ED,3275
1433,EALC-J 101,LEC,OPEN,,25,7,0,IN_PERSON,Akiyama Y; Ueda S,TUTH,10:25,11:15,SY,002
14331,EDUC-BD 451,LEC,CLOSED,LABORATORY-FIELD EXPERIENCE,22,0,0,IN_PERSON,Olkhova L; Thomson S; Loudermilk L,MO,11:10,13:40,ED,1204
14332,EDUC-BD 452,LEC,CLOSED,,18,0,6,IN_PERSON,Atiatorme E; Smith B; Truex-Root A,MOWE,09:35,10:50,ED,3015
14333,EDUC-BD 452,LEC,OPEN,LABORATORY/FIELD EXPERIENCE,18,5,0,IN_PERSON,Guinn A; Amoako Mensah J; Marsh A,MO,17:30,20:00,ED,3025
14336,EDUC-BD 453,LEC,OPEN,,19,1,0,IN_PERSON,Reardon S; Barton K; Marshall S; Beathea K,MOWE,11:35,15:50,HD,TBA
14337,EDUC-BD 453,LEC,CLOSED,LIT FOUNDATIONS: APP & ASSESS,21,0,0,IN_PERSON,Lee D; Stark C,MOWE,12:45,14:00,ED,3275
14338,EDUC-BD 453,LEC,CLOSED,LIT FOUNDATIONS: APP & ASSESS,19,0,1,IN_PERSON,Grant L; Burke A; Knepper S; Beathea K,MOWE,11:35,15:50,HD,TBA
14339,EDUC-BD 453,LEC,CLOSED,LIT FOUNDATIONS: APP & ASSESS,20,0,2,IN_PERSON,Burke A; Hazen K; Loudermilk L; Thomson S,TUTH,08:00,09:15,ED,3275
1434,EALC-J 101,LEC,OPEN,,33,7,0,IN_PERSON,Akiyama Y; Ueda S,TUTH,11:35,12:25,ED,1220
14341,EDUC-BK 343,LEC,OPEN,,16,2,0,IN_PERSON,Klinker S; Rich E; Markavage A; Loudermilk L; Panse N,MOWE,08:00,09:15,ED,2025
14342,SPEA-V 450,LEC,CLOSED,PROJECT MGMT & IMPLEMENTATION,40,0,4,IN_PERSON,Burgins R,TUTH,12:45,14:00,PV,163
14345,BUS-F 306,LEC,CLOSED,,60,0,8,IN_PERSON,Musumeci B,TUTH,11:10,12:25,WB,WEB
14346,MUS-Z 261,LEC,CLOSED,,20,0,0,IN_PERSON,Cueto D,MOWE,12:45,14:00,SM,267
14347,MUS-U 261,LEC,CLOSED,,20,0,0,IN_PERSON,Cueto D,MOWE,12:45,14:00,SM,267
1435,EALC-J 101,LEC,OPEN,,36,7,0,IN_PERSON,Akiyama Y; Ueda S,TUTH,09:10,10:00,WI,C111
14350,EDUC-Y 650,LEC,OPEN,VIS METHDLGS & ARTS-BASED RES,11,6,0,IN_PERSON,Vellanki V,TU,11:30,14:00,ED,3115
14352,POLS-X 471,LEC,OPEN,,5,5,0,,Barbour C,,,,ARR,
14356,SPEA-V 275,LEC,CLOSED,,45,0,8,IN_PERSON,Lucas S,MOWE,17:30,18:45,PV,A335
1436,EALC-J 201,DRL,OPEN,,14,1,0,IN_PERSON,Matsubara M,MOWEFR,12:45,13:35,BH,314
14360,ENG-L 646,DIS,CLOSED,,15,0,1,IN_PERSON,Pontacoloni M; Jewell G,MOWE,11:35,12:25,BH,016
14361,ENG-L 646,DIS,CLOSED,,15,0,0,IN_PERSON,Pontacoloni M; Tica Y,MOWE,13:55,14:45,LH,112
14365,SPH-Q 381,LEC,OPEN,,56,1,1,IN_PERSON,Lin W,MOWE,15:55,17:10,GA,1112
14368,DSCI-D 590,LEC,OPEN,INTRO TO PYTHON PROGRAMMING,55,54,0,,Kavousian S,,,,WB,WEB
14369,DSCI-D 590,LEC,OPEN,INTRO TO PYTHON PROGRAMMING,55,35,0,,Kavousian S,,,,WB,WEB
1437,EALC-J 201,DRL,CLOSED,,14,0,1,IN_PERSON,Matsubara M,MOWEFR,10:25,11:15,WH,109
14372,EDUC-F 203,LEC,OPEN,,30,29,0,IN_PERSON,Wilson S,TU,14:20,16:50,ED,0101
14373,EDUC-M 202,LEC,OPEN,,30,28,0,,Levell T,,,,WB,WEB
14374,SLHS-S 671,LEC,OPEN,,20,11,0,IN_PERSON,Bidelman G,TU,09:30,12:00,AH,C3053
1438,EALC-J 201,DRL,CLOSED,,14,0,0,IN_PERSON,Matsubara M,MOWEFR,13:55,14:45,BH,231
14385,BUS-X 540,LEC,OPEN,,40,8,0,,Stern E,,,,ARR,
14388,MUS-F 340,LEC,CLOSED,,12,0,0,IN_PERSON,Conjurske J,MOWE,12:45,13:35,SM,C113
14389,MUS-F 540,LEC,CLOSED,,12,0,0,IN_PERSON,Conjurske J,MOWE,12:45,13:35,SM,C113
1439,EALC-J 201,LEC,CLOSED,,32,0,0,IN_PERSON,Matsubara M,TUTH,09:10,10:00,WI,C109
14390,MUS-M 642,LEC,CLOSED,,8,0,0,IN_PERSON,Seraphinoff R,TUTH,09:35,11:05,JS,306
14391,EDUC-M 201,LEC,OPEN,LAB/FIELD EXP: ELEMENTARY,20,20,0,IN_PERSON,Chen L,TH,08:00,11:45,HD,TBA
14392,OVST-B 496,LEC,OPEN,,40,40,0,,Carty S,,,,ARR,
14393,OVST-B 496,LEC,OPEN,,40,40,0,,Carty S,,,,ARR,
14394,EDUC-J 799,LEC,CLOSED,,14,0,0,,Tavin K,,,,WB,WEB
14395,SPEA-V 386,LEC,CLOSED,,30,0,5,IN_PERSON,Desai S,MOWE,12:45,14:00,PV,A205
14396,SPEA-K 300,LEC,OPEN,,103,2,0,IN_PERSON,Wakhungu P,MOWE,17:30,18:45,BH,310
1440,EALC-J 201,DRL,OPEN,,14,1,0,IN_PERSON,Matsubara M,MOWEFR,12:45,13:35,BH,314
14400,BUS-R 300,LEC,CLOSED,,60,0,1,IN_PERSON,Cockerham C,MOWE,19:05,20:20,HH,2057
14401,BUS-F 305,LEC,CLOSED,,50,0,0,IN_PERSON,Zhao L,MOWE,19:05,20:20,HH,2006
14402,BUS-F 305,LEC,CLOSED,,50,0,0,IN_PERSON,Khoei S,MOWE,19:05,20:20,CG,2061
14403,SPCN-I 516,LEC,OPEN,,30,11,0,,Tuna E,,,,WB,WEB
14404,SPEA-M 652,LEC,CLOSED,,30,0,1,,Richardson Jr B,,,,WB,WEB
14405,SLHS-S 399,LEC,OPEN,,26,16,0,IN_PERSON,Gangopadhyay I,TU,08:00,09:00,MO,420
14407,SLHS-S 399,LEC,OPEN,,2,2,0,,Anderson J,,,,ARR,
14408,SLHS-S 399,LEC,OPEN,,2,1,0,,Bent T,,,,ARR,
14409,SLHS-S 399,LEC,OPEN,,2,1,0,,Bidelman G,,,,ARR,
1441,EALC-J 201,DRL,CLOSED,,14,0,0,IN_PERSON,Matsubara M,MOWEFR,10:25,11:15,WH,109
14410,SLHS-S 399,LEC,OPEN,,2,1,0,,Gangopadhyay I,,,,ARR,
14411,SLHS-S 399,LEC,OPEN,,2,2,0,,Gustafson S,,,,ARR,
14412,BUS-X 540,LEC,OPEN,,30,30,0,,Stern E; Handlos G,,,,ARR,
14418,SLHS-A 150,LEC,CLOSED,,22,0,6,IN_PERSON,,MOWE,12:45,14:00,LH,035
1442,EALC-J 201,DRL,CLOSED,,14,0,0,IN_PERSON,Matsubara M,MOWEFR,13:55,14:45,BH,231
14424,SLHS-S 399,LEC,OPEN,,2,1,0,,Lentz J,,,,ARR,
14425,SLHS-S 399,LEC,OPEN,,2,1,0,,Lulich S,,,,ARR,
14426,SLHS-S 399,LEC,CLOSED,,2,0,0,,Lynch E; Riffle T,,,,ARR,
14427,SLHS-S 399,LEC,OPEN,,2,1,0,,Mesa C,,,,ARR,
14428,SLHS-S 399,LEC,OPEN,,2,2,0,,Patel R,,,,ARR,
14429,SLHS-S 399,LEC,OPEN,,2,2,0,,Urbanski D,,,,ARR,
1443,EALC-J 301,LEC,OPEN,,36,6,2,IN_PERSON,Takeuchi J,TUTH,12:45,13:35,GA,0003
14430,SLHS-S 399,LEC,OPEN,,2,1,0,,Spencer C,,,,ARR,
14431,SLHS-S 399,LEC,OPEN,,2,1,0,,Stark B,,,,ARR,
14432,SLHS-X 490,LEC,OPEN,,26,26,0,,Bent T,,,,ARR,
14433,EALC-K 211,LEC,OPEN,,10,8,0,IN_PERSON,Lee H,WE,15:10,16:00,BH,333
14434,EALC-K 311,LEC,OPEN,,10,8,0,IN_PERSON,Lee J,FR,11:35,12:25,BH,123
14437,EALC-K 527,LEC,OPEN,,5,2,0,,Lee H,,,,ARR,
14438,EALC-K 598,LEC,OPEN,,5,4,0,,Lee H,,,,ARR,
1444,EALC-J 701,LEC,OPEN,,10,9,0,,Vogt N,,,,ARR,
14446,INFO-I 345,LEC,OPEN,,30,14,0,IN_PERSON,Clawson J,TUTH,14:20,15:35,IF,4063
14447,INFO-I 403,LEC,OPEN,,30,5,0,IN_PERSON,Clawson J,MOWE,14:20,15:35,IF,4063
14448,INFO-I 590,LEC,OPEN,MOBILE COMPUTING,30,5,0,IN_PERSON,Clawson J,MOWE,14:20,15:35,IF,4063
1445,EALC-J 801,LEC,OPEN,,10,10,0,,Vogt N,,,,ARR,
14451,SLHS-X 490,LEC,OPEN,,2,2,0,,Anderson J,,,,ARR,
14452,SLHS-X 490,LEC,OPEN,,2,2,0,,Bent T,,,,ARR,
14453,SLHS-X 490,LEC,OPEN,,2,2,0,,Bidelman G,,,,ARR,
14454,SLHS-X 490,LEC,OPEN,,2,2,0,,Gangopadhyay I,,,,ARR,
14455,SLHS-X 490,LEC,OPEN,,2,2,0,,Gustafson S,,,,ARR,
14456,SLHS-X 490,LEC,OPEN,,2,2,0,,Lentz J,,,,ARR,
14457,SLHS-X 490,LEC,OPEN,,2,2,0,,Lulich S,,,,ARR,
14458,SLHS-X 490,LEC,OPEN,,1,1,0,,Lynch E,,,,ARR,
14459,SLHS-X 490,LEC,OPEN,,2,2,0,,Mesa C,,,,ARR,
1446,EALC-K 101,LEC,OPEN,,28,7,0,IN_PERSON,Kim J,TUTH,13:55,14:45,RE,C110
14460,SLHS-X 490,LEC,OPEN,,2,2,0,,Patel R,,,,ARR,
14461,SLHS-X 490,LEC,OPEN,,2,2,0,,Riffle T,,,,ARR,
14462,SLHS-X 490,LEC,OPEN,,2,2,0,,Urbanski D,,,,ARR,
14463,SLHS-X 490,LEC,OPEN,,1,1,0,,Spencer C,,,,ARR,
14464,SLHS-X 490,LEC,OPEN,,2,2,0,,Stark B,,,,ARR,
14465,SLHS-X 498,RES,OPEN,,130,122,0,,Bent T,,,,ARR,
14466,SLHS-X 498,LEC,OPEN,,10,10,0,,Anderson J,,,,ARR,
14467,SLHS-X 498,LEC,OPEN,,10,7,0,,Bent T,,,,ARR,
14468,SLHS-X 498,LEC,OPEN,,10,9,0,,Bidelman G,,,,ARR,
14469,SLHS-X 498,LEC,OPEN,,10,10,0,,Gangopadhyay I,,,,ARR,
1447,EALC-K 101,DRL,CLOSED,,15,0,0,IN_PERSON,Kim J,MOWEFR,11:35,12:25,BH,331
14470,SLHS-X 498,LEC,OPEN,,10,9,0,,Gustafson S,,,,ARR,
14471,SLHS-X 498,LEC,OPEN,,10,9,0,,Lentz J,,,,ARR,
14472,SLHS-X 498,LEC,OPEN,,10,10,0,,Lulich S,,,,ARR,
14473,SLHS-X 498,LEC,OPEN,,10,10,0,,Lynch E,,,,ARR,
14474,SLHS-X 498,LEC,OPEN,,10,10,0,,Mesa C,,,,ARR,
14475,SLHS-X 498,LEC,OPEN,,10,10,0,,Patel R,,,,ARR,
14476,SLHS-X 498,LEC,OPEN,,10,10,0,,Riffle T; Lynch E,,,,ARR,
14477,SLHS-X 498,LEC,OPEN,,10,10,0,,Urbanski D,,,,ARR,
14478,SLHS-X 498,LEC,OPEN,,10,10,0,,Spencer C,,,,ARR,
14479,SLHS-X 498,LEC,OPEN,,10,8,0,,Stark B,,,,ARR,
1448,EALC-K 101,DRL,CLOSED,,15,0,0,IN_PERSON,Kim J,MOWEFR,10:25,11:15,BH,140
14485,POLS-Y 490,LEC,CLOSED,RACE AND AMERICAN POLITICS,22,0,2,IN_PERSON,Lienesch R,WE,15:55,18:25,WH,218
14489,BUS-X 630,LEC,OPEN,,20,5,0,IN_PERSON,Butters R,TU,12:45,15:15,CG,3046
1449,EALC-K 101,LEC,OPEN,,28,7,0,IN_PERSON,Kim J,TUTH,13:55,14:45,RE,C110
14498,HIST-K 498,LEC,OPEN,,20,19,0,,Hsia K,,,,ARR,
1450,EALC-K 101,DRL,CLOSED,,15,0,0,IN_PERSON,Kim J,MOWEFR,11:35,12:25,BH,331
14500,HIST-K 499,LEC,OPEN,,15,14,0,,Hsia K,,,,ARR,
14507,BUS-W 579,LEC,OPEN,DIMENSION IN LEADERSHIP,30,2,0,IN_PERSON,Guarana C,MOTUWETH,09:00,12:00,CG,1022
14508,INTL-I 340,LEC,CLOSED,,35,0,7,IN_PERSON,Hassoun N,TUTH,14:20,15:35,GA,1100
1451,EALC-K 101,DRL,CLOSED,,15,0,0,IN_PERSON,Kim J,MOWEFR,10:25,11:15,BH,140
14511,JSTU-H 200,LEC,OPEN,,12,2,0,IN_PERSON,Maoz-Levy M,MOWE,11:35,12:25,BH,105
14513,EDUC-G 355,LEC,OPEN,,28,4,0,IN_PERSON,Altintas-Atay O,TUTH,09:35,10:50,ED,1250
14515,MUS-T 134,LEC,OPEN,,50,11,0,IN_PERSON,Hannan C,TUTH,09:10,10:00,SM,015
14516,MUS-T 134,DRL,OPEN,,25,11,0,IN_PERSON,Hannan C,MOWE,09:10,10:00,MU,205
14517,INFO-I 590,LEC,OPEN,INTRO TO VIRTUAL REALITY,36,22,0,IN_PERSON,Wood B,MOWE,17:30,18:45,SB,015
14518,INFO-I 443,LEC,OPEN,,15,3,0,IN_PERSON,Wood B,MOWE,11:10,12:25,IF,4063
14519,EDUC-G 355,LEC,OPEN,,20,10,0,,Stipe R,,,,WB,WEB
1452,EALC-K 301,DRL,OPEN,,14,9,0,IN_PERSON,Jeong W,MOWEFR,11:35,12:25,EP,256
14522,EDUC-Y 520,LEC,CLOSED,,20,0,1,,Paulsen J,,,,WB,WEB
14523,BUS-W 506,LEC,CLOSED,,30,0,1,IN_PERSON,Kuratko D,MOWE,14:25,15:50,CG,3046
14533,PSY-P 411,LEC,CLOSED,,25,0,2,IN_PERSON,Trask S,MOWE,12:45,14:00,PY,111
14535,JSTU-H 503,LEC,OPEN,,12,2,0,IN_PERSON,Maoz-Levy M,MOWE,11:35,12:25,BH,105
14536,ENGR-E 399,LEC,OPEN,BUILD CLINIC,30,18,0,IN_PERSON,Himebaugh B,TUTH,08:00,09:15,IF,4010
14537,ENGR-E 599,LEC,OPEN,BUILD CLINIC,30,18,0,IN_PERSON,Himebaugh B,TUTH,08:00,09:15,IF,4010
14538,ENGR-E 599,LEC,OPEN,OPTICS AND IMAGING,26,22,0,IN_PERSON,Leung H,MOWE,09:35,10:50,IF,4012
14539,ENGR-E 399,LEC,OPEN,OPTICS AND IMAGING,26,22,0,IN_PERSON,Leung H,MOWE,09:35,10:50,IF,4012
1454,ECON-E 327,LEC,OPEN,,45,4,0,IN_PERSON,Torrens G,MOWE,09:35,10:50,BH,208
14544,SPEA-F 667,LEC,OPEN,,13,6,0,IN_PERSON,Johnson C,TUTH,12:45,14:00,PV,A203
14549,MSCH-A 450,LEC,CLOSED,,18,0,3,IN_PERSON,Cole C,TUTH,11:10,12:25,WB,WEB
1455,ECON-E 370,LEC,CLOSED,,35,0,2,IN_PERSON,Woo S,TUTH,14:20,15:35,BH,242
14550,GEOG-G 338,LEC,OPEN,,25,2,0,IN_PERSON,He Y,MOWE,12:45,14:00,SB,221
14551,GEOG-G 538,LEC,OPEN,,10,5,0,IN_PERSON,He Y,MOWE,12:45,14:00,SB,221
14552,SPH-I 190,LEC,OPEN,,12,1,0,IN_PERSON,Cobb E,FR,08:45,10:25,WB,WEB
14553,SPH-I 190,LEC,OPEN,,12,1,0,IN_PERSON,Nicolas L,FR,11:35,13:15,WB,WEB
14554,GEOG-G 208,LEC,CLOSED,,60,0,52,IN_PERSON,Shattuck A,TUTH,14:20,15:35,PV,277
14556,ENGR-E 399,LEC,OPEN,BUILD CLINIC,30,18,0,IN_PERSON,Himebaugh B,TUTH,08:00,09:15,IF,4010
14557,ENGR-E 599,LEC,OPEN,BUILD CLINIC,30,18,0,IN_PERSON,Himebaugh B,TUTH,08:00,09:15,IF,4010
14558,CSCI-A 581,LEC,OPEN,,5,5,0,IN_PERSON,Hmeljak M,MOWE,15:55,17:10,BH,310
14559,CSCI-A 581,LAB,OPEN,,5,5,0,IN_PERSON,Dalkilic M,FR,16:20,18:15,I,109
1456,ECON-E 499,LEC,OPEN,,7,4,0,,Lugovskyy V,,,,ARR,
14566,INFO-I 590,LEC,OPEN,BUILDING VIRTUAL WORLDS,15,6,0,IN_PERSON,Wood B,MOWE,11:10,12:25,IF,4063
14568,AFRI-X 491,LEC,OPEN,,5,5,0,,Ajibade M,,,,ARR,
14569,LAW-B 504,LEC,CLOSED,FUNDAMENTALS US LEGAL SYSTEM,13,0,0,IN_PERSON,Goodwin G,TUTH,16:30,17:55,LW,222
1457,ECON-E 520,LEC,OPEN,,30,13,0,IN_PERSON,Kaganovich M,MOWE,09:35,12:05,WY,329
14570,ILS-Z 505,LEC,OPEN,,20,5,0,IN_PERSON,Asher A,TU,12:45,15:10,SY,137
1458,ECON-E 521,LEC,OPEN,,26,10,0,IN_PERSON,Torrens G,MOWE,14:20,15:35,WY,329
14584,MUS-R 410,LEC,CLOSED,,12,0,0,,Shell M,,,,ARR,
14585,MUS-R 610,LEC,CLOSED,,12,0,0,,Shell M,,,,ARR,
14587,BUS-A 310,LEC,CLOSED,,52,0,32,IN_PERSON,Mathis J,MOWE,12:45,14:00,HH,2046
14588,BUS-A 310,LEC,CLOSED,,52,0,27,IN_PERSON,Mathis J,MOWE,14:20,15:35,HH,2046
1459,ECON-E 522,LEC,OPEN,,26,11,0,IN_PERSON,Xie Y,MOWE,12:45,14:00,WY,329
14590,NEUS-N 800,LEC,OPEN,,5,5,0,,Hurley L,,,,ARR,
14593,MSCH-P 344,LEC,CLOSED,,16,0,1,IN_PERSON,Bruker M,MOWE,15:55,17:10,TV,180
14594,MSCH-F 392,LEC,OPEN,HIST OF AFR AMER IMGS IN FILM,18,2,0,IN_PERSON,Lawrence W,TH,14:20,17:50,LI,044B
14595,INFO-I 123,LEC,CLOSED,,60,0,0,IN_PERSON,Kitsak M,TUTH,12:45,14:00,GA,1128
14596,INFO-I 123,LEC,OPEN,,60,27,0,IN_PERSON,Hayes A,MOWE,15:55,17:10,IF,0117
1460,ECON-E 571,LEC,OPEN,,30,14,0,IN_PERSON,Park J,MOWE,08:00,09:15,WY,329
14600,CSCI-P 538,LEC,OPEN,,60,45,0,IN_PERSON,Chen F,MOWE,11:10,12:25,GA,1118
14602,LTAM-L 326,LEC,OPEN,SOLIDARITY ECON IN LTN AMERICA,10,8,0,IN_PERSON,Basile P,TUTH,15:55,17:10,SB,005
14603,LTAM-L 526,LEC,OPEN,SOLIDARITY ECON IN LTN AMERICA,5,5,0,IN_PERSON,Basile P,TUTH,15:55,17:10,SB,005
14605,MUS-V 410,LEC,OPEN,,12,6,0,,Maverick J,,,,ARR,
14608,MELC-M 810,LEC,OPEN,,20,19,0,,Alsaleh A,,,,ARR,
14609,SPEA-V 374,LEC,CLOSED,,62,0,0,IN_PERSON,Moldogaziev T,TUTH,08:00,09:15,PV,276
14610,SPH-V 598,LEC,OPEN,,1,1,0,,Greaves J,,,,HD,TBA
14612,SPH-I 190,LEC,OPEN,,12,2,0,IN_PERSON,DeCastro V,MOWE,10:25,11:15,WB,WEB
14613,SPH-I 190,LEC,CLOSED,,12,0,0,IN_PERSON,Taylor S,TUTH,11:35,12:25,WB,WEB
14614,SPH-I 190,LEC,CLOSED,,12,0,0,IN_PERSON,Cobb E,TUTH,12:45,13:35,WB,WEB
14615,SPH-Q 699,LEC,OPEN,,10,10,0,,Zoh R,,,,ARR,
14616,THTR-T 117,LEC,OPEN,,20,6,0,IN_PERSON,Foley S,TUTH,13:00,14:30,TH,A200
14617,ENGR-E 221,LAB,OPEN,,32,27,0,IN_PERSON,Anousheh N,FR,08:00,09:15,IF,4063
14619,BUS-X 419,LEC,OPEN,,21,1,0,IN_PERSON,Telthorst G,TU,18:15,21:15,CG,1040
1462,ECON-E 800,LEC,OPEN,,25,23,0,,Lugovskyy V,,,,ARR,
14622,LATS-L 111,LEC,CLOSED,,24,0,0,IN_PERSON,Nieto-Phillips J,TUTH,12:45,14:00,LI,048
14623,EDUC-M 200,LEC,CLOSED,,22,0,4,,Rekas C,,,,WB,WEB
14624,EDUC-M 200,LEC,CLOSED,,22,0,3,,Carter S,,,,WB,WEB
14626,BUS-A 304,DIS,CLOSED,,32,0,31,IN_PERSON,Josefy B; Byun I,TH,15:55,17:10,HH,3034
14627,BUS-A 304,DIS,CLOSED,,32,0,14,IN_PERSON,Josefy B; Byun I,TH,17:30,18:45,HH,3034
14628,BUS-A 304,DIS,OPEN,,32,1,3,IN_PERSON,Josefy B; Byun I,TH,19:05,20:20,HH,3034
14629,CMLT-C 318,LEC,CLOSED,,27,0,0,IN_PERSON,Potapowicz I,TUTH,12:45,14:00,SB,138
1463,ECON-E 808,LEC,OPEN,,5,5,0,,Lugovskyy V,,,,ARR,
14630,ENGR-E 201,LEC,OPEN,,30,19,0,IN_PERSON,Swany M,TUTH,09:35,10:50,GY,1050
14631,ENGR-E 201,LAB,OPEN,,15,9,0,IN_PERSON,Swany M,FR,08:00,09:15,IF,4111
14632,CSCI-C 335,LEC,OPEN,,30,15,1,IN_PERSON,Swany M,TUTH,09:35,10:50,GY,1050
14633,CSCI-C 335,LAB,CLOSED,,13,0,1,IN_PERSON,Swany M,FR,08:00,09:15,IF,4111
14635,CSCI-A 593,LEC,CLOSED,,0,0,0,IN_PERSON,Swany M,TUTH,09:35,10:50,GY,1050
14636,CSCI-A 593,LAB,OPEN,,2,2,0,IN_PERSON,Swany M,FR,08:00,09:15,IF,4111
14639,MSCH-C 251,LEC,OPEN,,18,3,0,IN_PERSON,Meisinger J,MOWE,11:10,12:25,FF,052
1464,ECON-E 809,LEC,OPEN,,100,77,0,,Lugovskyy V,,,,ARR,
14640,HIST-J 300,LEC,OPEN,DEBATING GROWTH & DEGROWTH,20,3,7,IN_PERSON,Bruno A,TH,16:20,18:50,GY,4069
14643,SGIS-S 150,LEC,OPEN,,64,1,0,IN_PERSON,Lotven S,FR,09:10,10:00,GA,1118
14644,SGIS-S 150,LEC,OPEN,,60,4,0,IN_PERSON,Lotven S,FR,15:10,16:00,GA,1112
14645,SGIS-S 500,LEC,OPEN,INNOVATION FOR IMPACT,60,7,0,IN_PERSON,Nti Asare I; Wild D,MO,18:40,20:40,GA,1122
14647,SGIS-X 573,LEC,OPEN,,15,9,0,,Nti Asare I,,,,ARR,
14648,SGIS-S 202,LEC,CLOSED,,85,0,0,IN_PERSON,Nti Asare I,TUTH,15:55,17:10,SB,150
14649,SPH-H 662,LEC,OPEN,,10,5,0,IN_PERSON,Barnes P,MOWE,11:10,12:25,HD,TBA
1465,ECON-E 810,LEC,OPEN,,5,5,0,,Lugovskyy V,,,,ARR,
14650,SPH-H 360,LEC,CLOSED,,40,0,2,,Tisone C,,,,WB,WEB
14651,FYS-F 100,LEC,CLOSED,,25,0,0,IN_PERSON,Nemes P,MOWE,11:35,12:25,SW,221
14652,EURO-G 200,LEC,OPEN,,5,3,0,IN_PERSON,Ni Mhuiri E,TUTH,14:20,15:35,GA,4024
14656,EALC-E 204,LEC,CLOSED,SECURITY FLASHPOINTS E ASIA,0,0,0,IN_PERSON,Liff A,MOWE,15:55,17:10,GA,1122
14659,SPH-B 250,LEC,CLOSED,,80,0,20,,Cooperman E,,,,WB,WEB
1466,ECON-E 824,LEC,OPEN,,10,10,0,,Lugovskyy V,,,,ARR,
14661,INFO-T 110,LEC,CLOSED,,38,0,0,IN_PERSON,Lee T,TUTH,11:10,12:25,FF,310
14662,EDUC-G 563,LEC,OPEN,,20,3,0,,Richter J,,,,WB,WEB
14665,MATH-M 124,LEC,OPEN,,30,5,0,IN_PERSON,Edwards A; Feggeler N,MOTUWETH,11:35,12:25,SW,208
14666,MATH-M 124,LEC,OPEN,,30,2,0,IN_PERSON,Edwards A; Sarma A,MOTUWETH,12:45,13:35,SE,010
14668,MATH-M 124,LEC,OPEN,,30,21,0,IN_PERSON,Edwards A; Aslan I,MOTUWETH,13:55,14:45,BH,340
14669,MATH-M 124,LEC,OPEN,,30,19,0,IN_PERSON,Edwards A; Watkins P,MOTUWETH,10:25,11:15,M2,100
1467,ECON-E 830,LEC,OPEN,,10,10,0,,Lugovskyy V,,,,ARR,
14670,MATH-M 124,LEC,OPEN,,30,15,0,IN_PERSON,Edwards A; Sarma A,MOTUWETH,12:45,13:35,SE,010
14671,MATH-M 124,LEC,OPEN,,30,21,0,IN_PERSON,Edwards A; Feggeler N,MOTUWETH,10:25,11:15,M2,100
14673,MATH-M 124,LEC,OPEN,,30,21,0,IN_PERSON,Edwards A; Aslan I,MOTUWETH,13:55,14:45,BH,340
14674,MATH-M 125,LEC,OPEN,,30,17,0,IN_PERSON,Yuan C; Mathur T,MOWEFR,10:25,11:15,LH,004
14675,MATH-M 125,LEC,OPEN,,30,6,0,IN_PERSON,Yuan C; Duckworth S,MOWEFR,12:45,13:35,BH,242
14679,EDUC-M 235,LEC,CLOSED,,18,0,0,IN_PERSON,Kandole R,TUTH,12:45,14:00,ED,3125
1468,ECON-E 840,LEC,OPEN,,5,5,0,,Lugovskyy V,,,,ARR,
14680,CEUS-T 493,LEC,OPEN,POST-ADVANCED PERSIAN,4,4,0,IN_PERSON,Nematollahi N,TUTH,09:00,10:15,WB,WEB
14681,CEUS-T 493,LEC,OPEN,POST-ADVANCED PERSIAN,2,2,0,IN_PERSON,Nematollahi N,TUTH,09:00,10:15,WB,WEB
14682,CEUS-T 493,LEC,OPEN,POST-ADVANCED PERSIAN,2,2,0,IN_PERSON,Nematollahi N,TUTH,09:00,10:15,WB,WEB
14683,CEUS-T 798,LEC,OPEN,POST ADVANCED PERSIAN,4,4,0,IN_PERSON,Nematollahi N,TUTH,09:00,10:15,WB,WEB
14684,CEUS-T 798,LEC,OPEN,POST ADVANCED PERSIAN,2,2,0,IN_PERSON,Nematollahi N,TUTH,09:00,10:15,WB,WEB
14685,CEUS-T 798,LEC,OPEN,POST ADVANCED PERSIAN,2,2,0,IN_PERSON,Nematollahi N,TUTH,09:00,10:15,WB,WEB
14686,EALC-J 110,LEC,CLOSED,,20,0,0,IN_PERSON,Chen B,TUTH,15:55,17:10,BH,312
14688,SPEA-V 379,LEC,CLOSED,,45,0,2,IN_PERSON,Occhino M,TUTH,08:00,09:15,PV,A221
14689,EDUC-C 750,LEC,OPEN,CURRICULUM IN HIGHER EDUCATION,19,4,0,IN_PERSON,Palmer M,FR,12:45,15:30,ED,2275
1469,ECON-E 850,LEC,OPEN,,5,5,0,,Lugovskyy V,,,,ARR,
14690,BIOL-L 311,DIS,OPEN,,22,1,0,IN_PERSON,Forrester W,MO,15:10,16:00,BH,214
14691,BIOL-L 311,DIS,CLOSED,,22,0,3,IN_PERSON,Forrester W,TU,12:45,13:35,JH,A105
14694,INFO-I 430,LAB,CLOSED,,25,0,1,IN_PERSON,Zhang H,TH,14:20,15:35,IF,3115
14695,CSCI-B 430,LAB,CLOSED,,25,0,1,IN_PERSON,Zhang H,TH,14:20,15:35,IF,3115
14697,SOC-S 101,LEC,CLOSED,"GOOD JOBS, BAD JOBS, NO JOBS",170,0,15,,Cha Y,,,,WB,WEB
1470,ECON-E 860,LEC,OPEN,,5,5,0,,Lugovskyy V,,,,ARR,
14700,CMLT-C 317,LEC,CLOSED,,30,0,0,IN_PERSON,Johnson J,TUTH,11:10,12:25,SE,240
14701,COGS-Q 799,LEC,CLOSED,,0,0,0,,Bingham G,,,,ARR,
14702,COGS-Q 799,LEC,CLOSED,,1,0,0,,Weaver A,,,,ARR,
14703,COGS-Q 899,LEC,OPEN,,3,3,0,,Beer R,,,,ARR,
14704,COGS-Q 899,LEC,CLOSED,,0,0,0,,Bingham G,,,,ARR,
14705,COGS-Q 899,LEC,CLOSED,,0,0,0,,Bollen J,,,,ARR,
14706,BUS-J 501,LEC,OPEN,,30,2,0,IN_PERSON,Eibling D,MOWE,09:25,10:50,CG,3046
14707,BUS-Z 504,LEC,OPEN,,30,2,0,IN_PERSON,DeShano M,MOWEFR,09:00,12:00,CG,2077
1471,ECON-E 870,LEC,OPEN,,5,5,0,,Lugovskyy V,,,,ARR,
14713,VSCI-V 785,LEC,OPEN,,10,10,0,IN_PERSON,Cheng C,TU,13:00,16:00,OP,202
14714,OVST-R 498,LEC,OPEN,,15,15,0,,Carty S,,,,ARR,
14716,SPEA-V 401,LEC,CLOSED,,45,0,16,IN_PERSON,Hsu A,TUTH,14:20,15:35,PV,A201
14717,SPEA-V 236,LEC,CLOSED,,35,0,4,IN_PERSON,Packowski J,TUTH,14:20,15:35,PV,163
1472,ECON-E 880,LEC,OPEN,,5,5,0,,Lugovskyy V,,,,ARR,
14723,SPEA-V 184,LEC,CLOSED,,64,0,4,IN_PERSON,Hansen R,TUTH,17:30,18:45,PV,274
14724,HHC-H 101,LEC,CLOSED,,24,0,1,IN_PERSON,Graham P,TH,15:55,17:10,HU,108
14725,REEI-R 300,LEC,OPEN,SECURITY ISSUES IN EUROPE,35,1,0,IN_PERSON,Zajac J,MOWE,09:35,10:50,BH,343
14726,INTL-I 310,LEC,CLOSED,US INTELLIGENCE/STATECRAFT,36,0,1,IN_PERSON,Constantino Z,TUTH,15:55,17:10,WH,002
14727,EDUC-M 301,LEC,CLOSED,LAB/FIELD: TEACH MUSIC,2,0,1,,Gault B,,,,ARR,
14728,MSCH-A 250,LEC,CLOSED,,125,0,54,IN_PERSON,Glennon J,TUTH,09:35,10:50,TV,251
14729,MATH-M 343,LEC,OPEN,,35,8,0,IN_PERSON,Ramadoss A,TUTH,12:45,14:00,WH,005
1473,ECON-E 890,LEC,OPEN,,5,5,0,,Lugovskyy V,,,,ARR,
14730,BUS-X 155,LEC,OPEN,PATHWAYS TO CAREERS IN BUS,2000,601,0,,Sperry M,,,,WB,WEB
14731,EDUC-X 152,LEC,OPEN,MAKING MAJOR DECISIONS,19,1,0,IN_PERSON,Donarski B,TUTH,12:45,14:00,AC,C116
14732,EDUC-X 152,LEC,OPEN,MAKING MAJOR DECISIONS,19,1,0,IN_PERSON,Van Lue D,MOWE,11:10,12:25,AC,C116
14733,EDUC-X 152,LEC,OPEN,MAKING MAJOR DECISIONS,19,4,0,IN_PERSON,Donarski B,TUTH,12:45,14:00,AC,C116
14734,EDUC-X 152,LEC,CLOSED,MAKING MAJOR DECISIONS,19,0,0,IN_PERSON,Gerber R,MOWE,11:10,12:25,AC,C116
14737,MUS-I 301,LEC,OPEN,FLUTE,45,14,0,IN_PERSON,Chiu P; Choi J; Robertello T,TU,19:00,20:30,SM,C141
14738,MUS-I 501,LEC,OPEN,FLUTE,45,14,0,IN_PERSON,Chiu P; Choi J; Robertello T,TU,19:00,20:30,SM,C141
14739,BUS-S 600,LEC,OPEN,,10,5,0,IN_PERSON,Kim A,MOTUWETH,09:00,11:30,HH,4103
1474,ECON-G 901,LEC,OPEN,,60,35,0,,Lugovskyy V,,,,ARR,
14740,COGS-Q 799,LEC,OPEN,,5,5,0,,Busey T,,,,ARR,
14741,COGS-Q 799,LEC,OPEN,,3,2,0,,Cartmill E,,,,ARR,
14744,COGS-Q 899,LEC,OPEN,,5,5,0,,Busey T,,,,ARR,
14745,COGS-Q 899,LEC,OPEN,,1,1,0,,Cartmill E,,,,ARR,
14746,COGS-Q 899,LEC,OPEN,,1,1,0,,Favela L,,,,ARR,
14747,COGS-Q 899,LEC,OPEN,,3,3,0,,Foster J,,,,ARR,
14748,COGS-Q 899,LEC,OPEN,,2,2,0,,Goldman A,,,,ARR,
14749,COGS-Q 899,LEC,CLOSED,,0,0,0,,Hofstadter D,,,,ARR,
1475,ECON-X 373,LEC,OPEN,,25,25,0,,Lugovskyy V,,,,ARR,
14750,COGS-Q 899,LEC,OPEN,,1,1,0,,Lorenzo-Luaces L,,,,ARR,
14751,COGS-Q 899,LEC,OPEN,,1,1,0,,Moss L,,,,ARR,
14752,COGS-Q 899,LEC,OPEN,,1,1,0,,Motz B,,,,ARR,
14753,COGS-Q 899,LEC,CLOSED,,0,0,0,,,,,,ARR,
14754,COGS-Q 899,LEC,OPEN,,1,1,0,,Nozari B,,,,ARR,
14755,COGS-Q 899,LEC,CLOSED,,0,0,0,,Jones M,,,,ARR,
14756,COGS-Q 899,LEC,OPEN,,2,2,0,,Pleskac T,,,,ARR,
14757,COGS-Q 899,LEC,OPEN,,1,1,0,,Sabanovic S,,,,ARR,
14758,COGS-Q 899,LEC,OPEN,,1,1,0,,Schoenemann P,,,,ARR,
14759,COGS-Q 899,LEC,OPEN,,3,3,0,,Todd P,,,,ARR,
1476,EDUC-C 675,LEC,OPEN,,10,5,0,,Walton A,,,,ARR,
14760,COGS-Q 899,LEC,OPEN,,3,3,0,,Trueblood J,,,,ARR,
14761,COGS-Q 899,LEC,OPEN,,1,1,0,,Shiffrin R,,,,ARR,
14763,EDUC-M 200,LEC,CLOSED,,22,0,1,,Davis-Soylu H,,,,WB,WEB
14764,EDUC-M 200,LEC,CLOSED,,22,0,2,,Weltsek G,,,,WB,WEB
14767,COGS-Q 799,LEC,OPEN,,3,3,0,,Foster J,,,,ARR,
14768,COGS-Q 799,LEC,OPEN,,2,1,0,,Goldman A,,,,ARR,
14769,COGS-Q 799,LEC,CLOSED,,1,0,0,,Lorenzo-Luaces L,,,,ARR,
1477,EDUC-C 747,LEC,OPEN,,5,5,0,,Walton A,,,,ARR,
14770,COGS-Q 799,LEC,CLOSED,,0,0,0,,,,,,ARR,
14771,COGS-Q 799,LEC,OPEN,,1,1,0,,Motz B,,,,ARR,
14772,COGS-Q 799,LEC,OPEN,,1,1,0,,Nozari B,,,,ARR,
14773,COGS-Q 799,LEC,OPEN,,2,1,0,,Pleskac T,,,,ARR,
14774,COGS-Q 799,LEC,OPEN,,1,1,0,,Sabanovic S,,,,ARR,
14775,COGS-Q 799,LEC,OPEN,,1,1,0,,Schoenemann P,,,,ARR,
14776,COGS-Q 799,LEC,OPEN,,3,1,0,,Todd P,,,,ARR,
14777,COGS-Q 799,LEC,OPEN,,2,2,0,,Trueblood J,,,,ARR,
14778,COGS-Q 799,LEC,OPEN,,1,1,0,,Shiffrin R,,,,ARR,
1478,EDUC-C 760,LEC,OPEN,,5,4,0,,Walton A,,,,ARR,
14780,EALC-E 336,LEC,CLOSED,,37,0,1,IN_PERSON,Luo M,TUTH,14:20,15:35,M2,100
14781,EALC-E 505,LEC,CLOSED,"GHOSTS, IMMORTALS, ANIMAL SPIR",37,0,0,IN_PERSON,Luo M,TUTH,14:20,15:35,M2,100
14785,BUS-K 204,LEC,CLOSED,,30,0,0,IN_PERSON,Banks K,MOWE,08:00,09:15,MN,C018
14786,BUS-K 204,LEC,CLOSED,,30,0,0,IN_PERSON,Colon C,MOWE,14:20,15:35,MN,C018
14787,BUS-K 204,LEC,CLOSED,,30,0,0,IN_PERSON,Banks K,MOWE,09:35,10:50,MN,C018
14788,PSY-P 895,LEC,OPEN,,5,3,0,,Tang W,,,,ARR,
14789,PSY-P 895,LEC,OPEN,,5,4,0,,Trask S,,,,ARR,
1479,EDUC-C 790,LEC,OPEN,,10,9,0,,Walton A,,,,ARR,
14790,BUS-C 106,LEC,CLOSED,,30,0,0,IN_PERSON,Landis T,MOWE,12:45,14:00,CG,0001
14791,BUS-C 106,LEC,CLOSED,,30,0,0,IN_PERSON,Land P,TUTH,11:10,12:25,HH,3016
14792,BUS-C 106,LEC,CLOSED,,30,0,1,IN_PERSON,Wisher D,MOWE,08:00,09:15,HH,4075
14793,BUS-C 106,LEC,CLOSED,,30,0,0,IN_PERSON,Deeds A,TUTH,08:00,09:15,HH,3022
14795,FYS-F 100,LEC,OPEN,,25,4,0,IN_PERSON,Giacomino L,TUTH,10:25,11:15,SY,0009
1480,EDUC-C 799,LEC,OPEN,,80,64,0,,Walton A,,,,ARR,
14803,FYS-F 100,LEC,OPEN,,25,1,0,IN_PERSON,Clawson J,TUTH,11:35,12:25,SW,219
14805,FYS-F 100,LEC,OPEN,,25,10,0,IN_PERSON,Huntoon A,TUTH,10:25,11:15,SW,221
14809,FYS-F 100,LEC,OPEN,,25,9,0,IN_PERSON,Bao Y,TUTH,11:35,12:25,BH,133
1481,EDUC-E 300,LEC,CLOSED,,21,0,2,IN_PERSON,Bienz M,TUTH,09:35,10:50,ED,3125
1482,EDUC-E 300,LEC,CLOSED,,21,0,2,IN_PERSON,Paulson A,MOWE,12:45,14:00,ED,1250
14820,FYS-F 100,LEC,OPEN,,25,8,0,IN_PERSON,Madsen L,TUTH,11:35,12:25,SB,131
14823,FYS-F 100,LEC,OPEN,,25,1,0,IN_PERSON,Dayton K,TUTH,13:55,14:45,SW,217
14826,FYS-F 100,LEC,OPEN,,25,7,0,IN_PERSON,Kelly D,TUTH,12:45,13:35,SB,231
1483,EDUC-E 300,LEC,CLOSED,,21,0,2,IN_PERSON,Martin A,MOWE,09:35,10:50,ED,2275
14832,FYS-F 100,LEC,OPEN,,25,5,0,IN_PERSON,Donaldson D,TUTH,17:30,18:20,LH,101
14837,FYS-F 100,LEC,OPEN,,25,12,0,IN_PERSON,Bunger A,TUTH,12:45,13:35,SW,218
1484,EDUC-E 325,LEC,OPEN,,19,19,0,IN_PERSON,Barton K,TUTH,11:10,12:25,ED,3275
14845,FYS-F 100,LEC,CLOSED,,25,0,0,IN_PERSON,Gahimer H,MOWE,12:45,13:35,LH,101
14846,FYS-F 100,LEC,OPEN,,25,12,0,IN_PERSON,Morris R,MOWE,08:00,08:50,SB,138
14849,FYS-F 100,LEC,CLOSED,,25,0,0,IN_PERSON,Frey G,MOWE,09:10,10:00,LH,135
1485,EDUC-G 203,LEC,OPEN,,28,1,0,IN_PERSON,White B,MOWE,09:35,10:50,ED,1250
14852,FYS-F 100,LEC,OPEN,,25,4,0,IN_PERSON,Behar E,MOWE,15:10,16:00,SW,221
14859,FYS-F 100,LEC,OPEN,,25,6,0,IN_PERSON,Allsop J,MOWE,12:45,13:35,LH,125
1486,EDUC-G 203,LEC,CLOSED,,28,0,0,IN_PERSON,Wolf J,TUTH,11:10,12:25,ED,0101
14863,FYS-F 100,LEC,OPEN,,25,11,0,IN_PERSON,Burghardt B,MOWE,09:10,10:00,LH,125
14864,FYS-F 100,LEC,OPEN,,25,10,0,IN_PERSON,Mejias G,MOWE,16:20,17:10,SB,231
14867,FYS-F 100,LEC,OPEN,,25,7,0,IN_PERSON,Kousaleos N,MOWE,12:45,13:35,LH,135
1487,EDUC-G 203,LEC,OPEN,,28,18,0,IN_PERSON,Gately R,TUTH,17:30,18:45,ED,1210
14870,FYS-F 100,LEC,OPEN,,25,7,0,IN_PERSON,Davis J,MOWE,12:45,13:35,LH,025
14872,FYS-F 100,LEC,OPEN,,25,2,0,IN_PERSON,Nussbaum K,MOWE,11:35,12:25,LH,135
14874,REEI-R 301,LEC,OPEN,"PEACEBUILDING, DVLPMT: C & E EUR",30,23,0,IN_PERSON,Humenna O,TUTH,12:45,14:00,BH,208
14876,REEI-R 500,LEC,OPEN,"PEACEBUILDING, DVLPMT: C & E EUR",30,23,0,IN_PERSON,Humenna O,TUTH,12:45,14:00,BH,208
14879,CHEM-C 634,LEC,OPEN,,15,3,0,IN_PERSON,Smith J; Babu Choran S,MOWE,12:45,14:00,CX,A400
1488,EDUC-G 502,LEC,CLOSED,,18,0,0,IN_PERSON,Davis C,TU,11:10,13:40,ED,1210
14883,HIST-W 201,LEC,CLOSED,,20,0,0,IN_PERSON,Machado P,MOWE,15:10,17:40,SY,002
14884,MSCH-J 804,LEC,OPEN,,10,10,0,,Peifer J,,,,ARR,
14886,SPH-K 492,LEC,OPEN,,30,29,0,,Mickleborough T,,,,ARR,
14887,SPH-K 492,LEC,OPEN,,30,30,0,,Robinson A,,,,ARR,
14888,BUS-F 412,LEC,OPEN,,48,10,0,IN_PERSON,Crigler E,MOWE,15:55,17:10,HH,3055
14889,ECON-E 331,LEC,CLOSED,,60,0,19,IN_PERSON,Lugovskyy V,MOWE,14:20,15:35,BH,003
1489,EDUC-G 563,LEC,OPEN,,30,11,0,IN_PERSON,Richter J,TU,17:30,20:00,ED,1225
14890,HIST-J 300,LEC,OPEN,LEGACIES OF WWI IN EUROPE,20,3,5,IN_PERSON,Roos J,WE,09:10,11:40,BH,236
14892,MUS-I 301,LEC,OPEN,ORGAN COLLOQUIUM,20,7,0,IN_PERSON,Smith J,WE,12:20,14:00,HD,TBA
14894,MUS-I 501,LEC,OPEN,ORGAN COLLOQUIUM,20,7,0,IN_PERSON,Smith J,WE,12:20,14:00,HD,TBA
14895,MUS-C 411,LEC,OPEN,,15,9,0,IN_PERSON,Smith J,MOWE,09:10,10:00,MA,407
14896,MUS-C 511,LEC,OPEN,,15,9,0,IN_PERSON,Smith J,MOWE,09:10,10:00,MA,407
14897,MUS-M 407,LEC,OPEN,,15,12,0,IN_PERSON,Smith J; Stamey S,MO,16:20,18:00,MA,406
14898,MUS-M 507,LEC,OPEN,,15,12,0,IN_PERSON,Smith J; Stamey S,MO,16:20,18:00,MA,406
14899,MUS-F 520,LEC,OPEN,SIGHTREADING FOR PIANISTS,8,1,0,IN_PERSON,Kim K,TH,12:45,14:15,JS,315
1490,EDUC-G 590,LEC,OPEN,,10,10,0,,Perez-Rojas A,,,,ARR,
14900,MUS-U 210,LEC,OPEN,,15,11,0,IN_PERSON,Ringel I,MO,13:55,14:45,SM,294
14901,MUS-U 510,LEC,OPEN,,15,11,0,IN_PERSON,Ringel I,MO,13:55,14:45,SM,294
1491,EDUC-G 795,LEC,OPEN,,20,18,0,,Perez-Rojas A,,,,ARR,
1492,EDUC-G 799,LEC,OPEN,,40,35,0,,Perez-Rojas A,,,,ARR,
14926,MSCH-C 150,LEC,CLOSED,,20,0,1,IN_PERSON,Warner S,WE,15:55,16:45,FF,210
14927,MSCH-C 150,LEC,CLOSED,,20,0,0,IN_PERSON,Heckler T,MO,15:55,16:45,FF,210
14928,MSCH-C 150,LEC,CLOSED,,18,0,0,IN_PERSON,Stanze R,MO,17:30,18:20,FF,212
1493,EDUC-G 901,LEC,OPEN,,150,86,0,,Svetina Valdivia D,,,,ARR,
14930,MSCH-C 150,LEC,CLOSED,,18,0,0,IN_PERSON,Carlson A,TH,15:55,16:45,FF,212
14931,MSCH-C 150,LEC,CLOSED,,18,0,0,IN_PERSON,Ducette M,TH,17:30,18:20,FF,212
14932,MSCH-C 150,LEC,CLOSED,,18,0,0,IN_PERSON,Krafft K,TH,11:10,12:00,FF,062
14933,MSCH-C 150,LEC,CLOSED,,25,0,2,IN_PERSON,Loudenbarger J,FR,11:10,12:00,TV,180
14934,BUS-F 210,LEC,OPEN,,140,11,0,IN_PERSON,Arcot S; Haeberle D; Wegener M; Wertz J,MOWE,19:05,20:20,HH,2075
14935,BUS-F 210,DIS,CLOSED,,35,0,2,IN_PERSON,Haeberle D,FR,14:20,15:35,HH,1030
14936,BUS-F 210,DIS,CLOSED,,35,0,2,IN_PERSON,Haeberle D,FR,14:20,15:35,HH,1034
14937,BUS-F 210,DIS,CLOSED,,35,0,2,IN_PERSON,Haeberle D,FR,14:20,15:35,HH,2000
14938,BUS-F 210,DIS,OPEN,,34,2,6,IN_PERSON,Haeberle D,FR,14:20,15:35,HH,2006
14939,BUS-F 210,DIS,OPEN,,35,2,0,IN_PERSON,Haeberle D,FR,15:55,17:10,HH,1030
1494,EDUC-H 340,LEC,CLOSED,,25,0,1,IN_PERSON,Rhoda J,TUTH,12:45,14:00,ED,2025
14940,BUS-F 210,DIS,OPEN,,32,8,2,IN_PERSON,Haeberle D,FR,15:55,17:10,HH,1034
14941,BUS-F 210,DIS,OPEN,,32,2,0,IN_PERSON,Haeberle D,FR,15:55,17:10,HH,2000
14942,BUS-F 210,DIS,OPEN,,32,7,0,IN_PERSON,Haeberle D,FR,15:55,17:10,HH,2006
14943,BUS-F 210,DIS,OPEN,,35,4,0,IN_PERSON,Haeberle D,FR,14:20,15:35,HH,3000
14945,BUS-F 210,DIS,OPEN,,35,3,2,IN_PERSON,Haeberle D,FR,14:20,15:35,HH,3006
14946,BUS-F 210,DIS,OPEN,,35,1,1,IN_PERSON,Haeberle D,FR,14:20,15:35,HH,3030
14947,BUS-F 210,DIS,OPEN,,35,5,0,IN_PERSON,Haeberle D,FR,15:55,17:10,HH,3000
1495,EDUC-H 590,LEC,OPEN,,5,5,0,,Wheeler-Bell Q,,,,ARR,
14953,BUS-T 275,LEC,CLOSED,,45,0,7,IN_PERSON,Chen X,TH,12:45,14:00,HH,1043
14955,SWK-S 519,LEC,OPEN,,21,1,0,IN_PERSON,Whitaker M,WE,12:45,15:30,AH,C2038
14956,SWK-S 517,LEC,CLOSED,,19,0,1,IN_PERSON,Guthrie S,WE,09:10,11:55,AH,C1022
14957,LATS-L 398,LEC,CLOSED,LAND & MIGRATION,0,0,0,,,,,,ARR,
14958,ILS-Z 701,LEC,OPEN,,15,12,0,IN_PERSON,Rosenbaum H,TH,12:45,15:15,IF,0002
14959,ILS-Z 701,RES,OPEN,,15,12,0,IN_PERSON,Rosenbaum H,FR,09:30,11:30,IF,0002
1496,EDUC-H 799,LEC,OPEN,,15,14,0,,Wheeler-Bell Q,,,,ARR,
14962,BUS-C 204,LEC,CLOSED,,24,0,0,IN_PERSON,Nikolova A,TUTH,08:00,09:15,HH,3052
14963,BUS-C 204,LEC,CLOSED,,24,0,0,IN_PERSON,Fisher D,MOWE,08:00,09:15,HH,3046
14964,BUS-T 275,LEC,CLOSED,,45,0,8,IN_PERSON,Kniola J,TU,12:45,14:00,HH,1043
14965,BUS-K 303,LEC,CLOSED,,27,0,0,IN_PERSON,Sherry S,TUTH,08:00,09:15,HH,4055
1498,EDUC-J 650,LEC,OPEN,,10,8,0,,Barton K,,,,ARR,
14982,SPEA-P 710,LEC,OPEN,MICROECON FOR PUBLIC POLICY,13,2,0,IN_PERSON,Duncan D,MOWE,11:10,12:25,PV,270
14983,DSCI-D 595,LEC,OPEN,,39,28,0,,Anousheh N,,,,WB,WEB
14984,DSCI-D 595,LEC,OPEN,,45,40,0,,Anousheh N,,,,WB,WEB
1499,EDUC-J 690,LEC,OPEN,,4,4,0,,Barton K,,,,ARR,
14991,MSCH-T 540,LEC,OPEN,,1,1,0,,Schwibs S,,,,ARR,
14997,EDUC-P 699,LEC,OPEN,,10,7,0,,Merrill A,,,,WB,WEB
1500,EDUC-J 799,LEC,OPEN,,50,41,0,,Brannan A,,,,ARR,
15000,SWK-S 651,LEC,OPEN,,6,3,0,,Evans L,,,,WB,WEB
15001,SPH-R 200,LEC,OPEN,,300,250,0,,McIntire J,,,,WB,WEB
1501,EDUC-K 205,LEC,CLOSED,,34,0,0,IN_PERSON,Maufuriyah I; Carter Jr R,TUTH,09:35,10:50,ED,1225
15016,CSCI-B 490,LEC,OPEN,ROBOTICS ALGORITHMS,10,2,0,IN_PERSON,Min B,MOWE,17:30,18:45,PY,111
15029,ENGR-E 221,LEC,OPEN,,10,10,0,,Anousheh N,,,,WB,WEB
1503,EDUC-K 306,LEC,OPEN,,26,7,0,IN_PERSON,Carr C,TU,17:30,20:00,ED,0101
15033,LAW-B 570,LEC,OPEN,,38,24,0,IN_PERSON,Weldemariam A,FR,09:50,11:50,LW,213
15037,MUS-C 611,LEC,OPEN,,15,9,0,IN_PERSON,Smith J,MOWE,09:10,10:00,MA,407
15038,MUS-M 607,LEC,OPEN,,15,12,0,IN_PERSON,Smith J; Stamey S,MO,16:20,18:00,MA,406
15039,OPT-V 786,LEC,OPEN,,90,20,0,,Perotti J,,,,ARR,
15040,SPH-M 428,LEC,CLOSED,,100,0,3,,Renshler E,,,,WB,WEB
15041,SPH-I 100,LEC,CLOSED,PICKLEBALL,24,0,0,IN_PERSON,Martin D,MOWE,10:10,11:25,HD,TBA
15042,SPH-I 100,LEC,CLOSED,PICKLEBALL,24,0,0,IN_PERSON,Martin D,MOWE,11:35,12:50,HD,TBA
15043,SPH-I 100,LEC,CLOSED,PICKLEBALL,24,0,1,IN_PERSON,Bain W,TUTH,11:35,12:50,HD,TBA
15044,SPH-K 350,LEC,CLOSED,EXPERTISE IN SPORTS,19,0,0,IN_PERSON,Shea J,MOWEFR,13:10,14:00,SY,212
15045,SPH-Q 631,LEC,OPEN,,25,14,0,IN_PERSON,Seo D; Zhang Y,TUTH,09:35,10:55,WB,WEB
15046,SPH-Q 631,LAB,OPEN,,25,14,0,IN_PERSON,Seo D; Zhang Y,FR,09:20,10:50,WB,WEB
15048,ENGR-E 599,LEC,OPEN,QUANTUM MATERIALS & DEVICES,10,8,0,IN_PERSON,Deng B,MOWE,11:10,12:25,GY,4068
1505,EDUC-K 488,LEC,OPEN,,15,15,0,,Hunnicutt T; Walterman S,,,,ARR,
15050,BUS-A 569,LEC,OPEN,,29,4,0,IN_PERSON,Lunsford T,MOWE,08:00,09:15,HD,TBA
15051,EDUC-X 105,LEC,CLOSED,,20,0,9,IN_PERSON,Rayls I; Koke A,TUTH,17:30,18:20,BH,142
15052,EDUC-X 105,LEC,CLOSED,,20,0,7,IN_PERSON,Rayls I; Koke A,TUTH,16:20,17:10,SY,006
15053,EDUC-X 105,LEC,CLOSED,,20,0,6,IN_PERSON,Rayls I; Koke A,TUTH,17:30,18:20,BH,142
15054,EDUC-X 105,LEC,CLOSED,,20,0,5,IN_PERSON,Rayls I; Koke A,TUTH,16:20,17:10,SY,006
15055,MUS-P 121,LEC,CLOSED,,8,0,0,IN_PERSON,Yao E,MOWE,08:00,08:50,MA,305
15056,MUS-P 121,LEC,CLOSED,,8,0,0,IN_PERSON,Yao E,TUTH,08:00,08:50,MA,305
1506,EDUC-K 785,LEC,OPEN,,10,8,0,,Hurwitz S,,,,ARR,
15066,CSCI-B 355,LEC,CLOSED,,26,0,9,IN_PERSON,Liu L,TUTH,09:35,10:50,LH,023
1507,EDUC-K 795,LEC,OPEN,,10,9,0,,Hurwitz S,,,,ARR,
15075,INFO-I 590,LEC,OPEN,INNOVATION FOR IMPACT,5,2,0,IN_PERSON,Nti Asare I; Wild D,MO,18:40,20:40,WB,WEB
15079,CSCI-C 212,DIS,OPEN,,30,13,0,IN_PERSON,Wennstrom E,TH,17:30,19:25,BH,208
1508,EDUC-K 799,LEC,OPEN,,15,10,0,,Hurwitz S,,,,ARR,
15080,CSCI-C 212,DIS,OPEN,,30,19,0,IN_PERSON,Wennstrom E,FR,11:35,13:30,BH,144
15086,CHEM-C 680,LEC,OPEN,,23,11,0,IN_PERSON,Wylie B,MOWE,08:55,10:10,CX,A300
15087,EAS-E 114,LAB,OPEN,,21,1,0,IN_PERSON,Polly P,TH,17:30,19:30,GY,5051
15088,MSCH-C 150,LEC,CLOSED,,20,0,0,IN_PERSON,Donald A,MO,17:30,18:20,FF,114
15089,MSCH-C 150,LEC,CLOSED,,20,0,1,IN_PERSON,Lindsay J,WE,17:30,18:20,TV,186
1509,EDUC-L 500,LEC,OPEN,,15,9,0,,Nyikos M,,,,WB,WEB
15090,SPEA-V 184,LEC,OPEN,,64,1,0,IN_PERSON,Hansen R,MOWE,08:00,09:15,PV,169
15094,DSCI-D 592,LEC,CLOSED,,20,0,1,,Wild D,,,,WB,WEB
15095,ABEH-X 491,LEC,OPEN,,10,10,0,,Cartmill E,,,,ARR,
15097,SPH-M 515,LEC,OPEN,,15,4,0,IN_PERSON,Renshler E,MO,19:00,21:30,WH,108
15099,SPEA-E 183,LEC,OPEN,,64,1,0,IN_PERSON,Anthony E,MOWE,08:00,09:15,PV,277
15100,MUS-M 540,LEC,OPEN,,8,5,0,IN_PERSON,Eschbach III J,MO,16:20,18:00,JS,222
15101,MUS-M 640,LEC,OPEN,,7,4,0,IN_PERSON,Eschbach III J,MO,16:20,18:00,JS,222
15102,SLST-T 135,LEC,OPEN,,20,8,0,IN_PERSON,Stafford J,TUTH,14:20,15:35,BH,241
15103,SLST-T 135,DIS,OPEN,,20,8,0,IN_PERSON,Stafford J,FR,10:20,11:50,BH,241
15104,EDUC-U 212,LEC,OPEN,CONTEMP ISSUES IN HIGHER EDUC,30,27,0,,Fournie I,,,,WB,WEB
15120,MSCH-D 331,LEC,CLOSED,,20,0,4,IN_PERSON,Jermain R,TUTH,12:45,14:00,WB,WEB
15123,HIST-H 101,DIS,CLOSED,,18,0,0,IN_PERSON,Guardino P,WE,12:45,13:35,BH,217
15124,HIST-H 101,DIS,OPEN,,17,8,0,IN_PERSON,Guardino P,TH,09:10,10:00,BH,016
15125,HIST-H 101,DIS,OPEN,,18,13,0,IN_PERSON,Guardino P,WE,15:10,16:00,BH,233
15126,CHEM-C 820,LEC,OPEN,,99,74,0,,Bloch E,,,,ARR,
15128,SPCN-V 537,LEC,OPEN,,30,9,0,,Dreiman M,,,,WB,WEB
1513,EDUC-M 101,LEC,OPEN,FLD EXP: LEARNING THEORIES,26,26,0,,Beyersdorf K,,,,WB,WEB
15131,SLHS-S 680,LEC,OPEN,,5,5,0,,Anderson J,,,,ARR,
15132,SLHS-S 680,LEC,OPEN,,5,5,0,,Bent T,,,,ARR,
15133,SLHS-S 680,LEC,OPEN,,5,5,0,,Bidelman G,,,,ARR,
15134,SLHS-S 680,LEC,OPEN,,5,5,0,,Gangopadhyay I,,,,ARR,
15135,SLHS-S 680,LEC,OPEN,,5,5,0,,Lentz J,,,,ARR,
15136,SLHS-S 680,LEC,OPEN,,5,5,0,,Gustafson S,,,,ARR,
15137,SLHS-S 680,LEC,OPEN,,5,5,0,,Lulich S,,,,ARR,
15138,SLHS-S 680,LEC,OPEN,,5,5,0,,Lynch E,,,,ARR,
15139,SLHS-S 680,LEC,OPEN,,5,5,0,,Patel R,,,,ARR,
1514,EDUC-M 101,LEC,OPEN,FLD EXP: LEARNING THEORIES,26,26,0,,Nussbaum M,,,,WB,WEB
15140,SLHS-S 680,LEC,OPEN,,5,5,0,,Riffle T,,,,ARR,
15141,SLHS-S 680,LEC,OPEN,,5,5,0,,Urbanski D,,,,ARR,
15142,SLHS-S 680,LEC,OPEN,,5,5,0,,Spencer C,,,,ARR,
15143,SLHS-S 680,LEC,OPEN,,5,5,0,,Stark B,,,,ARR,
15144,SLHS-S 681,LEC,OPEN,,5,5,0,,Anderson J,,,,ARR,
15145,SLHS-S 681,LEC,OPEN,,5,4,0,,Bent T,,,,ARR,
15146,SLHS-S 681,LEC,OPEN,,5,4,0,,Bidelman G,,,,ARR,
15147,SLHS-S 681,LEC,OPEN,,5,5,0,,Gangopadhyay I,,,,ARR,
15148,SLHS-S 681,LEC,OPEN,,5,5,0,,Gustafson S,,,,ARR,
15149,SLHS-S 681,LEC,OPEN,,5,5,0,,Lentz J,,,,ARR,
1515,EDUC-M 201,LEC,OPEN,OFF-CAMPUS FIELD PLACEMENT,40,40,0,,Hunnicutt T,,,,ARR,
15150,SLHS-S 681,LEC,OPEN,,5,5,0,,Lulich S,,,,ARR,
15151,SLHS-S 681,LEC,OPEN,,5,5,0,,Lynch E; Riffle T,,,,ARR,
15152,SLHS-S 681,LEC,OPEN,,5,5,0,,Mesa C,,,,ARR,
15153,SLHS-S 681,LEC,OPEN,,5,5,0,,Patel R,,,,ARR,
15154,SLHS-S 681,LEC,OPEN,,5,5,0,,Urbanski D,,,,ARR,
15155,SLHS-S 681,LEC,OPEN,,5,5,0,,Spencer C,,,,ARR,
15156,SLHS-S 681,LEC,OPEN,,5,5,0,,Stark B,,,,ARR,
15157,SLHS-S 682,LEC,OPEN,,5,5,0,,Anderson J,,,,ARR,
15158,SLHS-S 682,LEC,OPEN,,5,5,0,,Bent T,,,,ARR,
15159,SLHS-S 682,LEC,OPEN,,5,5,0,,Bidelman G,,,,ARR,
1516,EDUC-M 202,LEC,OPEN,,26,10,0,,Levell T,,,,WB,WEB
15160,SLHS-S 682,LEC,OPEN,,5,5,0,,Gangopadhyay I,,,,ARR,
15161,SLHS-S 682,LEC,OPEN,,5,5,0,,Gustafson S,,,,ARR,
15162,SLHS-S 682,LEC,OPEN,,5,5,0,,Lentz J,,,,ARR,
15163,SLHS-S 682,LEC,OPEN,,5,5,0,,Lulich S,,,,ARR,
15164,SLHS-S 682,LEC,OPEN,,5,5,0,,Lynch E; Riffle T,,,,ARR,
15165,SLHS-S 682,LEC,OPEN,,5,5,0,,Mesa C,,,,ARR,
15166,SLHS-S 682,LEC,OPEN,,5,5,0,,Patel R,,,,ARR,
15167,SLHS-S 682,LEC,OPEN,,5,5,0,,Urbanski D,,,,ARR,
15168,SLHS-S 682,LEC,OPEN,,5,5,0,,Spencer C,,,,ARR,
15169,SLHS-S 682,LEC,OPEN,,5,5,0,,Stark B,,,,ARR,
15170,SLHS-S 880,LEC,OPEN,,5,5,0,,Anderson J,,,,ARR,
15171,SLHS-S 880,LEC,OPEN,,5,5,0,,Bent T,,,,ARR,
15172,SLHS-S 880,LEC,OPEN,,5,5,0,,Bidelman G,,,,ARR,
15173,SLHS-S 880,LEC,OPEN,,5,5,0,,Gangopadhyay I,,,,ARR,
15174,SLHS-S 880,LEC,OPEN,,5,5,0,,Gustafson S,,,,ARR,
15175,SLHS-S 880,LEC,OPEN,,5,5,0,,Lentz J,,,,ARR,
15176,SLHS-S 880,LEC,OPEN,,5,5,0,,Lulich S,,,,ARR,
15177,SLHS-S 880,LEC,OPEN,,5,5,0,,Lynch E; Riffle T,,,,ARR,
15178,SLHS-S 880,LEC,OPEN,,5,5,0,,Mesa C,,,,ARR,
15179,SLHS-S 880,LEC,OPEN,,5,5,0,,Patel R,,,,ARR,
15180,SLHS-S 880,LEC,OPEN,,5,5,0,,Urbanski D,,,,ARR,
15181,SLHS-S 880,LEC,OPEN,,5,5,0,,Spencer C,,,,ARR,
15182,SLHS-S 880,LEC,OPEN,,5,5,0,,Stark B,,,,ARR,
15185,EALC-J 201,DRL,CLOSED,,14,0,1,IN_PERSON,Matsubara M,MOWEFR,16:20,17:10,BH,016
15186,EALC-J 201,DRL,CLOSED,,14,0,0,IN_PERSON,Matsubara M,MOWEFR,16:20,17:10,BH,016
15187,CHEM-X 371,LEC,OPEN,,1,1,0,,Snaddon D,,,,ARR,
15188,SLAV-L 555,LEC,OPEN,,5,5,0,,Shardakova M,,,,HD,TBA
1519,EDUC-M 301,LEC,OPEN,LABORATORY-FIELD EXPERIENCE,24,24,0,,Shaw B,,,,ARR,
15190,COLL-P 155,LEC,CLOSED,,24,0,1,IN_PERSON,Smith J,TUTH,09:10,10:00,BH,236
15191,SLHS-G 901,LEC,OPEN,,5,5,0,,Anderson J,,,,ARR,
15192,SLHS-G 901,LEC,OPEN,,5,4,0,,Bent T,,,,ARR,
15193,SLHS-G 901,LEC,OPEN,,5,5,0,,Bidelman G,,,,ARR,
15194,SLHS-G 901,LEC,OPEN,,5,4,0,,Gangopadhyay I,,,,ARR,
15195,SLHS-G 901,LEC,OPEN,,5,5,0,,Gustafson S,,,,ARR,
15196,SLHS-G 901,LEC,OPEN,,5,4,0,,Lentz J,,,,ARR,
15197,SLHS-G 901,LEC,OPEN,,5,4,0,,Lulich S,,,,ARR,
15198,SLHS-G 901,LEC,OPEN,,5,5,0,,Lynch E; Riffle T,,,,ARR,
15199,SLHS-G 901,LEC,OPEN,,5,5,0,,Mesa C,,,,ARR,
1520,EDUC-M 303,LEC,OPEN,OFF-CAMPUS FIELD PLAC: JH/MS,6,6,0,,Hunnicutt T,,,,ARR,
15200,SLHS-G 901,LEC,OPEN,,5,5,0,,Patel R,,,,ARR,
15201,SLHS-G 901,LEC,OPEN,,5,5,0,,Urbanski D,,,,ARR,
15202,SLHS-G 901,LEC,OPEN,,5,5,0,,Spencer C,,,,ARR,
15203,SLHS-G 901,LEC,OPEN,,5,5,0,,Stark B,,,,ARR,
15204,ECON-E 490,LEC,CLOSED,ADVANCED ECONOMETRICS,5,0,0,IN_PERSON,Ito Y,TU,15:55,18:25,WY,005
15206,EALC-E 595,LEC,OPEN,,5,5,0,,Holbrow H,,,,ARR,
15207,SWK-S 613,LEC,OPEN,,6,3,0,,Durmaz S,,,,WB,WEB
1521,EDUC-M 323,LEC,CLOSED,,20,0,0,IN_PERSON,Gault B,MOWE,19:55,20:45,SM,149C
15212,EDUC-G 310,LEC,OPEN,,20,1,0,,Ramos I,,,,WB,WEB
15213,DAH-R 700,LEC,OPEN,,25,25,0,,Dunn E,,,,ARR,
15216,LAW-E 746,LEC,OPEN,,10,7,0,,Lubin A,,,,ARR,
15218,SLST-T 501,LEC,OPEN,ADVOCACY & COMMUNICATN SKILL,10,9,0,IN_PERSON,Lin Y,MOTUWETH,13:55,14:45,ED,3284
15219,SLST-T 501,LEC,OPEN,ENGLISH FOR LAW I,10,9,0,IN_PERSON,Fu J,MOTUWETH,16:20,17:10,ED,3284
1522,EDUC-M 323,LEC,CLOSED,,20,0,1,IN_PERSON,Gault B,TUTH,08:00,08:50,SM,340
15220,SLST-T 501,LEC,OPEN,ENGLISH FOR LAW II,10,10,0,IN_PERSON,Fu J,MOTUWETH,16:20,17:10,ED,3284
15222,MSCH-C 251,LEC,CLOSED,,18,0,1,IN_PERSON,Layton B,TUTH,12:45,14:00,FF,058
15224,OPT-V 610,LEC,OPEN,,5,3,0,,Pence N; Peabody T,,,,WB,WEB
15226,CSCI-P 556,LEC,OPEN,,40,8,0,ONLINE,Bai Y,,,,OL,ONLINE
1523,EDUC-M 323,LEC,CLOSED,,20,0,2,IN_PERSON,Gault B,TUTH,12:45,13:35,SM,149C
15231,SLAV-X 471,LEC,OPEN,,1,1,0,,Holdeman J,,,,ARR,
15237,MATH-M 491,LEC,CLOSED,,12,0,0,IN_PERSON,Lyons R,MO,16:20,17:50,RH,368
15238,SLHS-S 680,LEC,OPEN,,5,5,0,,Urbanski D,,,,ARR,
1524,EDUC-M 323,LEC,CLOSED,,20,0,0,IN_PERSON,Gault B,TUTH,19:55,20:45,SM,149C
15241,CHEM-M 501,LEC,OPEN,,28,14,0,IN_PERSON,Harvey S; Elliott S,TUTH,09:35,10:50,CH,001
15245,SWK-S 600,LEC,CLOSED,SEMINAR: SOCIAL WORK PRACTICUM,1,0,0,,Hammond J,,,,WB,WEB
15259,EALC-E 595,LEC,OPEN,,1,1,0,,Airriess H,,,,ARR,
1526,EDUC-M 333,LEC,CLOSED,,22,0,0,IN_PERSON,Jenkins E,WE,14:20,15:55,ED,3115
15264,SOAD-Z 521,LEC,OPEN,,15,6,0,IN_PERSON,Brown L,TU,09:00,12:00,HD,TBA
1527,EDUC-M 401,LEC,OPEN,OFF-CAMPUS FIELD PLAC: ELEM,20,20,0,IN_PERSON,Hazen K,TUTH,11:30,15:50,HD,TBA
15270,BUS-F 255,DIS,OPEN,,150,150,0,IN_PERSON,Haeberle D; Wertz J,MO,17:30,18:45,HH,1000
15271,BUS-F 255,LEC,OPEN,,25,25,0,IN_PERSON,Haeberle D,WE,17:30,18:45,HH,2006
15272,BUS-F 255,LEC,OPEN,,25,25,0,IN_PERSON,Haeberle D,WE,17:30,18:45,HH,2049
15273,BUS-F 255,LEC,OPEN,,25,25,0,IN_PERSON,Haeberle D,WE,17:30,18:45,HH,4034
15274,BUS-F 255,LEC,OPEN,,25,25,0,IN_PERSON,Haeberle D,WE,17:30,18:45,HH,3055
15275,BUS-F 255,LEC,OPEN,,25,25,0,IN_PERSON,Haeberle D,WE,17:30,18:45,HH,3057
15276,BUS-F 255,LEC,OPEN,,25,25,0,IN_PERSON,Haeberle D,WE,17:30,18:45,HH,3059
1528,EDUC-M 401,LEC,OPEN,FIELD EXP: SOC STDS ELEM. SCHL,19,19,0,IN_PERSON,Reardon S,MOWE,11:35,15:50,HD,TBA
15286,PHYS-P 201,DIS,CLOSED,,24,0,4,IN_PERSON,Evans H; Warren G,TH,10:25,11:15,SW,219
15287,PHYS-P 201,LAB,CLOSED,,24,0,3,IN_PERSON,Warren G; Evans H,MO,10:25,12:20,SW,113
15289,ECON-E 490,LEC,OPEN,ADV SEM IN ANALYT METHODS ECON,12,12,0,IN_PERSON,Valdivia D,TUTH,11:10,12:25,WY,329
1529,EDUC-M 401,LEC,OPEN,FIELD EXP: SOC STDS ELEM. SCHL,19,19,0,IN_PERSON,Grant L,MOWE,11:35,15:50,HD,TBA
15290,CSCI-B 590,LEC,CLOSED,ROBOTICS ALGORITHMS,15,0,0,IN_PERSON,Min B,MOWE,17:30,18:45,PY,111
15291,ENGR-E 399,LEC,CLOSED,INTRO ROBOTIC ALGORITHMS,5,0,2,IN_PERSON,Min B,MOWE,17:30,18:45,PY,111
15293,JSTU-J 203,LEC,OPEN,JEWISH CULTURE IN MODERN TIMES,30,1,0,IN_PERSON,McGill J,MOWE,14:20,15:35,BH,342
15294,CEUS-R 299,LEC,OPEN,TKIYE: TRADE & INNOVATION,20,13,0,IN_PERSON,Crum S,MO,17:00,18:15,GA,0009
15295,POLS-Y 780,LEC,OPEN,,12,12,0,,Lucas C,,,,ARR,
15298,EDUC-N 103,LEC,CLOSED,,20,0,0,IN_PERSON,Lubienski S,MOWE,14:20,15:35,ED,3017
15299,EDUC-N 103,LEC,CLOSED,,20,0,0,IN_PERSON,Rich E,MOWE,08:00,09:15,ED,3017
1530,EDUC-M 403,LEC,OPEN,OFF-CAMPUS FLD PLAC: HIGH SCH,6,6,0,,Hunnicutt T,,,,ARR,
15304,CEUS-R 354,LEC,OPEN,MASTERPIECES OF PERSIAN LIT,20,13,0,IN_PERSON,Nematollahi N,TUTH,14:20,15:35,BH,240
15305,CEUS-R 554,LEC,OPEN,MASTERPIECES OF PERSIAN LIT,20,13,0,IN_PERSON,Nematollahi N,TUTH,14:20,15:35,BH,240
15307,BUS-X 501,LEC,OPEN,,50,18,0,IN_PERSON,Barsi Lopes A,MOTUWETH,08:00,14:00,CG,1032
15308,BUS-X 501,LEC,OPEN,,50,20,0,IN_PERSON,Barsi Lopes A,MOTUWETH,08:00,14:00,CG,1014
15309,EDUC-M 200,LEC,CLOSED,,22,0,1,,Weltsek G,,,,WB,WEB
1531,EDUC-M 403,LEC,OPEN,FORGN LANG/ENG AS SECOND LANG,18,18,0,IN_PERSON,Nyikos M,MOWE,17:30,18:45,ED,1250
15311,INST-H 110,LEC,OPEN,,12,4,0,,Manring R,,,,WB,WEB
15314,MATH-M 800,LEC,OPEN,,5,4,0,,Mandell M,,,,ARR,
15317,MATH-M 800,LEC,OPEN,,5,4,0,,Lindenstrauss A,,,,ARR,
1532,EDUC-M 425,LEC,OPEN,,100,89,0,,Stachowski L; Walterman S; Hunnicutt T,,,,ARR,
15320,CEUS-R 110,LEC,OPEN,,24,23,0,IN_PERSON,Nazarova G,WEFR,17:30,20:00,GA,0007
15322,SPH-E 793,LEC,OPEN,,5,3,0,,Litvinova M,,,,ARR,
15323,EALC-E 533,LEC,CLOSED,,30,0,0,IN_PERSON,Xiao T,MOWE,17:30,18:45,WH,104
15325,MUS-K 502,LEC,OPEN,,8,6,0,,Groupe L,,,,ARR,
1533,EDUC-M 445,LEC,OPEN,,4,4,0,IN_PERSON,Nyikos M,MOWE,17:30,18:45,ED,1250
15331,MATH-G 901,LEC,OPEN,,5,5,0,,Larsen M,,,,ARR,
15332,MATH-G 901,LEC,OPEN,,5,5,0,,Jolly M,,,,ARR,
15333,MATH-M 800,LEC,OPEN,,5,5,0,,Kirk P,,,,ARR,
15334,MATH-M 800,LEC,OPEN,,5,5,0,,Lunts V,,,,ARR,
15335,MATH-M 800,LEC,OPEN,,5,5,0,,Judge C,,,,ARR,
15336,MATH-M 800,LEC,OPEN,,5,5,0,,Ramadoss A,,,,ARR,
15337,MATH-M 800,LEC,OPEN,,5,4,0,,Bainbridge M,,,,ARR,
15338,MATH-M 800,LEC,OPEN,,5,5,0,,Hanselman J,,,,ARR,
1534,EDUC-M 470,LEC,OPEN,LICENSE ADDITION,10,10,0,,Hunnicutt T; Walterman S,,,,ARR,
15341,EALC-E 300,DRL,CLOSED,ASIAN POETRY GLBL PERSPECTIVE,12,0,1,IN_PERSON,Takeuchi J,MOWEFR,15:10,16:00,SB,220
15342,EALC-E 533,DRL,CLOSED,,12,0,0,IN_PERSON,Takeuchi J,MOWEFR,15:10,16:00,SB,220
15344,SPH-H 350,LEC,OPEN,RACISM AND PUBLIC HEALTH,30,19,0,,Forrest G,,,,WB,WEB
15345,MUS-B 420,LEC,OPEN,,18,15,0,,Curnow J,,,,ARR,
15356,VSCI-V 768,LEC,OPEN,RDGS IN GAIT KIN IN NORMAL VIS,3,3,0,,Hassan S,,,,ARR,
15357,SLST-T 501,LEC,OPEN,LEGAL RDG & WRTNG ANALYSIS,10,9,0,IN_PERSON,Gashi M,MOTUWETH,13:55,14:45,ED,3284
15359,MUS-I 300,LEC,OPEN,,18,5,0,IN_PERSON,Murphy H,MO,18:30,20:00,SM,005
1536,EDUC-M 470,LEC,OPEN,LICENSE ADDITION,50,50,0,,Stachowski L,,,,ARR,
15360,MUS-I 500,LEC,OPEN,,18,5,0,IN_PERSON,Murphy H,MO,18:30,20:00,SM,005
15361,MUS-O 741,LEC,OPEN,,18,11,0,,Caswell R,,,,ARR,
15362,MUS-W 120,LEC,OPEN,,10,8,0,,Warren J,,,,ARR,
15363,MUS-W 720,LEC,OPEN,,10,8,0,,Warren J,,,,ARR,
15364,MUS-Z 110,LEC,OPEN,OBOE/ENG HN UNDERGRAD ELECTIVE,10,8,0,,Warren J,,,,ARR,
15365,MSCH-X 490,LEC,OPEN,,5,5,0,,Major L,,,,ARR,
15366,COGS-Q 799,LEC,OPEN,,2,2,0,,Moss L,,,,ARR,
15369,MATH-M 800,LEC,OPEN,,5,4,0,,Moss L,,,,ARR,
1537,EDUC-M 480,LEC,OPEN,,120,112,0,,Hunnicutt T; Walterman S,,,,ARR,
15370,MATH-M 800,LEC,OPEN,,5,5,0,,Le N,,,,ARR,
15373,SLHS-S 511,LEC,OPEN,,5,5,0,IN_PERSON,Bent T,MOWE,09:35,10:50,SB,015
15375,HIST-X 473,LEC,OPEN,,5,5,0,,Foray J,,,,ARR,
15378,CEUS-R 349,LEC,CLOSED,INTL POLITICS IN 20TH CENTURY,30,0,0,IN_PERSON,Borhi L,MOWE,14:20,15:35,BH,243
1538,EDUC-M 480,LEC,OPEN,,100,98,0,,Stachowski L; Hunnicutt T; Walterman S,,,,ARR,
15380,CEUS-R 549,LEC,CLOSED,INTL POLITICS IN 20TH CENTURY,30,0,1,IN_PERSON,Borhi L,MOWE,14:20,15:35,BH,243
15386,PSY-X 397,LEC,OPEN,,20,18,0,,Trask S,,,,ARR,
15387,PSY-X 398,LEC,OPEN,,20,20,0,,Trask S,,,,ARR,
15388,PSY-X 497,LEC,OPEN,,20,20,0,,Trask S,,,,ARR,
15389,PSY-X 498,LEC,OPEN,,20,20,0,,Trask S,,,,ARR,
1539,EDUC-M 482,LEC,OPEN,,46,37,0,,Hunnicutt T; Walterman S,,,,ARR,
15390,SPH-H 512,DIS,OPEN,,13,12,0,IN_PERSON,Aguree S; Thiagarajah K,MO,11:00,12:00,BH,012
15391,ENGR-E 687,LEC,OPEN,,5,2,0,,Guan W,,,,ARR,
15392,MATH-G 901,LEC,OPEN,,5,5,0,,Kirk P,,,,ARR,
15393,MUS-W 410,LEC,CLOSED,,1,0,0,,Choi J,,,,ARR,
15394,MUS-W 910,LEC,OPEN,,18,13,0,,Choi J,,,,ARR,
15397,MUS-I 300,LEC,OPEN,,18,10,0,IN_PERSON,Curnow J,TH,19:00,20:30,SM,C141
15398,MUS-I 500,LEC,OPEN,,18,10,0,IN_PERSON,Curnow J,TH,19:00,20:30,SM,C141
15399,MELC-M 695,LEC,OPEN,MIDDLE EASTERN POLITICS,55,40,0,IN_PERSON,Gemeah I,MOWE,12:45,14:00,GA,1112
1540,EDUC-M 482,LEC,OPEN,,25,25,0,,Stachowski L,,,,ARR,
15400,HIST-X 490,LEC,OPEN,,1,1,0,,Foray J,,,,ARR,
15403,SPH-V 235,LEC,OPEN,,75,12,0,,Ayeni F,,,,WB,WEB
15405,MUS-Z 110,LEC,OPEN,BAROQUE FLUTE/TRAVERSO ELC/SEC,5,5,0,,Stewart K,,,,ARR,
15408,CEUS-R 199,LEC,OPEN,INTRO TO MONGOLIAN CULTURE,20,19,0,IN_PERSON,Legden T,TUTH,17:30,20:00,GA,0011
1541,EDUC-M 501,LEC,OPEN,FIELD EXPERIENCE: MUSIC,18,18,0,,Gault B,,,,ARR,
1542,EDUC-M 550,LEC,OPEN,STUDENT TEACHING: ALL GRADE,10,10,0,,Stachowski L,,,,ARR,
1543,EDUC-M 550,LEC,OPEN,STUDENT TEACHING,25,25,0,,Hunnicutt T; Walterman S,,,,ARR,
1545,EDUC-M 550,LEC,OPEN,PRACT: ETHNIC & CULT STD,147,133,0,,Stachowski L,,,,ARR,
1546,EDUC-M 550,LEC,OPEN,PRACTICUM: BILINGUAL/BICULTURAL,147,133,0,,Stachowski L,,,,ARR,
1547,EDUC-M 550,LEC,OPEN,STUDENT TEACHING SECONDARY,10,10,0,,Stachowski L,,,,ARR,
1549,EDUC-M 550,LEC,OPEN,STUDENT TEACHING IN SPEC ED,15,2,0,,Klinker S,,,,ARR,
1550,EDUC-M 580,LEC,OPEN,,5,4,0,,May L,,,,ARR,
1551,EDUC-N 590,LEC,OPEN,,20,20,0,,Tillema E,,,,ARR,
1552,EDUC-N 610,LEC,OPEN,,10,6,0,,Tillema E,,,,ARR,
1553,EDUC-P 313,LEC,CLOSED,,30,0,0,IN_PERSON,Brownell A,TUTH,09:35,10:50,ED,1220
1554,EDUC-P 590,LEC,OPEN,LEARNING SCIENCE,20,20,0,,Shriberg D,,,,ARR,
1555,EDUC-P 596,LEC,OPEN,,15,6,0,,Maloy Shepley M,,,,ARR,
1556,EDUC-P 690,LEC,OPEN,,20,20,0,,Shriberg D,,,,ARR,
1557,EDUC-P 795,LEC,OPEN,,10,8,0,,McClain M,,,,ARR,
1558,EDUC-P 799,LEC,OPEN,,20,17,0,,McClain M,,,,ARR,
1559,EDUC-Q 200,LEC,CLOSED,,24,0,0,IN_PERSON,Scribner J,MOWE,09:35,11:20,ED,3009
1560,EDUC-Q 200,LEC,CLOSED,,24,0,0,IN_PERSON,Bart-Bartimeus B,MOWE,12:45,14:30,ED,3009
1561,EDUC-Q 200,LEC,CLOSED,,24,0,0,IN_PERSON,Onwunyili F,MOWE,15:55,17:40,ED,3009
1562,EDUC-Q 200,LEC,CLOSED,,24,0,0,IN_PERSON,Onwunyili F,TUTH,09:35,11:20,ED,3009
1563,EDUC-Q 200,LEC,CLOSED,,24,0,1,IN_PERSON,Lane K,TUTH,12:45,14:30,ED,3009
1564,EDUC-Q 200,LEC,CLOSED,,24,0,0,IN_PERSON,Akter S,TUTH,15:55,17:40,ED,3009
1565,EDUC-Q 690,LEC,OPEN,,10,8,0,,Park Rogers M,,,,ARR,
1566,EDUC-R 521,LEC,CLOSED,,26,0,0,,Kwon K,,,,WB,WEB
1567,EDUC-R 586,LEC,OPEN,,20,20,0,,Ozogul G,,,,ARR,
1568,EDUC-R 590,LEC,OPEN,,20,20,0,,Ozogul G,,,,ARR,
1569,EDUC-R 686,LEC,OPEN,,20,20,0,,Ozogul G,,,,ARR,
1570,EDUC-R 695,LEC,OPEN,IST DOCTORAL COLLOQUIUM & SEM,19,9,0,IN_PERSON,Ozogul G,FR,11:10,13:40,ED,1084
1571,EDUC-R 699,LEC,OPEN,,20,19,0,,Ozogul G,,,,ARR,
1572,EDUC-R 711,LEC,OPEN,,15,11,0,IN_PERSON,Kale U,WE,12:45,15:30,ED,2271
1573,EDUC-R 799,LEC,OPEN,,90,89,0,,Ozogul G,,,,ARR,
1575,EDUC-T 450,LEC,OPEN,,2,2,0,,Stachowski L,,,,ARR,
1576,EDUC-T 550,LEC,OPEN,URBAN / RURAL,147,145,0,,Stachowski L,,,,ARR,
1577,EDUC-T 550,LEC,OPEN,INDIAN AND LATINO,147,145,0,,Stachowski L,,,,ARR,
1578,EDUC-T 590,LEC,OPEN,,10,10,0,,Stachowski L,,,,ARR,
1579,EDUC-U 548,LEC,OPEN,,30,14,0,IN_PERSON,Adams Riester K,TU,12:45,15:30,ED,1225
1580,EDUC-U 590,LEC,OPEN,,10,8,0,,DeSawal D,,,,ARR,
1581,EDUC-U 599,LEC,OPEN,,10,10,0,,DeSawal D,,,,ARR,
1582,EDUC-W 200,LEC,OPEN,,24,2,0,IN_PERSON,Park J; Kale U,MOWE,12:45,14:00,ED,2015
1583,EDUC-W 200,LEC,CLOSED,,24,0,0,IN_PERSON,Kale U; Hikmatilla U,MOWE,14:20,15:35,ED,2015
1584,EDUC-W 500,LEC,OPEN,,10,10,0,,Stachowski L,,,,ARR,
1585,EDUC-W 505,LEC,OPEN,,100,78,0,,Stachowski L,,,,ARR,
1586,EDUC-X 101,LEC,OPEN,LEARNING STRATEGIES FOR MATH,19,17,0,IN_PERSON,Rijal M; Koke A,TUTH,10:25,11:15,RA,B111
1587,EDUC-X 101,LEC,OPEN,LEARNING STRATEGIES FOR MATH,19,19,0,IN_PERSON,Koke A; Adhikari A,TUTH,16:20,17:10,BH,214
1588,EDUC-X 150,LEC,CLOSED,BECOMING THE BEST STUDENT,19,0,0,IN_PERSON,Guest-Scott A; Mathews H,MOWE,11:10,12:25,AC,C118
1589,EDUC-X 150,LEC,OPEN,BECOMING THE BEST STUDENT,19,3,0,IN_PERSON,Guest-Scott A; Johnson V,MOWE,12:45,14:00,CU,304
1590,EDUC-X 150,LEC,OPEN,BECOMING THE BEST STUDENT,19,1,0,IN_PERSON,Guest-Scott A; Johnson V,MOWE,14:20,15:35,ED,2101
1591,EDUC-X 150,LEC,CLOSED,BECOMING THE BEST STUDENT,19,0,0,IN_PERSON,Guest-Scott A; Lesser R,TUTH,09:35,10:50,CU,304
1592,EDUC-X 150,LEC,CLOSED,BECOMING THE BEST STUDENT,19,0,0,IN_PERSON,Guest-Scott A; Lesser R,TUTH,11:10,12:25,AC,C118
1594,EDUC-X 150,LEC,OPEN,BECOMING THE BEST STUDENT,19,7,0,IN_PERSON,Guest-Scott A; Johnson V,MOWE,11:10,12:25,AC,C118
1596,EDUC-Y 502,LEC,OPEN,,20,20,0,,Rutkowski L,,,,WB,WEB
1597,EDUC-Y 527,LEC,OPEN,,20,2,0,IN_PERSON,Svetina Valdivia D,MO,12:45,15:30,ED,1230
1599,EDUC-Y 604,LEC,OPEN,,18,18,0,IN_PERSON,Huang S,TUTH,11:10,12:25,ED,1230
1600,EDUC-Z 590,LEC,OPEN,,11,10,0,,Weltsek G,,,,ARR,
1601,ENG-G 901,LEC,OPEN,,99,74,0,,Molesworth J,,,,ARR,
1609,ENG-L 499,LEC,OPEN,,22,9,0,IN_PERSON,Brown J,TH,15:55,18:55,BH,240
1610,ENG-L 695,LEC,OPEN,,11,7,0,,Molesworth J,,,,ARR,
1611,ENG-L 699,LEC,OPEN,,15,15,0,,Molesworth J,,,,ARR,
1612,ENG-L 790,LEC,OPEN,,11,10,0,,Molesworth J,,,,ARR,
1613,ENG-L 799,LEC,OPEN,,125,78,0,,Molesworth J,,,,ARR,
1614,ENG-W 103,LEC,OPEN,,135,1,2,IN_PERSON,Pontacoloni M,FR,11:35,12:25,BH,310
1615,ENG-W 103,DIS,OPEN,,15,1,0,IN_PERSON,Pontacoloni M; Gil-Ordonez Gomez P,MOWE,10:25,11:15,LH,016
1616,ENG-W 103,DIS,CLOSED,,15,0,1,IN_PERSON,Pontacoloni M; Gordon A,MOWE,11:35,12:25,LH,112
1617,ENG-W 103,DIS,CLOSED,,15,0,0,IN_PERSON,Pontacoloni M; Grunes J,MOWE,11:35,12:25,LH,016
1618,ENG-W 103,DIS,CLOSED,,15,0,0,IN_PERSON,Pontacoloni M; Ramirez O,MOWE,12:45,13:35,LH,112
1653,ENG-W 131,LEC,CLOSED,,23,0,0,IN_PERSON,Ha J; Silvester K,MOWEFR,08:00,08:50,BH,314
1654,ENG-W 131,LEC,CLOSED,,23,0,0,IN_PERSON,Son H; Rivera A,MOWEFR,08:00,08:50,BH,216
1655,ENG-W 131,LEC,CLOSED,,23,0,0,IN_PERSON,Majak M; Silvester K,MOWEFR,08:00,08:50,BH,146
1657,ENG-W 131,LEC,CLOSED,,23,0,0,IN_PERSON,Morgan H; Silvester K,MOWEFR,08:00,08:50,BH,246
1658,ENG-W 131,LEC,CLOSED,,23,0,4,IN_PERSON,Li J; Rivera A,MOWEFR,09:10,10:00,BH,244
1659,ENG-W 131,LEC,CLOSED,,23,0,5,IN_PERSON,Pomeroy N,MOWEFR,12:45,13:35,BH,134
1660,ENG-W 131,LEC,CLOSED,,23,0,0,IN_PERSON,Pulverenti B; Rivera A,MOWEFR,09:10,10:00,BH,314
1661,ENG-W 131,LEC,OPEN,,23,1,0,IN_PERSON,Lee H; Rivera A,MOWEFR,08:00,08:50,BH,244
1662,ENG-W 131,LEC,CLOSED,,23,0,2,IN_PERSON,McCoy M; Silvester K,MOWEFR,10:25,11:15,BH,244
1663,ENG-W 131,LEC,CLOSED,,23,0,2,IN_PERSON,Alsaigh A; Rivera A,MOWEFR,10:25,11:15,BH,216
1664,ENG-W 131,LEC,CLOSED,,23,0,1,IN_PERSON,Lyons J; Silvester K,MOWEFR,10:25,11:15,SE,245
1665,ENG-W 131,LEC,CLOSED,,23,0,2,IN_PERSON,Osborne J; Rivera A,MOWEFR,11:35,12:25,BH,145
1666,ENG-W 131,LEC,CLOSED,,23,0,2,IN_PERSON,Arias Labrador R; Rivera A,MOWEFR,11:35,12:25,SE,245
1667,ENG-W 131,LEC,CLOSED,,23,0,0,IN_PERSON,Baek S; Rivera A,MOWEFR,08:00,08:50,SE,245
1668,ENG-W 131,LEC,CLOSED,,23,0,1,IN_PERSON,Lucey G; Silvester K,MOWEFR,11:35,12:25,BH,314
1669,ENG-W 131,LEC,CLOSED,,23,0,1,IN_PERSON,Williams D; Rivera A,MOWEFR,12:45,13:35,BH,332
1670,ENG-W 131,LEC,CLOSED,,23,0,1,IN_PERSON,Lutz T; Rivera A,MOWEFR,12:45,13:35,BH,331
1671,ENG-W 131,LEC,CLOSED,,23,0,0,IN_PERSON,Silvester K; Goldfain J,MOWEFR,15:10,16:00,BH,134
1672,ENG-W 131,LEC,CLOSED,,23,0,1,IN_PERSON,Kim Y; Silvester K,MOWEFR,13:55,14:45,BH,246
1673,ENG-W 131,LEC,CLOSED,,23,0,0,IN_PERSON,Silvester K; Crosby C,MOWEFR,15:10,16:00,BH,015
1674,ENG-W 131,LEC,CLOSED,,23,0,0,IN_PERSON,Ogle J; Rivera A,MOWEFR,15:10,16:00,BH,336
1675,ENG-W 131,LEC,CLOSED,,23,0,0,IN_PERSON,Press D,MOWEFR,15:10,16:00,BH,133
1678,ENG-W 170,LEC,CLOSED,PROJECTS IN READING & WRITING,23,0,0,IN_PERSON,Chatterjee H; Storey J,MOWEFR,13:55,14:45,BH,215
1679,ENG-W 203,LEC,CLOSED,FICTION,15,0,0,IN_PERSON,McDonough M,TUTH,15:55,17:10,BH,317
1680,ENG-W 203,LEC,CLOSED,POETRY,15,0,0,IN_PERSON,Leonardi R,TUTH,12:45,14:00,LH,016
1683,ENG-W 554,LEC,OPEN,,12,3,0,IN_PERSON,Pontacoloni M,FR,14:20,17:20,BH,123
1684,ENG-W 697,LEC,OPEN,,30,30,0,,Jackson-Brown A,,,,ARR,
1685,ENG-W 699,LEC,OPEN,,20,13,0,,Jackson-Brown A,,,,ARR,
1686,ARTH-A 775,LEC,OPEN,,10,7,0,,Saletnik J,,,,ARR,
1687,ARTH-A 879,LEC,OPEN,,5,4,0,,Saletnik J,,,,ARR,
1688,SOAD-S 220,LEC,CLOSED,,16,0,2,IN_PERSON,Krienitz C,MOWE,15:55,18:40,FA,230
1689,SOAD-S 482,LEC,OPEN,,15,11,0,IN_PERSON,Caldwell A,MOWE,12:45,15:30,FA,210
1690,SOAD-S 313,LEC,OPEN,,18,10,0,IN_PERSON,Stefaniak P,TUTH,14:20,17:05,WY,101
1691,SOAD-S 413,LEC,OPEN,,18,10,0,IN_PERSON,Stefaniak P,TUTH,14:20,17:05,WY,101
1692,SOAD-U 402,LEC,OPEN,METALS WORKSHOP,10,8,0,IN_PERSON,Woerner D,FR,09:10,12:10,CO,100
1693,SOAD-U 402,LEC,OPEN,WOODWORKING WORKSHOPS,10,8,0,IN_PERSON,Woerner D,FR,09:10,12:10,CO,100
1694,FOLK-F 101,LEC,OPEN,,225,1,5,IN_PERSON,Barker B,MOWE,13:55,14:45,BH,013
1696,FOLK-F 101,DIS,CLOSED,,25,0,2,IN_PERSON,Fiorillo O,TH,17:30,18:20,C2,102
1697,FOLK-F 101,DIS,CLOSED,,25,0,0,IN_PERSON,Abbass T,FR,09:10,10:00,C2,203
1698,FOLK-F 101,DIS,CLOSED,,25,0,0,IN_PERSON,Abbass T,FR,11:35,12:25,C2,203
1699,FOLK-F 101,DIS,CLOSED,,25,0,2,IN_PERSON,Fiorillo O,TH,18:40,19:30,C2,102
1700,FOLK-F 111,LEC,CLOSED,,225,0,4,IN_PERSON,Horner R,MOWE,15:10,16:00,MO,007
1701,FOLK-F 111,DIS,CLOSED,,25,0,1,IN_PERSON,Lo Y,TH,17:30,18:20,WH,109
1702,FOLK-F 111,DIS,CLOSED,,25,0,0,IN_PERSON,Lo Y,TH,16:20,17:10,SW,221
1703,FOLK-F 111,DIS,CLOSED,,25,0,1,IN_PERSON,Lo Y,TH,18:40,19:30,WH,119
1704,FOLK-F 111,DIS,CLOSED,,25,0,0,IN_PERSON,Montalvo V,FR,11:35,12:25,C2,102
1705,FOLK-F 516,LEC,OPEN,,12,5,0,IN_PERSON,Cashman R,MO,16:30,19:00,C2,272
1706,FOLK-F 800,LEC,OPEN,,3,2,0,,Shukla P,,,,ARR,
1707,FOLK-F 803,LEC,OPEN,,10,8,0,,Shukla P,,,,ARR,
1708,FOLK-F 850,LEC,OPEN,,45,27,0,,Shukla P,,,,ARR,
1709,FOLK-G 901,LEC,OPEN,,30,14,0,,Shukla P,,,,ARR,
1710,FRIT-F 100,LEC,CLOSED,,22,0,0,IN_PERSON,Mazet C; Bordelon D,MOWEFR,12:45,13:35,BH,318
1712,FRIT-F 100,LEC,OPEN,,22,1,0,IN_PERSON,Mazet C; Souopgoui Kamkuimo N,MOWEFR,11:35,12:25,BH,221
1713,FRIT-F 100,LEC,CLOSED,,22,0,1,IN_PERSON,Mazet C; Roche E,MOWEFR,09:10,10:00,BH,318
1714,FRIT-F 100,LEC,CLOSED,,22,0,1,IN_PERSON,Mazet C; Roche E,MOWEFR,11:35,12:25,BH,134
1715,FRIT-F 100,LEC,CLOSED,,22,0,0,IN_PERSON,Mazet C; Miller A,MOWEFR,13:25,14:15,BH,140
1716,FRIT-F 100,LEC,OPEN,,22,3,0,IN_PERSON,Mazet C; Aucun G,MOWEFR,15:10,16:00,BH,246
1717,FRIT-F 100,LEC,CLOSED,,20,0,1,IN_PERSON,Mazet C; Djamessi L,TUTH,09:35,10:50,WB,WEB
1718,FRIT-F 100,LEC,CLOSED,,22,0,0,IN_PERSON,Mazet C; Bordelon D,MOWEFR,11:35,12:25,BH,315
1719,FRIT-F 100,LEC,CLOSED,,22,0,0,IN_PERSON,Mazet C; Harry I,MOWEFR,12:45,13:35,BH,141
1720,FRIT-F 100,LEC,CLOSED,,22,0,0,IN_PERSON,Mazet C,MOWEFR,13:55,14:45,BH,221
1721,FRIT-F 115,LEC,OPEN,,18,1,0,IN_PERSON,Mazet C; Morgan M,MOTUWETH,10:25,11:15,BH,016
1722,FRIT-F 150,LEC,CLOSED,,22,0,0,IN_PERSON,Mazet C; Mijatovic U,MOWEFR,11:35,12:25,BH,232
1723,FRIT-F 150,LEC,OPEN,,22,1,0,IN_PERSON,Mazet C; Furgal H,MOWEFR,09:10,10:00,BH,229
1724,FRIT-F 150,LEC,CLOSED,,22,0,0,IN_PERSON,Mazet C; Okoye C,MOWEFR,12:45,13:35,BH,245
1725,FRIT-F 150,LEC,CLOSED,,22,0,0,IN_PERSON,Mazet C; Ouadi F,MOWEFR,15:10,16:00,BH,331
1726,FRIT-F 150,LEC,OPEN,,22,1,0,IN_PERSON,Mazet C; Furgal H,MOWEFR,10:25,11:15,BH,312
1727,FRIT-F 150,LEC,CLOSED,,20,0,1,IN_PERSON,Mazet C; Leaman T,TUTH,11:10,12:25,WB,WEB
1728,FRIT-F 150,LEC,OPEN,,22,1,0,IN_PERSON,Mazet C; Okoye C,MOWEFR,13:55,14:45,BH,312
1729,FRIT-F 200,LEC,CLOSED,,20,0,3,IN_PERSON,Breda L; Mazet C,TUTH,09:35,10:50,WB,WEB
1730,FRIT-F 200,LEC,CLOSED,,22,0,0,IN_PERSON,Adeoye M; Mazet C,MOWEFR,09:10,10:00,SB,140
1731,FRIT-F 200,LEC,CLOSED,,22,0,1,IN_PERSON,Eshun J; Mazet C,MOWEFR,11:35,12:25,BH,214
1732,FRIT-F 200,LEC,CLOSED,,22,0,0,IN_PERSON,Adeoye M; Mazet C,MOWEFR,10:25,11:15,SB,140
1733,FRIT-F 200,LEC,CLOSED,,22,0,0,IN_PERSON,Eshun J; Mazet C,MOWEFR,12:45,13:35,BH,221
1734,FRIT-F 200,LEC,OPEN,,22,1,0,IN_PERSON,Le Bihan A; Mazet C,MOWEFR,13:55,14:45,BH,141
1735,FRIT-F 200,LEC,OPEN,,22,2,0,IN_PERSON,Howard J; Mazet C,MOWEFR,15:10,16:00,BH,229
1736,FRIT-F 200,LEC,CLOSED,,22,0,0,IN_PERSON,Le Bihan A; Mazet C,MOWEFR,11:35,12:25,BH,217
1737,FRIT-F 250,LEC,CLOSED,,22,0,3,IN_PERSON,Mazet C; Christilles N,MOWEFR,09:10,10:00,BH,221
1738,FRIT-F 250,LEC,CLOSED,,22,0,2,IN_PERSON,Mazet C; Christilles N,MOWEFR,12:45,13:35,BH,312
1739,FRIT-F 250,LEC,OPEN,,22,1,0,IN_PERSON,Mazet C; Tacinelli G,MOWEFR,13:55,14:45,BH,139
1740,FRIT-F 300,LEC,OPEN,FRENCH DRAMA AND MELODRAMA,17,1,0,IN_PERSON,Albert S,TUTH,11:10,12:25,JH,A107
1743,FRIT-F 399,LEC,OPEN,,15,15,0,,Dekydtspotter L,,,,ARR,
1744,FRIT-X 490,LEC,OPEN,,10,9,0,,Vance B,,,,ARR,
1745,FRIT-F 499,LEC,OPEN,,12,12,0,,Dekydtspotter L,,,,ARR,
1746,FRIT-F 572,LEC,OPEN,,10,5,0,IN_PERSON,Mazet C,TH,09:35,10:50,BH,018
1747,FRIT-F 815,LEC,OPEN,,12,12,0,,Dekydtspotter L,,,,ARR,
1748,FRIT-F 875,LEC,OPEN,,40,30,0,,Dekydtspotter L,,,,ARR,
1749,FRIT-G 901,LEC,OPEN,,20,14,0,,Dekydtspotter L,,,,ARR,
1750,FRIT-G 901,LEC,OPEN,,10,10,0,,Dekydtspotter L,,,,ARR,
1751,FRIT-M 100,LEC,CLOSED,,10,0,0,IN_PERSON,Pineda Nunez N,TU,19:05,20:20,WB,WEB
1752,FRIT-M 100,LEC,OPEN,,22,1,0,IN_PERSON,D'Errico C,MOWEFR,11:35,12:25,BH,312
1753,FRIT-M 100,LEC,CLOSED,,22,0,0,IN_PERSON,D'Errico C,MOWEFR,10:25,11:15,BH,141
1754,FRIT-M 100,LEC,CLOSED,,22,0,0,IN_PERSON,Serafin K; Sims J,MOWEFR,15:10,16:00,BH,318
1755,FRIT-M 150,LEC,OPEN,,22,8,0,IN_PERSON,Serafin K; Pelagalli L,MOWEFR,13:55,14:45,BH,214
1756,FRIT-M 200,LEC,OPEN,,22,7,0,IN_PERSON,Cani S,MOWEFR,13:55,14:45,BH,217
1757,FRIT-X 493,LEC,OPEN,,10,10,0,,Serafin K,,,,ARR,
1758,FRIT-M 499,LEC,OPEN,,5,5,0,,Dekydtspotter L,,,,ARR,
1759,FRIT-M 815,LEC,OPEN,,10,10,0,,Dekydtspotter L,,,,ARR,
1760,FRIT-M 875,LEC,OPEN,,20,12,0,,Dekydtspotter L,,,,ARR,
1761,GEOG-G 237,LEC,OPEN,,90,24,0,IN_PERSON,Pacheco A,TUTH,17:30,18:45,SB,015
1762,GEOG-G 560,LEC,OPEN,,5,5,0,,Ficklin D; Loyal T,,,,ARR,
1763,GEOG-G 830,LEC,OPEN,,12,9,0,,Ficklin D; Loyal T,,,,ARR,
1764,GEOG-G 831,LEC,OPEN,,1,1,0,,Ficklin D; Loyal T,,,,ARR,
17643,BIOL-M 315,LEC,OPEN,,26,5,0,IN_PERSON,Kulow C,TU,17:30,21:30,JH,122A
17644,MATH-B 110,LEC,CLOSED,,240,0,2,IN_PERSON,Glickfield A,TUTH,15:55,17:10,RH,100
17645,MATH-B 110,LEC,CLOSED,,230,0,3,IN_PERSON,Glickfield A,TUTH,08:00,09:15,SW,119
17647,BIOL-M 315,LEC,OPEN,,26,13,0,IN_PERSON,Kulow C,WE,08:00,12:25,JH,122A
17648,REL-R 102,LEC,OPEN,,76,1,0,IN_PERSON,Blair H,MOWE,12:45,14:00,SE,105
17649,SWK-S 251,LEC,CLOSED,,30,0,0,,Parrott A,,,,WB,WEB
1765,GEOG-G 840,LEC,OPEN,,9,3,0,,Ficklin D; Loyal T,,,,ARR,
17651,REL-A 210,LEC,OPEN,,80,1,0,IN_PERSON,Carlson Hasler L,TUTH,09:35,10:50,BH,003
17653,REL-B 310,LEC,OPEN,,30,12,0,IN_PERSON,Blair H,MOWE,15:55,17:10,LH,023
17654,REL-R 552,LEC,OPEN,EAST ASIAN BUDDHISM,30,12,0,IN_PERSON,Blair H,MOWE,15:55,17:10,LH,023
17655,MLS-M 450,LEC,OPEN,,50,27,0,IN_PERSON,Niu H,MOWE,13:15,14:30,SI,001
17656,REL-C 320,LEC,CLOSED,,25,0,0,IN_PERSON,McLeod A,TUTH,08:00,09:15,BH,147
17659,REL-B 433,LEC,OPEN,,20,5,0,IN_PERSON,Nance R,MOWE,09:35,10:50,BH,338
1766,GEOG-G 845,LEC,OPEN,,5,5,0,,Ficklin D; Loyal T,,,,ARR,
17660,REL-R 552,LEC,OPEN,EMBODYING NIRVANA,20,5,0,IN_PERSON,Nance R,MOWE,09:35,10:50,BH,338
17662,BUS-BE 265,LEC,OPEN,,30,3,0,IN_PERSON,Batchelder S,TUTH,11:10,12:25,HH,2049
1767,GEOG-G 850,LEC,OPEN,,5,5,0,,Ficklin D; Loyal T,,,,ARR,
1768,GEOG-G 860,LEC,OPEN,,10,6,0,,Ficklin D; Loyal T,,,,ARR,
1769,GEOG-G 901,LEC,OPEN,,10,5,0,,Ficklin D; Loyal T,,,,ARR,
1770,GER-G 100,LEC,OPEN,,23,7,0,IN_PERSON,Nichols K,MOTUWETH,08:00,08:50,BH,133
1771,GER-G 100,LEC,OPEN,,23,10,0,IN_PERSON,Brady Corona M,MOTUWETH,10:25,11:15,BH,133
1772,GER-G 100,LEC,CLOSED,,23,0,0,IN_PERSON,Bassini L,MOTUWETH,11:35,12:25,BH,215
1773,GER-G 100,LEC,CLOSED,,23,0,0,IN_PERSON,Bassini L,MOTUWETH,12:45,13:35,BH,133
1774,GER-G 100,LEC,CLOSED,,22,0,0,IN_PERSON,Emerson J,MOTUWETH,13:55,14:45,BH,229
1776,GER-G 150,LEC,OPEN,,22,14,0,IN_PERSON,Latimer O,MOTUWETH,10:25,11:15,BH,229
1777,GER-G 150,LEC,OPEN,,23,6,0,IN_PERSON,Dalida E,MOTUWETH,11:35,12:25,BH,146
1778,GER-G 150,LEC,OPEN,,23,10,0,IN_PERSON,Myers L,MOTUWETH,13:55,14:45,BH,133
1779,GER-G 200,LEC,OPEN,,24,2,0,IN_PERSON,Okuseinde O,MOWEFR,09:10,10:00,GA,0005
1780,GER-G 200,LEC,CLOSED,,23,0,0,IN_PERSON,Shin C,MOWEFR,11:35,12:25,GA,0005
1781,GER-G 200,LEC,CLOSED,,23,0,2,IN_PERSON,Weiss B,MOWEFR,12:45,13:35,GA,0005
1783,GER-G 250,LEC,CLOSED,,24,0,2,IN_PERSON,Sorensen L,MOWEFR,11:35,12:25,GA,0013
1784,GER-G 250,LEC,OPEN,,24,7,0,IN_PERSON,Sorensen L,MOWEFR,13:55,14:45,GA,0013
1785,GER-G 300,LEC,CLOSED,,24,0,0,IN_PERSON,Langjahr N,TUTH,09:35,10:50,GA,0011
1786,GER-G 330,LEC,OPEN,,24,9,0,IN_PERSON,Langjahr N,TUTH,11:10,12:25,GA,0011
1787,GER-G 399,LEC,OPEN,,2,1,0,,Langjahr N,,,,ARR,
1788,GER-G 491,LEC,OPEN,,3,3,0,IN_PERSON,Mitropoulos D,MOWE,19:05,20:20,WB,WEB
1789,GER-G 491,LEC,OPEN,,27,21,0,IN_PERSON,Mitropoulos D,MOWE,19:05,20:20,WB,WEB
1790,GER-G 496,LEC,OPEN,,2,2,0,,Langjahr N,,,,ARR,
1791,GER-G 499,LEC,OPEN,,2,2,0,,Langjahr N,,,,ARR,
1792,GER-G 815,LEC,OPEN,,15,13,0,,Sapp C,,,,ARR,
1793,GER-G 820,LEC,OPEN,,5,5,0,,Sapp C,,,,ARR,
1794,GER-G 850,LEC,OPEN,,5,5,0,,Sapp C,,,,ARR,
1795,GER-G 875,LEC,OPEN,,8,6,0,,Sapp C,,,,ARR,
1796,GER-G 885,LEC,OPEN,,8,6,0,,Sapp C,,,,ARR,
1797,GER-G 901,LEC,OPEN,,20,17,0,,Sapp C,,,,ARR,
1798,GER-K 100,LEC,OPEN,,28,1,0,IN_PERSON,May G,MOTUWETH,11:35,12:25,BH,307
1799,GER-K 501,LEC,OPEN,,28,1,0,IN_PERSON,May G,MOTUWETH,11:35,12:25,BH,307
1800,GER-N 100,LEC,OPEN,,23,2,0,IN_PERSON,Heerdink-Santos J,MOTUWETH,11:35,12:25,BH,216
1801,GER-N 401,LEC,OPEN,,23,2,0,IN_PERSON,Heerdink-Santos J,MOTUWETH,11:35,12:25,BH,216
1802,GER-V 415,LEC,OPEN,,2,2,0,,Kovacs T,,,,ARR,
1803,GER-V 815,LEC,OPEN,,5,5,0,,Kovacs T,,,,ARR,
1804,GER-X 493,LEC,OPEN,,5,5,0,,Kerler D,,,,ARR,
1805,GER-Y 815,LEC,OPEN,,5,4,0,,Kerler D,,,,ARR,
1806,GNDR-G 101,LEC,CLOSED,,20,0,1,IN_PERSON,Johnson C; Cigelnik A,MOWE,09:10,10:00,LH,328
1808,SLST-T 502,LEC,OPEN,,15,10,0,IN_PERSON,Burghardt B,TUTH,17:30,18:45,BH,221
1809,GRAD-G 741,LEC,OPEN,,25,25,0,,Sawhney H,,,,ARR,
1810,GRAD-G 741,LEC,OPEN,,5,4,0,,Bennett J; Willnat L,,,,ARR,
1812,GRAD-G 888,LEC,OPEN,CIC TRAV SCHLR FR U OF CHICAGO,10,10,0,,Rutherford J,,,,ARR,
1813,GRAD-G 888,LEC,OPEN,CIC TRAV SCHLR FR U OF ILLINS,10,10,0,,Rutherford J,,,,ARR,
1814,GRAD-G 888,LEC,OPEN,CIC TRAV SCHLR FR U OF IOWA,10,10,0,,Rutherford J,,,,ARR,
1815,GRAD-G 888,LEC,OPEN,CIC TRAV SCHLR FR U OF MICHGN,10,10,0,,Rutherford J,,,,ARR,
1816,GRAD-G 888,LEC,OPEN,CIC TRAV SCHLR FR MICH ST U,10,10,0,,Rutherford J,,,,ARR,
1817,GRAD-G 888,LEC,OPEN,CIC TRAV SCHLR FR U OF MINN,10,10,0,,Rutherford J,,,,ARR,
1818,GRAD-G 888,LEC,OPEN,CIC TRAV SCHLR FR NORTHWESTN U,10,10,0,,Rutherford J,,,,ARR,
1819,GRAD-G 888,LEC,OPEN,CIC TRAV SCHLR FR OHIO ST U,10,10,0,,Rutherford J,,,,ARR,
1820,GRAD-G 888,LEC,OPEN,CIC TRAV SCHLR FR PENN ST U,10,10,0,,Rutherford J,,,,ARR,
1821,GRAD-G 888,LEC,OPEN,CIC TRAV SCHLR FR PURDUE U,10,10,0,,Rutherford J,,,,ARR,
1822,GRAD-G 888,LEC,OPEN,CIC TRAV SCHLR FR U OF WISC,10,10,0,,Rutherford J,,,,ARR,
1823,GRAD-G 889,LEC,OPEN,CIC TRAV SCHLR TO U OF CHICAGO,10,10,0,,Rutherford J,,,,ARR,
1824,GRAD-G 889,LEC,OPEN,CIC TRAV SCHLR TO U OF ILLINS,10,10,0,,Rutherford J,,,,ARR,
1825,GRAD-G 889,LEC,OPEN,CIC TRAV SCHLR TO U OF IOWA,10,10,0,,Rutherford J,,,,ARR,
1826,GRAD-G 889,LEC,OPEN,CIC TRAV SCHLR TO U OF MICHGN,10,10,0,,Rutherford J,,,,ARR,
1827,GRAD-G 889,LEC,OPEN,CIC TRAV SCHLR TO MICH ST U,10,10,0,,Rutherford J,,,,ARR,
1828,GRAD-G 889,LEC,OPEN,CIC TRAV SCHLR TO U OF MINN,10,10,0,,Rutherford J,,,,ARR,
1829,GRAD-G 889,LEC,OPEN,CIC TRAV SCHLR TO NORTHWESTN U,10,10,0,,Rutherford J,,,,ARR,
1830,GRAD-G 889,LEC,OPEN,CIC TRAV SCHLR TO OHIO ST U,10,10,0,,Rutherford J,,,,ARR,
1831,GRAD-G 889,LEC,OPEN,CIC TRAV SCHLR TO PENN ST U,10,10,0,,Rutherford J,,,,ARR,
1832,GRAD-G 889,LEC,OPEN,CIC TRAV SCHLR TO PURDUE U,10,10,0,,Rutherford J,,,,ARR,
1833,GRAD-G 889,LEC,OPEN,CIC TRAV SCHLR TO U OF WISC,10,10,0,,Rutherford J,,,,ARR,
1834,HISP-P 100,LEC,OPEN,,23,6,0,IN_PERSON,Sales de Barros F,MOTUWETH,09:10,10:00,WH,119
1835,HISP-P 200,LEC,OPEN,,24,13,0,IN_PERSON,Castro V,MOWEFR,10:25,11:15,GA,0009
1836,HISP-P 492,LEC,OPEN,,14,14,0,IN_PERSON,Luciano A,MOWE,11:10,12:25,BH,139
1837,HISP-X 492,LEC,OPEN,,5,5,0,,Namorato L,,,,ARR,
1838,HISP-P 803,LEC,OPEN,,5,5,0,,Namorato L,,,,ARR,
1839,HISP-S 100,LEC,CLOSED,,24,0,5,IN_PERSON,Mora N,MOTUWETH,10:25,11:15,WH,119
1840,HISP-S 100,LEC,CLOSED,,24,0,2,IN_PERSON,Mora N,MOTUWETH,16:20,17:10,WH,007
1841,HISP-S 105,LEC,CLOSED,,24,0,2,IN_PERSON,Rodriguez J,MOTUWETH,08:00,08:50,WH,119
1842,HISP-S 105,LEC,CLOSED,,24,0,3,IN_PERSON,Cunha Parreiras P,MOTUWETH,08:00,08:50,BH,332
1843,HISP-S 105,LEC,CLOSED,,24,0,3,IN_PERSON,Cunha Parreiras P,MOTUWETH,09:10,10:00,BH,306
1844,HISP-S 105,LEC,CLOSED,,24,0,4,IN_PERSON,Gomes dos Santos L,MOTUWETH,09:10,10:00,SY,002
1845,HISP-S 105,LEC,CLOSED,,24,0,13,IN_PERSON,Gonzalez Calderon J,MOTUWETH,11:35,12:25,WH,007
1846,HISP-S 105,LEC,CLOSED,,24,0,4,IN_PERSON,Staszkiewicz Garcia B,MOTUWETH,13:55,14:45,BH,238
1847,HISP-S 105,LEC,CLOSED,,24,0,4,IN_PERSON,Di Maggio G,MOTUWETH,13:55,14:45,BH,332
1848,HISP-S 105,LEC,CLOSED,,24,0,3,IN_PERSON,Cintra M,MOTUWETH,13:55,14:45,BH,138
1849,HISP-S 105,LEC,CLOSED,,24,0,4,IN_PERSON,Lira A,MOTUWETH,15:10,16:00,WH,119
1850,HISP-S 105,LEC,CLOSED,,24,0,4,IN_PERSON,Di Maggio G,MOTUWETH,15:10,16:00,WH,007
1851,HISP-S 105,LEC,CLOSED,,24,0,1,IN_PERSON,Amezcua K,MOTUWETH,19:55,20:45,WH,119
1852,HISP-S 105,LEC,CLOSED,,24,0,4,IN_PERSON,Chi Guemez C,MOTUWETH,16:20,17:10,BH,238
1853,HISP-S 105,LEC,CLOSED,,24,0,1,IN_PERSON,Lira A,MOTUWETH,16:20,17:10,WH,119
1854,HISP-S 105,LEC,CLOSED,,24,0,1,IN_PERSON,Hailey A,MOTUWETH,17:30,18:20,WH,119
1855,HISP-S 105,LEC,CLOSED,,24,0,5,IN_PERSON,Giacomino L,MOTUWETH,17:30,18:20,WB,WEB
1856,HISP-S 105,LEC,CLOSED,,24,0,1,IN_PERSON,Mansilla N,MOTUWETH,17:30,18:20,BH,138
1857,HISP-S 150,LEC,CLOSED,,24,0,4,IN_PERSON,Reeves R,MOTUWETH,11:35,12:25,BH,147
1858,HISP-S 200,LEC,CLOSED,,24,0,0,IN_PERSON,Delsanter A,MOWEFR,08:00,08:50,GA,0007
1859,HISP-S 200,LEC,CLOSED,,24,0,0,IN_PERSON,Teegarden A,MOWEFR,08:00,08:50,GA,0009
1860,HISP-S 200,LEC,OPEN,,24,11,0,IN_PERSON,Ortiz S,MOWEFR,09:10,10:00,GA,0009
1861,HISP-S 200,LEC,CLOSED,,24,0,3,IN_PERSON,Delsanter A,MOWEFR,09:10,10:00,GA,0007
1862,HISP-S 200,LEC,CLOSED,,24,0,1,IN_PERSON,Alsmadi A,MOWETH,19:55,20:45,WB,WEB
1863,HISP-S 200,LEC,CLOSED,,24,0,2,IN_PERSON,Robinson T,MOWEFR,10:25,11:15,GA,0007
1864,HISP-S 200,LEC,CLOSED,,24,0,7,IN_PERSON,Alsmadi A,MOWEFR,11:35,12:25,GA,0007
1865,HISP-S 200,LEC,OPEN,,24,1,0,IN_PERSON,Herrero Celdran C,MOWEFR,08:00,08:50,GA,0011
1866,HISP-S 200,LEC,CLOSED,,24,0,9,IN_PERSON,Velez Garcia M,MOWEFR,12:45,13:35,GA,0007
1867,HISP-S 200,LEC,CLOSED,,24,0,2,IN_PERSON,Robinson T,MOWEFR,13:55,14:45,GA,0007
1868,HISP-S 200,LEC,CLOSED,,24,0,1,IN_PERSON,Gonzalez Calderon J,MOWEFR,13:55,14:45,GA,0009
1869,HISP-S 200,LEC,CLOSED,,24,0,0,IN_PERSON,Teegarden A,MOWEFR,13:55,14:45,SW,103
1870,HISP-S 200,LEC,CLOSED,,24,0,1,IN_PERSON,Amado R,MOWEFR,15:10,16:00,GA,0007
1871,HISP-S 200,LEC,CLOSED,,24,0,0,IN_PERSON,Maas M,MOWEFR,16:20,17:10,GA,0007
1872,HISP-S 250,LEC,OPEN,,24,5,0,IN_PERSON,Alishio-Caballero N,MOWEFR,15:10,16:00,GA,0013
1873,HISP-S 250,LEC,OPEN,,24,1,0,IN_PERSON,Shi V,MOWEFR,08:00,08:50,SW,221
1874,HISP-S 250,LEC,CLOSED,,24,0,1,IN_PERSON,Blumenau N,MOWEFR,09:10,10:00,GA,0013
1875,HISP-S 250,LEC,CLOSED,,24,0,3,IN_PERSON,Brandy A,MOWEFR,10:25,11:15,SW,221
1876,HISP-S 250,LEC,CLOSED,,24,0,0,IN_PERSON,Galarza Galarza I,MOWEFR,11:35,12:25,GA,0009
1877,HISP-S 250,LEC,CLOSED,,24,0,1,IN_PERSON,Umana Escobar F,MOWEFR,13:55,14:45,SW,220
1878,HISP-S 250,LEC,CLOSED,,24,0,1,IN_PERSON,Martan L,MOWEFR,13:55,14:45,LH,135
1879,HISP-S 250,LEC,CLOSED,,24,0,0,IN_PERSON,Blumenau N,MOWEFR,13:55,14:45,LH,125
1880,HISP-S 250,LEC,OPEN,,24,7,0,IN_PERSON,Galarza Galarza I,MOWEFR,15:10,16:00,GA,0005
1881,HISP-S 250,LEC,OPEN,,24,8,0,IN_PERSON,Umana Escobar F,MOWEFR,15:10,16:00,SW,220
1882,HISP-S 315,LEC,OPEN,,24,3,0,IN_PERSON,Staszkiewicz Garcia B,TUTH,09:35,10:50,BH,314
1883,HISP-S 326,LEC,OPEN,,24,8,0,IN_PERSON,Diaz-Campos M,TUTH,11:10,12:25,GA,0007
1884,HISP-X 490,LEC,OPEN,,5,5,0,,Risner J,,,,ARR,
1885,HISP-S 499,LEC,OPEN,,5,4,0,,Risner J,,,,ARR,
1886,HISP-S 802,LEC,OPEN,,5,5,0,,Willis E,,,,ARR,
1887,HISP-S 803,LEC,OPEN,,10,10,0,,Willis E,,,,ARR,
1888,HISP-S 805,LEC,OPEN,,20,6,0,,Willis E,,,,ARR,
1894,HIST-K 392,LEC,OPEN,,25,16,0,IN_PERSON,Hsia K,TH,15:55,18:25,BH,018
1895,SPH-A 483,LEC,OPEN,,14,7,0,IN_PERSON,Debro M,WE,18:40,21:10,BH,010
1896,SPH-B 589,LEC,OPEN,,40,28,0,,Jozkowski K,,,,WB,WEB
1897,SPH-I 106,LEC,OPEN,,60,50,0,IN_PERSON,Kugler R,TU,12:45,14:00,PH,013
1899,SPH-F 150,LEC,CLOSED,,100,0,0,IN_PERSON,Getz D,TUTH,09:35,10:50,PH,C100
1900,SPH-F 346,LEC,OPEN,,40,6,0,,Wong A,,,,WB,WEB
1901,SPH-F 453,LEC,OPEN,,20,5,0,IN_PERSON,James J,TUTH,09:35,10:50,BH,214
1902,SPH-G 901,LEC,OPEN,,60,43,0,,Macy J,,,,ARR,
1903,SPH-H 170,LEC,OPEN,,90,29,0,,Taylor A,,,,WB,WEB
1904,SPH-H 172,LEC,OPEN,,80,50,0,IN_PERSON,Sherry J,TUTH,11:10,12:25,LU,1001
1905,SPH-H 306,LEC,OPEN,,30,28,0,IN_PERSON,Sangmo D,TUTH,15:10,17:40,SE,010
1906,SPH-H 306,LEC,OPEN,,30,22,0,IN_PERSON,Barnhart C,MOWE,15:55,17:10,LH,004
1907,SPH-H 320,LEC,OPEN,,90,37,0,,Meek A,,,,WB,WEB
1908,SPH-H 403,LEC,OPEN,,20,17,0,,Mirza A,,,,ARR,
1910,SPH-K 506,LEC,OPEN,,4,4,0,IN_PERSON,Lion M,MOWE,11:10,12:25,PH,154
1912,SPH-K 791,LEC,OPEN,,10,10,0,,Shea J,,,,ARR,
1913,SPH-K 792,LEC,OPEN,,15,15,0,,Shea J,,,,ARR,
1914,SPH-N 120,LEC,OPEN,,75,6,0,IN_PERSON,Wiseman S,TUTH,08:00,08:50,LH,102
1915,SPH-N 120,LAB,OPEN,,15,2,0,IN_PERSON,Wiseman S,WE,13:30,16:30,PH,09
1916,SPH-N 231,LEC,OPEN,,152,1,0,IN_PERSON,Thiagarajah K; Spence L,TUTH,12:45,14:00,WH,101
1917,SPH-N 321,LEC,OPEN,,25,13,0,IN_PERSON,Getty V,MOWEFR,12:45,13:35,PH,012
1918,SPH-N 336,LEC,OPEN,,30,9,0,IN_PERSON,Thiagarajah K,TUTH,15:55,17:10,BH,227
1919,SPH-N 530,LEC,OPEN,,13,12,0,IN_PERSON,Aguree S; Thiagarajah K,MOWEFR,09:10,10:00,BH,006
1920,SPH-K 316,LEC,OPEN,,45,31,0,IN_PERSON,Singleton B,MOWEFR,08:00,08:50,BH,227
1921,SPH-M 318,LEC,CLOSED,,250,0,29,IN_PERSON,Renshler E,TUTH,12:45,14:00,FA,015
1922,SPH-T 201,LEC,OPEN,,110,21,0,IN_PERSON,Howell B,MOWEFR,12:45,13:35,BH,310
1923,SPH-O 214,LEC,CLOSED,,30,0,3,IN_PERSON,Erwin J,TU,15:55,17:55,GA,1106
1924,SPH-R 210,LEC,OPEN,,160,90,0,IN_PERSON,McKissock B,TUTH,08:00,09:15,WH,101
1925,SPH-O 310,LEC,OPEN,,28,15,0,IN_PERSON,Pontius J,TH,14:00,16:45,GY,2053
1926,SPH-T 311,LEC,OPEN,,62,22,0,IN_PERSON,Thomas C,MOWEFR,09:10,10:00,PH,013
1927,SPH-R 426,LEC,OPEN,,70,49,0,IN_PERSON,Berry D,TUTH,11:10,12:25,BH,008
1928,SPH-Y 470,LEC,OPEN,,40,13,0,IN_PERSON,McIntire J,TUTH,14:20,15:35,WY,125
1929,SPH-R 492,LEC,OPEN,,10,10,0,,Ramos W,,,,ARR,
1930,SPH-R 510,LEC,OPEN,,31,17,0,,Berry D,,,,WB,WEB
1939,HPSC-G 901,LEC,OPEN,,10,5,0,,Schickore J,,,,ARR,
1940,HPSC-X 392,LEC,OPEN,,10,10,0,,Schickore J,,,,ARR,
1941,HPSC-X 700,LEC,OPEN,,5,5,0,,Schickore J,,,,ARR,
1942,HPSC-X 800,LEC,OPEN,,15,10,0,,Schickore J,,,,ARR,
1943,INFO-I 101,LEC,OPEN,,160,11,0,IN_PERSON,Wood B; Wood S,TU,09:35,10:50,IF,1106
1944,INFO-I 101,LAB,OPEN,,32,1,0,IN_PERSON,Paul L,TUTH,12:45,14:05,I,109
1945,INFO-I 101,LAB,CLOSED,,32,0,1,IN_PERSON,Paul L,TUTH,11:10,12:25,I,109
1946,INFO-I 201,LEC,CLOSED,,75,0,2,IN_PERSON,Radicchi F,MOWE,11:10,12:25,LU,1001
1947,INFO-I 201,DIS,CLOSED,,24,0,0,IN_PERSON,Haghverdi E,FR,11:35,12:25,I,107
1948,INFO-I 210,LEC,OPEN,,60,1,0,IN_PERSON,Duncan J,MOWE,12:45,14:00,SB,015
1949,INFO-I 210,LAB,CLOSED,,35,0,0,IN_PERSON,Duncan J,TH,15:55,17:50,LI,028
1950,INFO-I 211,LEC,OPEN,,60,34,0,IN_PERSON,Hayes A,TUTH,15:55,17:10,IF,0117
1953,INFO-I 308,LEC,OPEN,,55,5,0,IN_PERSON,Pierz D,MOWE,15:55,17:10,I,E150
1954,INFO-I 494,LEC,OPEN,,260,37,0,IN_PERSON,Francisco M; El-Shamy J,TUTH,15:55,17:10,WH,100
1955,INFO-I 492,LEC,OPEN,,10,6,0,,Francisco M,,,,ARR,
1956,INFO-I 493,LEC,OPEN,,10,7,0,,Francisco M,,,,ARR,
1957,INFO-I 499,LEC,OPEN,,10,7,0,,Francisco M,,,,ARR,
1958,INFO-I 554,LEC,OPEN,,20,20,0,,Gray C,,,,ARR,
1959,INFO-I 692,LEC,OPEN,,12,12,0,,Ye Y,,,,SI,030
1960,MSCH-J 493,LEC,OPEN,,25,25,0,,Major L,,,,ARR,
1961,JSTU-H 100,LEC,OPEN,,14,4,0,IN_PERSON,Maoz-Levy M,MOWE,10:25,11:15,BH,306
1962,JSTU-H 100,LEC,OPEN,,14,2,0,IN_PERSON,Romashov D,MOWE,11:35,12:25,BH,306
1963,JSTU-H 300,LEC,OPEN,,8,2,0,IN_PERSON,Maoz-Levy M,MOWE,12:45,13:35,BH,215
1964,JSTU-H 399,LEC,OPEN,,5,5,0,,Romashov D,,,,ARR,
1965,JSTU-X 490,LEC,OPEN,,10,10,0,,Romashov D,,,,ARR,
1966,JSTU-H 499,LEC,OPEN,,10,10,0,,Romashov D,,,,ARR,
1967,JSTU-H 595,LEC,OPEN,,10,8,0,,Carlson Hasler L,,,,ARR,
1968,LAMP-L 316,LEC,OPEN,STAT MODEL FOR DECISION MAKING,20,7,0,IN_PERSON,Granger R,MOWEFR,13:15,14:30,BH,107
1969,LAMP-X 373,LEC,OPEN,,20,20,0,,Benard S,,,,ARR,
1970,LATS-X 490,LEC,CLOSED,,0,0,0,,Otero S,,,,ARR,
1971,LAW-B 542,LEC,OPEN,,30,8,0,IN_PERSON,McFadden L,THFR,09:50,10:45,LW,120
1972,LAW-B 542,LEC,OPEN,,30,8,0,IN_PERSON,Freitag J,THFR,10:55,11:50,LW,122
1973,LAW-B 542,LEC,OPEN,,30,7,0,IN_PERSON,Daghe L,THFR,09:50,10:45,LW,121
1974,LAW-B 542,LEC,OPEN,,30,8,0,IN_PERSON,Miller J,THFR,10:55,11:50,LW,120
1975,LAW-B 600,LEC,OPEN,,100,90,0,,,,,,ARR,
1976,LAW-B 650,LEC,OPEN,,44,12,0,IN_PERSON,McMahon S,TUTH,13:20,14:45,LW,120
1977,LAW-B 674,LEC,OPEN,,100,59,0,,Krishnan J,,,,ARR,
1978,LAW-B 674,LEC,OPEN,,100,38,0,,Sanders S,,,,ARR,
1980,LAW-B 706,LEC,OPEN,,100,90,0,,,,,,ARR,
1984,LAW-B 798,LEC,OPEN,,50,41,0,,,,,,ARR,
1985,LAW-B 799,LEC,OPEN,,20,20,0,,,,,,ARR,
1986,AFRI-B 101,LEC,OPEN,,34,21,0,IN_PERSON,Sow A,MOWE,11:35,12:25,BH,208
1987,AFRI-B 201,LEC,OPEN,,35,16,0,IN_PERSON,Sow A,MOWE,12:45,14:00,WY,125
1988,AFRI-B 301,LEC,OPEN,,14,14,0,IN_PERSON,Sow A,TUTH,12:45,14:00,BH,106
1989,LING-G 901,LEC,OPEN,,30,21,0,,Kuebler S,,,,ARR,
1990,LING-L 103,LEC,OPEN,,120,66,0,IN_PERSON,Bunger A,MOWE,10:25,11:15,BH,110
1991,LING-L 103,DIS,OPEN,,30,15,0,IN_PERSON,Benavides P. J,FR,09:10,10:00,BH,208
1992,LING-L 103,DIS,OPEN,,30,17,0,IN_PERSON,Amick A,FR,11:35,12:25,BH,307
1993,LING-L 103,DIS,OPEN,,30,14,0,IN_PERSON,Benavides P. J,FR,10:25,11:15,BH,343
1994,LING-L 399,LEC,OPEN,,10,10,0,,Bunger A,,,,ARR,
1995,LING-X 490,LEC,OPEN,,10,10,0,,Chelliah S,,,,ARR,
1996,LING-L 499,LEC,OPEN,,10,10,0,,Nesbitt M,,,,ARR,
1997,AFRI-L 506,LEC,OPEN,,8,8,0,,Okelo B,,,,ARR,
1998,LING-L 543,LEC,OPEN,,16,4,0,IN_PERSON,Vance B,TUTH,12:45,14:00,SW,103
1999,LING-L 690,LEC,OPEN,,10,10,0,,Bunger A,,,,ARR,
2000,LING-L 695,LEC,OPEN,,5,5,0,,Kuebler S,,,,ARR,
2001,LING-L 800,LEC,OPEN,,40,33,0,,Kuebler S,,,,ARR,
2002,AFRI-S 301,LEC,OPEN,,8,7,0,IN_PERSON,Okelo B,MOWE,14:20,15:35,SE,009
2003,LSTU-L 101,LEC,OPEN,,20,3,0,,Varga J,,,,WB,WEB
2004,LSTU-L 385,LEC,OPEN,,20,6,0,,Chevalier A,,,,WB,WEB
2008,LTAM-X 490,LEC,OPEN,,5,5,0,,Konwest E,,,,ARR,
2009,LTAM-X 800,LEC,OPEN,,10,10,0,,Konwest E,,,,ARR,
2010,MATH-D 116,LEC,CLOSED,,60,0,2,IN_PERSON,Lahiri A; Pandey A,MOWEFR,11:35,12:25,BH,304
2011,MATH-D 116,LEC,CLOSED,,60,0,1,IN_PERSON,Lahiri A,MOWEFR,12:45,13:35,BH,304
2012,MATH-D 116,LEC,OPEN,,60,1,0,IN_PERSON,Lahiri A; Xu J,MOWEFR,13:55,14:45,BH,304
2013,MATH-M 118,LEC,CLOSED,,251,0,11,IN_PERSON,Kattner G,MOWEFR,09:10,10:00,RH,100
2014,MATH-M 118,LEC,CLOSED,,251,0,2,IN_PERSON,Kattner G,MOWEFR,08:00,08:50,RH,100
2020,MATH-M 120,LEC,CLOSED,,60,0,3,IN_PERSON,Pena Pollastri H,MOWEFR,13:55,14:45,GA,1122
2047,MATH-M 211,LEC,CLOSED,,58,0,3,IN_PERSON,Duncan P,MOWEFR,13:55,14:45,BH,005
2048,MATH-M 211,RCT,CLOSED,,29,0,2,IN_PERSON,Duncan P; Garmon C,TH,13:55,14:45,BH,143
2049,MATH-M 211,RCT,CLOSED,,29,0,1,IN_PERSON,Duncan P; Kroth J,TH,13:55,14:45,BH,243
2050,MATH-M 211,LEC,CLOSED,,64,0,2,IN_PERSON,Clarkson C,MOWEFR,09:10,10:00,GA,1128
2051,MATH-M 211,RCT,CLOSED,,32,0,2,IN_PERSON,Clarkson C; Kashef G,TH,09:10,10:00,BH,243
2052,MATH-M 211,RCT,CLOSED,,32,0,0,IN_PERSON,Clarkson C; Compton A,TH,09:10,10:00,BH,143
2053,MATH-M 211,LEC,CLOSED,,58,0,11,IN_PERSON,Duncan P,MOWEFR,12:45,13:35,WH,121
2054,MATH-M 211,RCT,CLOSED,,29,0,8,IN_PERSON,Duncan P; Kroth J,TU,12:45,13:35,BH,243
2055,MATH-M 211,RCT,CLOSED,,29,0,3,IN_PERSON,Duncan P; Garmon C,TU,12:45,13:35,BH,143
2056,MATH-M 211,LEC,CLOSED,,58,0,5,IN_PERSON,Marian M,MOWEFR,10:25,11:15,WH,121
2057,MATH-M 211,RCT,CLOSED,,29,0,2,IN_PERSON,Marian M; Nowshad M,TH,10:25,11:15,BH,143
2058,MATH-M 211,RCT,CLOSED,,29,0,3,IN_PERSON,Marian M; Doig C,TH,10:25,11:15,BH,243
2059,MATH-M 211,LEC,CLOSED,,58,0,17,IN_PERSON,Pena Pollastri H,MOWEFR,11:35,12:25,BH,005
2060,MATH-M 211,RCT,CLOSED,,29,0,14,IN_PERSON,Pena Pollastri H; Rosnick N,TU,11:35,12:25,BH,243
2061,MATH-M 211,RCT,CLOSED,,29,0,3,IN_PERSON,Pena Pollastri H; Bieneman J,TU,11:35,12:25,BH,143
2062,MATH-M 211,LEC,CLOSED,,58,0,2,IN_PERSON,Hendrickson J,MOWEFR,13:55,14:45,BH,006
2063,MATH-M 211,RCT,CLOSED,,29,0,2,IN_PERSON,Hendrickson J; Nowshad M,TU,13:55,14:45,BH,243
2064,MATH-M 211,RCT,CLOSED,,29,0,0,IN_PERSON,Hendrickson J; Liu X,TU,13:55,14:45,BH,143
2066,MATH-M 301,LEC,OPEN,,32,1,0,IN_PERSON,Sorensen E,TUTH,09:35,10:50,LH,008
2067,MATH-M 311,LEC,OPEN,,29,4,0,IN_PERSON,Judge C,MOTUWETHFR,10:25,11:15,BH,242
2068,MATH-M 312,LEC,OPEN,,25,2,0,IN_PERSON,Gerber M,MOWEFR,11:35,12:25,JH,440
2069,MATH-M 365,LEC,OPEN,,40,12,0,IN_PERSON,Baerlin J,MOWEFR,09:10,10:00,WY,115
2070,MATH-M 403,LEC,OPEN,,35,22,0,IN_PERSON,Libine M,MOWEFR,10:25,11:15,BH,243
2071,MATH-M 403,LEC,OPEN,,10,4,0,IN_PERSON,Lindenstrauss A,MOWEFR,11:35,12:25,BH,138
2072,MATH-M 441,LEC,OPEN,,35,11,0,IN_PERSON,Jolly M,TUTH,14:20,15:35,WH,005
2073,MATH-M 463,LEC,CLOSED,,40,0,0,IN_PERSON,Ciucu M,TUTH,14:20,15:35,LI,026
2074,MATH-M 471,LEC,OPEN,,30,19,0,IN_PERSON,Zumbrun K,TUTH,11:10,12:25,SE,010
2075,MATH-M 501,LEC,OPEN,,16,5,0,IN_PERSON,Bodish E,TUTH,11:10,12:25,RH,104
2076,MATH-M 511,LEC,CLOSED,,12,0,0,IN_PERSON,Gerber M,TUTH,09:35,10:50,RH,368
2077,MATH-M 513,LEC,OPEN,,10,5,0,IN_PERSON,Weber M,TUTH,11:10,12:25,RH,368
2078,MATH-M 563,LEC,OPEN,,16,6,0,IN_PERSON,Zumbrun K,TUTH,12:45,14:00,RH,104
2079,MATH-M 599,LEC,OPEN,,70,64,0,IN_PERSON,Davis J,MOTUWETHFR,15:55,17:25,SE,105
2080,MATH-M 800,LEC,OPEN,,10,10,0,IN_PERSON,Snyder N,MO,16:10,17:40,RH,104
2081,MATH-M 800,LEC,OPEN,,10,10,0,,Sternberg P,,,,ARR,
2082,MATH-M 800,LEC,OPEN,,10,10,0,IN_PERSON,Mandell M,TUTH,14:20,15:35,RH,104
2083,MATH-M 800,LEC,OPEN,,10,10,0,IN_PERSON,Bainbridge M,MO,15:30,16:30,RH,316
2084,MATH-M 800,LEC,OPEN,,25,25,0,IN_PERSON,Moss L,WE,15:10,16:40,WH,104
2085,MATH-M 800,LEC,OPEN,,10,10,0,IN_PERSON,Mandell M,WE,16:00,17:30,RH,104
2086,MATH-M 800,LEC,OPEN,,10,10,0,IN_PERSON,Levenberg N,WE,16:00,17:30,RH,368
2087,MATH-M 800,LEC,OPEN,,10,10,0,IN_PERSON,Bainbridge M,TH,15:50,16:50,RH,104
2088,MATH-M 800,LEC,OPEN,,10,10,0,,Bercovici H,,,,ARR,
2089,MATH-M 800,LEC,OPEN,,10,10,0,IN_PERSON,Lyons R,TH,15:55,17:10,RH,368
2091,MATH-S 403,LEC,OPEN,,14,6,0,IN_PERSON,Lindenstrauss A,MOWEFR,11:35,12:25,BH,138
2092,MATH-S 463,LEC,CLOSED,,40,0,0,IN_PERSON,Ciucu M,TUTH,14:20,15:35,LI,026
2093,MATH-S 499,LEC,OPEN,,25,23,0,,Le N,,,,ARR,
2094,MATH-T 336,LEC,OPEN,,30,17,0,IN_PERSON,Touraev V,MOWEFR,12:45,13:35,SE,240
2095,MIL-G 101,LEC,OPEN,,40,32,0,IN_PERSON,Vargas R; Walton T; Robinson T; Bynum D,TU,12:45,13:35,BH,206
2096,MIL-G 101,LEC,OPEN,,65,53,0,IN_PERSON,Vargas R; Walton T; Robinson T; Bynum D,WE,10:25,11:15,PH,013
2097,MIL-G 101,LAB,OPEN,,50,30,0,IN_PERSON,Bynum D; Walton T; Yust T; Robinson T; Vargas R; Cross J; Ballou E,TH,15:00,19:00,HD,TBA
2098,MIL-G 201,LEC,OPEN,,34,17,0,IN_PERSON,Vargas R; Walton T; Yust T; Ballou E,MO,13:55,16:00,BH,307
2099,MIL-G 201,LEC,OPEN,,23,7,0,IN_PERSON,Vargas R; Walton T; Yust T; Ballou E,TU,13:55,16:00,BH,134
2100,MIL-G 201,LAB,OPEN,,35,2,0,IN_PERSON,Bynum D; Walton T; Yust T; Robinson T; Vargas R; Cross J; Ballou E,TH,15:00,19:00,HD,TBA
2101,MIL-G 290,LEC,OPEN,,20,19,0,,Walton T,,,,ARR,
2102,MIL-G 301,LEC,OPEN,LEADERSHIP & PROBLEM SOLVING,22,9,0,IN_PERSON,Walton T; Vargas R; Cross J,TUTH,09:35,10:50,BH,318
2103,MIL-G 301,LAB,OPEN,LEADERSHIP & PROBLEM SOLVING,35,3,0,IN_PERSON,Bynum D; Walton T; Yust T; Robinson T; Vargas R; Cross J; Ballou E,TH,15:00,19:00,HD,TBA
2104,MIL-G 401,LEC,OPEN,LEADERSHIP & MANAGEMENT,31,7,0,IN_PERSON,Vargas R; Walton T,TU,10:25,12:25,BH,118
2105,MIL-G 401,LAB,OPEN,LEADERSHIP & MANAGEMENT,30,6,0,IN_PERSON,Bynum D; Walton T; Yust T; Robinson T; Vargas R; Cross J; Ballou E,TH,15:00,19:00,HD,TBA
2106,MSCI-M 131,LEC,OPEN,,76,34,0,IN_PERSON,Davis J; Clark P,MOWEFR,11:35,12:25,WH,003
2107,MSCI-M 216,LEC,OPEN,,68,1,0,IN_PERSON,Martin B,TUTH,14:20,15:35,BH,008
2108,MSCI-M 450,LEC,OPEN,,20,19,0,,O'Hagan H,,,,ARR,
2109,MSCI-M 490,LEC,CLOSED,,0,0,0,,,,,,ARR,
2110,MSCI-M 499,LEC,OPEN,,12,11,0,,Clark P; Dunham S; Hanson D; Davis J,,,,ARR,
2111,MUS-A 101,LAB,CLOSED,,11,0,0,IN_PERSON,Mazurek M,FR,13:55,14:45,MC,405
2112,MUS-A 101,LAB,OPEN,,11,4,0,IN_PERSON,Mazurek M,FR,15:10,16:00,MC,405
2113,MUS-A 111,LEC,OPEN,,20,2,0,IN_PERSON,Stucker M,MOFR,10:25,11:15,SM,C164
2114,MUS-A 201,LEC,OPEN,,20,1,0,IN_PERSON,Mazurek M,MOFR,09:10,10:00,SM,C164
2115,MUS-A 211,LEC,OPEN,,20,1,0,IN_PERSON,Stucker M,MOFR,11:35,12:25,SM,C164
2116,MUS-A 350,LEC,OPEN,,20,3,0,IN_PERSON,Figurelli D,WE,15:10,16:30,SM,354
2117,MUS-A 370,LEC,CLOSED,,7,0,0,IN_PERSON,Treanor G,WE,12:45,15:55,MC,405
2118,MUS-A 461,LEC,OPEN,,20,18,0,,Strauss K,,,,ARR,
2119,MUS-A 470,LEC,OPEN,,12,2,0,IN_PERSON,Belser J; Stucker M,TH,18:40,21:40,MC,062
2120,MUS-A 480,LEC,OPEN,,10,6,0,,Strauss K,,,,ARR,
2121,MUS-B 150,LEC,OPEN,,6,5,0,,Tartell J,,,,ARR,
2122,MUS-B 410,LEC,OPEN,,15,9,0,,Bush A,,,,ARR,
2123,MUS-B 410,LEC,OPEN,,18,10,0,,Seraphinoff R,,,,ARR,
2124,MUS-B 420,LEC,OPEN,,20,20,0,,Bush A,,,,ARR,
2125,MUS-B 420,LEC,OPEN,,18,2,0,,Bergman J,,,,ARR,
2126,MUS-B 430,LEC,OPEN,,20,14,0,,Bush A,,,,ARR,
2128,MUS-B 430,LEC,OPEN,,18,6,0,,Lasch B,,,,ARR,
2129,MUS-B 430,LEC,OPEN,,18,9,0,,Ellefson P,,,,ARR,
2130,MUS-B 440,LEC,OPEN,,10,6,0,,Bush A,,,,ARR,
2131,MUS-B 440,LEC,OPEN,,18,16,0,,Hightower M,,,,ARR,
2132,MUS-B 450,LEC,OPEN,,10,4,0,,Bush A,,,,ARR,
2133,MUS-B 450,LEC,OPEN,,18,18,0,,Hightower M,,,,ARR,
2134,MUS-B 601,LEC,OPEN,,10,7,0,,Cartledge D,,,,ARR,
2135,MUS-B 602,LEC,OPEN,,20,18,0,,Cartledge D,,,,ARR,
2136,MUS-B 710,LEC,OPEN,,10,9,0,,Tartell J,,,,ARR,
2137,MUS-B 720,LEC,OPEN,,10,3,0,,Tartell J; Burn M,,,,ARR,
2138,MUS-B 730,LEC,OPEN,,10,7,0,,Tartell J,,,,ARR,
2139,MUS-B 740,LEC,OPEN,,4,4,0,,Tartell J,,,,ARR,
2140,MUS-B 750,LEC,OPEN,,6,5,0,,Tartell J,,,,ARR,
2141,MUS-B 810,LEC,OPEN,,5,5,0,,Seraphinoff R,,,,ARR,
2142,MUS-B 820,LEC,OPEN,,5,5,0,,Bergman J,,,,ARR,
2143,MUS-B 820,LEC,OPEN,,5,5,0,,Tartell J,,,,ARR,
2145,MUS-B 830,LEC,OPEN,,5,5,0,,Lasch B,,,,ARR,
2146,MUS-B 830,LEC,OPEN,,5,5,0,,Ellefson P,,,,ARR,
2147,MUS-B 840,LEC,OPEN,,5,5,0,,Hightower M,,,,ARR,
2148,MUS-B 850,LEC,OPEN,,5,5,0,,Hightower M,,,,ARR,
2149,MUS-B 910,LEC,OPEN,,5,4,0,,Seraphinoff R,,,,ARR,
2150,MUS-B 910,LEC,OPEN,,10,9,0,,Bush A,,,,ARR,
2151,MUS-B 920,LEC,OPEN,,10,10,0,,Bush A,,,,ARR,
2152,MUS-B 920,LEC,OPEN,,18,14,0,,Bergman J,,,,ARR,
2153,MUS-B 920,LEC,OPEN,,18,13,0,,Curnow J,,,,ARR,
2154,MUS-B 930,LEC,OPEN,,10,7,0,,Bush A,,,,ARR,
2156,MUS-B 930,LEC,OPEN,,18,10,0,,Lasch B,,,,ARR,
2158,MUS-B 940,LEC,OPEN,,18,18,0,,Bush A,,,,ARR,
2159,MUS-B 940,LEC,OPEN,,18,16,0,,Hightower M,,,,ARR,
2160,MUS-B 950,LEC,OPEN,,10,10,0,,Bush A,,,,ARR,
2161,MUS-B 950,LEC,OPEN,,18,14,0,,Hightower M,,,,ARR,
2162,MUS-D 100,LEC,CLOSED,,32,0,1,,Gramley J; Sheely W,,,,ARR,
2163,MUS-D 400,LEC,OPEN,,50,8,0,,Bush A,,,,ARR,
2164,MUS-D 400,LEC,OPEN,,18,18,0,,Bobo K,,,,ARR,
2165,MUS-D 400,LEC,OPEN,,9,9,0,,Tafoya J,,,,ARR,
2166,MUS-D 400,LEC,OPEN,,14,14,0,,Dobbins S,,,,ARR,
2167,MUS-D 601,LEC,OPEN,,5,4,0,,Cartledge D,,,,ARR,
2168,MUS-D 700,LEC,CLOSED,,32,0,0,,Gramley J; Sheely W,,,,ARR,
2169,MUS-D 800,LEC,OPEN,,5,5,0,,Bobo K,,,,ARR,
2170,MUS-D 800,LEC,OPEN,,5,5,0,,Tafoya J,,,,ARR,
2171,MUS-D 800,LEC,OPEN,,5,5,0,,Dobbins S,,,,ARR,
2172,MUS-D 900,LEC,OPEN,,15,1,0,,Bush A,,,,ARR,
2173,MUS-D 900,LEC,OPEN,,5,5,0,,Bobo K,,,,ARR,
2174,MUS-D 900,LEC,OPEN,,5,5,0,,Tafoya J,,,,ARR,
2175,MUS-D 900,LEC,OPEN,,5,5,0,,Dobbins S,,,,ARR,
2176,MUS-E 306,LEC,CLOSED,,10,0,1,IN_PERSON,Colon E,WE,11:10,12:15,JS,225
2177,MUS-E 312,LEC,OPEN,,17,2,0,IN_PERSON,Shaw B,MOWE,09:10,10:00,MC,036
2178,MUS-E 493,LEC,OPEN,,12,5,0,IN_PERSON,Sohn A,TUTH,15:30,16:20,MA,004
2179,MUS-E 494,LEC,OPEN,,20,10,0,IN_PERSON,Hootman R; Horne B,MOWEFR,09:10,10:00,MA,007
2180,MUS-E 503,LEC,CLOSED,,10,0,2,IN_PERSON,Zweig M,WE,13:55,14:45,MU,204
2181,MUS-E 506,LEC,CLOSED,,10,0,0,IN_PERSON,Colon E,WE,11:10,12:15,JS,225
2182,MUS-E 512,LEC,OPEN,,25,25,0,,Tartell J,,,,ARR,
2183,MUS-E 533,LEC,OPEN,,10,10,0,,Richerme L,,,,ARR,
2184,MUS-E 545,LEC,OPEN,,10,10,0,,Richerme L,,,,ARR,
2185,MUS-E 600,LEC,OPEN,,10,10,0,,Cartledge D,,,,ARR,
2186,MUS-E 662,LEC,OPEN,,15,14,0,,Richerme L,,,,ARR,
2187,MUS-E 700,LEC,OPEN,,40,36,0,,Cartledge D,,,,ARR,
2188,MUS-F 200,LEC,OPEN,,22,22,0,IN_PERSON,Diaz F,FR,12:45,14:00,MC,036
2189,MUS-F 205,LEC,OPEN,,25,18,0,IN_PERSON,Diaz F,MOTUWETHFR,08:00,08:50,SM,149C
2190,MUS-F 261,LEC,CLOSED,,18,0,0,IN_PERSON,Brenner B,MOTUWETHFR,13:50,14:40,MA,454
2191,MUS-F 281,LEC,OPEN,,18,18,0,IN_PERSON,Diaz F,MOTUWETH,09:10,10:00,MC,070
2192,MUS-F 300,LEC,OPEN,,14,8,0,IN_PERSON,Kashiwagi T,TU,11:35,12:25,JS,315
2193,MUS-F 337,LEC,OPEN,,22,22,0,IN_PERSON,Diaz F,MOTUWETH,12:45,13:35,MA,454
2194,MUS-F 338,LEC,OPEN,,16,7,0,IN_PERSON,Gramley J; Jaisen J,MOTUWETHFR,08:00,08:50,MC,070
2195,MUS-F 400,LEC,OPEN,,5,5,0,,Adams K,,,,ARR,
2196,MUS-F 419,LEC,OPEN,BASS ORCHESTRAL REPERTOIRE,10,2,0,IN_PERSON,Muroki K,WE,14:50,16:15,MC,036
2197,MUS-F 457,LEC,OPEN,,5,5,0,,Adams K,,,,ARR,
2198,MUS-F 466,LEC,CLOSED,,15,0,4,IN_PERSON,Galus T,TUTH,10:25,11:15,MC,066
2200,MUS-F 590,LEC,OPEN,,5,5,0,IN_PERSON,Galus T,TUTH,10:25,11:15,MC,066
2201,MUS-F 603,LEC,OPEN,,2,2,0,,Gramley J; Bobo K,,,,ARR,
2202,MUS-G 370,LEC,CLOSED,,10,0,0,IN_PERSON,DiOrio D; Keat K,MOTUWETHFR,08:00,08:50,MA,405
2203,MUS-G 370,LEC,OPEN,,10,3,0,IN_PERSON,Wegner B; DiOrio D,MOTUWETHFR,11:35,12:25,MA,405
2204,MUS-G 373,LEC,OPEN,,12,4,0,IN_PERSON,Nam J,TUTH,10:25,12:25,MA,452
2205,MUS-G 555,LEC,OPEN,,12,3,0,IN_PERSON,Richards G,MOWEFR,10:25,11:15,MA,405
2206,MUS-G 560,LEC,OPEN,,12,3,0,IN_PERSON,Richards G,MOWEFR,10:25,11:15,MA,405
2207,MUS-G 571,LEC,OPEN,,8,6,0,IN_PERSON,Fagen A; Meyer J; Wilkins T,MOWEFR,10:25,11:25,MC,070
2208,MUS-G 603,LEC,OPEN,,5,5,0,,Cartledge D,,,,ARR,
2209,MUS-G 605,LEC,OPEN,,5,5,0,,Cartledge D,,,,ARR,
2210,MUS-G 671,LEC,CLOSED,,6,0,0,IN_PERSON,Fagen A; Meyer J; Wilkins T,MOWEFR,10:25,11:25,MC,070
2211,MUS-G 801,LEC,OPEN,,5,5,0,,Cartledge D,,,,ARR,
2212,MUS-G 802,LEC,OPEN,,5,5,0,,Cartledge D,,,,ARR,
2213,MUS-G 810,LEC,OPEN,,5,4,0,,Cartledge D,,,,ARR,
2214,MUS-G 811,LEC,OPEN,,5,4,0,,Cartledge D,,,,ARR,
2215,MUS-G 901,LEC,OPEN,,150,89,0,,Cartledge D,,,,ARR,
2217,MUS-H 400,LEC,OPEN,,10,10,0,,Bush A,,,,ARR,
2218,MUS-H 601,LEC,OPEN,,5,5,0,,Cartledge D,,,,ARR,
2219,MUS-H 602,LEC,OPEN,,5,5,0,,Cartledge D,,,,ARR,
2220,MUS-H 603,LEC,OPEN,,5,5,0,,Cartledge D,,,,ARR,
2221,MUS-H 604,LEC,OPEN,,5,5,0,,Cartledge D,,,,ARR,
2223,MUS-H 900,LEC,OPEN,,16,16,0,,Bush A,,,,ARR,
2224,MUS-I 411,LEC,OPEN,,30,30,0,,Adams K,,,,ARR,
2225,MUS-I 412,LEC,OPEN,,30,30,0,,Adams K,,,,ARR,
2226,MUS-I 500,LEC,OPEN,,25,8,0,IN_PERSON,Kalinovsky G,TH,18:45,20:35,SM,015
2227,MUS-I 500,LEC,OPEN,,25,14,0,IN_PERSON,Gill B,WE,18:00,20:00,SM,015
2228,MUS-I 500,LEC,OPEN,,300,278,0,,Bush A,,,,ARR,
2229,MUS-I 500,LEC,OPEN,,18,5,0,IN_PERSON,Arad A,FR,12:45,14:35,MA,404
2231,MUS-I 500,LEC,OPEN,,18,9,0,IN_PERSON,Barker E,TU,12:45,14:15,MA,404
2232,MUS-I 500,LEC,OPEN,,18,3,0,IN_PERSON,Colon E,TU,19:00,21:00,MC,036
2233,MUS-I 500,LEC,OPEN,,25,10,0,IN_PERSON,Muroki K,TU,12:45,14:15,MA,452
2234,MUS-I 500,LEC,OPEN,,18,5,0,IN_PERSON,Hopper A,TU,20:30,22:00,MA,004
2235,MUS-I 500,LEC,OPEN,,16,4,0,IN_PERSON,Chang L,TU,20:15,21:45,MA,454
2236,MUS-I 500,LEC,OPEN,,25,14,0,IN_PERSON,Murphy Jr O,TH,19:00,21:00,MC,066
2237,MUS-I 500,LEC,OPEN,,25,11,0,IN_PERSON,Naoumoff E,TU,20:30,22:00,SM,015
2238,MUS-I 500,LEC,OPEN,,25,5,0,IN_PERSON,Hightower M,WE,20:00,22:00,MC,040
2239,MUS-I 500,LEC,OPEN,,6,5,0,IN_PERSON,Matthews I,TU,19:00,20:45,MU,205
2240,MUS-I 500,LEC,OPEN,,25,16,0,IN_PERSON,Seraphinoff R,TH,19:00,20:30,SM,350
2241,MUS-I 500,LEC,OPEN,,25,9,0,IN_PERSON,Markgraf K,WE,19:00,20:30,SM,005
2242,MUS-I 500,LEC,CLOSED,,20,0,0,IN_PERSON,Dutton J,TU,19:00,21:00,MC,040
2243,MUS-I 500,LEC,OPEN,,16,9,0,IN_PERSON,Zweig M,FR,14:00,16:00,MU,204
2244,MUS-I 611,LEC,OPEN,,120,90,0,,Cartledge D,,,,ARR,
2245,MUS-I 711,LEC,OPEN,,200,48,0,,Cartledge D,,,,ARR,
2246,MUS-I 821,LEC,OPEN,,20,5,0,,Cartledge D,,,,ARR,
2247,MUS-I 821,LEC,OPEN,,15,15,0,,Cartledge D,,,,ARR,
2248,MUS-I 911,LEC,OPEN,,25,16,0,,Cartledge D,,,,ARR,
2249,MUS-I 921,LEC,OPEN,,15,9,0,,Cartledge D,,,,ARR,
2250,MUS-J 100,LEC,OPEN,,25,9,0,IN_PERSON,Allen R; Wroth S,TUTH,09:00,10:00,MC,309
2251,MUS-J 100,LEC,OPEN,,35,18,0,IN_PERSON,Janes R; Wroth S,TUTH,09:45,11:00,MC,305
2252,MUS-J 100,LEC,OPEN,,25,12,0,IN_PERSON,Wroth S; Janes R,MOWE,10:15,11:20,MC,305
2253,MUS-J 400,LEC,OPEN,,75,8,0,IN_PERSON,Wroth S; Gray K; Janes S; Claessens C; Veyette L,MOWEFR,11:30,14:30,MC,305
2254,MUS-J 700,LEC,OPEN,,25,9,0,IN_PERSON,Allen R; Wroth S,TUTH,09:00,10:00,MC,309
2255,MUS-J 700,LEC,OPEN,,35,18,0,IN_PERSON,Janes R; Wroth S,TUTH,09:45,11:00,MC,305
2256,MUS-J 700,LEC,OPEN,,25,12,0,IN_PERSON,Wroth S; Janes R,MOWE,10:15,11:20,MC,305
2257,MUS-K 100,LEC,OPEN,,14,14,0,,Travers A; Yoon J; Pacheco L; Makkonen J,,,,ARR,
2258,MUS-K 133,LEC,OPEN,,16,5,0,IN_PERSON,Travers A; Yoon J,MOWE,11:35,12:25,SM,350
2259,MUS-K 214,LEC,CLOSED,,13,0,0,IN_PERSON,Travers A; Pacheco L,TUTH,10:25,11:15,SM,294
2260,MUS-K 231,LEC,OPEN,,11,2,0,IN_PERSON,Travers A; Makkonen J,MOWE,11:35,12:25,SM,263
2261,MUS-K 400,LEC,OPEN,,40,24,0,,Bush A,,,,ARR,
2262,MUS-K 400,LEC,OPEN,,10,10,0,,Dzubay D,,,,ARR,
22628,REL-R 667,LEC,OPEN,,14,9,0,IN_PERSON,Harriss C,TU,16:00,18:30,SY,224
22629,REL-R 767,LEC,OPEN,,14,9,0,IN_PERSON,Harriss C,TU,16:00,18:30,SY,224
2263,MUS-K 402,LEC,OPEN,,10,10,0,,Adams K,,,,ARR,
22630,MATH-B 110,LEC,CLOSED,,240,0,2,IN_PERSON,Hill M,MOWEFR,09:10,10:00,JH,124
22631,MATH-B 110,LEC,CLOSED,,80,0,1,IN_PERSON,Graham N,MOWEFR,16:20,17:10,SW,007
22632,MATH-B 110,LEC,CLOSED,,80,0,1,IN_PERSON,Edwards A,MOWEFR,15:10,16:00,SW,007
22635,EAS-E 103,LEC,CLOSED,,90,0,12,,Stevens Goddard A,,,,WB,WEB
22636,BIOL-B 221,LEC,OPEN,,12,4,0,IN_PERSON,Kehoe D,TUTH,11:10,12:25,JH,065
22637,THTR-T 229,LEC,OPEN,,12,6,0,IN_PERSON,Hausmann T,MOWE,12:45,14:00,TH,A205
22638,THTR-T 408,LEC,OPEN,,12,8,0,IN_PERSON,Milam H,MOWE,11:10,12:25,TH,A203
22639,THTR-T 508,LEC,OPEN,,12,8,0,IN_PERSON,Milam H,MOWE,11:10,12:25,TH,A203
2264,MUS-K 403,LEC,CLOSED,,12,0,0,IN_PERSON,Gibson J,TU,11:10,12:25,MC,302
22641,EAS-E 131,LEC,CLOSED,,60,0,23,,Brassell S,,,,WB,WEB
22642,EAS-E 314,LEC,OPEN,,32,13,0,IN_PERSON,Lilien D,MOWEFR,11:35,12:25,GY,2049
22643,EAS-E 330,LEC,OPEN,,30,21,0,IN_PERSON,Rader S,TUTH,09:35,10:50,GY,2064
22644,EAS-A 364,LEC,OPEN,,30,6,0,IN_PERSON,Kirkpatrick C,TUTH,11:10,12:25,GY,2049
22645,EAS-G 564,LEC,OPEN,,15,12,0,IN_PERSON,Kieu C,TUTH,11:10,12:25,GY,5051
2265,MUS-K 406,LEC,OPEN,,12,2,0,IN_PERSON,Kwapis O,TH,11:10,12:25,MC,302
22654,THTR-T 426,LEC,OPEN,,10,7,0,IN_PERSON,Lucas R,TUTH,08:00,09:15,TH,A205
22655,THTR-T 506,LEC,OPEN,,10,7,0,IN_PERSON,Lucas R,TUTH,08:00,09:15,TH,A205
22658,COGS-Q 380,LEC,OPEN,,105,89,0,IN_PERSON,Schoenemann P,TUTH,17:30,18:45,GY,1045
22659,COGS-Q 540,LEC,OPEN,,23,11,0,IN_PERSON,Favela L,MOWE,14:20,15:35,PY,120A
2266,MUS-K 451,LEC,OPEN,,12,5,0,IN_PERSON,Travers A,MOWE,10:25,11:15,SM,263
22660,COGS-Q 580,LEC,OPEN,,25,13,0,IN_PERSON,Beer R,TUTH,09:35,10:50,GY,3060
22661,PHSL-P 225,LAB,OPEN,,26,1,0,IN_PERSON,Donovan E,FR,12:40,14:35,C2,120
22662,NURS-B 344,LEC,OPEN,,15,11,0,,Haithcox S,,,,WB,WEB
22663,NURS-P 345,LEC,OPEN,,15,12,0,,Mouser A,,,,WB,WEB
22664,NURS-B 290,LEC,OPEN,,60,1,0,IN_PERSON,Murray B,MO,08:30,11:30,AH,C1001X
22665,NURS-B 290,LEC,OPEN,,60,1,0,IN_PERSON,Eads S,WE,08:30,11:30,AH,C1001Y
22666,THTR-T 451,LEC,OPEN,,10,4,0,IN_PERSON,Baldwin J,MOWE,08:00,09:15,TH,A002
22667,THTR-T 551,LEC,OPEN,,10,4,0,IN_PERSON,Baldwin J,MOWE,08:00,09:15,TH,A002
22668,THTR-T 505,LEC,OPEN,,20,2,0,IN_PERSON,Johnson S; Lucas R,FR,10:00,11:45,TH,A205
2267,MUS-K 503,LEC,CLOSED,,12,0,0,IN_PERSON,Gibson J,TU,11:10,12:25,MC,302
22670,POLS-Y 249,LEC,CLOSED,,50,0,2,IN_PERSON,Weinman M,MOWE,09:35,10:50,AC,C112
22671,POLS-Y 319,LEC,CLOSED,,77,0,5,IN_PERSON,Adams Plooster M,MOWE,09:35,10:50,SE,140
22672,POLS-Y 329,LEC,CLOSED,,89,0,5,IN_PERSON,Cruz Nichols V,TUTH,11:10,12:25,GA,0001
22673,POLS-Y 657,LEC,OPEN,,10,1,0,IN_PERSON,Sudduth J,MO,14:20,16:50,AC,C103
22674,POLS-Y 669,LEC,OPEN,,10,1,0,IN_PERSON,Sudduth J,MO,14:20,16:50,AC,C103
22676,POLS-Y 344,LEC,OPEN,,55,32,0,IN_PERSON,Sudduth J,MOWE,08:00,09:35,BH,104
22677,POLS-Y 361,LEC,CLOSED,,35,0,1,IN_PERSON,Zajac J,MOWE,14:20,15:35,FR,C230
22678,POLS-Y 363,LEC,CLOSED,,64,0,1,IN_PERSON,Spechler D,TUTH,12:45,14:00,WH,111
22679,POLS-Y 368,LEC,CLOSED,,32,0,0,IN_PERSON,Spechler D,TUTH,15:55,17:10,WH,109
2268,MUS-K 506,LEC,OPEN,,12,2,0,IN_PERSON,Kwapis O,TH,11:10,12:25,MC,302
22680,POLS-Y 379,LEC,CLOSED,,100,0,0,IN_PERSON,Failer J,TUTH,15:55,17:10,RB,110
22681,POLS-Y 395,LEC,OPEN,,40,7,0,IN_PERSON,DeSante C,MOWE,08:00,09:15,WH,009
22682,CHEM-C 243,DIS,OPEN,,2,1,0,IN_PERSON,,MO,11:35,12:25,BH,006
22683,CHEM-C 243,DIS,OPEN,,2,1,0,IN_PERSON,,MO,13:55,14:45,LH,130
22684,CHEM-C 243,DIS,OPEN,,2,2,0,IN_PERSON,,MO,16:20,17:10,SE,140
22685,CHEM-C 243,DIS,OPEN,,2,2,0,IN_PERSON,,MO,12:45,13:35,BH,346
22686,CHEM-C 243,DIS,OPEN,,2,2,0,IN_PERSON,,TU,08:00,08:50,JH,065
22687,CHEM-C 243,DIS,CLOSED,,2,0,0,IN_PERSON,,MO,12:45,13:35,JH,065
22688,CHEM-C 243,DIS,OPEN,,2,1,0,IN_PERSON,,MO,15:10,16:00,SE,140
22689,CHEM-C 243,DIS,OPEN,,2,1,0,IN_PERSON,,MO,11:35,12:25,BH,008
2269,MUS-K 600,LEC,OPEN,,20,19,0,,Cartledge D,,,,ARR,
22690,CHEM-C 243,DIS,OPEN,,2,2,0,IN_PERSON,,TU,16:20,17:10,SE,140
22691,CHEM-C 243,DIS,OPEN,,2,1,0,IN_PERSON,,TU,12:45,13:35,JH,A100
22692,CHEM-C 243,DIS,CLOSED,,2,0,0,IN_PERSON,,MO,16:20,17:10,BH,005
22693,CHEM-C 243,DIS,OPEN,,2,2,0,IN_PERSON,,MO,13:55,14:45,GA,1128
22694,CHEM-C 243,DIS,CLOSED,,2,0,0,IN_PERSON,,MO,15:10,16:00,GY,1050
22695,CHEM-C 243,DIS,OPEN,,2,1,0,IN_PERSON,,TU,08:00,08:50,BH,003
22696,CHEM-C 243,DIS,OPEN,,2,2,0,IN_PERSON,,TU,16:20,17:10,JH,009
22697,CHEM-P 360,DIS,OPEN,,18,6,0,IN_PERSON,Leon-Jaramillo A,FR,15:10,16:00,BH,227
22698,CHEM-C 383,DIS,OPEN,,40,6,0,IN_PERSON,Cullers C; Rude M,TH,16:20,17:10,SE,140
22699,CHEM-C 483,DIS,OPEN,,29,16,0,IN_PERSON,Belani H,WE,15:10,16:00,BH,307
2270,MUS-K 700,LEC,OPEN,,40,37,0,,Cartledge D,,,,ARR,
22700,CHEM-C 484,DIS,OPEN,,20,3,0,IN_PERSON,Budd J,WE,12:45,13:35,BH,214
22703,THTR-T 538,LEC,CLOSED,VECTORWORKS AND LIGHTWRIGHT,4,0,0,IN_PERSON,Zellers G,TUTH,11:10,12:25,WB,WEB
22704,THTR-T 605,LEC,CLOSED,,4,0,0,IN_PERSON,Milam H,FR,08:45,09:45,TH,A300
22705,MATH-D 116,LEC,OPEN,,60,2,0,IN_PERSON,Lahiri A; Gorman S,MOWEFR,08:00,08:50,BH,304
2271,MUS-K 701,LEC,OPEN,,10,8,0,,Cartledge D,,,,ARR,
22713,SOC-S 100,LEC,CLOSED,,200,0,4,,Alderson A,,,,WB,WEB
22714,MATH-M 125,LEC,OPEN,,30,17,0,IN_PERSON,Yuan C; Wallace J,MOWEFR,09:10,10:00,SE,010
22718,THTR-T 417,LEC,OPEN,,12,7,0,IN_PERSON,Sickmeier K,MOWE,09:35,10:50,TH,A205
22719,THTR-T 517,LEC,OPEN,,12,7,0,IN_PERSON,Sickmeier K,MOWE,09:35,10:50,TH,A205
2272,MUS-K 702,LEC,OPEN,,20,18,0,,Cartledge D,,,,ARR,
22720,SOC-S 102,LEC,CLOSED,,250,0,2,,Jackson P,,,,WB,WEB
22721,CTIH-T 600,LEC,OPEN,BLACK AESTHETICS,18,3,0,IN_PERSON,Adesokan A,MO,12:45,15:15,FF,212
22723,THTR-T 101,LEC,CLOSED,,21,0,1,IN_PERSON,Lale J,TUTH,14:20,15:35,AD,A152
22725,THTR-T 503,LEC,OPEN,,15,12,0,IN_PERSON,Mayer-Garcia E,WE,09:00,10:45,TH,A300
22727,THTR-T 557,LEC,CLOSED,,3,0,0,IN_PERSON,Carneiro A,WE,13:00,16:00,AD,A262
22728,SPH-V 610,LEC,OPEN,,10,9,0,IN_PERSON,Ayeni F,MOWE,11:10,12:25,HD,TBA
2273,MUS-K 703,LEC,OPEN,,20,18,0,,Cartledge D,,,,ARR,
22731,SPH-B 150,LEC,CLOSED,,56,0,0,IN_PERSON,Sherry J,MOWE,11:10,12:25,BH,346
22733,INFO-I 216,LEC,CLOSED,,150,0,0,IN_PERSON,Wood J,MOWE,12:45,14:00,IF,1106
22734,MATH-M 303,LEC,OPEN,,33,1,1,IN_PERSON,Lunts V,TUTH,12:45,14:00,BH,307
22735,SOC-S 326,LEC,OPEN,,80,1,0,IN_PERSON,Headworth S,TUTH,15:55,17:10,WH,003
22736,SOC-S 410,LEC,OPEN,SOCIAL RESEARCH SEMINAR,25,14,0,IN_PERSON,Headworth S,TH,17:30,20:00,BH,306
22739,SOC-S 651,LEC,CLOSED,SURVEY DATA ANALYSIS,15,0,0,IN_PERSON,Halpern-Manners A,TUTH,12:45,14:00,BH,012
2274,MUS-K 910,LEC,OPEN,,30,11,0,,Bush A,,,,ARR,
22747,ARTH-A 160,LEC,CLOSED,,90,0,2,IN_PERSON,Yan W,MOWE,11:10,12:25,GA,0001
22749,ARTH-A 204,LEC,OPEN,,90,17,0,IN_PERSON,Braxton M,TUTH,09:35,10:50,BH,110
2275,MUS-K 910,LEC,OPEN,,10,6,0,,Dzubay D,,,,ARR,
22750,ARTH-A 205,LEC,CLOSED,,90,0,0,IN_PERSON,Knox G,TUTH,09:35,10:50,FA,102
22755,ARTH-A 282,LEC,CLOSED,,90,0,1,IN_PERSON,Molotiu A,MOWE,12:45,14:00,GA,0001
22756,ARTH-A 327,LEC,OPEN,,40,11,0,IN_PERSON,Domene-Danes M,TUTH,14:20,15:35,TV,226
22758,ARTH-A 363,LEC,OPEN,,40,9,0,IN_PERSON,Yan W,MOWE,14:20,15:35,TV,226
22759,ARTH-A 436,LEC,OPEN,,25,1,0,IN_PERSON,Knox G,TUTH,15:55,17:10,BH,244
2276,MUS-K 910,LEC,OPEN,,18,18,0,,Kim T,,,,ARR,
22761,ARTH-A 434,LEC,CLOSED,,20,0,0,IN_PERSON,Saletnik J,TUTH,12:45,14:00,BH,244
22762,ARTH-A 534,LEC,OPEN,,5,1,0,IN_PERSON,Saletnik J,TUTH,12:45,14:00,BH,244
22763,ARTH-A 500,LEC,OPEN,,10,3,0,IN_PERSON,Saletnik J,WE,16:00,18:00,ED,3004
22764,ARTH-A 638,LEC,OPEN,,10,5,0,IN_PERSON,Rothstein B,TH,15:00,18:00,ED,3004
22766,ARTH-A 691,LEC,OPEN,,10,2,0,IN_PERSON,Martinez-Ruiz B,MO,15:00,18:00,ED,3004
22767,ARTH-A 206,LEC,CLOSED,,75,0,0,IN_PERSON,Van Voorhis J,TUTH,08:00,09:15,EP,257
22768,SLAV-R 404,LEC,OPEN,,20,15,0,IN_PERSON,Cavar M,TUTH,11:10,12:25,BH,214
2277,MUS-L 100,LEC,CLOSED,,24,0,0,,Jankovic P,,,,ARR,
22770,SLAV-L 501,LEC,OPEN,,20,15,0,IN_PERSON,Cavar M,TUTH,11:10,12:25,BH,214
22777,THTR-T 721,LEC,OPEN,,3,2,0,,Goodlander J,,,,ARR,
22779,SOC-S 338,LEC,CLOSED,,48,0,2,IN_PERSON,Flores-Redd M,MOWE,12:45,14:00,BH,003
2278,MUS-L 101,LEC,CLOSED,,10,0,0,IN_PERSON,Jankovic P,MOWE,15:10,16:00,RE,D005
22784,SPH-B 709,LEC,OPEN,,20,8,0,IN_PERSON,Lederer A,FR,12:00,13:00,PH,017
22786,MUS-K 509,LEC,OPEN,,12,2,0,IN_PERSON,Gibson J,TUTH,16:45,18:00,MC,302
2279,MUS-L 101,LEC,CLOSED,,10,0,0,IN_PERSON,Jankovic P,MOWE,18:40,19:30,SM,149C
22793,HPSC-X 207,LEC,OPEN,,35,1,0,IN_PERSON,Newman W,TUTH,09:35,10:50,LH,130
22794,HPSC-X 207,LEC,CLOSED,,35,0,0,IN_PERSON,Newman W,TUTH,12:45,14:00,LH,130
22796,MATH-M 124,LEC,OPEN,,30,1,0,IN_PERSON,Edwards A; Molseed S,MOWEFR,12:45,13:35,BH,209
22797,MATH-M 124,LEC,OPEN,,30,10,0,IN_PERSON,Edwards A; Zhang Y,MOWEFR,13:55,14:45,BH,143
22798,MATH-M 124,LEC,OPEN,,30,12,0,IN_PERSON,Edwards A; Liang C,MOWEFR,09:10,10:00,BH,209
2280,MUS-L 101,LEC,CLOSED,,10,0,1,IN_PERSON,Jankovic P,TUTH,15:10,16:00,RE,D005
22800,MATH-M 124,LEC,OPEN,,30,12,0,IN_PERSON,Edwards A; Cheon H,MOWEFR,13:55,14:45,BH,209
22801,MATH-M 124,LEC,CLOSED,,30,0,0,IN_PERSON,Edwards A; Liao Y,MOWEFR,10:25,11:15,BH,209
22805,HPSC-X 755,LEC,OPEN,,15,5,0,IN_PERSON,Favela L,MOWE,15:55,17:10,PY,120A
22807,LING-L 642,LEC,OPEN,,15,10,0,IN_PERSON,Cavar M,TUTH,09:35,10:50,BH,219
2281,MUS-L 101,LEC,CLOSED,,10,0,0,IN_PERSON,Jankovic P,TUTH,16:20,17:10,RE,D005
22811,LING-L 675,LEC,OPEN,,15,15,0,IN_PERSON,Cavar D,TUTH,11:10,12:25,IF,0119
22812,LING-L 780,LEC,OPEN,,15,10,0,IN_PERSON,Grano T,TUTH,14:20,15:35,BH,603
22813,HPSC-X 706,LEC,OPEN,,15,4,0,IN_PERSON,Schickore J,TU,14:00,16:30,WH,116
22815,MATH-M 124,LEC,OPEN,,30,15,0,IN_PERSON,Edwards A; Dunkelberg A,MOWEFR,09:10,10:00,BH,144
22816,HPSC-X 521,LEC,OPEN,,10,6,0,IN_PERSON,Savion L,TU,09:35,12:05,BH,803
22817,INST-U 100,LEC,OPEN,,15,15,0,IN_PERSON,Manring R; Daud L,MOTUWETHFR,11:35,12:25,WH,112
22818,INST-U 506,LEC,OPEN,,15,15,0,IN_PERSON,Manring R; Daud L,MOTUWETHFR,11:35,12:25,WH,112
22819,INST-I 371,LEC,OPEN,,30,14,0,IN_PERSON,Manring R,TUTH,14:20,15:35,WH,104
2282,MUS-L 101,LEC,CLOSED,,10,0,1,IN_PERSON,Jankovic P,TUTH,17:30,18:20,SM,344
22820,INST-I 571,LEC,OPEN,,30,14,0,IN_PERSON,Manring R,TUTH,14:20,15:35,WH,104
22823,CMLT-C 602,LEC,OPEN,BLACK AESTHETICS,18,3,0,IN_PERSON,Adesokan A,MO,12:45,15:15,FF,212
22824,ANTH-E 206,LEC,OPEN,,27,13,0,IN_PERSON,Sterling M,MOWE,11:10,12:25,SB,138
22825,ANTH-E 208,LEC,CLOSED,,27,0,0,IN_PERSON,Sterling M,MOWE,14:20,15:35,SB,138
22827,EURO-W 205,LEC,CLOSED,,30,0,1,IN_PERSON,Williams A,TUTH,14:20,15:35,AD,A151
2283,MUS-L 101,LEC,CLOSED,,10,0,1,,Jankovic P,,,,WB,WEB
22834,EDUC-J 710,LEC,CLOSED,,13,0,0,IN_PERSON,Cuenca A,TH,10:55,13:40,ED,1084
22835,EDUC-J 653,LEC,OPEN,,13,5,0,IN_PERSON,Barton K,TU,08:00,10:45,ED,1084
22836,ANTH-E 421,LEC,CLOSED,,21,0,0,IN_PERSON,Collins C,WE,09:10,11:40,SB,231
22837,ANTH-E 621,LEC,OPEN,,10,6,0,IN_PERSON,Collins C,WE,09:10,11:40,SB,231
22838,ANTH-A 102,LEC,OPEN,,88,57,0,IN_PERSON,Gilley B,TUTH,14:20,15:35,SB,150
2284,MUS-L 102,LEC,OPEN,,10,3,0,IN_PERSON,Jankovic P; Duarte D,MOWE,17:30,18:20,RE,D005
22840,SPH-H 172,LEC,OPEN,,10,6,0,IN_PERSON,Sherry J,TUTH,11:10,12:25,LU,1001
22842,ANTH-B 111,LEC,CLOSED,,88,0,0,IN_PERSON,Hunt K,TUTH,09:35,10:50,SB,150
22843,ANTH-B 370,LEC,CLOSED,,25,0,6,IN_PERSON,Kaestle F,MOWE,17:30,18:45,SB,060
22844,ANTH-B 570,LEC,OPEN,,5,1,0,IN_PERSON,Kaestle F,MOWE,17:30,18:45,SB,060
22845,CLAS-C 101,LEC,CLOSED,,150,0,12,IN_PERSON,Melzer A,MOWE,14:20,15:35,ED,1120
22846,CLAS-L 307,LEC,OPEN,,20,7,0,IN_PERSON,Bannon C,TUTH,12:45,14:00,BH,221
22847,CLAS-L 518,LEC,OPEN,,20,7,0,IN_PERSON,Bannon C,TUTH,12:45,14:00,BH,221
2285,MUS-L 400,LEC,OPEN,,18,12,0,,Jankovic P,,,,ARR,
22850,SPH-H 360,LEC,CLOSED,,40,0,1,IN_PERSON,Jacobs W,TUTH,09:35,10:50,BH,340
22851,SLST-T 131,LEC,OPEN,,14,6,0,IN_PERSON,Jang S,MOWEFR,10:25,11:15,BH,317
22853,ANTH-B 464,LEC,OPEN,,15,3,0,IN_PERSON,Hunt K,TUTH,12:45,14:00,SB,060
22856,ANTH-E 386,LEC,CLOSED,,21,0,1,IN_PERSON,Goodman J,MOWE,14:20,15:35,SB,231
22857,ANTH-E 344,LEC,CLOSED,,20,0,0,IN_PERSON,Friedman S,MOWE,11:10,12:25,SB,220
2286,MUS-L 400,LEC,OPEN,,18,14,0,,Duarte D,,,,ARR,
2287,MUS-L 661,LEC,OPEN,,5,3,0,,Cartledge D,,,,ARR,
2288,MUS-L 700,LEC,CLOSED,,24,0,0,,Jankovic P,,,,ARR,
22884,CEUS-R 349,LEC,OPEN,EUR BETWEEN HITLER & STALIN,30,24,0,IN_PERSON,Borhi L,MOWE,17:30,18:45,BH,342
22885,CEUS-R 549,LEC,OPEN,EUR BETWEEN HITLER & STALIN,30,24,0,IN_PERSON,Borhi L,MOWE,17:30,18:45,BH,342
22888,CEUS-R 315,LEC,OPEN,,20,5,0,IN_PERSON,Kamp M,TUTH,11:10,12:25,BH,105
22889,CEUS-R 515,LEC,OPEN,,20,5,0,IN_PERSON,Kamp M,TUTH,11:10,12:25,BH,105
2289,MUS-L 800,LEC,OPEN,,5,4,0,,Jankovic P,,,,ARR,
22890,CEUS-R 385,LEC,OPEN,,24,23,0,IN_PERSON,Ozcelik O,TUTH,15:55,17:10,GA,0011
22891,CEUS-R 585,LEC,OPEN,,24,23,0,IN_PERSON,Ozcelik O,TUTH,15:55,17:10,GA,0011
22892,CEUS-R 351,LEC,CLOSED,,23,0,1,IN_PERSON,Choksy J,MOWE,12:45,14:00,AC,C118
22893,CEUS-R 551,LEC,CLOSED,,2,0,0,IN_PERSON,Choksy J,MOWE,12:45,14:00,AC,C118
2290,MUS-L 900,LEC,OPEN,,10,10,0,,Bush A,,,,ARR,
22907,SPH-H 319,LEC,OPEN,,10,10,0,IN_PERSON,Sherry J,MOWE,14:20,15:35,GA,1134
2291,MUS-M 400,LEC,OPEN,,5,5,0,,Saltzstein J,,,,ARR,
22911,SPH-S 101,LEC,CLOSED,,40,0,3,ONLINE,Balogun A,,,,OL,ONLINE
22912,SPH-S 201,LEC,OPEN,,35,1,0,ONLINE,Balogun A,,,,OL,ONLINE
22916,SPH-S 214,LEC,OPEN,,35,4,0,ONLINE,Kelley B,,,,OL,ONLINE
22918,SPH-S 345,LEC,OPEN,,35,4,0,ONLINE,Smith T,,,,OL,ONLINE
2292,MUS-M 401,LEC,OPEN,,120,5,0,IN_PERSON,Saltzstein J,MOWEFR,11:35,12:25,SM,015
22923,SPH-S 410,LEC,OPEN,,35,26,0,ONLINE,Slates K,,,,OL,ONLINE
22925,SPH-S 415,LEC,OPEN,,35,16,0,ONLINE,Balogun A,,,,OL,ONLINE
22926,SPH-E 311,LEC,CLOSED,,60,0,1,IN_PERSON,Turi K,TUTH,09:35,10:50,GA,1106
22927,SPH-E 651,LEC,OPEN,,30,17,0,IN_PERSON,Litvinova M,MOWE,17:30,18:45,BH,208
2293,MUS-M 401,DIS,CLOSED,,10,0,0,IN_PERSON,Saltzstein J,TUTH,09:10,10:00,SM,271
22936,SPH-Q 381,LEC,CLOSED,,75,0,6,,Lin W,,,,WB,WEB
2294,MUS-M 401,DIS,CLOSED,,10,0,0,IN_PERSON,Saltzstein J,TUTH,09:10,10:00,SM,340
22943,SPH-Q 659,LEC,OPEN,,14,10,0,IN_PERSON,Li M,MOWE,12:45,14:00,WH,112
22947,ASCS-Q 295,LEC,CLOSED,,38,0,0,IN_PERSON,Junken J,MOWE,09:10,10:00,EP,214
22948,ASCS-Q 295,LEC,CLOSED,,38,0,0,IN_PERSON,Cress E,MOWE,10:25,11:15,EP,214
22949,ASCS-Q 299,LEC,OPEN,SCIENCES/HEALTH/SUSTAINABILITY,45,2,0,IN_PERSON,Butorac R,MO,15:10,16:00,LH,130
2295,MUS-M 401,DIS,CLOSED,,10,0,0,IN_PERSON,Saltzstein J,TUTH,10:25,11:15,SM,271
22950,ASCS-Q 299,LEC,CLOSED,GOVT/INTRNTIONAL/PUBLICPOLICY,45,0,0,IN_PERSON,Butorac R,MO,16:20,17:10,LH,130
22951,ASCS-Q 299,LEC,OPEN,BUSINESS/RETAIL/TECHNOLOGY,45,18,0,IN_PERSON,Junken J,MO,17:30,18:20,LH,130
22952,ASCS-Q 299,LEC,CLOSED,SCIENCES/HEALTH/SUSTAINABILITY,45,0,1,IN_PERSON,Heben L,TU,09:10,10:00,PH,017
22953,ASCS-Q 299,LEC,OPEN,BUSINESS/RETAIL/TECHNOLOGY,45,23,0,IN_PERSON,Heben L,TU,10:25,11:15,PH,017
22954,ASCS-Q 299,LEC,OPEN,MEDIA/ARTS/DESIGN,45,1,0,IN_PERSON,Heben L,TU,11:35,12:25,PH,017
22956,ASCS-Q 299,LEC,OPEN,SCIENCES/HEALTH/SUSTAINABILITY,45,2,0,IN_PERSON,Cress E,WE,15:10,16:00,SE,140
22957,ASCS-Q 299,LEC,OPEN,GOVT/INTRNTIONAL/PUBLICPOLICY,45,27,0,IN_PERSON,Cress E,WE,16:20,17:10,SE,140
22958,ASCS-Q 299,LEC,OPEN,BUSINESS/RETAIL/TECHNOLOGY,45,30,0,IN_PERSON,Cress E,WE,17:30,18:20,SE,140
22959,ASCS-Q 299,LEC,OPEN,SCIENCES/HEALTH/SUSTAINABILITY,45,8,0,IN_PERSON,Butorac R,TH,09:10,10:00,M2,100
2296,MUS-M 401,DIS,CLOSED,,10,0,0,IN_PERSON,Saltzstein J,TUTH,13:55,14:45,SM,263
22960,ASCS-Q 299,LEC,OPEN,BUSINESS/RETAIL/TECHNOLOGY,45,22,0,IN_PERSON,Butorac R,TH,13:55,14:45,PH,017
22961,ASCS-Q 299,LEC,OPEN,MEDIA/ARTS/DESIGN,45,30,0,IN_PERSON,Butorac R,TH,15:10,16:00,PH,013
22962,ASCS-Q 299,LEC,OPEN,EDUCATION/NONPROFIT/SOCIALGOOD,45,35,0,IN_PERSON,Butorac R,TH,16:20,17:10,PH,013
22963,ASCS-Q 300,LEC,OPEN,,50,3,0,IN_PERSON,Kendall M,MOWE,09:10,10:25,BH,346
22964,ASCS-Q 300,LEC,CLOSED,,50,0,0,IN_PERSON,Fasone L,TUTH,09:10,10:25,AC,C114
22965,BIOL-Z 374,LEC,OPEN,,35,4,0,IN_PERSON,Cotten C,MOWEFR,10:25,11:15,JH,248
22966,BIOL-L 211,LEC,CLOSED,,78,0,17,IN_PERSON,Han M,TUTH,14:20,15:35,BH,003
22967,THTR-T 481,LEC,OPEN,,15,10,0,IN_PERSON,Moore M,TUTH,09:35,10:50,TH,A103
22968,THTR-T 591,LEC,OPEN,,15,10,0,IN_PERSON,Moore M,TUTH,09:35,10:50,TH,A103
22969,ARTH-A 361,LEC,CLOSED,,40,0,2,IN_PERSON,Braxton M,TUTH,12:45,14:00,TV,226
2297,MUS-M 401,DIS,CLOSED,,12,0,1,IN_PERSON,Saltzstein J,TUTH,11:35,12:25,SM,242
22970,ARTH-A 640,LEC,OPEN,,10,4,0,IN_PERSON,Grewe C,TU,13:00,16:00,WB,WEB
22972,BIOL-Z 620,LEC,OPEN,RESEARCH WRITING IN EEB,15,3,0,IN_PERSON,Ledon-Rettig C,MOWE,09:35,10:50,JH,A107
22973,EDUC-X 152,LEC,CLOSED,MAKING MAJOR DECISIONS,20,0,0,IN_PERSON,Brass B,MOWE,12:45,14:00,AC,C116
22974,BIOL-L 311,LEC,CLOSED,,60,0,7,IN_PERSON,Hanratty P,TUTH,09:35,10:50,JH,065
22975,EDUC-X 152,LEC,OPEN,MAKING MAJOR DECISIONS,19,3,0,IN_PERSON,Graham M,TUTH,11:10,12:25,AC,C116
22976,EDUC-X 152,LEC,OPEN,MAKING MAJOR DECISIONS,19,3,0,IN_PERSON,Rafalski J,MOWE,12:45,14:00,AC,C116
22978,EDUC-X 152,LEC,CLOSED,MAKING MAJOR DECISIONS,19,0,0,IN_PERSON,Graham M,TUTH,11:10,12:25,AC,C116
22979,BIOL-L 311,DIS,CLOSED,,20,0,3,IN_PERSON,Hanratty P,WE,13:55,14:45,JH,A105
2298,MUS-M 401,DIS,OPEN,,10,2,0,IN_PERSON,Saltzstein J,TUTH,10:25,11:15,SM,263
22980,FRIT-F 225,LEC,CLOSED,BAYEUX TAPESTRY FROM SCRATCH,16,0,2,IN_PERSON,Hebbard E,TUTH,11:10,12:25,GA,1106
22981,FRIT-F 413,LEC,OPEN,,13,1,0,IN_PERSON,MacPhail E,TUTH,11:10,12:25,BH,139
22982,BIOL-L 311,DIS,CLOSED,,20,0,1,IN_PERSON,Hanratty P,WE,12:45,13:35,JH,A105
22983,FRIT-M 306,LEC,OPEN,,10,3,0,IN_PERSON,Scalabrini M,MOWE,16:20,17:35,BH,333
22984,FRIT-F 577,LEC,OPEN,,6,2,0,IN_PERSON,Vance B,TUTH,12:45,14:00,SW,103
22987,EDUC-Q 206,LEC,CLOSED,,24,0,2,IN_PERSON,Zhang M,MOWE,14:20,16:05,ED,3015
22988,EDUC-Q 206,LEC,CLOSED,,24,0,5,IN_PERSON,Zhang M,TUTH,12:45,14:30,ED,3015
22989,ABEH-A 401,LEC,CLOSED,MECHANISMS OF ANIMAL COMM,36,0,0,IN_PERSON,Stafstrom J,TUTH,12:45,14:00,BH,144
2299,MUS-M 401,DIS,OPEN,,12,3,0,IN_PERSON,Saltzstein J,TUTH,12:45,13:35,SM,263
22990,BIOL-L 318,LEC,OPEN,,125,62,0,IN_PERSON,Moyle L,TUTH,11:10,12:25,JH,A100
22991,ARTH-A 303,LEC,OPEN,,40,12,0,IN_PERSON,Molotiu A,MOWE,15:55,17:10,TV,226
22992,EDUC-K 361,LEC,OPEN,,20,20,0,IN_PERSON,Carter Jr R,FR,09:35,10:50,ED,2025
22994,BIOL-L 311,DIS,CLOSED,,20,0,3,IN_PERSON,Hanratty P,TU,13:55,14:45,JH,A105
22996,MSCH-C 620,LEC,OPEN,,18,3,0,IN_PERSON,Adesokan A,MO,12:45,15:15,FF,212
22997,BIOL-X 150,LEC,OPEN,OUTDOOR STUDIES: ORGNSMS & ENV,20,4,0,IN_PERSON,Lau J,TH,09:00,12:00,JH,061
22998,BIOL-X 150,DIS,OPEN,OUTDOOR STUDIES: ORGNSMS & ENV,20,4,0,IN_PERSON,Lau J,TU,09:35,10:50,JH,A105
22999,SPH-R 350,LEC,OPEN,INTERPRETIVE MEDIA FOR PRO,25,21,0,IN_PERSON,Forist B,TUTH,08:00,09:15,WH,104
2300,MUS-M 431,LEC,CLOSED,,14,0,2,IN_PERSON,Horne B; Whitaker S,MOWEFR,10:25,11:15,MA,007
23000,SPH-R 550,LEC,OPEN,INTERPRETIVE MEDIA FOR PRO,5,4,0,IN_PERSON,Forist B,TUTH,08:00,09:15,WH,104
23003,CLAS-C 351,LEC,CLOSED,,22,0,0,IN_PERSON,Christ M,MOWE,12:45,14:00,LH,120
23004,CLAS-C 412,LEC,CLOSED,,15,0,0,IN_PERSON,Blackwell N,TUTH,12:45,14:00,LH,125
23005,CLAS-C 512,LEC,OPEN,,5,3,0,IN_PERSON,Blackwell N,TUTH,12:45,14:00,LH,125
23008,CLAS-G 535,LEC,OPEN,,15,5,0,IN_PERSON,Beck B,MOWE,12:45,14:00,WH,114
23009,CLAS-G 410,LEC,OPEN,,15,5,0,IN_PERSON,Beck B,MOWE,12:45,14:00,WH,114
2301,MUS-M 531,LEC,CLOSED,,18,0,5,IN_PERSON,Villarreal P,MOWE,12:45,14:00,MA,007
23010,CLAS-L 150,LEC,OPEN,,23,7,0,IN_PERSON,Melzer A; Smitten A,MOTUWETH,11:35,12:25,BH,246
23011,CLAS-L 430,LEC,OPEN,,20,4,0,IN_PERSON,Draper K,TUTH,14:20,15:35,BH,318
23013,EDUC-K 570,LEC,OPEN,,23,1,0,ONLINE,Grillo K,,,,OL,ONLINE
23015,MELC-M 361,LEC,CLOSED,,19,0,1,IN_PERSON,Afsaruddin A,TUTH,11:10,12:25,GA,0005
2302,MUS-M 539,LEC,CLOSED,,25,0,1,IN_PERSON,Shaw M,MOWE,09:35,10:50,SM,267
23024,INFO-I 303,LEC,OPEN,,40,3,0,IN_PERSON,Paul L,MOWE,12:45,14:00,TE,F160
23025,INFO-I 590,LEC,OPEN,INNOVATION FOR IMPACT,10,3,0,IN_PERSON,Peirce Caudell A,TU,11:30,14:00,GY,4069
23026,INFO-I 400,LEC,OPEN,TECHNOLOGICAL NATURE,10,1,0,IN_PERSON,Peirce Caudell A,TU,11:30,14:00,GY,4069
23027,BIOL-L 410,LEC,CLOSED,MECHANISMS OF ANIMAL COMM,36,0,0,IN_PERSON,Stafstrom J,TUTH,12:45,14:00,BH,144
23028,BIOL-S 318,LEC,CLOSED,,25,0,1,IN_PERSON,Saltz J,MOWE,14:20,15:35,JH,001
23030,LING-L 700,LEC,OPEN,,7,3,0,IN_PERSON,Matos Amaral P,MOWE,12:45,14:00,BH,219
23031,LING-L 630,LEC,OPEN,,10,6,0,IN_PERSON,Rottet K,MOWE,14:20,15:35,SY,037
23034,SOC-S 100,LEC,CLOSED,,48,0,0,IN_PERSON,Sharma A,MOWE,14:20,15:35,BH,104
2304,MUS-M 551,LEC,CLOSED,,5,0,1,IN_PERSON,Muxfeldt K,MO,14:20,17:20,SM,263
2305,MUS-M 556,LEC,OPEN,,5,5,0,,Saltzstein J,,,,ARR,
23058,LING-L 715,LEC,OPEN,,15,9,0,IN_PERSON,Gessler L,TUTH,14:20,15:35,WY,111
2306,MUS-M 571,LEC,OPEN,,18,10,0,IN_PERSON,Fagen A; Meyer J; Wilkins T,TUTH,10:25,11:25,MA,405
2307,MUS-M 602,LEC,CLOSED,WEIRD STUDIES,12,0,0,IN_PERSON,Ford P; Foster J,WE,14:20,17:20,SM,263
2308,MUS-M 620,LEC,OPEN,,100,71,0,,Cartledge D,,,,ARR,
23092,BUS-A 310,LEC,CLOSED,,52,0,4,IN_PERSON,Lee J,TUTH,19:05,20:20,HH,2050
23095,BUS-A 311,LEC,CLOSED,,52,0,3,IN_PERSON,Lee J,TUTH,12:45,14:00,WH,003
23097,BUS-A 312,LEC,CLOSED,,52,0,14,IN_PERSON,Li C,TUTH,15:55,17:10,HH,2057
23098,BUS-A 313,LEC,CLOSED,,32,0,0,IN_PERSON,Lunsford T,TU,15:55,17:10,HH,3034
23099,BUS-A 325,LEC,CLOSED,,50,0,13,IN_PERSON,Knisley R,TUTH,14:20,15:35,HH,2046
2310,MUS-M 655,LEC,CLOSED,,20,0,3,IN_PERSON,Goldberg H,TUTH,12:45,14:00,SM,267
2311,MUS-M 698,LEC,OPEN,,5,5,0,,Saltzstein J,,,,ARR,
23110,SOC-S 100,LEC,CLOSED,,48,0,0,IN_PERSON,Chen Y,TUTH,12:45,14:00,BH,006
23111,SOC-S 100,LEC,CLOSED,,48,0,0,IN_PERSON,Lawler M,MOWE,14:20,15:35,WH,121
23116,STAT-S 301,LEC,CLOSED,,80,0,1,IN_PERSON,Kurt M,MOWE,17:30,18:45,WH,003
2312,MUS-M 700,LEC,OPEN,,50,39,0,,Cartledge D,,,,ARR,
23125,LING-L 115,LEC,CLOSED,,25,0,0,IN_PERSON,Nesbitt M,TUTH,11:10,12:25,LH,125
23126,EDUC-M 333,LEC,CLOSED,,22,0,2,IN_PERSON,Eads K,TU,14:20,15:55,ED,3115
23127,EDUC-J 605,LEC,OPEN,,6,1,0,,Tavin K,,,,WB,WEB
23128,EDUC-J 795,LEC,OPEN,,6,6,0,,,,,,WB,WEB
2313,MUS-N 499,LEC,OPEN,,5,4,0,,Adams K,,,,ARR,
23130,FRIT-F 300,LEC,CLOSED,CULTURES POPULAIRES FRANCO,12,0,0,IN_PERSON,Bouchard V,MOWE,14:20,15:35,BH,105
23131,FRIT-F 300,LEC,OPEN,CULTURES POPULAIRES FRANCO,5,2,0,IN_PERSON,Bouchard V,MOWE,14:20,15:35,BH,105
23133,FRIT-F 317,LEC,OPEN,,15,7,0,IN_PERSON,Bowles B,TUTH,14:20,15:35,BH,231
23134,FRIT-F 446,LEC,CLOSED,,15,0,0,IN_PERSON,Valazza N,MOWE,14:20,15:35,WH,112
23135,FRIT-F 677,LEC,OPEN,,10,4,0,IN_PERSON,Rottet K,MOWE,14:20,15:35,SY,037
23136,FRIT-F 825,LEC,OPEN,,10,1,0,IN_PERSON,Calhoun A,TU,14:00,16:00,BH,140
23137,FRIT-F 615,LEC,CLOSED,,10,0,1,IN_PERSON,Hebbard E,TH,14:00,16:00,WH,116
23138,FRIT-M 503,LEC,OPEN,CLASSIC RECEPTION ITAL MED LIT,10,4,0,IN_PERSON,Salvo D,TH,14:20,16:20,BH,232
23139,FRIT-F 603,LEC,OPEN,,15,3,0,ONLINE,Vance B,TUTH,16:30,17:45,OL,ONLINE
2314,MUS-P 100,LEC,OPEN,,127,19,0,,Yao E,,,,ARR,
23140,FRIT-F 667,LEC,CLOSED,,10,0,0,IN_PERSON,Panaite O,WE,16:00,18:00,EP,256
23148,ARTH-A 412,LEC,OPEN,,5,1,0,IN_PERSON,Blackwell N,TUTH,12:45,14:00,LH,125
23149,ARTH-A 501,LEC,OPEN,ART AND ARCH OF THE AEGEAN,5,3,0,IN_PERSON,Blackwell N,TUTH,12:45,14:00,LH,125
2315,MUS-P 110,LAB,CLOSED,,8,0,2,IN_PERSON,Yao E,MOWE,13:55,14:45,MA,315
23152,CLAS-C 206,LEC,OPEN,,75,2,0,IN_PERSON,Van Voorhis J,TUTH,08:00,09:15,EP,257
23153,REEI-R 301,LEC,CLOSED,RUSS AND SOVIET FOREIGN POLICY,32,0,0,IN_PERSON,Spechler D,TUTH,15:55,17:10,WH,109
2316,MUS-P 110,LAB,CLOSED,,8,0,0,IN_PERSON,Yao E,MOWE,16:20,17:10,MA,318
23163,INFO-I 400,LEC,OPEN,VIBE AND AI PROGRAMMING,30,3,0,IN_PERSON,Gordon M,MOWE,09:35,10:50,IF,4063
2317,MUS-P 110,LAB,CLOSED,,16,0,0,IN_PERSON,Yao E,MOWE,18:40,19:30,MU,101
23176,INTL-I 103,LEC,CLOSED,,60,0,2,IN_PERSON,Bauerle Danzman S,MOWE,09:35,10:50,GA,1112
23178,INTL-I 303,LEC,OPEN,DEVELOPMENT FINANCE,35,17,0,IN_PERSON,Frantz B,TUTH,11:10,12:25,GA,1134
2318,MUS-P 110,LAB,CLOSED,,8,0,0,IN_PERSON,Yao E,MOWE,18:40,19:30,MA,315
23180,INTL-I 343,LEC,OPEN,,35,17,0,IN_PERSON,Ponce A,TUTH,15:55,17:10,PY,109
23181,INTL-I 344,LEC,OPEN,,35,22,0,IN_PERSON,Nemes P,MOWE,15:55,17:10,PY,109
23182,INTL-I 345,LEC,OPEN,,35,19,0,IN_PERSON,Stavig L,TUTH,12:45,14:00,WH,008
23184,INTL-I 423,LEC,OPEN,DECOLONIAL DEVELOPMENT,15,2,0,IN_PERSON,Kousaleos N,MOWE,15:55,17:10,BH,245
23185,EDUC-Y 650,LEC,OPEN,MACHINE LEARN METH ED/SOC SC,15,3,0,IN_PERSON,Huang S,TUTH,14:20,15:35,ED,1084
23186,INTL-I 503,LEC,OPEN,DECOLONIAL DEVELOPMENT,9,7,0,IN_PERSON,Kousaleos N,MOWE,15:55,17:10,BH,245
23187,INTL-I 424,LEC,CLOSED,CYBER CONFLICT & INTL SECURITY,12,0,1,IN_PERSON,Vicic J,TUTH,12:45,14:00,GA,0005
23188,EDUC-Y 650,LEC,OPEN,APPLIED MISSING DATA ANALYSIS,15,2,0,IN_PERSON,Rutkowski L,MOWE,11:10,12:35,ED,1210
23189,INTL-I 510,LEC,OPEN,CYBER CONFLICT & INTL SECURITY,12,7,0,IN_PERSON,Vicic J,TUTH,12:45,14:00,GA,0005
2319,MUS-P 110,LAB,CLOSED,,8,0,0,IN_PERSON,Yao E,TUTH,16:20,17:10,MA,318
23190,INTL-I 426,LEC,OPEN,DEMOCRACY IN A GLOBAL AGE,24,9,0,IN_PERSON,Scheuerman W,TUTH,09:35,10:50,BH,139
23191,INTL-I 500,LEC,OPEN,DEMOCRACY IN A GLOBAL AGE,24,9,0,IN_PERSON,Scheuerman W,TUTH,09:35,10:50,BH,139
23192,INTL-I 427,LEC,OPEN,HUMAN RIGHTS AND BUSINESS,24,2,0,IN_PERSON,Gilligan E,MOWE,12:45,14:00,ED,1002
23193,CJUS-P 304,LEC,CLOSED,,56,0,3,IN_PERSON,Northcutt Bohmert M,TUTH,09:35,10:50,BH,346
23194,INTL-I 504,LEC,OPEN,BUSINESS AND HUMAN RIGHTS,24,2,0,IN_PERSON,Gilligan E,MOWE,12:45,14:00,ED,1002
23195,INTL-I 500,LEC,OPEN,INTERNATL & REGIONAL STUDIES,24,20,0,IN_PERSON,Bovingdon G,MOWE,14:20,15:35,BH,343
23196,INTL-I 520,LEC,OPEN,,24,1,0,IN_PERSON,De Groot M,TUTH,14:20,15:35,BH,216
23197,INTL-I 522,LEC,OPEN,,22,17,0,IN_PERSON,Bauerle Danzman S,MOWE,12:45,14:00,AC,C107
23198,INTL-I 524,LEC,OPEN,,24,22,0,IN_PERSON,Constantino Z,MOWE,15:55,17:10,BH,215
23199,CJUS-P 245,LEC,CLOSED,,90,0,1,IN_PERSON,Henry T; Abry G,TUTH,11:35,12:25,OP,105
2320,MUS-P 110,LAB,CLOSED,,16,0,0,IN_PERSON,Yao E,TUTH,16:20,17:10,MU,101
23200,INTL-L 350,LEC,CLOSED,,60,0,16,IN_PERSON,Ponce A,TUTH,11:10,12:25,GA,1112
23201,CJUS-P 245,DIS,CLOSED,,30,0,1,IN_PERSON,Henry T; Abry G,FR,10:20,11:10,BH,208
23202,CJUS-P 245,DIS,CLOSED,,30,0,0,IN_PERSON,Henry T; Abry G,FR,11:30,12:20,BH,208
23203,CJUS-P 245,DIS,CLOSED,,30,0,0,IN_PERSON,Henry T; Abry G,FR,12:40,13:30,BH,208
23207,CJUS-P 301,LEC,OPEN,,62,45,0,IN_PERSON,Verma A,MOWE,17:30,18:45,JH,065
2321,MUS-P 110,LAB,CLOSED,,8,0,0,IN_PERSON,Yao E,TUTH,16:20,17:10,MA,315
23211,CJUS-P 407,LEC,CLOSED,,25,0,12,IN_PERSON,Verma A,MOWE,15:55,17:10,BH,208
23214,CJUS-P 680,LEC,OPEN,CYBERCRIME,15,9,0,IN_PERSON,Ghazi-Tehrani A,TH,09:10,11:40,SY,105
23215,EDUC-K 305,DIS,CLOSED,,22,0,1,IN_PERSON,McCrackin C,WE,19:05,20:20,ED,1225
23217,EDUC-A 653,LEC,CLOSED,,14,0,0,,Lubienski C,,,,WB,WEB
23218,EDUC-A 671,LEC,OPEN,,10,1,0,,Lochmiller C,,,,ARR,
23219,EDUC-A 795,LEC,OPEN,,10,4,0,,Perrone F,,,,ARR,
2322,MUS-P 110,LAB,CLOSED,,8,0,0,IN_PERSON,Yao E,TUTH,17:30,18:20,MA,318
23220,EDUC-H 622,LEC,OPEN,,18,4,0,IN_PERSON,Lubienski C,WE,14:20,16:50,ED,3275
2323,MUS-P 110,LAB,CLOSED,,8,0,0,IN_PERSON,Yao E,TUTH,18:40,19:30,MA,315
23231,CEUS-R 372,LEC,OPEN,,12,7,0,IN_PERSON,Washul E,TUTH,12:45,14:00,BH,338
23232,CEUS-R 572,LEC,OPEN,,2,2,0,IN_PERSON,Washul E,TUTH,12:45,14:00,BH,338
23233,CTIH-T 600,LEC,OPEN,LIT BETWEEN THEORY & HISTORY,10,6,0,IN_PERSON,Panaite O,WE,16:00,18:00,EP,256
23238,REEI-R 203,LEC,OPEN,"ENGRING NATUR, SUSTNBLTY-E.EUR",90,54,0,IN_PERSON,Andrei G,TUTH,15:55,17:10,EP,257
2324,MUS-P 111,LEC,CLOSED,,8,0,0,IN_PERSON,Yao E,MOWE,09:10,10:00,MA,318
23240,INFO-I 565,LEC,OPEN,,120,85,0,IN_PERSON,Toombs A,TUTH,15:55,17:30,IF,1106
23244,REEI-R 301,LEC,OPEN,"CREATIVE ECN, CLT DIP: C & E EUR",30,24,0,IN_PERSON,Humenna O,MOWE,11:10,12:25,LH,023
23245,REEI-R 500,LEC,OPEN,"CREATIVE ECN, CLT DIP: C & E EUR",30,24,0,IN_PERSON,Humenna O,MOWE,11:10,12:25,LH,023
23246,INFO-I 590,LEC,OPEN,,40,27,0,IN_PERSON,Blevis E,MOWE,17:30,18:45,IF,1104
23248,INFO-I 400,LEC,OPEN,COMPUTING WITHIN LIMITS,40,27,0,IN_PERSON,Blevis E,MOWE,17:30,18:45,IF,1104
23249,HIST-J 400,LEC,OPEN,EXPLORERS AND EXPLORATION,20,7,0,IN_PERSON,Saburova T,MO,16:20,18:50,BH,337
2325,MUS-P 111,LEC,OPEN,,8,1,0,IN_PERSON,Yao E,MOWE,11:35,12:25,MA,315
23251,HIST-A 394,LEC,CLOSED,,70,0,0,IN_PERSON,Myers A,TUTH,12:45,14:00,BH,008
23252,HIST-B 204,LEC,OPEN,,70,12,0,IN_PERSON,Shopkow L,MOWE,15:10,16:00,WH,003
23253,HIST-B 226,LEC,OPEN,,348,11,0,IN_PERSON,Ipsen C,MOWE,15:55,17:10,WH,100
23254,HIST-D 312,LEC,CLOSED,,37,0,0,IN_PERSON,Saburova T,MOWE,14:20,15:35,BH,203
23256,HIST-G 369,LEC,OPEN,,35,18,0,IN_PERSON,O'Bryan S,MOWE,15:55,17:10,BH,227
23259,HIST-H 220,LEC,OPEN,,25,3,0,IN_PERSON,Cullather N,MOWE,11:10,12:25,BH,203
2326,MUS-P 111,LEC,CLOSED,,8,0,0,IN_PERSON,Yao E,TUTH,09:10,10:00,MA,318
23261,MELC-M 304,LEC,CLOSED,UNDERSTANDING THE GAZA WAR,20,0,1,IN_PERSON,Walbridge J,TUTH,09:35,10:50,BH,240
23263,MELC-M 695,LEC,CLOSED,UNDERSTANDING THE GAZA WAR,20,0,0,IN_PERSON,Walbridge J,TUTH,09:35,10:50,BH,240
23264,HIST-H 239,LEC,CLOSED,,70,0,0,IN_PERSON,Griffin C,MOWE,11:10,12:25,SE,140
23266,REEI-R 300,LEC,CLOSED,INTL POLITICS OF THE 20TH CENT,30,0,0,IN_PERSON,Borhi L,MOWE,14:20,15:35,BH,243
23267,REEI-R 500,LEC,CLOSED,INTL POLITICS OF THE 20TH CENT,30,0,0,IN_PERSON,Borhi L,MOWE,14:20,15:35,BH,243
23268,BIOL-L 577,LEC,OPEN,,15,10,0,IN_PERSON,Hall S,TUTH,09:35,10:50,JH,A107
23269,EDUC-E 525,LEC,OPEN,,18,4,0,ONLINE,Ray L,,,,OL,ONLINE
2327,MUS-P 111,LEC,CLOSED,,8,0,0,IN_PERSON,Yao E,TUTH,11:35,12:25,MA,315
23270,EDUC-E 555,LEC,CLOSED,,18,0,0,ONLINE,Croom M,,,,OL,ONLINE
23272,EDUC-J 502,LEC,CLOSED,,22,0,0,ONLINE,Jacobson E,,,,OL,ONLINE
23273,INTL-I 310,LEC,OPEN,INT'L POLITICS IN 20TH CENTURY,30,1,0,IN_PERSON,Borhi L,MOWE,14:20,15:35,BH,243
23274,SPH-M 425,LEC,CLOSED,,100,0,17,,Coble C,,,,WB,WEB
23276,HISP-P 410,LEC,OPEN,,24,10,0,IN_PERSON,Namorato L,MOWE,12:45,14:00,LI,048
23279,SPH-M 423,LEC,CLOSED,,100,0,7,,Brummett K,,,,WB,WEB
2328,MUS-P 120,LAB,CLOSED,,16,0,0,IN_PERSON,Yao E,MOWE,10:25,11:15,MU,101
23280,BIOL-S 318,LAB,CLOSED,,25,0,1,IN_PERSON,Saltz J,FR,13:00,17:00,JH,A106
23281,HISP-P 510,LEC,OPEN,,24,10,0,IN_PERSON,Namorato L,MOWE,12:45,14:00,LI,048
23282,COLL-X 250,LEC,OPEN,,30,30,0,IN_PERSON,Liburd W; Vaughn M,FR,12:45,14:45,HD,TBA
23283,BUS-W 506,LEC,OPEN,,30,2,0,IN_PERSON,Cochran S,MOWE,14:25,15:50,CG,1026
23284,HISP-P 470,LEC,OPEN,"LOVE, DESIRE, AND THE LYRIC",24,16,0,IN_PERSON,Vieira E,TUTH,12:45,14:00,GA,0009
23286,HISP-P 570,LEC,OPEN,"LOVE, DESIRE, AND THE LYRIC",24,16,0,IN_PERSON,Vieira E,TUTH,12:45,14:00,GA,0009
23287,BUS-W 550,LEC,OPEN,,30,2,0,IN_PERSON,Tian R,MOWE,09:25,10:50,CG,2077
23288,BUS-W 610,LEC,OPEN,,10,5,0,IN_PERSON,Mathias B,WE,11:10,13:40,HH,3103
23289,BUS-Z 601,LEC,OPEN,,10,5,0,IN_PERSON,Kleshinski C,MO,11:10,13:40,HH,3103
2329,MUS-P 120,LAB,CLOSED,,16,0,0,IN_PERSON,Yao E,MOWE,15:10,16:00,MU,101
23291,EDUC-F 203,LEC,OPEN,MENTORING FUTURE EDUCATORS,24,8,0,IN_PERSON,Wilson S; Erxleben E,MOTUWETHFR,09:00,12:00,ED,1225
23294,PHIL-P 105,DIS,CLOSED,,17,0,0,IN_PERSON,Jo M,FR,11:35,12:25,SY,037
23295,PHIL-P 105,DIS,CLOSED,,18,0,0,IN_PERSON,Rogers M,FR,13:55,14:45,SY,037
23296,SPH-I 370,LAB,CLOSED,,8,0,0,IN_PERSON,Noel A,TU,15:00,16:30,GF,194
23297,SPH-I 370,LAB,OPEN,,8,1,0,IN_PERSON,Noel A,FR,11:30,13:00,GF,194
23299,REEI-R 301,LEC,OPEN,ESTONIA: BORDERS & NEIGHBORS,25,20,0,IN_PERSON,Kivik P,TUTH,11:10,12:25,BH,306
2330,MUS-P 120,LAB,OPEN,,16,6,0,IN_PERSON,Yao E,MOWE,16:20,17:10,MU,101
23300,REEI-R 500,LEC,OPEN,ESTONIA: BORDERS & NEIGHBORS,25,20,0,IN_PERSON,Kivik P,TUTH,11:10,12:25,BH,306
23301,SPH-I 370,LAB,OPEN,,8,1,0,IN_PERSON,Hand N,FR,13:10,14:40,GF,194
23306,MELC-A 485,LEC,OPEN,,15,12,0,IN_PERSON,Youseif A,MOTUWETH,08:00,08:50,WH,108
23307,MELC-A 685,LEC,OPEN,,15,12,0,IN_PERSON,Youseif A,MOTUWETH,08:00,08:50,WH,108
23309,MELC-M 498,LEC,OPEN,,15,13,0,IN_PERSON,Morkus N,TUTH,14:20,15:35,BH,135
2331,MUS-P 120,LAB,CLOSED,,8,0,0,IN_PERSON,Yao E,TUTH,09:10,10:00,MA,315
23310,MELC-M 698,LEC,OPEN,,15,13,0,IN_PERSON,Morkus N,TUTH,14:20,15:35,BH,135
23311,SPH-M 411,LEC,CLOSED,,100,0,29,,Evans J,,,,WB,WEB
23312,SPH-M 415,LEC,CLOSED,,100,0,34,,Jang W,,,,WB,WEB
23315,CEUS-R 329,LEC,OPEN,LEARNING TURK W/ OPN-SRC MAT I,15,14,0,IN_PERSON,Silay K,TUTH,16:20,18:50,BH,010
23316,CEUS-R 529,LEC,OPEN,LEARNING TURK W/ OPN-SRC MAT I,15,14,0,IN_PERSON,Silay K,TUTH,16:20,18:50,BH,010
23317,HIST-D 308,LEC,OPEN,,28,2,0,IN_PERSON,Saburova T,MOWE,11:10,12:25,BH,342
23319,MELC-E 100,LEC,OPEN,,20,13,0,IN_PERSON,Vinson S,MOTUWETHFR,11:35,12:25,BH,142
2332,MUS-P 120,LAB,CLOSED,,8,0,0,IN_PERSON,Yao E,TUTH,15:10,16:00,MA,315
23320,PHIL-P 470,LEC,OPEN,HUME'S ETHICS & HUMEAN ETHICS,14,1,0,IN_PERSON,Abramson K,TUTH,14:20,15:35,SY,002
23321,MELC-E 507,LEC,OPEN,,15,11,0,IN_PERSON,Vinson S,WE,13:55,16:25,LI,851
23322,PHIL-P 541,LEC,CLOSED,,11,0,0,IN_PERSON,Abramson K,TUTH,14:20,15:35,SY,002
23324,PHIL-P 562,LEC,OPEN,,15,10,0,IN_PERSON,McNamara C,TH,16:45,19:15,SY,022
23325,REEI-R 301,LEC,CLOSED,EMPIRE OF THE TSARS,2,0,0,IN_PERSON,Saburova T,MOWE,11:10,12:25,BH,342
23326,EDUC-N 722,LEC,OPEN,,18,9,0,IN_PERSON,Tillema E,TU,15:55,18:25,ED,1220
23327,EDUC-N 730,LEC,OPEN,,20,2,0,,Jacobson E,,,,WB,WEB
23328,HIST-H 699,LEC,OPEN,,11,6,0,IN_PERSON,Machado P,TH,16:20,18:20,BH,135
2333,MUS-P 121,LEC,CLOSED,,8,0,0,IN_PERSON,Yao E,MOWE,10:25,11:15,MA,318
23331,SPH-K 350,LEC,OPEN,CARDIO-PUL EXER PHYSIO,30,14,0,IN_PERSON,Johnson B,TUTH,09:35,10:50,LH,004
23332,HISP-S 324,LEC,OPEN,,22,2,1,IN_PERSON,Myers K,TUTH,09:35,10:50,GA,0013
23335,CSCI-T 510,LEC,OPEN,,20,20,0,ONLINE,Roberts M,,,,OL,ONLINE
23336,INFO-I 211,LAB,OPEN,,24,9,1,IN_PERSON,Muehlhaus K,TH,14:20,15:35,I,232
23337,PHIL-P 105,LEC,OPEN,,40,1,0,IN_PERSON,Hyde O,TUTH,17:30,18:45,BH,206
2334,MUS-P 121,LEC,CLOSED,,8,0,1,IN_PERSON,Yao E,TUTH,11:35,12:25,MA,318
23341,ILS-Z 657,LEC,OPEN,,20,7,0,IN_PERSON,Riddell A,TH,15:10,17:40,BH,338
23343,HIST-H 105,LEC,OPEN,,70,1,0,IN_PERSON,Dierks K,TUTH,09:35,10:50,SE,140
23344,BUS-G 406,LEC,OPEN,,30,8,0,IN_PERSON,Cakirer K,MOWE,12:45,14:00,HH,3055
23345,AST-A 105,LEC,CLOSED,,150,0,2,IN_PERSON,Pingel N,TUTH,14:20,15:35,SW,119
23347,AST-A 575,LEC,OPEN,,20,13,0,IN_PERSON,Rhode K,MOWE,11:10,12:25,SW,219
23348,AST-A 103,LEC,CLOSED,,150,0,3,IN_PERSON,Pingel N,TUTH,11:10,12:25,SW,119
23349,CEUS-R 349,LEC,OPEN,"DEMOCRACY IN CENT, EAST EUROPE",25,24,0,IN_PERSON,Rajnai G,TUTH,15:55,17:10,WH,104
2335,MUS-P 130,LEC,OPEN,,8,5,0,IN_PERSON,Yao E,TUTH,15:10,16:00,MA,318
23350,CEUS-R 549,LEC,OPEN,"DEMOCRACY IN CENT, EAST EUROPE",25,24,0,IN_PERSON,Rajnai G,TUTH,15:55,17:10,WH,104
23351,CEUS-R 341,LEC,OPEN,,25,22,0,IN_PERSON,Rajnai G,TUTH,14:20,15:35,SB,140
23352,CEUS-R 441,LEC,OPEN,,20,18,0,IN_PERSON,Varga V,MOWEFR,12:45,13:35,SY,006
23353,CEUS-R 641,LEC,OPEN,,20,18,0,IN_PERSON,Varga V,MOWEFR,12:45,13:35,SY,006
23357,SLHS-A 200,LEC,CLOSED,,27,0,0,IN_PERSON,Goodall H,MOWE,11:10,12:25,BH,330
23358,EDUC-J 799,LEC,OPEN,,20,8,0,,Hackenberg A,,,,WB,WEB
2336,MUS-P 400,LEC,OPEN,,60,54,0,,Bush A,,,,ARR,
23361,HISP-S 334,LEC,OPEN,,24,1,0,IN_PERSON,Risner J,TUTH,09:35,10:50,GA,0007
23362,HISP-S 411,LEC,OPEN,,22,14,0,IN_PERSON,Dinverno M,TUTH,15:55,17:10,GA,0007
23369,SLAV-P 365,LEC,OPEN,POST-COMMUNIST MINORITIES,30,29,0,IN_PERSON,Nizynska J,TUTH,15:55,18:25,TV,226
23371,SLAV-P 565,LEC,OPEN,POST-COMMUNIST MINORITIES,5,5,0,IN_PERSON,Nizynska J,TUTH,15:55,18:25,TV,226
23372,SLAV-P 363,LEC,OPEN,,20,1,0,IN_PERSON,Sicinski L,MO,15:55,18:25,BH,240
23373,SLAV-P 563,LEC,OPEN,,20,1,0,IN_PERSON,Sicinski L,MO,15:55,18:25,BH,240
23375,ENG-W 131,LEC,CLOSED,,23,0,0,IN_PERSON,Silvester K; Ikhtiar A,MOWEFR,15:10,16:00,BH,138
23376,ENG-W 131,LEC,CLOSED,,23,0,0,IN_PERSON,Xu Y; Rivera A,MOWEFR,15:10,16:00,BH,232
23377,ENG-W 131,LEC,CLOSED,,23,0,0,IN_PERSON,McDonald R; Rivera A,MOWEFR,15:10,16:00,BH,332
23378,ENG-W 131,LEC,CLOSED,,23,0,0,IN_PERSON,Novosel J; Rivera A,MOWEFR,15:10,16:00,BH,237
23379,ENG-W 131,LEC,CLOSED,,23,0,1,IN_PERSON,Rushing A; Silvester K,MOWEFR,16:20,17:10,BH,139
23380,ENG-W 131,LEC,CLOSED,,23,0,0,IN_PERSON,Ogle J; Rivera A,MOWEFR,16:20,17:10,BH,231
23381,ENG-W 131,LEC,OPEN,,23,1,0,IN_PERSON,Pomeroy N,MOWEFR,16:20,17:10,BH,338
23382,ENG-W 131,LEC,OPEN,,23,1,0,IN_PERSON,Silvester K; Patterson J,MOWEFR,16:20,17:10,BH,140
23383,ENG-W 131,LEC,CLOSED,,23,0,0,IN_PERSON,Kim M; Rivera A,MOWEFR,17:30,18:20,BH,133
23386,HISP-S 424,LEC,OPEN,,22,3,0,IN_PERSON,Illas E,TUTH,09:35,10:50,BH,313
23389,GNDR-G 215,LEC,OPEN,,35,18,0,IN_PERSON,Frazier L,MOWE,11:10,12:25,BH,143
2339,MUS-P 400,LEC,OPEN,,18,18,0,,Krieger N,,,,ARR,
23390,GNDR-G 225,LEC,CLOSED,,125,0,0,IN_PERSON,Maher J,TUTH,12:45,14:00,SW,007
23391,GNDR-G 702,LEC,OPEN,,15,2,0,IN_PERSON,Foster L,WE,09:00,11:30,LH,425
2340,MUS-P 400,LEC,OPEN,,18,15,0,,Naoumoff E,,,,ARR,
23400,SLAV-T 191,LEC,OPEN,,15,6,0,IN_PERSON,Holdeman J,TUTH,17:30,18:20,ED,1201
23401,BUS-G 455,LEC,OPEN,SPORTS ECONOMICS AND ANALYTICS,30,17,0,IN_PERSON,Rice J,TUTH,09:35,10:50,HH,3006
23402,MATH-M 601,LEC,OPEN,,10,3,0,IN_PERSON,Davis J,MOWEFR,10:25,11:15,RH,368
23403,MATH-M 611,LEC,OPEN,,16,3,0,IN_PERSON,Demeter C,MOWE,10:10,11:25,RH,104
23409,EALC-E 505,LEC,OPEN,KOREAN POPULAR CULTURE,35,21,0,IN_PERSON,Baker V,MOWE,08:00,09:15,GA,2067
2341,MUS-P 603,LEC,OPEN,,20,17,0,,Cartledge D,,,,ARR,
23410,MATH-M 557,LEC,OPEN,,10,4,0,IN_PERSON,Gerber M,TUTH,14:20,15:35,RH,368
23413,EALC-E 350,LEC,OPEN,COLD WAR KOREAS,35,22,0,IN_PERSON,Chae R,MOWE,12:45,14:00,BH,118
23415,EALC-E 350,LEC,OPEN,SOUTH KOREA TODAY,25,16,0,IN_PERSON,Chae R,MOWE,14:20,15:35,PY,109
23417,EALC-E 505,LEC,OPEN,COLD WAR KOREAS,35,22,0,IN_PERSON,Chae R,MOWE,12:45,14:00,BH,118
23419,EALC-E 505,LEC,OPEN,SOUTH KOREA TODAY,25,16,0,IN_PERSON,Chae R,MOWE,14:20,15:35,PY,109
2342,MUS-P 604,LEC,OPEN,,20,18,0,,Cartledge D,,,,ARR,
23424,HISP-S 427,LEC,OPEN,,22,10,0,IN_PERSON,Matos Amaral P,MOWE,15:55,17:10,LI,028
23425,HISP-S 474,LEC,OPEN,,22,2,0,IN_PERSON,Cohn D,MOWE,14:20,15:35,SY,0009
23426,EALC-E 352,LEC,OPEN,JAPAN: AGE OF SHOGUN 1467-1600,35,26,0,IN_PERSON,Oxenboell M,TUTH,09:35,10:50,I,107
23429,AAST-A 200,LEC,CLOSED,,35,0,2,IN_PERSON,Kwong L,MOWE,15:55,17:10,WY,125
2343,MUS-P 605,LEC,OPEN,,20,17,0,,Cartledge D,,,,ARR,
23431,EALC-E 399,LEC,OPEN,,35,17,0,IN_PERSON,Liff A,TUTH,15:55,17:10,HH,3079
23432,GEOG-G 313,LEC,CLOSED,,36,0,4,IN_PERSON,Ashutosh I,TUTH,09:35,10:50,SB,005
23433,AST-A 405,LEC,OPEN,,24,12,0,IN_PERSON,Petrovich C,TUTH,11:10,12:25,SW,246A
23434,MATH-S 311,LEC,OPEN,,35,24,0,IN_PERSON,Larsen M,MOTUWETHFR,09:10,10:00,BH,242
23436,EALC-C 101,LEC,OPEN,,25,9,0,IN_PERSON,Catalano S; Lyu X,TUTH,11:35,12:25,SY,002
23437,EALC-C 101,LEC,OPEN,,25,9,0,IN_PERSON,Catalano S; Lyu X,TUTH,11:35,12:25,SY,002
23438,HISP-S 480,LEC,CLOSED,,0,0,0,IN_PERSON,,MOWE,09:35,10:50,BH,139
23439,MATH-M 584,LEC,OPEN,,22,10,0,IN_PERSON,Moss L,MOWEFR,13:55,14:45,BH,240
2344,MUS-P 606,LEC,OPEN,,20,19,0,,Cartledge D,,,,ARR,
23440,SLST-T 505,LEC,OPEN,,30,22,0,IN_PERSON,Friedman D,MOWE,15:55,17:10,HU,217
23441,MATH-M 607,LEC,OPEN,,25,4,0,IN_PERSON,Bodish E,MOWEFR,15:10,16:00,SW,217
23442,MATH-M 621,LEC,OPEN,,20,6,0,IN_PERSON,Lindenstrauss A,MOWEFR,12:45,13:35,SW,217
23443,SLST-T 514,LEC,OPEN,,20,5,0,IN_PERSON,Sprouse R,TUTH,15:55,17:10,BH,241
23444,SLST-S 600,LEC,OPEN,STATS FOR LANG SCIENCES,20,9,0,IN_PERSON,Shin S,MOWE,11:10,12:25,WH,009
23445,SLST-S 305,LEC,OPEN,,30,22,0,IN_PERSON,Friedman D,MOWE,15:55,17:10,HU,217
23446,SLST-S 312,LEC,OPEN,,20,5,0,IN_PERSON,Sprouse R,TUTH,15:55,17:10,BH,241
23447,EALC-C 425,LEC,OPEN,,12,5,0,IN_PERSON,Lu Y,TUTH,14:20,15:35,BH,018
23448,EALC-C 525,LEC,OPEN,,12,5,0,IN_PERSON,Lu Y,TUTH,14:20,15:35,BH,018
23449,EALC-C 454,LEC,OPEN,MEDIA LTRCY IN CHN-SPKNG WORLD,15,9,0,IN_PERSON,Tsai Y,MOWE,11:10,12:25,ED,1002
2345,MUS-P 700,LEC,OPEN,,127,19,0,,Yao E,,,,ARR,
23450,GEOG-G 391,LEC,CLOSED,,30,0,2,IN_PERSON,Dwyer M,TUTH,14:20,15:35,SB,005
23451,MATH-M 641,LEC,OPEN,,15,9,0,IN_PERSON,Shi J,TUTH,11:10,12:25,LH,112
23452,MATH-M 655,LEC,OPEN,,16,3,0,IN_PERSON,Wang S,MOWEFR,11:35,12:25,RH,104
23453,EALC-C 581,LEC,OPEN,,20,12,0,IN_PERSON,Vogt N,MOWE,11:35,12:25,BH,015
23454,MATH-M 721,LEC,OPEN,,15,9,0,IN_PERSON,Spitz B,TUTH,09:35,10:50,BH,333
23455,HISP-S 508,LEC,OPEN,,15,6,0,IN_PERSON,Felix-Brasdefer C,TUTH,12:45,14:00,WH,108
23457,HISP-S 509,LEC,OPEN,,15,9,0,IN_PERSON,Willis E,TUTH,09:35,10:50,BH,012
23458,SOAD-C 280,LEC,OPEN,,18,8,0,IN_PERSON,Rasure K,MOWE,09:10,11:55,TV,139
2346,MUS-P 800,LEC,CLOSED,,1,0,0,,Cartledge D,,,,ARR,
23462,SPH-K 530,LEC,OPEN,,15,4,0,IN_PERSON,Gruber A,TUTH,09:35,10:50,BH,221
23463,BUS-T 275,LEC,CLOSED,,45,0,9,IN_PERSON,Kniola J,MO,14:20,15:35,HH,4075
23464,BUS-T 275,LEC,CLOSED,,45,0,4,IN_PERSON,Kniola J,MO,15:55,17:10,HH,4075
23465,BUS-C 204,LEC,CLOSED,,24,0,0,IN_PERSON,Brentlinger J,MOWE,19:05,20:20,HH,3052
23467,CJUS-P 200,LEC,CLOSED,,60,0,9,IN_PERSON,Brauer J,TUTH,12:45,14:00,BH,304
23469,AAAD-A 249,LEC,OPEN,,30,1,0,IN_PERSON,Smith C,TUTH,09:35,10:50,WH,109
2347,MUS-P 800,LEC,OPEN,,5,5,0,,Krieger N,,,,ARR,
23470,AAAD-A 297,LEC,CLOSED,,39,0,5,IN_PERSON,Ekeh O,TUTH,11:10,12:25,FR,C230
23472,AAAD-A 331,LEC,CLOSED,,29,0,2,IN_PERSON,Wolfskill P,TUTH,11:10,12:25,LI,044B
23473,EALC-K 525,LEC,OPEN,,5,2,0,IN_PERSON,Lee H,TU,15:10,17:40,GY,1032
23474,EALC-K 545,LEC,OPEN,,5,2,0,IN_PERSON,Lee H,TH,15:10,17:40,WH,118
23475,AAAD-A 354,LEC,OPEN,,25,14,0,IN_PERSON,Smith C,TUTH,12:45,14:00,BH,105
23476,AAAD-A 388,LEC,OPEN,,40,2,0,IN_PERSON,Ekeh O,TUTH,14:20,15:35,WH,009
23479,AAAD-A 556,LEC,OPEN,,10,1,0,IN_PERSON,Calloway-Thomas C,MO,09:00,11:30,BH,647
2348,MUS-P 900,LEC,OPEN,,18,9,0,,Bush A,,,,ARR,
23480,AAAD-A 690,LEC,OPEN,,10,6,0,IN_PERSON,Jelks R,WE,09:00,11:30,BH,647
23485,BIOL-Z 375,LEC,OPEN,,25,11,0,IN_PERSON,Cotten C,TH,12:45,17:10,JH,122
23486,AMST-A 100,LEC,CLOSED,VISUALIZING AMERICA,34,0,0,IN_PERSON,Wolfskill P,TUTH,09:35,10:50,LI,044B
23487,AMST-A 207,LEC,OPEN,,35,27,0,IN_PERSON,Anderson P,MOWE,12:45,14:00,BH,144
23488,HISP-S 518,LEC,OPEN,,10,5,0,IN_PERSON,Giles R,TUTH,15:55,17:10,BH,123
23489,HISP-S 538,LEC,OPEN,,10,6,0,IN_PERSON,Johnson R,MOWE,14:20,15:35,BH,123
23490,HISP-S 611,LEC,OPEN,TOPICS IN LEXICAL SEMANTICS,8,5,0,IN_PERSON,Matos Amaral P,MOWE,12:45,14:00,BH,219
23492,HISP-S 668,LEC,OPEN,ENGAGING TRANSATLANTIC STUDIES,10,5,0,IN_PERSON,Mejias-Lopez A,MO,17:30,20:00,BH,123
23493,BUS-A 345,LEC,CLOSED,,52,0,26,IN_PERSON,Metz K,MOWE,12:45,14:00,HH,3034
23494,BUS-A 345,LEC,CLOSED,,52,0,20,IN_PERSON,Metz K,MOWE,14:20,15:35,HH,3034
23497,MATH-M 731,LEC,OPEN,,20,14,0,IN_PERSON,Bainbridge M,MOWEFR,15:10,16:00,RH,104
23499,AMST-A 200,LEC,CLOSED,,35,0,3,IN_PERSON,Barajas A,TUTH,14:20,15:35,BH,342
23502,AMST-A 305,LEC,CLOSED,,35,0,0,IN_PERSON,Inouye K,TUTH,09:35,10:50,SE,240
23503,AMST-A 350,LEC,CLOSED,WOMEN OF COLOR'S WRITING LIVES,22,0,0,IN_PERSON,Seigel M,MOWE,12:45,14:00,JH,001
23504,SPH-I 100,LEC,CLOSED,PILATES,16,0,3,IN_PERSON,Held M,MOWE,09:10,10:00,PH,169
23505,SPH-I 100,LEC,CLOSED,PILATES,16,0,1,IN_PERSON,Held M,MOWE,10:25,11:15,PH,169
23507,CSCI-B 659,LEC,CLOSED,ADV. MACHINE LEARNING FOR CL,5,0,3,IN_PERSON,Cavar D,TUTH,11:10,12:25,IF,0119
2351,MUS-P 900,LEC,OPEN,,18,3,0,,Krieger N,,,,ARR,
2352,MUS-P 900,LEC,OPEN,,18,4,0,,Klinton D,,,,ARR,
23529,GEOG-G 655,LEC,CLOSED,,16,0,0,IN_PERSON,Hwang T,TUTH,12:45,14:00,SB,325
2353,MUS-Q 100,LEC,OPEN,,10,4,0,,Fishell J; Ives-Glasgow H,,,,ARR,
23530,GEOG-G 455,LEC,CLOSED,,16,0,1,IN_PERSON,Hwang T,TUTH,12:45,14:00,SB,325
23531,BUS-Z 305,LEC,CLOSED,,10,0,0,IN_PERSON,Pottgen W,MOWE,15:55,17:10,HH,2000
23533,SLHS-S 778,LEC,OPEN,,20,10,0,IN_PERSON,Gallien M,TH,09:00,12:00,AH,C1020
23534,GEOG-G 467,LEC,OPEN,,25,6,0,IN_PERSON,Hwang T,TUTH,09:35,10:50,SB,221
23535,GEOG-G 567,LEC,OPEN,,25,6,0,IN_PERSON,Hwang T,TUTH,09:35,10:50,SB,221
2354,MUS-Q 400,LEC,OPEN,,15,15,0,,Bush A,,,,ARR,
23540,GEOG-G 357,LEC,CLOSED,,22,0,1,IN_PERSON,Kalentzidou O,TU,15:55,18:25,SB,017
23542,GEOG-G 357,LEC,CLOSED,,4,0,0,IN_PERSON,Kalentzidou O,TU,15:55,18:25,SB,017
23544,SPH-I 103,LEC,OPEN,,18,3,0,IN_PERSON,Furman Jr L,TUTH,09:10,10:00,PH,163
23545,SPH-I 103,LEC,OPEN,,18,1,0,IN_PERSON,Kelly P,TUTH,10:25,11:15,PH,163
23546,SPH-I 103,LEC,OPEN,,18,1,0,IN_PERSON,Kelly P,TUTH,11:35,12:25,PH,163
23547,LATS-L 103,LEC,CLOSED,,35,0,1,IN_PERSON,Rodriguez-Ulloa O,TUTH,11:10,12:25,WH,005
23548,GEOG-G 379,LEC,OPEN,INDIANA FOOD WAYS,19,1,0,IN_PERSON,Kalentzidou O,WE,15:55,18:25,SB,005
2355,MUS-Q 601,LEC,OPEN,,10,9,0,,Cartledge D,,,,ARR,
23552,AMST-A 399,LEC,OPEN,ETHNOGRAPHY OF THE U.S.A,15,10,0,IN_PERSON,Lepselter S,WE,15:10,17:10,BH,317
23554,AMST-G 620,LEC,OPEN,,15,10,0,IN_PERSON,Lepselter S,WE,15:10,17:10,BH,317
23555,GEOG-G 489,LEC,OPEN,,25,6,0,IN_PERSON,He Y,MOWE,09:35,10:50,SB,221
23558,COLL-C 103,LEC,CLOSED,DEATH,120,0,2,IN_PERSON,Jaques R,MOWE,09:10,10:00,MY,130
23559,COLL-C 103,DIS,CLOSED,DEATH,30,0,1,IN_PERSON,Jaques R; Allen S,FR,09:10,10:00,TE,F102
2356,MUS-Q 700,LEC,OPEN,,10,4,0,,Fishell J; Ives-Glasgow H,,,,ARR,
23560,COLL-C 103,DIS,CLOSED,DEATH,30,0,0,IN_PERSON,Jaques R; Allen S,FR,10:25,11:15,AC,C116
23561,COLL-C 103,DIS,CLOSED,DEATH,30,0,0,IN_PERSON,Jaques R; Smith J,FR,11:35,12:25,WI,C111
23562,COLL-C 103,DIS,CLOSED,DEATH,30,0,1,IN_PERSON,Jaques R; Smith J,FR,12:45,13:35,WI,C111
23563,BUS-K 201,LEC,OPEN,,40,13,0,IN_PERSON,Sweeny K,TUTH,08:00,09:15,GR,102A
23564,BUS-K 201,LEC,CLOSED,,40,0,0,IN_PERSON,Sweeny K,TUTH,09:35,10:50,GR,102A
23566,BUS-K 201,LEC,CLOSED,,40,0,0,IN_PERSON,Davis R,MOWE,14:20,15:35,HH,1047
23567,GEOG-G 323,LEC,CLOSED,,20,0,1,IN_PERSON,Postigo J,WE,12:45,15:15,SB,005
23568,BUS-K 201,LEC,CLOSED,,40,0,0,IN_PERSON,Sweeny A,MOWE,17:30,18:45,HH,1047
23569,LATS-L 104,LEC,CLOSED,,25,0,0,IN_PERSON,Martinez S,TUTH,09:35,10:50,IF,0119
2357,MUS-Q 900,LEC,OPEN,,20,20,0,,Bush A,,,,ARR,
23570,BUS-K 201,LEC,CLOSED,,34,0,0,IN_PERSON,Hostetler K,TUTH,11:10,12:25,HH,4083
23571,BUS-K 201,LEC,OPEN,,40,5,0,IN_PERSON,Brooks J,MOWE,17:30,18:45,HH,4079
23572,BUS-K 201,LEC,OPEN,,34,1,0,IN_PERSON,Abshire S,TUTH,14:20,15:35,HH,4083
23573,GEOG-G 320,LEC,OPEN,,25,16,0,IN_PERSON,Chi G,MOWE,09:35,10:50,SB,017
23576,GEOG-G 451,LEC,OPEN,,25,18,0,IN_PERSON,Carlson G,TUTH,12:45,14:00,SB,005
23577,LATS-L 601,LEC,OPEN,,2,2,0,,Varon A,,,,ARR,
23579,PSY-M 111,LEC,OPEN,,250,1,0,IN_PERSON,Hullinger R; Motz B,MOWE,14:20,15:35,PY,100
2358,MUS-S 110,LEC,CLOSED,,10,0,1,,Ganatra S; Harris G,,,,ARR,
23580,PSY-M 112,LEC,CLOSED,,250,0,0,IN_PERSON,Fyfe E; Uner O,TUTH,09:35,10:50,PY,100
23582,PSY-M 211,LEC,OPEN,,175,94,0,IN_PERSON,Hu D,MOWE,12:45,14:00,PY,100
23583,PSY-M 211,LEC,OPEN,,175,90,0,IN_PERSON,Ebright-Jones B,TUTH,14:20,15:35,FA,015
23584,PSY-M 311,LEC,CLOSED,SOCIAL PSYCHOLOGY,20,0,0,IN_PERSON,Adams K,TUTH,09:35,10:50,PY,286
23585,PSY-M 311,LEC,OPEN,SOCIAL PSYCHOLOGY,20,1,0,IN_PERSON,Adams K,MOWE,14:20,15:35,PY,286
23586,PSY-M 311,LEC,CLOSED,COGNITIVE PSYCHOLOGY,20,0,0,IN_PERSON,Uner O,TUTH,14:20,15:35,PY,286
23587,PSY-M 311,LEC,CLOSED,DEVELOPMENTAL PSYCHOLOGY,20,0,0,IN_PERSON,Yamamoto H,TUTH,12:45,14:00,PY,228
23588,PSY-P 329,LEC,CLOSED,,39,0,1,IN_PERSON,Gold J,MOWE,12:45,14:00,PY,109
23589,AAAD-A 150,LEC,OPEN,,160,1,0,IN_PERSON,Hamilton Abegunde M,MOWE,09:10,10:00,EP,257
2359,MUS-S 120,LEC,OPEN,,10,5,0,,Ganatra S; Harris G,,,,ARR,
23592,LAMP-L 416,LEC,OPEN,ATTENTION SHAPING AT WORK,15,3,0,IN_PERSON,Fisher D,TUTH,11:10,12:25,BH,219
23596,MELC-M 386,LEC,OPEN,,4,2,0,IN_PERSON,Goodman J,MOWE,14:20,15:35,SB,231
23597,HIST-B 204,DIS,CLOSED,,17,0,0,IN_PERSON,Shopkow L,TH,11:35,12:25,BH,243
23598,HIST-B 204,DIS,OPEN,,17,9,0,IN_PERSON,Shopkow L,TH,09:10,10:00,AC,C118
23599,HIST-B 204,DIS,CLOSED,,18,0,0,IN_PERSON,Shopkow L,WE,16:20,17:10,BH,105
2360,MUS-S 130,LEC,OPEN,,10,1,0,,Ganatra S; Harris G,,,,ARR,
23600,HIST-B 204,DIS,OPEN,,18,3,0,IN_PERSON,Shopkow L,FR,11:35,12:25,BH,209
23601,AAAD-A 150,DIS,CLOSED,,35,0,0,IN_PERSON,Hamilton Abegunde M; Eatman E,WE,16:20,17:10,BH,242
23602,AAAD-A 150,DIS,CLOSED,,40,0,0,IN_PERSON,Hamilton Abegunde M; Eatman E,MO,16:20,17:10,BH,206
23603,AAAD-A 150,DIS,CLOSED,,45,0,0,IN_PERSON,Hamilton Abegunde M; Adetunji A,TU,16:20,17:10,LH,035
23604,AAAD-A 150,DIS,OPEN,,40,1,0,IN_PERSON,Hamilton Abegunde M; Adetunji A,TH,16:20,17:10,JH,001
23606,GEOG-G 208,LEC,CLOSED,,60,0,6,IN_PERSON,Ho T,MOWE,14:20,15:35,AC,C002
2361,MUS-S 140,LEC,OPEN,,10,7,0,,Ganatra S; Harris G,,,,ARR,
23614,HHC-H 202,LEC,CLOSED,,24,0,1,IN_PERSON,Pontillo J,TU,12:45,14:00,HU,108
23615,GNDR-G 104,LEC,CLOSED,GENDER AND SPORTS,35,0,2,IN_PERSON,Kass S,TUTH,14:20,15:35,BH,144
23616,HHC-H 101,LEC,CLOSED,,24,0,1,IN_PERSON,Frohardt-Lane S,TU,09:35,10:50,HU,217
23617,HHC-H 101,LEC,CLOSED,,24,0,2,IN_PERSON,Frohardt-Lane S,TH,09:35,10:50,HU,217
23618,FOLK-F 101,DIS,OPEN,,25,1,0,IN_PERSON,Hu Q,FR,09:10,10:00,LH,135
23619,FOLK-F 101,DIS,CLOSED,,25,0,0,IN_PERSON,Hu Q,FR,10:25,11:15,LH,025
2362,MUS-S 410,LEC,OPEN,,30,26,0,,Bush A,,,,ARR,
23620,FOLK-F 101,DIS,CLOSED,,25,0,0,IN_PERSON,Hu Q,FR,11:35,12:25,SW,221
23622,HHC-H 202,LEC,CLOSED,,24,0,1,IN_PERSON,Davis K,MO,11:10,12:25,HU,217
23625,HHC-H 101,LEC,CLOSED,,24,0,2,IN_PERSON,Graham P,TH,14:20,15:35,HU,111
23626,HHC-H 101,LEC,CLOSED,,24,0,0,IN_PERSON,Baildon M,MO,12:45,14:00,HU,108
23627,HHC-H 202,LEC,CLOSED,,24,0,0,IN_PERSON,Reiser A,TU,11:10,12:25,HU,108
23628,HHC-H 101,LEC,CLOSED,,24,0,1,IN_PERSON,Livingston S,TH,11:10,12:25,HU,108
2363,MUS-S 410,LEC,OPEN,,18,14,0,,Zorman I,,,,ARR,
23632,HHC-H 202,LEC,CLOSED,,24,0,5,IN_PERSON,McLeod T,WE,11:10,12:25,HU,217
23635,HUBI-B 300,LEC,OPEN,SEX AND DRUGS,71,10,3,IN_PERSON,Greene S; Kalinovsky A,MOWE,14:20,15:35,MO,107
23636,HUBI-B 300,DIS,CLOSED,SEX AND DRUGS,28,0,3,IN_PERSON,Wagoner I,TH,13:55,14:45,ED,1204
23637,HUBI-B 300,DIS,CLOSED,SEX AND DRUGS,28,0,1,IN_PERSON,Wagoner I,TH,15:10,16:00,ED,1230
23639,FOLK-F 252,LEC,CLOSED,PUBLIC FOLKLORE & COMM SCHOLAR,30,0,0,IN_PERSON,Kay J,MO,16:00,18:30,C2,203
2364,MUS-S 410,LEC,OPEN,,10,4,0,,Zweig M,,,,ARR,
23642,FOLK-F 314,LEC,OPEN,,25,1,0,IN_PERSON,Cashman R,MOWE,09:35,10:50,C2,203
23644,FOLK-F 638,LEC,OPEN,LATIN AMERICAN MUSIC,12,6,0,IN_PERSON,Herrera E,TH,09:30,12:00,C2,272
23645,FOLK-F 801,LEC,OPEN,,12,8,0,IN_PERSON,Graper J,TH,12:30,15:00,C2,272
23646,FOLK-F 636,LEC,CLOSED,,5,0,0,IN_PERSON,Cashman R,MOWE,09:35,10:50,C2,203
23647,HON-H 234,LEC,CLOSED,AMERICAN PROTEST NOVELS,22,0,1,IN_PERSON,Gutjahr P,TUTH,11:10,12:25,BH,140
23648,HHC-H 101,LEC,CLOSED,,19,0,2,IN_PERSON,Livingston S,TH,12:45,14:00,BH,135
23649,HHC-H 101,LEC,CLOSED,,24,0,1,IN_PERSON,Truglia M,MO,15:55,17:10,HU,108
2365,MUS-S 420,LEC,OPEN,,10,9,0,,Bush A,,,,ARR,
23650,HHC-H 101,LEC,CLOSED,,24,0,2,IN_PERSON,Hook J,WE,15:55,17:10,HU,108
23651,PSY-P 407,LEC,CLOSED,,30,0,0,IN_PERSON,Murataeva N,TUTH,14:20,15:35,PY,111
23652,PSY-P 426,LEC,OPEN,,4,4,0,IN_PERSON,Garraghty P,TUFR,13:00,16:30,PY,388
23653,PSY-P 426,LEC,OPEN,,4,2,0,IN_PERSON,Garraghty P,MOFR,13:00,16:30,PY,388
23654,PSY-P 426,LEC,OPEN,,4,4,0,IN_PERSON,Garraghty P,WEFR,13:00,16:30,PY,388
23655,PSY-P 426,LEC,OPEN,,4,4,0,IN_PERSON,Garraghty P,THFR,13:00,16:30,PY,388
23656,GER-G 573,LEC,OPEN,,15,9,0,IN_PERSON,Chaouli M,TU,15:55,18:10,BH,012
23657,GER-G 416,LEC,OPEN,KLEIST AND KAFKA,20,9,0,IN_PERSON,Chaouli M,MOWE,15:55,17:10,BH,141
23658,GER-G 577,LEC,OPEN,,15,10,0,IN_PERSON,Robinson B,TH,15:55,18:10,BH,219
23659,GER-G 334,LEC,OPEN,INTRO GERMAN SOCIAL THOUGHT,22,4,0,IN_PERSON,Robinson B,TUTH,11:10,12:25,BH,217
2366,MUS-S 420,LEC,OPEN,,18,12,0,,Arad A,,,,ARR,
23662,GER-G 558,LEC,OPEN,,15,14,0,IN_PERSON,Sapp C,TUTH,14:20,15:35,WH,108
23664,PSY-P 457,LEC,CLOSED,NEUROEPIGENETICS & CLIN DISORD,30,0,0,IN_PERSON,Bunner K,TUTH,12:45,14:00,PY,230
23666,PSY-P 457,LEC,CLOSED,NEUROSCIENCE OF MOOD DISORDERS,30,0,4,IN_PERSON,Pickernell S,MOWE,12:45,14:00,PY,228
23667,PSY-P 457,LEC,CLOSED,NEUROSCIENCE OF PSYCHEDELICS,30,0,0,IN_PERSON,Farley J,MOWE,11:10,12:25,PY,109
23668,PSY-P 457,LEC,CLOSED,PSYCH OF ATTRACT & DATING,20,0,0,IN_PERSON,Busey T,MOWE,09:35,10:50,PY,120A
23669,PSY-P 457,LEC,OPEN,THE PSYCHOLOGY OF DEATH,20,1,0,IN_PERSON,Jardas E,TU,17:30,20:00,PY,120A
2367,MUS-S 420,LEC,OPEN,,12,11,0,,Chang L,,,,ARR,
23671,GER-G 200,LEC,CLOSED,,23,0,0,IN_PERSON,Weiss B,MOWEFR,13:55,14:45,GA,0005
23672,ENG-L 111,LEC,CLOSED,,30,0,0,IN_PERSON,Lehr B,TUTH,09:35,10:50,BH,208
23673,PSY-P 466,LEC,CLOSED,,29,0,10,IN_PERSON,Prieto A,TUTH,09:35,10:50,PY,228
23676,ENG-L 310,LEC,CLOSED,,25,0,0,IN_PERSON,Adams M,MOWE,12:45,14:00,AD,A151
23677,ENG-L 312,LEC,CLOSED,,25,0,2,IN_PERSON,Molesworth J,TUTH,09:35,10:50,LH,125
23678,ENG-L 314,LEC,CLOSED,,28,0,0,IN_PERSON,Anderson P,MOWE,14:20,15:35,BH,314
23679,ENG-L 316,LEC,CLOSED,,25,0,0,IN_PERSON,Muyumba W,TUTH,11:10,12:25,LH,101
2368,MUS-S 420,LEC,OPEN,,18,18,0,,Zweig M,,,,ARR,
23681,ENG-L 338,LEC,OPEN,,25,1,0,IN_PERSON,McMullen J,MOWE,09:35,10:50,ED,0101
23682,ENG-L 348,LEC,CLOSED,,28,0,0,IN_PERSON,Greiner R,TUTH,12:45,14:00,BH,147
23683,ENG-L 357,LEC,CLOSED,,30,0,0,IN_PERSON,Skillman N,TUTH,09:35,10:50,BH,006
23684,GER-E 121,LEC,OPEN,,24,1,0,IN_PERSON,Woodward C,TUTH,15:55,17:10,GA,0005
23685,ENG-L 359,LEC,CLOSED,,25,0,0,IN_PERSON,Sheldon R,MOWE,17:30,18:45,BH,313
23686,ENG-L 369,LEC,OPEN,STEPHEN KING,25,2,0,IN_PERSON,Bledsoe B,MOWE,11:10,12:25,SW,217
23687,ENG-L 371,LEC,OPEN,,25,7,0,IN_PERSON,Bose P,TUTH,14:20,15:35,LH,101
23688,ENG-L 371,LEC,CLOSED,,25,0,1,IN_PERSON,Brown J,TUTH,12:45,14:00,BH,146
23689,ENG-L 378,LEC,CLOSED,WOMEN WRITING EMOTION,26,0,0,IN_PERSON,Greiner R,TUTH,11:10,12:25,BH,344
2369,MUS-S 430,LEC,OPEN,,18,16,0,,Colon E,,,,ARR,
23690,ENG-L 390,LEC,CLOSED,,25,0,0,IN_PERSON,Gutjahr P,TUTH,12:45,14:00,LH,025
23691,ENG-L 396,LEC,CLOSED,,30,0,32,,Kilgore D,,,,WB,WEB
23692,ENG-L 450,LEC,OPEN,MYSTICAL WRITING,15,4,0,IN_PERSON,Sheldon R,MOWE,15:55,17:10,BH,219
23693,ENG-L 460,LEC,CLOSED,19TH CENTURY SCIENCE FICTION,15,0,0,IN_PERSON,Morgan M,MOWE,12:45,14:00,ED,2280
23694,ENG-L 508,LEC,CLOSED,,10,0,2,IN_PERSON,Gayk S,MO,17:30,20:30,BH,503
23695,ENG-L 611,LEC,OPEN,,10,1,0,IN_PERSON,Anderson P,MOWE,09:35,10:50,BH,018
23696,ENG-L 626,LEC,CLOSED,,10,0,0,IN_PERSON,Molesworth J,TUTH,11:10,12:25,BH,123
23697,ENG-L 629,LEC,CLOSED,,10,0,0,IN_PERSON,Kreilkamp I,MO,11:10,14:10,BH,018
23698,ENG-L 646,LEC,OPEN,,10,2,0,IN_PERSON,Varon A,TUTH,09:35,10:50,BH,106
23699,PSY-P 530,LEC,OPEN,,11,1,0,IN_PERSON,D'Onofrio B,MOWE,09:35,10:50,PY,128
2370,MUS-S 430,LEC,OPEN,,60,59,0,,Bush A,,,,ARR,
23701,ENG-L 756,LEC,CLOSED,,10,0,0,IN_PERSON,Barnett S,WE,11:10,14:10,BH,018
23702,ENG-R 209,LEC,CLOSED,ARGUING WITH NUMBERS AND DATA,25,0,7,IN_PERSON,Zemlicka K,TUTH,14:20,15:35,BH,245
23703,ENG-R 228,LEC,CLOSED,,28,0,3,IN_PERSON,Thimsen A,MOWE,09:35,10:50,LH,030
23704,ENG-R 321,LEC,CLOSED,,25,0,1,IN_PERSON,Thimsen A,MOWE,12:45,14:00,LH,030
23705,ENG-R 330,LEC,CLOSED,,25,0,7,IN_PERSON,Zemlicka K,TUTH,15:55,17:10,BH,215
23706,ENG-R 348,LEC,CLOSED,,25,0,10,IN_PERSON,Barnett S,TUTH,14:20,15:35,LH,025
23707,ENG-R 355,LEC,OPEN,,25,1,0,IN_PERSON,Smith C,TUTH,09:35,10:50,LH,025
23708,ENG-W 103,LEC,CLOSED,,60,0,0,IN_PERSON,Bledsoe B,WE,12:45,13:45,JH,065
23709,ENG-W 103,DIS,CLOSED,,15,0,0,IN_PERSON,Bledsoe B; Brazfield C,MOFR,12:45,13:35,BH,214
2371,MUS-S 440,LEC,OPEN,,10,7,0,,Bush A,,,,ARR,
23710,ENG-W 103,DIS,CLOSED,,15,0,0,IN_PERSON,Bledsoe B; Wienke C,MOFR,12:45,13:35,BH,217
23711,ENG-W 103,DIS,CLOSED,,15,0,0,IN_PERSON,Bledsoe B; Brazfield C,MOFR,11:35,12:25,BH,242
23712,ENG-W 103,DIS,CLOSED,,15,0,0,IN_PERSON,Bledsoe B; Singh M,MOFR,13:55,14:45,BH,134
23713,ENG-W 203,LEC,CLOSED,POETRY,15,0,0,IN_PERSON,Wienke C,MOWE,14:20,15:35,BH,219
23714,ENG-W 301,LEC,CLOSED,,15,0,0,IN_PERSON,Skyhorse B,MOWE,09:35,10:50,PV,A203
23715,ENG-W 301,LEC,OPEN,,15,7,0,IN_PERSON,Upadhyay S,MOWE,08:00,09:15,BH,139
23717,ENG-W 311,LEC,OPEN,,15,3,0,IN_PERSON,Jackson-Brown A,TUTH,11:10,12:25,BH,012
23718,ENG-W 350,LEC,CLOSED,,25,0,3,IN_PERSON,Terrill R,MOWE,15:55,17:10,BH,216
23719,ENG-W 381,LEC,OPEN,,25,3,0,IN_PERSON,Skyhorse B,MOWE,11:10,12:25,SB,231
2372,MUS-S 440,LEC,OPEN,,18,14,0,,Barker E,,,,ARR,
23721,ENG-W 383,LEC,OPEN,,25,13,0,IN_PERSON,Bowman C,TUTH,14:20,15:35,BH,307
23722,ENG-W 611,LEC,OPEN,,12,2,0,IN_PERSON,Upadhyay S,TU,09:35,12:35,BH,018
23723,ENG-W 613,LEC,OPEN,,12,2,0,IN_PERSON,Case D,TH,14:20,17:20,BH,315
23726,ENG-L 295,LEC,CLOSED,THE FANTASTIC,30,0,0,IN_PERSON,Harrison M,TU,15:55,17:10,LI,044B
23728,ENG-L 224,LEC,CLOSED,,30,0,0,IN_PERSON,Baxipatra M,TUTH,15:55,17:10,BH,208
23729,ENG-R 209,LEC,CLOSED,RHETORICS OF PREDICTION,25,0,2,IN_PERSON,Larsson A,MOWE,08:00,09:15,LH,004
2373,MUS-S 611,LEC,OPEN,,5,4,0,,Cartledge D,,,,ARR,
23730,ENG-L 204,LEC,CLOSED,,25,0,19,IN_PERSON,Graham D,TUTH,12:45,14:00,BH,215
23731,ENG-W 131,LEC,CLOSED,,23,0,2,IN_PERSON,Larsson A,MOWE,09:35,10:50,BH,015
23732,ENG-W 131,LEC,CLOSED,,23,0,3,IN_PERSON,Larsson A,MOWE,11:10,12:25,BH,336
23733,ENG-W 131,LEC,CLOSED,,23,0,0,IN_PERSON,Rivera A,MOWEFR,10:25,11:15,BH,215
23734,ENG-W 131,LEC,CLOSED,,23,0,0,IN_PERSON,Irmen C; Rivera A,MOWEFR,11:35,12:25,WH,109
23735,ENG-W 131,LEC,CLOSED,,23,0,0,IN_PERSON,Graham D,TUTH,09:35,10:50,SE,245
23736,ENG-W 131,LEC,CLOSED,,23,0,2,IN_PERSON,Graham D,TUTH,11:10,12:25,SB,140
23737,ENG-W 131,LEC,CLOSED,,23,0,1,IN_PERSON,Harrison M,TUTH,11:10,12:25,BH,231
23738,ENG-W 131,LEC,CLOSED,,23,0,0,IN_PERSON,Harrison M,TUTH,12:45,14:00,SY,0009
23739,ENG-W 131,LEC,CLOSED,,15,0,0,IN_PERSON,Hasler J,MOWEFR,09:10,10:00,BH,317
2374,MUS-S 612,LEC,OPEN,,5,4,0,,Cartledge D,,,,ARR,
23740,ENG-W 131,LEC,CLOSED,,15,0,0,IN_PERSON,Hasler J,MOWEFR,10:25,11:15,LH,112
23741,ENG-W 131,LEC,CLOSED,,15,0,1,IN_PERSON,Gill L; Hasler J,MOWEFR,11:35,12:25,JH,A107
23742,ENG-W 131,LEC,CLOSED,,15,0,1,IN_PERSON,Hasler J; Johnson E,MOWEFR,12:45,13:35,BH,010
23744,ENG-W 131,LEC,CLOSED,,15,0,0,IN_PERSON,Baxipatra M,TUTH,14:20,15:35,BH,012
23745,ENG-W 131,LEC,OPEN,,15,8,0,IN_PERSON,Gannie R; Baxipatra M,MOWEFR,09:10,10:00,BH,219
23746,ENG-W 131,LEC,OPEN,,15,2,0,IN_PERSON,Gannie R; Baxipatra M,MOWEFR,10:25,11:15,BH,010
23747,ENG-W 131,LEC,OPEN,,15,1,0,IN_PERSON,Patzner C; Baxipatra M,MOWEFR,11:35,12:25,BH,010
23748,ENG-W 131,LEC,CLOSED,,0,0,0,IN_PERSON,,MOWEFR,12:45,13:35,LH,016
2375,MUS-S 613,LEC,OPEN,,5,5,0,,Cartledge D,,,,ARR,
23751,PSY-P 721,LEC,OPEN,,18,6,0,IN_PERSON,Green D,MOWE,11:10,12:25,PY,120A
23754,ENG-L 204,LEC,CLOSED,,25,0,0,IN_PERSON,Baxipatra M; Kerker A,MOWEFR,08:00,08:50,BH,147
23756,ENG-L 204,LEC,CLOSED,,25,0,0,IN_PERSON,Baxipatra M; Lay Y,MOWEFR,09:10,10:00,BH,147
23757,ENG-L 204,LEC,CLOSED,,25,0,0,IN_PERSON,Baxipatra M; Morooka Y,MOWEFR,09:10,10:00,BH,344
23758,ENG-L 204,LEC,CLOSED,,25,0,1,IN_PERSON,Baxipatra M; Rutherford K,MOWEFR,10:25,11:15,BH,147
23759,ENG-L 204,LEC,CLOSED,,25,0,2,IN_PERSON,Baxipatra M; Morooka Y,MOWEFR,10:25,11:15,BH,344
2376,MUS-S 614,LEC,OPEN,,5,4,0,,Cartledge D,,,,ARR,
23761,ENG-L 204,LEC,CLOSED,,25,0,6,IN_PERSON,Baxipatra M; Overman B,MOWEFR,11:35,12:25,LH,125
23763,ENG-L 204,LEC,CLOSED,,25,0,2,IN_PERSON,Baxipatra M; Ellingham S,MOWEFR,12:45,13:35,BH,147
23767,ENG-L 204,LEC,CLOSED,,25,0,0,IN_PERSON,Ellingham S; Baxipatra M,MOWEFR,15:10,16:00,BH,147
23769,ENG-L 204,LEC,CLOSED,,25,0,0,IN_PERSON,Matlock J; Baxipatra M,MOWEFR,16:20,17:10,BH,306
2377,MUS-S 621,LEC,OPEN,,5,3,0,,Cartledge D,,,,ARR,
23778,HUBI-S 300,LEC,CLOSED,SEX AND DRUGS,1,0,0,IN_PERSON,Greene S; Kalinovsky A,MOWE,14:20,15:35,MO,107
23779,HUBI-S 300,DIS,CLOSED,SEX AND DRUGS,1,0,0,IN_PERSON,Wagoner I,TH,13:55,14:45,ED,1204
2378,MUS-S 622,LEC,OPEN,,5,5,0,,Cartledge D,,,,ARR,
23780,HUBI-S 300,DIS,CLOSED,SEX AND DRUGS,0,0,0,IN_PERSON,Wagoner I,TH,15:10,16:00,ED,1230
23781,BUS-K 201,LEC,CLOSED,,40,0,0,IN_PERSON,Decker M,MOWE,17:30,18:45,LI,503
23782,BUS-K 201,LEC,OPEN,,40,1,0,IN_PERSON,Abshire S,TUTH,09:35,10:50,HH,1047
23783,BUS-K 201,LEC,OPEN,,40,14,0,IN_PERSON,Clephane Z,TUTH,19:05,20:20,LI,503
23785,SLST-T 155,LEC,OPEN,,14,10,0,IN_PERSON,Lin Y,MOWEFR,16:20,17:10,BH,106
23786,STAT-S 721,LEC,OPEN,,10,6,0,IN_PERSON,Xie F,TUTH,12:45,14:00,SE,220
23788,LATS-L 301,LEC,OPEN,,25,12,0,IN_PERSON,Martinez Alvarenga M,TUTH,17:30,18:45,BH,105
2379,MUS-S 631,LEC,OPEN,,5,4,0,,Cartledge D,,,,ARR,
23793,BUS-P 604,LEC,OPEN,,8,4,0,IN_PERSON,Bretthauer K,WE,12:00,15:00,HH,4146B
23794,SPEA-E 417,LEC,OPEN,,30,4,0,IN_PERSON,Farmer J,WE,11:10,12:25,HD,TBA
23797,BUS-M 455,LEC,OPEN,INFLUENCER MARKETING,30,8,0,IN_PERSON,King K,TUTH,12:45,14:00,HH,3075
23798,BUS-M 312,LEC,CLOSED,,60,0,4,IN_PERSON,Harrison K,TUTH,15:55,17:10,GA,1134
23799,BUS-M 310,LEC,CLOSED,,20,0,0,IN_PERSON,Paton N,MOWE,14:20,15:35,HH,3075
2380,MUS-S 632,LEC,OPEN,,5,4,0,,Cartledge D,,,,ARR,
23800,BUS-M 455,LEC,OPEN,PRICING,30,5,0,IN_PERSON,Cosguner K,MOWE,12:45,14:00,HH,2000
23802,BUS-M 155,LEC,OPEN,CAREERS IN MARKETING,20,1,0,IN_PERSON,Burke R,FR,12:45,14:00,HH,3052
23803,BUS-M 155,LEC,CLOSED,CAREERS IN MARKETING,20,0,0,IN_PERSON,Godfrey Z,FR,11:10,12:25,HH,3052
23804,FOLK-F 359,LEC,OPEN,,55,7,0,IN_PERSON,Lockwood J,TUTH,15:55,17:10,AC,C002
23805,SPEA-E 451,LEC,OPEN,,20,3,0,IN_PERSON,Stevens P,TUTH,11:10,12:25,PV,A203
23806,SLAV-T 192,LEC,OPEN,,12,10,0,IN_PERSON,Holdeman J,TUTH,17:30,18:20,ED,1201
23807,FOLK-F 348,LEC,OPEN,,25,8,0,IN_PERSON,McDonald D,MOWE,14:20,15:35,C2,203
23808,ANTH-B 500,LEC,OPEN,,10,6,0,IN_PERSON,Cullin J,MO,12:45,15:15,SB,060
23809,PHYS-P 615,LEC,OPEN,,24,15,0,IN_PERSON,Liao C,MOWEFR,12:45,13:35,SW,220
2381,MUS-S 633,LEC,OPEN,,5,4,0,,Cartledge D,,,,ARR,
23810,PHYS-P 635,LEC,OPEN,,24,19,0,IN_PERSON,Dawid S,MOWE,09:35,10:50,SW,218
23811,FOLK-F 121,LEC,CLOSED,WORLD ARTS AND CULTURES,150,0,0,IN_PERSON,Jackson J,MOWE,11:35,12:25,MY,130
23812,FOLK-F 121,DIS,CLOSED,WORLD ARTS AND CULTURES,25,0,0,IN_PERSON,Storsved B,TH,16:20,17:10,PV,A221
23813,FOLK-F 121,DIS,CLOSED,WORLD ARTS AND CULTURES,25,0,0,IN_PERSON,Storsved B,TH,17:30,18:20,PY,111
23814,FOLK-F 121,DIS,CLOSED,WORLD ARTS AND CULTURES,25,0,0,IN_PERSON,Storsved B,TH,18:40,19:30,PH,012
23816,FOLK-F 121,DIS,CLOSED,WORLD ARTS AND CULTURES,25,0,0,IN_PERSON,Milee T,FR,09:10,10:00,LH,025
23817,FOLK-F 121,DIS,CLOSED,WORLD ARTS AND CULTURES,25,0,0,IN_PERSON,Milee T,FR,10:25,11:15,SW,218
23818,FOLK-F 121,DIS,CLOSED,WORLD ARTS AND CULTURES,25,0,0,IN_PERSON,Milee T,FR,11:35,12:25,LH,025
2382,MUS-S 651,LEC,OPEN,,5,5,0,,Cartledge D,,,,ARR,
23820,ANTH-E 648,LEC,OPEN,,15,1,0,IN_PERSON,Friedman S,TH,13:55,16:25,SB,231
23821,SLAV-L 571,LEC,OPEN,,10,5,0,IN_PERSON,Shrager M,TUTH,15:55,17:10,PV,270
23822,ANTH-L 600,LEC,CLOSED,SEM IN ETHNOGRAPHY OF COMM,5,0,1,IN_PERSON,Graber K,TH,09:10,11:40,SB,220
23824,SLAV-S 223,LEC,OPEN,,30,1,0,IN_PERSON,Rousseva N,TUTH,17:30,18:45,WH,104
23825,FOLK-F 541,LEC,CLOSED,,7,0,0,IN_PERSON,Jackson J,TU,09:30,12:00,C2,272
23827,JSTU-H 500,LEC,OPEN,ISLAMOPHOBIA AND ANTISEMITISM,15,10,0,IN_PERSON,Khazzoom A,TH,12:45,15:15,BH,219
23828,ANTH-E 600,LEC,CLOSED,MATERIAL CULTURE STUDIES,7,0,0,IN_PERSON,Jackson J,TU,09:30,12:00,C2,272
23829,JSTU-J 204,LEC,CLOSED,RELIGION POLITICS PUBLIC POLCY,50,0,0,IN_PERSON,Weinman M,MOWE,09:35,10:50,AC,C112
2383,MUS-S 652,LEC,OPEN,,5,5,0,,Cartledge D,,,,ARR,
23830,PSY-Y 427,LEC,OPEN,,15,2,0,IN_PERSON,Katona I,MOWE,09:00,11:30,PY,113
23831,PSY-P 657,LEC,OPEN,"INTR MOLE, CELL MECH OF ADDICT",9,8,0,IN_PERSON,Katona I,MOWE,09:00,11:30,PY,113
23832,PSY-P 101,LEC,CLOSED,,255,0,1,IN_PERSON,Pickernell S,MOWE,15:55,17:10,PY,100
2384,MUS-S 710,LEC,CLOSED,,10,0,0,,Ganatra S; Harris G,,,,ARR,
23844,SPEA-V 261,LEC,CLOSED,,30,0,2,IN_PERSON,Richwine B,TUTH,14:20,15:35,PV,151
23845,SPEA-V 261,LEC,CLOSED,,30,0,0,IN_PERSON,Sowon K,MOWE,09:35,10:50,PV,151
23846,SPEA-V 326,LEC,CLOSED,,35,0,1,IN_PERSON,DeLong B,MOWE,17:30,18:45,JH,A106
23847,SPEA-V 348,LEC,CLOSED,,40,0,10,IN_PERSON,Alexeev A,TUTH,12:45,14:00,PV,278
23848,SPEA-V 339,LEC,OPEN,,35,25,0,IN_PERSON,Walsh C,TUTH,08:00,09:15,PV,278
23849,SPEA-V 361,LEC,OPEN,,64,1,0,IN_PERSON,Reuveny R,MOWE,12:45,14:00,PV,276
2385,MUS-S 720,LEC,OPEN,,10,5,0,,Ganatra S; Harris G,,,,ARR,
23850,SPEA-V 373,LEC,CLOSED,,53,0,0,IN_PERSON,Uebel M,MOWE,14:20,15:35,JH,009
23851,SPEA-V 379,LEC,CLOSED,,45,0,9,IN_PERSON,King M,TUTH,11:10,12:25,PV,278
23852,SPEA-V 379,LEC,CLOSED,,42,0,8,IN_PERSON,Tong J,MOWE,12:45,14:00,WH,005
23853,SPEA-V 379,LEC,CLOSED,,45,0,12,IN_PERSON,Silva J,MOWE,09:35,10:50,PV,A335
23856,SPEA-R 517,LEC,OPEN,,40,25,0,IN_PERSON,Konisky D,MOWE,09:35,10:50,PV,276
23857,SPEA-P 710,LEC,OPEN,MICROECON FOR PUBLIC POLICY,13,10,0,IN_PERSON,Baggetta M,TH,12:45,15:15,PV,270
23858,SPEA-V 535,LEC,OPEN,,40,4,0,IN_PERSON,Nicholson-Crotty S,TUTH,09:35,10:50,PV,A223
23859,SPEA-M 654,LEC,OPEN,,28,14,0,IN_PERSON,Malatesta D,TUTH,14:20,15:35,PV,273
2386,MUS-S 730,LEC,OPEN,,10,1,0,,Ganatra S; Harris G,,,,ARR,
23861,MUS-E 120,LEC,OPEN,,30,23,0,IN_PERSON,Miksza P; Zang X,TUTH,13:55,14:45,SM,149C
23866,MUS-Z 165,LEC,OPEN,,30,2,0,IN_PERSON,Tzvetkov A,MOWE,17:30,18:45,SM,344
23869,MUS-E 619,LEC,CLOSED,,20,0,1,IN_PERSON,Miksza P,MOWE,09:35,10:50,RA,B109
2387,MUS-S 740,LEC,OPEN,,10,7,0,,Ganatra S; Harris G,,,,ARR,
23870,MUS-E 645,LEC,OPEN,,15,11,0,IN_PERSON,Shaw J,TU,15:10,17:05,SM,149C
23871,MUS-E 640,LEC,OPEN,,12,4,0,IN_PERSON,Draper A,TUTH,09:35,10:50,SM,267
23872,MUS-A 215,LEC,OPEN,,7,1,0,IN_PERSON,West A,MOWE,11:35,12:25,SM,C018
23873,MUS-A 215,LAB,OPEN,,7,1,0,IN_PERSON,West A,FR,11:35,12:25,SM,C018
23875,MUS-C 530,LEC,OPEN,,15,11,0,IN_PERSON,Smith J,TUTH,09:10,10:00,MA,406
23876,MUS-C 630,LEC,OPEN,,15,11,0,IN_PERSON,Smith J,TUTH,09:10,10:00,MA,406
23877,MUS-M 602,LEC,OPEN,MUSIC AND NARRATIVE,12,3,0,IN_PERSON,Sholes J,TU,14:20,17:20,SM,271
23878,MUS-M 657,LEC,CLOSED,,20,0,0,IN_PERSON,Ford P,MOWE,09:35,10:50,SM,356
23879,MUS-M 652,LEC,OPEN,,20,5,0,IN_PERSON,Zanovello G,MOWE,11:10,12:25,SM,267
2388,MUS-S 810,LEC,OPEN,,5,5,0,,Zorman I,,,,ARR,
23880,MUS-T 658,LEC,CLOSED,BRAHMS'S HARMONY,12,0,1,IN_PERSON,Samarotto F,TUTH,09:35,10:50,MA,006
23881,MUS-P 120,LAB,OPEN,,8,3,0,IN_PERSON,Yao E,MOWE,15:10,16:00,MA,318
23882,MUS-U 250,LEC,OPEN,,15,9,0,,Miller L,,,,WB,WEB
23883,MUS-U 250,LEC,OPEN,,15,13,0,,Barker A,,,,WB,WEB
23884,MUS-U 550,LEC,OPEN,,20,3,0,,Miller L,,,,WB,WEB
23885,MUS-U 550,LEC,OPEN,,20,4,0,,Barker A,,,,WB,WEB
23886,MUS-E 459,LEC,OPEN,CLARINET PEDAGOGY,10,10,0,IN_PERSON,Kang C,TU,12:45,14:45,MU,204
23887,MUS-E 559,LEC,OPEN,CLARINET PEDAGOGY,10,10,0,IN_PERSON,Kang C,TU,12:45,14:45,MU,204
23888,MUS-M 547,LEC,OPEN,,15,10,0,,Murphy Jr O,,,,ARR,
23889,MUS-M 547,LEC,OPEN,,15,13,0,,Strommen L,,,,ARR,
2389,MUS-S 810,LEC,OPEN,,5,5,0,,Zweig M,,,,ARR,
23890,MUS-W 810,LEC,OPEN,,5,5,0,,Choi J,,,,ARR,
2390,MUS-S 820,LEC,OPEN,,5,5,0,,Arad A,,,,ARR,
2391,MUS-S 820,LEC,OPEN,,12,9,0,,Chang L,,,,ARR,
2392,MUS-S 820,LEC,OPEN,,5,5,0,,Zweig M,,,,ARR,
2393,MUS-S 830,LEC,OPEN,,5,4,0,,Colon E,,,,ARR,
2394,MUS-S 840,LEC,OPEN,,5,5,0,,Barker E,,,,ARR,
2395,MUS-S 910,LEC,OPEN,,18,18,0,,Bush A,,,,ARR,
2396,MUS-S 910,LEC,OPEN,,18,4,0,,Zorman I,,,,ARR,
2397,MUS-S 910,LEC,OPEN,,10,7,0,,Zweig M,,,,ARR,
2398,MUS-S 920,LEC,OPEN,,10,9,0,,Bush A,,,,ARR,
2399,MUS-S 920,LEC,OPEN,,18,11,0,,Arad A,,,,ARR,
2400,MUS-S 920,LEC,OPEN,,12,2,0,,Chang L,,,,ARR,
2401,MUS-S 920,LEC,OPEN,,18,18,0,,Zweig M,,,,ARR,
2402,MUS-S 930,LEC,OPEN,,15,15,0,,Bush A,,,,ARR,
2403,MUS-S 930,LEC,OPEN,,18,6,0,,Colon E,,,,ARR,
2404,MUS-S 940,LEC,OPEN,,10,10,0,,Bush A,,,,ARR,
2405,MUS-S 940,LEC,OPEN,,18,13,0,,Barker E,,,,ARR,
2406,MUS-T 109,LEC,OPEN,,45,15,0,IN_PERSON,Faulkner J,TUTH,08:00,08:50,SM,015
2408,MUS-T 109,DRL,CLOSED,,15,0,0,IN_PERSON,Faulkner J,MOWEFR,12:45,13:35,MA,004
2409,MUS-T 151,LEC,OPEN,,56,2,2,IN_PERSON,Hilewicz O,MOWEFR,08:00,08:50,SM,015
2410,MUS-T 151,DRL,CLOSED,,14,0,1,IN_PERSON,Hilewicz O,TUTH,08:00,08:50,MA,004
2411,MUS-T 151,DRL,CLOSED,,14,0,0,IN_PERSON,Hilewicz O,TUTH,09:10,10:00,SM,294
2414,MUS-T 151,DRL,CLOSED,,14,0,1,IN_PERSON,Hilewicz O,TUTH,11:35,12:25,SM,294
2415,MUS-T 151,DRL,OPEN,,14,2,0,IN_PERSON,Hilewicz O,TUTH,10:25,11:15,SM,015
2416,MUS-T 151,LEC,OPEN,,112,6,2,IN_PERSON,Hilewicz O,MOWEFR,09:10,10:00,SM,015
2417,MUS-T 151,DRL,OPEN,,14,1,0,IN_PERSON,Hilewicz O,TUTH,08:00,08:50,SM,296
2418,MUS-T 151,DRL,CLOSED,,14,0,2,IN_PERSON,Hilewicz O,TUTH,09:10,10:00,SM,296
2419,MUS-T 151,DRL,OPEN,,14,2,0,IN_PERSON,Hilewicz O,TUTH,10:25,11:15,SM,296
2420,MUS-T 151,DRL,CLOSED,,14,0,0,IN_PERSON,Hilewicz O,TUTH,11:35,12:25,SM,296
2421,MUS-T 151,DRL,OPEN,,14,1,0,IN_PERSON,Hilewicz O,TUTH,11:35,12:25,SM,298
2422,MUS-T 151,DRL,OPEN,,14,2,0,IN_PERSON,Hilewicz O,TUTH,12:45,13:35,SM,296
2424,MUS-T 151,DRL,CLOSED,,14,0,0,IN_PERSON,Hilewicz O,TUTH,13:55,14:45,SM,294
2425,MUS-T 151,DRL,CLOSED,,14,0,0,IN_PERSON,Hilewicz O,TUTH,09:10,10:00,MU,204
2428,MUS-T 231,LEC,OPEN,,17,9,0,IN_PERSON,Webster A,MOWE,08:00,08:50,MA,011
2429,MUS-T 231,LEC,OPEN,,18,2,0,IN_PERSON,Webster A,MOWE,09:10,10:00,SM,C113
2430,MUS-T 231,LEC,CLOSED,,17,0,0,IN_PERSON,Webster A,MOWE,09:10,10:00,MA,011
2431,MUS-T 231,LEC,OPEN,,17,2,0,IN_PERSON,Webster A,MOWE,11:35,12:25,MA,011
2433,MUS-T 231,LEC,CLOSED,,17,0,0,IN_PERSON,Webster A,MOWE,12:45,13:35,MA,011
2434,MUS-T 231,LEC,OPEN,,17,2,0,IN_PERSON,Webster A,MOWE,09:10,10:00,MA,452
2437,MUS-T 251,LEC,OPEN,,120,6,0,IN_PERSON,Ivanovitch R,MOWEFR,10:25,11:15,SM,015
2438,MUS-T 251,DRL,OPEN,,15,1,0,IN_PERSON,Ivanovitch R,TUTH,08:00,08:50,SM,298
2439,MUS-T 251,DRL,OPEN,,15,1,0,IN_PERSON,Ivanovitch R,TUTH,08:00,08:50,SM,242
2440,MUS-T 251,DRL,CLOSED,,15,0,0,IN_PERSON,Ivanovitch R,TUTH,11:35,12:25,MU,204
2441,MUS-T 251,DRL,CLOSED,,15,0,1,IN_PERSON,Ivanovitch R,TUTH,10:25,11:15,SM,298
2442,MUS-T 251,DRL,OPEN,,15,2,0,IN_PERSON,Ivanovitch R,TUTH,10:25,11:15,MA,007
2443,MUS-T 251,DRL,OPEN,,15,1,0,IN_PERSON,Ivanovitch R,TUTH,11:35,12:25,MA,007
2445,MUS-T 251,DRL,CLOSED,,15,0,1,IN_PERSON,Ivanovitch R,TUTH,12:45,13:35,SM,298
2446,MUS-T 251,DRL,OPEN,,15,1,1,IN_PERSON,Ivanovitch R,TUTH,13:55,14:45,SM,298
2449,MUS-T 331,LEC,CLOSED,,17,0,0,IN_PERSON,Wolff B,MOWE,08:00,08:50,MA,007
2450,MUS-T 331,LEC,CLOSED,,17,0,3,IN_PERSON,Wolff B,MOWE,09:10,10:00,SM,285
2451,MUS-T 331,LEC,CLOSED,,17,0,2,IN_PERSON,Wolff B,MOWE,10:25,11:15,MA,011
2452,MUS-T 331,LEC,CLOSED,,17,0,5,IN_PERSON,Wolff B,MOWE,12:45,13:35,SM,285
2454,MUS-T 331,LEC,CLOSED,,17,0,2,IN_PERSON,Wolff B,MOWE,12:45,13:35,MU,204
2455,MUS-T 351,LEC,CLOSED,,25,0,4,IN_PERSON,Slattery M,TUTHFR,11:10,12:25,SM,356
2456,MUS-T 351,LEC,CLOSED,,25,0,5,IN_PERSON,Donaldson J,TUTHFR,12:35,13:50,MA,007
2457,MUS-T 400,LEC,OPEN,,10,9,0,,Manabe N,,,,ARR,
2458,MUS-T 508,LEC,OPEN,,100,38,0,IN_PERSON,Slattery M,TUTH,08:00,09:15,MC,040
2459,MUS-T 551,LEC,CLOSED,,15,0,5,IN_PERSON,Samarotto F,MOWE,12:45,14:00,MA,405
2460,MUS-T 556,LEC,OPEN,,15,4,0,IN_PERSON,Kahrs N,MOWE,11:15,12:30,SM,005
2461,MUS-T 619,LEC,OPEN,,5,1,0,,Manabe N,,,,ARR,
2462,MUS-T 659,LEC,OPEN,,6,1,0,,Manabe N,,,,ARR,
2463,MUS-T 700,LEC,OPEN,,40,33,0,,Cartledge D,,,,ARR,
2464,MUS-V 101,LEC,OPEN,,15,9,0,IN_PERSON,Horne B; Gunter E,MOWE,11:35,12:25,MC,017
2465,MUS-V 101,LEC,OPEN,,15,3,0,IN_PERSON,Horne B; Gunter E,TUTH,11:35,12:25,MC,036
2466,MUS-V 400,LEC,OPEN,,105,75,0,,Bush A,,,,ARR,
2467,MUS-V 400,LEC,OPEN,,12,6,0,,Horne B,,,,ARR,
2468,MUS-V 400,LEC,OPEN,,18,17,0,,Hymel Jr B,,,,ARR,
2469,MUS-V 400,LEC,OPEN,,18,14,0,,Hopper A,,,,ARR,
2470,MUS-V 400,LEC,OPEN,,12,12,0,,Murphy H,,,,ARR,
2472,MUS-V 400,LEC,OPEN,,18,10,0,,Dutton J,,,,ARR,
2473,MUS-V 601,LEC,OPEN,,15,11,0,,Cartledge D,,,,ARR,
2474,MUS-V 602,LEC,OPEN,,15,10,0,,Cartledge D,,,,ARR,
2475,MUS-V 603,LEC,OPEN,,15,11,0,,Cartledge D,,,,ARR,
2476,MUS-V 800,LEC,OPEN,,5,5,0,,Horne B,,,,ARR,
2478,MUS-V 800,LEC,OPEN,,5,5,0,,Hopper A,,,,ARR,
2480,MUS-V 900,LEC,OPEN,,40,31,0,,Bush A,,,,ARR,
2481,MUS-V 900,LEC,OPEN,,14,4,0,,Horne B,,,,ARR,
2482,MUS-V 900,LEC,OPEN,,18,7,0,,Hopper A,,,,ARR,
2483,MUS-V 900,LEC,OPEN,,15,2,0,,Murphy H,,,,ARR,
2484,MUS-V 900,LEC,OPEN,,18,17,0,,Cooley T,,,,ARR,
2485,MUS-V 900,LEC,OPEN,,18,5,0,,Dutton J,,,,ARR,
2486,MUS-V 910,LEC,CLOSED,,10,0,0,,Arvin G,,,,ARR,
2487,MUS-W 110,LEC,CLOSED,,4,0,0,,Chiu P,,,,ARR,
2488,MUS-W 120,LEC,OPEN,,10,10,0,,Tartell J,,,,ARR,
2489,MUS-W 140,LEC,OPEN,,10,9,0,,Tartell J; Lamoureux A,,,,ARR,
2490,MUS-W 150,LEC,CLOSED,,10,0,0,,Tartell J; Bayard D,,,,ARR,
2491,MUS-W 410,LEC,OPEN,,22,18,0,,Bush A,,,,ARR,
2492,MUS-W 410,LEC,OPEN,,18,12,0,,Chiu P,,,,ARR,
2493,MUS-W 410,LEC,OPEN,,18,10,0,,Robertello T,,,,ARR,
2494,MUS-W 420,LEC,OPEN,,10,3,0,,Bush A,,,,ARR,
2495,MUS-W 420,LEC,OPEN,,10,8,0,,Warren J,,,,ARR,
2496,MUS-W 420,LEC,OPEN,,18,12,0,,Strommen L,,,,ARR,
2497,MUS-W 430,LEC,OPEN,,30,7,0,,Bush A,,,,ARR,
2498,MUS-W 430,LEC,OPEN,,18,16,0,,Kang C,,,,ARR,
2499,MUS-W 430,LEC,OPEN,,18,18,0,,Levine A,,,,ARR,
2501,MUS-W 440,LEC,OPEN,,10,9,0,,Bush A,,,,ARR,
2502,MUS-W 440,LEC,OPEN,,18,5,0,,McLean K,,,,ARR,
2503,MUS-W 450,LEC,OPEN,,30,30,0,,Bush A,,,,ARR,
2504,MUS-W 450,LEC,OPEN,,18,12,0,,Murphy Jr O,,,,ARR,
2505,MUS-W 611,LEC,OPEN,,8,7,0,,Cartledge D,,,,ARR,
2506,MUS-W 612,LEC,OPEN,,8,8,0,,Cartledge D,,,,ARR,
2507,MUS-W 613,LEC,OPEN,,8,7,0,,Cartledge D,,,,ARR,
2508,MUS-W 710,LEC,CLOSED,,4,0,0,,Chiu P,,,,ARR,
2509,MUS-W 720,LEC,OPEN,,10,10,0,,Tartell J,,,,ARR,
2510,MUS-W 730,LEC,OPEN,,10,1,0,,Tartell J; Northover K,,,,ARR,
2511,MUS-W 740,LEC,OPEN,,10,9,0,,Tartell J; Lamoureux A,,,,ARR,
2512,MUS-W 750,LEC,CLOSED,,10,0,0,,Tartell J; Bayard D,,,,ARR,
2513,MUS-W 810,LEC,OPEN,,5,5,0,,Chiu P,,,,ARR,
2514,MUS-W 810,LEC,OPEN,,5,4,0,,Robertello T,,,,ARR,
2515,MUS-W 820,LEC,OPEN,,5,5,0,,Warren J,,,,ARR,
2516,MUS-W 820,LEC,OPEN,,5,5,0,,Strommen L,,,,ARR,
2517,MUS-W 830,LEC,OPEN,,5,5,0,,Kang C,,,,ARR,
2518,MUS-W 830,LEC,OPEN,,5,5,0,,Levine A,,,,ARR,
2520,MUS-W 840,LEC,OPEN,,5,5,0,,McLean K,,,,ARR,
2521,MUS-W 850,LEC,OPEN,,5,5,0,,Murphy Jr O,,,,ARR,
2522,MUS-W 910,LEC,OPEN,,18,18,0,,Bush A,,,,ARR,
2523,MUS-W 910,LEC,OPEN,,18,12,0,,Chiu P,,,,ARR,
2524,MUS-W 910,LEC,OPEN,,18,15,0,,Robertello T,,,,ARR,
2525,MUS-W 920,LEC,OPEN,,10,10,0,,Bush A,,,,ARR,
2526,MUS-W 920,LEC,OPEN,,10,10,0,,Warren J,,,,ARR,
2527,MUS-W 920,LEC,OPEN,,18,10,0,,Strommen L,,,,ARR,
2528,MUS-W 930,LEC,CLOSED,,10,0,0,,Bush A,,,,ARR,
2529,MUS-W 930,LEC,OPEN,,18,18,0,,Kang C,,,,ARR,
2530,MUS-W 930,LEC,OPEN,,18,18,0,,Levine A,,,,ARR,
2532,MUS-W 940,LEC,OPEN,,10,10,0,,Bush A,,,,ARR,
2533,MUS-W 940,LEC,OPEN,,18,13,0,,McLean K,,,,ARR,
2534,MUS-W 950,LEC,OPEN,,10,10,0,,Bush A,,,,ARR,
2535,MUS-W 950,LEC,OPEN,,18,13,0,,Murphy Jr O,,,,ARR,
2536,MUS-X 1,LEC,OPEN,ALL-CAMPUS CHORUS,50,25,0,IN_PERSON,Graves G; DiOrio D; Block R; Kim D,MO,18:40,20:20,MA,454
2537,MUS-X 2,LEC,OPEN,,125,34,0,,Epperson A; Chen C,,,,ARR,
2538,MUS-X 30,LEC,OPEN,,75,8,0,IN_PERSON,Wroth S; Gray K; Janes S; Claessens C; Veyette L,MOTUWETH,14:35,17:45,MC,305
2539,MUS-X 40,LEC,OPEN,,982,329,0,,Carbone V,,,,ARR,
2540,MUS-X 40,DRL,OPEN,,185,70,0,,Carbone V,,,,ARR,
2541,MUS-X 40,DRL,OPEN,,65,26,0,,Carbone V,,,,ARR,
2542,MUS-X 40,DRL,OPEN,,60,13,0,,Carbone V,,,,ARR,
2543,MUS-X 40,DRL,OPEN,,50,16,0,,Carbone V,,,,ARR,
2544,MUS-X 40,DRL,OPEN,,50,18,0,,Carbone V,,,,ARR,
2545,MUS-X 40,DRL,OPEN,,30,8,0,,Carbone V,,,,ARR,
2546,MUS-X 40,DRL,OPEN,,65,23,0,,Carbone V,,,,ARR,
2547,MUS-X 40,DRL,OPEN,,35,16,0,,Carbone V,,,,ARR,
2548,MUS-X 40,DRL,OPEN,,45,20,0,,Carbone V,,,,ARR,
2549,MUS-X 40,DRL,OPEN,,60,22,0,,Carbone V,,,,ARR,
2550,MUS-X 40,DRL,OPEN,,70,17,0,,Carbone V,,,,ARR,
2551,MUS-X 40,DRL,OPEN,,55,5,0,,Carbone V,,,,ARR,
2552,MUS-X 40,DRL,OPEN,,15,5,0,,Carbone V,,,,ARR,
2553,MUS-X 40,DRL,OPEN,,20,6,0,,Carbone V,,,,ARR,
2554,MUS-X 40,DRL,OPEN,,75,7,0,,Carbone V,,,,ARR,
2555,MUS-X 40,DRL,OPEN,,18,14,0,,Carbone V,,,,ARR,
2556,MUS-X 40,DRL,OPEN,,25,10,0,,Carbone V,,,,ARR,
2557,MUS-X 50,LEC,OPEN,,500,297,0,IN_PERSON,Galus T,MOTUWETHFR,16:30,18:30,MG,100
2558,MUS-X 70,LEC,OPEN,,525,238,0,,Burleigh B; Albanese C; DiOrio D; Graves G; Wegner B; Keat K; Marsh D; Hasson L,,,,ARR,
2559,MUS-X 90,LEC,OPEN,,55,8,0,IN_PERSON,Wesenberg B,MO,17:30,18:20,MA,454
2560,MUS-Y 701,LEC,OPEN,,10,10,0,,Cartledge D,,,,ARR,
2561,MUS-Z 101,LEC,CLOSED,,100,0,0,IN_PERSON,Cook C,TUTH,11:35,13:05,SM,015
2562,MUS-Z 110,LEC,OPEN,BASSOON UNDERGRAD ELECTIVE,10,9,0,,Tartell J; Lamoureux A,,,,ARR,
2563,MUS-Z 110,LEC,OPEN,CELLO UNDERGRAD ELECTIVE,10,1,0,,Ganatra S; Harris G,,,,ARR,
2564,MUS-Z 110,LEC,OPEN,CLARINET UNDERGRAD ELECTIVE,10,1,0,,Tartell J; Northover K,,,,ARR,
2565,MUS-Z 110,LEC,OPEN,DOUBLE BASS UNDERGRAD ELECTIVE,10,7,0,,Ganatra S; Harris G,,,,ARR,
2566,MUS-Z 110,LEC,OPEN,EUPHONIUM UNDERGRAD ELECTIVE,4,4,0,,Tartell J,,,,ARR,
2567,MUS-Z 110,LEC,CLOSED,FLUTE/PICC UNDERGRAD ELECTIVE,4,0,1,,Chiu P,,,,ARR,
2568,MUS-Z 110,LEC,CLOSED,GUITAR UNDERGRAD ELECTIVE,24,0,0,,Jankovic P,,,,ARR,
2570,MUS-Z 110,LEC,OPEN,OBOE/ENG HN UNDERGRAD ELECTIVE,10,10,0,,Tartell J,,,,ARR,
2571,MUS-Z 110,LEC,OPEN,ORGAN UNDERGRAD ELECTIVE,10,4,0,,Fishell J; Ives-Glasgow H,,,,ARR,
2572,MUS-Z 110,LEC,CLOSED,PERCUSSION UNDERGRAD ELECTIVE,32,0,1,,Gramley J; Sheely W,,,,ARR,
2573,MUS-Z 110,LEC,OPEN,PIANO UNDERGRAD ELECTIVE,127,19,0,,Yao E,,,,ARR,
2574,MUS-Z 110,LEC,CLOSED,SAXOPHONE UNDERGRAD ELECTIVE,10,0,1,,Tartell J; Bayard D,,,,ARR,
2575,MUS-Z 110,LEC,OPEN,TROMBONE UNDERGRAD ELECTIVE,10,7,0,,Tartell J,,,,ARR,
2576,MUS-Z 110,LEC,OPEN,TUBA UNDERGRAD ELECTIVE,6,5,0,,Tartell J,,,,ARR,
2577,MUS-Z 110,LEC,OPEN,VIOLA UNDERGRAD ELECTIVE,10,5,0,,Ganatra S; Harris G,,,,ARR,
2578,MUS-Z 110,LEC,CLOSED,VOICE UNDERGRAD ELECTIVE,35,0,6,,Horne B; Gunter E,,,,ARR,
2579,MUS-Z 111,LEC,OPEN,,32,2,0,IN_PERSON,Guntren A; Cueto D,MOWEFR,10:25,11:25,SM,350
2580,MUS-Z 111,LEC,CLOSED,,35,0,0,IN_PERSON,Guntren A; Tzvetkov A,MOWE,15:10,16:10,SM,340
2581,MUS-Z 710,LEC,OPEN,BASSOON GRADUATE ELECTIVE,10,9,0,,Tartell J; Lamoureux A,,,,ARR,
2582,MUS-Z 710,LEC,OPEN,CELLO GRADUATE ELECTIVE,10,1,0,,Ganatra S; Harris G,,,,ARR,
2583,MUS-Z 710,LEC,OPEN,CLARINET GRADUATE ELECTIVE,10,1,0,,Tartell J; Northover K,,,,ARR,
2584,MUS-Z 710,LEC,OPEN,DOUBLE BASS GRAD ELECTIVE,10,7,0,,Ganatra S; Harris G,,,,ARR,
2585,MUS-Z 710,LEC,OPEN,EUPHONIUM GRAD ELECTIVE,4,4,0,,Tartell J,,,,ARR,
2586,MUS-Z 710,LEC,CLOSED,FLUTE/PICCOLO GRAD ELECTIVE,4,0,0,,Chiu P,,,,ARR,
2587,MUS-Z 710,LEC,CLOSED,GUITAR GRAD ELECTIVE,24,0,0,,Jankovic P,,,,ARR,
2589,MUS-Z 710,LEC,OPEN,HORN GRAD ELECTIVE,10,9,0,,Tartell J,,,,ARR,
2590,MUS-Z 710,LEC,OPEN,OBOE/ENG HORN GRAD ELECTIVE,10,10,0,,Tartell J,,,,ARR,
2591,MUS-Z 710,LEC,OPEN,ORGAN GRAD ELECTIVE,10,4,0,,Fishell J; Ives-Glasgow H,,,,ARR,
2592,MUS-Z 710,LEC,CLOSED,PERCUSSION GRAD ELECTIVE,32,0,0,,Gramley J; Sheely W,,,,ARR,
2593,MUS-Z 710,LEC,OPEN,PIANO GRAD ELECTIVE,127,19,0,,Yao E,,,,ARR,
2594,MUS-Z 710,LEC,CLOSED,SAXOPHONE GRAD ELECTIVE,10,0,0,,Tartell J; Bayard D,,,,ARR,
2595,MUS-Z 710,LEC,OPEN,TROMBONE GRAD ELECTIVE,10,7,0,,Tartell J,,,,ARR,
2596,MUS-Z 710,LEC,OPEN,TRUMPET/CORNET GRAD ELECTIVE,10,3,0,,Tartell J; Burn M,,,,ARR,
2597,MUS-Z 710,LEC,OPEN,TUBA GRAD ELECTIVE,6,5,0,,Tartell J,,,,ARR,
2598,MUS-Z 710,LEC,OPEN,VIOLA GRAD ELECTIVE,10,5,0,,Ganatra S; Harris G,,,,ARR,
2599,MUS-Z 710,LEC,CLOSED,VIOLIN GRAD ELECTIVE,10,0,0,,Ganatra S; Harris G,,,,ARR,
2600,MUS-Z 710,LEC,CLOSED,VOICE GRAD ELECTIVE,35,0,0,,Horne B; Gunter E,,,,ARR,
2601,MELC-A 500,LEC,OPEN,,17,7,0,IN_PERSON,Albdairat I,MOWE,09:10,10:00,BH,016
2602,MELC-A 500,LEC,OPEN,,20,2,0,IN_PERSON,Albdairat I,MOWE,11:35,12:25,BH,318
2603,MELC-A 600,LEC,OPEN,,20,15,0,IN_PERSON,Youseif A,MOWE,09:10,10:00,BH,241
2604,MELC-A 600,LEC,CLOSED,,15,0,0,IN_PERSON,Youseif A,MOWE,11:35,12:25,WY,111
2605,MELC-G 901,LEC,OPEN,,30,24,0,,Alsaleh A,,,,ARR,
2606,MELC-M 590,LEC,OPEN,,10,8,0,,Alsaleh A,,,,ARR,
2607,MELC-M 598,LEC,OPEN,,10,10,0,,Alsaleh A,,,,ARR,
2608,MELC-M 710,LEC,OPEN,,10,10,0,,Alsaleh A,,,,ARR,
2609,MELC-M 810,LEC,OPEN,,40,36,0,,Alsaleh A,,,,ARR,
2610,NEUS-G 901,LEC,OPEN,,2,1,0,,Brown J,,,,ARR,
2611,NEUS-N 500,LEC,OPEN,,23,13,0,IN_PERSON,Bradshaw H; Lai C,TUTH,14:20,15:35,PY,120A
2612,NEUS-N 700,LEC,OPEN,,5,5,0,,Hetrick W,,,,ARR,
2613,NEUS-N 800,LEC,OPEN,,4,3,0,,Koceja D,,,,ARR,
2614,NURS-B 244,LEC,CLOSED,,60,0,0,IN_PERSON,Watts P,WE,13:00,16:00,AH,C1021Z
2615,NURS-B 245,LEC,CLOSED,,20,0,0,IN_PERSON,Wyatt E; Evans J,FR,09:30,14:00,AH,C2034C
2616,NURS-B 245,LEC,CLOSED,,20,0,0,IN_PERSON,Arce B; Chang P,FR,09:30,14:00,AH,C2034D
2617,OPT-V 631,LEC,CLOSED,,90,0,0,IN_PERSON,Himebaugh N,MO,10:00,11:50,OP,105
2622,OPT-V 631,LAB,CLOSED,,22,0,0,IN_PERSON,Himebaugh N,WE,14:00,15:50,OP,108
2623,OPT-V 748,LEC,OPEN,,90,20,0,IN_PERSON,Kohne K,MO,08:00,09:50,OP,105
2624,OPT-V 748,LAB,OPEN,,90,20,0,IN_PERSON,Kohne K,MOTH,18:30,19:20,OP,105
2625,OPT-V 756,LEC,OPEN,,90,21,0,IN_PERSON,Pence N; Faimon D,WE,08:00,08:50,OP,111
2626,OPT-V 780,LEC,OPEN,,2,2,0,,Perotti J,,,,ARR,
2627,OPT-V 880,LEC,OPEN,,5,5,0,,Kollbaum E,,,,ARR,
2628,OPT-V 885,LEC,OPEN,,35,22,0,,Kollbaum E,,,,ARR,
2629,OPT-V 885,LEC,OPEN,,35,22,0,,Kollbaum E,,,,ARR,
2630,OPT-V 887,LEC,OPEN,,35,22,0,,Kollbaum E,,,,ARR,
2631,OPT-V 887,LEC,OPEN,,35,22,0,,Kollbaum E,,,,ARR,
2632,OPT-V 888,LEC,OPEN,,75,22,0,,Kollbaum E,,,,ARR,
2633,OPT-V 888,LEC,OPEN,,75,23,0,,Kollbaum E,,,,ARR,
2634,OVST-A 496,LEC,OPEN,,20,20,0,,Carty S,,,,ARR,
2635,OVST-B 396,LEC,OPEN,,15,14,0,,Carty S,,,,ARR,
2636,OVST-B 496,LEC,OPEN,,10,10,0,,Carty S,,,,ARR,
2637,OVST-B 496,LEC,OPEN,,20,19,0,,Carty S,,,,ARR,
2638,OVST-B 497,LEC,OPEN,,2,1,0,,Carty S,,,,ARR,
2639,OVST-B 497,LEC,OPEN,,4,2,0,,Carty S,,,,ARR,
2640,OVST-C 497,LEC,OPEN,,6,6,0,,Carty S,,,,ARR,
2641,OVST-C 498,LEC,OPEN,,16,14,0,,Carty S,,,,ARR,
2642,OVST-D 497,LEC,OPEN,,5,5,0,,Carty S,,,,ARR,
2643,OVST-D 497,LEC,OPEN,,4,4,0,,Carty S,,,,ARR,
2644,OVST-E 497,LEC,OPEN,,10,10,0,,Carty S,,,,ARR,
2645,OVST-F 396,LEC,OPEN,,10,10,0,,Carty S,,,,ARR,
2646,OVST-F 498,LEC,OPEN,,20,20,0,,Carty S,,,,ARR,
2648,OVST-G 497,LEC,OPEN,,20,20,0,,Carty S,,,,ARR,
2650,OVST-H 498,LEC,OPEN,,20,17,0,,Carty S,,,,ARR,
2651,OVST-I 497,LEC,OPEN,,20,20,0,,Carty S,,,,ARR,
2652,OVST-I 498,LEC,OPEN,,20,19,0,,Carty S,,,,ARR,
2654,OVST-J 396,LEC,OPEN,,10,7,0,,Carty S,,,,ARR,
2655,OVST-J 396,LEC,OPEN,,30,29,0,,Carty S,,,,ARR,
2660,OVST-L 497,LEC,OPEN,,25,25,0,,Carty S,,,,ARR,
2661,OVST-M 496,LEC,OPEN,,15,15,0,,Carty S,,,,ARR,
2662,OVST-M 497,LEC,OPEN,,12,12,0,,Carty S,,,,ARR,
2663,OVST-M 498,LEC,OPEN,,10,10,0,,Carty S,,,,ARR,
2665,OVST-N 498,LEC,OPEN,,10,10,0,,Carty S,,,,ARR,
2668,OVST-P 497,LEC,OPEN,,12,11,0,,Carty S,,,,ARR,
2669,OVST-Q 497,LEC,OPEN,,5,5,0,,Carty S,,,,ARR,
2670,OVST-Q 498,LEC,OPEN,,10,9,0,,Carty S,,,,ARR,
2671,OVST-R 396,LEC,OPEN,,25,24,0,,Carty S,,,,ARR,
2672,OVST-R 496,LEC,OPEN,,20,20,0,,Carty S,,,,ARR,
2673,OVST-R 498,LEC,OPEN,,15,14,0,,Carty S,,,,ARR,
2674,OVST-S 496,LEC,OPEN,,5,5,0,,Carty S,,,,ARR,
2675,OVST-S 496,LEC,OPEN,,10,10,0,,Carty S,,,,ARR,
2676,OVST-S 496,LEC,OPEN,,20,19,0,,Carty S,,,,ARR,
2677,OVST-S 498,LEC,OPEN,,15,15,0,,Carty S,,,,ARR,
2678,OVST-T 497,LEC,OPEN,,10,7,0,,Carty S,,,,ARR,
2679,OVST-T 498,LEC,OPEN,,15,15,0,,Carty S,,,,ARR,
2680,OVST-T 498,LEC,OPEN,,15,15,0,,Carty S,,,,ARR,
2682,OVST-U 497,LEC,OPEN,,6,6,0,,Carty S,,,,ARR,
2683,OVST-U 497,LEC,OPEN,,5,5,0,,Carty S,,,,ARR,
2684,OVST-V 496,LEC,OPEN,,20,17,0,,Carty S,,,,ARR,
2685,OVST-W 396,LEC,OPEN,,20,20,0,,Carty S,,,,ARR,
2686,OVST-W 396,LEC,OPEN,,20,18,0,,Carty S,,,,ARR,
2687,OVST-X 497,LEC,OPEN,,5,5,0,,Carty S,,,,ARR,
2688,OVST-Y 496,LEC,OPEN,,150,147,0,,Carty S,,,,ARR,
2689,OVST-Y 498,LEC,OPEN,,60,56,0,,Carty S,,,,ARR,
2692,OVST-Z 497,LEC,OPEN,,15,15,0,,Carty S,,,,ARR,
2693,PHIL-G 901,LEC,OPEN,,25,19,0,,Ebbs G,,,,ARR,
2694,PHIL-P 250,LEC,CLOSED,,61,0,0,IN_PERSON,Berry S; Fiander A,TUTH,09:35,10:50,WH,111
2695,PHIL-P 498,LEC,OPEN,,10,9,0,,Ebbs G,,,,ARR,
2696,PHIL-P 499,LEC,OPEN,,10,10,0,,Ebbs G,,,,ARR,
2697,PHIL-P 505,LEC,OPEN,,15,9,0,IN_PERSON,Berry S,TU,16:45,19:15,SY,022
2698,PHIL-P 590,LEC,OPEN,,20,20,0,,Ebbs G,,,,ARR,
2699,PHIL-P 595,LEC,OPEN,,10,10,0,,Ebbs G,,,,ARR,
2700,PHIL-P 596,LEC,OPEN,,10,10,0,,Ebbs G,,,,ARR,
2701,PHIL-P 597,LEC,OPEN,,10,10,0,,Ebbs G,,,,ARR,
2702,PHIL-P 803,LEC,OPEN,,10,10,0,,Ebbs G,,,,ARR,
2703,PHIL-P 805,LEC,OPEN,,50,30,0,,Ebbs G,,,,ARR,
2704,PHSL-P 530,LEC,OPEN,,20,18,0,,Davis J,,,,ARR,
2705,PHYS-G 901,LEC,OPEN,,30,30,0,,Messier M,,,,ARR,
2706,PHYS-G 901,LEC,OPEN,,50,40,0,,Messier M,,,,ARR,
2707,PHYS-P 105,LEC,OPEN,,129,47,0,IN_PERSON,Pettus W,MOWEFR,10:25,11:15,SW,007
2708,PHYS-P 150,LEC,CLOSED,,54,0,0,IN_PERSON,Seradjeh B,MOWEFR,10:25,11:15,SW,208
2709,PHYS-P 201,LEC,OPEN,,240,3,18,IN_PERSON,Beggs J; Liao J; Govin R,MOWEFR,09:10,10:00,SW,119
2710,PHYS-P 201,LEC,OPEN,,240,1,19,IN_PERSON,Beggs J; Liao J; Govin R,MOWEFR,11:35,12:25,SW,119
2711,PHYS-P 201,DIS,CLOSED,,30,0,3,IN_PERSON,Beggs J; Liao J; Govin R,TU,10:25,11:15,SW,219
2712,PHYS-P 201,DIS,CLOSED,,30,0,3,IN_PERSON,Beggs J; Liao J; Govin R,TU,11:35,12:25,SW,220
2713,PHYS-P 201,DIS,CLOSED,,30,0,4,IN_PERSON,Beggs J; Liao J; Govin R,TU,13:55,14:45,SE,010
2714,PHYS-P 201,DIS,CLOSED,,30,0,4,IN_PERSON,Beggs J; Liao J; Govin R,TU,15:10,16:00,SW,220
2715,PHYS-P 201,DIS,CLOSED,,30,0,2,IN_PERSON,Beggs J; Liao J; Govin R,TU,16:20,17:10,SW,220
2716,PHYS-P 201,DIS,CLOSED,,30,0,5,IN_PERSON,Beggs J; Liao J; Govin R,TH,16:20,17:10,SW,219
2717,PHYS-P 201,DIS,CLOSED,,30,0,4,IN_PERSON,Beggs J; Liao J; Govin R,TH,11:35,12:25,SW,220
2718,PHYS-P 201,DIS,CLOSED,,27,0,5,IN_PERSON,Beggs J; Liao J; Govin R,TU,12:45,13:35,SW,217
2719,PHYS-P 201,DIS,OPEN,,30,1,4,IN_PERSON,Beggs J; Liao J; Govin R,TH,13:55,14:45,SE,010
2720,PHYS-P 201,DIS,CLOSED,,30,0,3,IN_PERSON,Beggs J; Liao J; Govin R,TH,15:10,16:00,SW,220
2721,PHYS-P 201,LAB,CLOSED,,24,0,12,IN_PERSON,Beggs J; Liao J; Govin R,TU,16:20,18:15,SW,108
2722,PHYS-P 201,LAB,CLOSED,,24,0,10,IN_PERSON,Beggs J; Liao J; Govin R,MO,15:10,17:05,SW,108
2723,PHYS-P 201,LAB,CLOSED,,24,0,6,IN_PERSON,Beggs J; Liao J; Govin R,MO,12:45,14:40,SW,108
2724,PHYS-P 201,LAB,CLOSED,,24,0,4,IN_PERSON,Beggs J; Liao J; Govin R,MO,15:10,17:05,SW,109
2725,PHYS-P 201,LAB,CLOSED,,24,0,4,IN_PERSON,Beggs J; Liao J; Govin R,MO,17:30,19:25,SW,108
2726,PHYS-P 201,LAB,OPEN,,24,2,0,IN_PERSON,Beggs J; Liao J; Govin R,MO,19:55,21:50,SW,108
2727,PHYS-P 201,LAB,CLOSED,,24,0,5,IN_PERSON,Beggs J; Liao J; Govin R,TU,08:00,09:55,SW,109
2728,PHYS-P 201,LAB,CLOSED,,24,0,3,IN_PERSON,Beggs J; Liao J; Govin R,WE,15:10,17:05,SW,109
2729,PHYS-P 201,LAB,CLOSED,,24,0,2,IN_PERSON,Beggs J; Liao J; Govin R,TU,16:20,18:15,SW,109
2730,PHYS-P 201,LAB,CLOSED,,24,0,1,IN_PERSON,Beggs J; Liao J; Govin R,TU,18:40,20:35,SW,108
2731,PHYS-P 201,LAB,CLOSED,,24,0,1,IN_PERSON,Beggs J; Liao J; Govin R,MO,12:45,14:40,SW,109
2732,PHYS-P 201,LAB,CLOSED,,24,0,4,IN_PERSON,Beggs J; Liao J; Govin R,WE,12:45,14:40,SW,109
2733,PHYS-P 201,LAB,CLOSED,,24,0,1,IN_PERSON,Beggs J; Liao J; Govin R,WE,12:45,14:40,SW,108
2734,PHYS-P 201,LAB,CLOSED,,24,0,0,IN_PERSON,Beggs J; Liao J; Govin R,MO,17:30,19:25,SW,109
2735,PHYS-P 202,LEC,OPEN,,104,4,14,IN_PERSON,Warren G; Evans H,MOWEFR,12:45,13:35,SW,119
2736,PHYS-P 202,DIS,CLOSED,,28,0,2,IN_PERSON,Warren G; Evans H,TH,08:00,08:50,SW,221
2737,PHYS-P 202,DIS,CLOSED,,29,0,5,IN_PERSON,Warren G; Evans H,TH,09:10,10:00,SW,221
2738,PHYS-P 202,DIS,CLOSED,,29,0,5,IN_PERSON,Warren G; Evans H,TH,11:35,12:25,SW,221
2739,PHYS-P 202,DIS,CLOSED,,29,0,4,IN_PERSON,Warren G; Evans H,TH,13:55,14:45,SW,221
2740,PHYS-P 202,DIS,OPEN,,29,1,2,IN_PERSON,Warren G; Evans H,TH,15:10,16:00,SW,221
2741,PHYS-P 202,LAB,CLOSED,,24,0,6,IN_PERSON,Warren G; Evans H,MO,16:20,18:15,SW,113
2742,PHYS-P 202,LAB,OPEN,,24,9,0,IN_PERSON,Warren G; Evans H,TU,08:00,09:55,SW,113
2743,PHYS-P 202,LAB,CLOSED,,24,0,4,IN_PERSON,Warren G; Evans H,TU,10:25,12:20,SW,113
2744,PHYS-P 202,LAB,CLOSED,,24,0,4,IN_PERSON,Warren G; Evans H,TU,12:45,14:40,SW,113
2745,PHYS-P 202,LAB,OPEN,,24,2,1,IN_PERSON,Warren G; Evans H,TU,15:10,17:05,SW,113
2748,PHYS-P 221,LEC,OPEN,,144,3,11,IN_PERSON,Lammers S; Lunghi E,MOWEFR,13:55,14:45,SW,007
2749,PHYS-P 221,DIS,CLOSED,,48,0,6,IN_PERSON,Lammers S; Lunghi E,TUTH,09:10,10:00,SW,208
2750,PHYS-P 221,DIS,CLOSED,,48,0,4,IN_PERSON,Lammers S; Lunghi E,TUTH,08:00,08:50,SW,208
2751,PHYS-P 221,LAB,CLOSED,,24,0,4,IN_PERSON,Lammers S; Lunghi E,TH,10:25,12:20,SW,108
2752,PHYS-P 221,LAB,CLOSED,,24,0,4,IN_PERSON,Lammers S; Lunghi E,TH,17:30,19:25,SW,108
2753,PHYS-P 221,LAB,OPEN,,24,1,0,IN_PERSON,Lammers S; Lunghi E,TH,15:10,17:05,SW,108
2754,PHYS-P 222,LEC,OPEN,,108,12,4,IN_PERSON,Mitchell R,MOWEFR,12:45,13:35,SW,007
2755,PHYS-P 222,DIS,OPEN,,36,12,0,IN_PERSON,Mitchell R,TUTH,08:00,08:50,SW,214
2756,PHYS-P 222,DIS,CLOSED,,36,0,1,IN_PERSON,Mitchell R,TUTH,10:25,11:15,SW,214
2757,PHYS-P 222,LAB,CLOSED,,24,0,2,IN_PERSON,Mitchell R,TH,12:45,14:40,SW,113
2758,PHYS-P 222,LAB,CLOSED,,24,0,0,IN_PERSON,Mitchell R,TH,15:10,17:05,SW,113
2759,PHYS-P 301,LEC,OPEN,,36,8,0,IN_PERSON,Setayeshgar S,MOWEFR,11:35,12:25,SE,240
2760,PHYS-P 309,LEC,OPEN,,16,4,0,IN_PERSON,Mohayai T,TU,13:15,17:15,SW,137
2761,PHYS-P 310,LEC,OPEN,,24,8,0,IN_PERSON,Tayloe R,TUTH,15:55,17:10,SW,214
2762,PHYS-P 331,LEC,OPEN,,36,12,0,IN_PERSON,Richerme P,MOWEFR,10:25,11:15,SE,240
2763,PHYS-P 441,LEC,OPEN,,36,15,0,IN_PERSON,Shepherd M,MOWEFR,09:10,10:00,SE,240
2764,PHYS-P 504,LEC,OPEN,,24,16,0,IN_PERSON,Messier M; Teye S,FR,15:10,16:00,SW,109
2765,PHYS-P 506,LEC,OPEN,,24,13,0,IN_PERSON,Snow W,TUTH,12:45,14:40,SW,220
2766,PHYS-P 510,LEC,OPEN,,24,8,0,IN_PERSON,Tayloe R,TUTH,15:55,17:10,SW,214
2767,PHYS-P 511,LEC,OPEN,,24,12,0,IN_PERSON,Fertig H,TUTH,09:10,11:15,SW,218
2768,PHYS-P 521,LEC,OPEN,,24,14,0,IN_PERSON,Jose J,MOWE,09:35,10:50,SW,217
2769,PHYS-P 621,LEC,OPEN,,20,13,0,IN_PERSON,Dermisek R,TUTH,10:15,12:10,SW,217
2770,PHYS-P 640,LEC,OPEN,,25,20,0,IN_PERSON,Kostelecky V,MOWE,12:45,14:00,SW,218
2772,PHYS-P 705,LEC,OPEN,,15,14,0,IN_PERSON,Lammers S,MO,15:55,17:10,SW,214
2773,PHYS-P 706,LEC,OPEN,,15,14,0,IN_PERSON,Fertig H,FR,14:20,15:35,SW,214
2774,PHYS-P 800,LEC,OPEN,,40,39,0,,Messier M; Campbell J,,,,ARR,
2775,PHYS-P 801,LEC,OPEN,,15,15,0,,Messier M; Campbell J,,,,ARR,
2776,PHYS-P 802,LEC,OPEN,,50,30,0,,Messier M; Campbell J,,,,ARR,
2777,PHYS-P 803,LEC,OPEN,,10,10,0,,Messier M; Campbell J,,,,ARR,
2778,POLS-G 901,LEC,OPEN,,46,39,0,,DeSante C,,,,ARR,
2779,POLS-Y 100,LEC,CLOSED,,120,0,4,IN_PERSON,Dalecki J,MOWE,14:20,15:35,WH,120
2780,POLS-Y 105,LEC,CLOSED,,160,0,2,IN_PERSON,Failer J,TUTH,10:25,11:15,CH,122
2781,POLS-Y 107,LEC,OPEN,,100,43,0,IN_PERSON,Razo A,TUTH,15:55,17:10,GY,1050
2782,POLS-Y 109,LEC,CLOSED,,80,0,2,IN_PERSON,Koren O,TUTH,14:30,15:35,BH,104
2783,POLS-Y 683,LEC,OPEN,,30,30,0,,DeSante C,,,,ARR,
2784,POLS-Y 685,LEC,OPEN,,30,30,0,,DeSante C,,,,ARR,
2785,POLS-Y 687,LEC,OPEN,,30,30,0,,DeSante C,,,,ARR,
2786,POLS-Y 689,LEC,OPEN,,5,5,0,,DeSante C,,,,ARR,
2787,POLS-Y 780,LEC,OPEN,,5,5,0,,DeSante C,,,,ARR,
2788,POLS-Y 880,LEC,OPEN,,10,10,0,,DeSante C,,,,ARR,
2789,POLS-Y 890,LEC,OPEN,,45,29,0,,DeSante C,,,,ARR,
2790,PSY-G 901,LEC,OPEN,,40,31,0,,James K,,,,ARR,
2791,PSY-K 300,LEC,OPEN,,100,17,0,IN_PERSON,Tang W,TUTH,15:55,17:10,TV,251
2792,PSY-P 101,LEC,CLOSED,,255,0,5,IN_PERSON,Vlachos-Weber I,MOWEFR,11:35,12:25,PY,100
2793,PSY-P 101,LEC,CLOSED,,255,0,3,IN_PERSON,Pickernell S,TUTH,12:45,14:00,PY,100
2794,PSY-P 101,LEC,OPEN,,255,2,1,IN_PERSON,Patton C,TU,14:20,15:35,PY,100
2800,PSY-P 102,LEC,OPEN,,255,77,0,IN_PERSON,Roberts A,TUTH,15:55,17:10,PY,100
2802,PSY-P 499,LEC,OPEN,,25,11,0,IN_PERSON,Sengelaub D,TH,14:20,15:35,PY,128
2803,PSY-P 595,LEC,OPEN,,20,3,0,IN_PERSON,Todd P,WE,14:00,16:30,PY,128
2804,PSY-P 895,LEC,OPEN,,10,10,0,,Alberts J,,,,ARR,
2805,PSY-P 895,LEC,OPEN,,20,20,0,,Bates J,,,,ARR,
2806,PSY-P 895,LEC,OPEN,,20,20,0,,Bertenthal B,,,,ARR,
2807,PSY-P 895,LEC,OPEN,,20,20,0,,Bingham G,,,,ARR,
2808,PSY-P 895,LEC,OPEN,,20,20,0,,Bradshaw H,,,,ARR,
2809,PSY-P 898,LEC,OPEN,,10,10,0,,Hetrick W,,,,ARR,
2810,PSY-P 899,LEC,OPEN,,20,20,0,,Hetrick W,,,,ARR,
2811,REEI-X 490,LEC,OPEN,,10,10,0,,Goldberg H,,,,ARR,
2812,REEI-R 575,LEC,OPEN,,10,4,0,,Goldberg H,,,,ARR,
2813,REEI-R 600,LEC,CLOSED,,9,0,0,IN_PERSON,Storey-Nagy J,MO,16:20,18:20,WH,118
2814,REL-G 901,LEC,OPEN,,20,18,0,,Imhoff S,,,,ARR,
2815,REL-R 399,LEC,OPEN,,10,9,0,,Imhoff S,,,,ARR,
2816,REL-X 370,LEC,OPEN,,15,15,0,,Imhoff S,,,,ARR,
2817,REL-R 499,LEC,OPEN,,10,9,0,,Imhoff S,,,,ARR,
2818,REL-R 590,LEC,OPEN,,20,20,0,,Imhoff S,,,,ARR,
2819,REL-R 665,LEC,OPEN,,14,7,0,IN_PERSON,Furey C,WE,15:00,17:30,SY,224
2820,REL-R 698,LEC,OPEN,,10,10,0,,Imhoff S,,,,ARR,
2821,REL-R 699,LEC,OPEN,,10,10,0,,Imhoff S,,,,ARR,
2822,REL-R 792,LEC,OPEN,,30,29,0,,Imhoff S,,,,ARR,
2823,REL-R 793,LEC,OPEN,,30,30,0,,Imhoff S,,,,ARR,
2824,REL-R 794,LEC,OPEN,,10,8,0,,Imhoff S,,,,ARR,
2825,REL-R 799,LEC,OPEN,,20,13,0,,Imhoff S,,,,ARR,
2826,SLAV-C 101,LEC,OPEN,,10,8,0,IN_PERSON,Holdeman J,MOTUWETH,13:55,14:45,WB,WEB
2827,SLAV-C 501,LEC,OPEN,,10,8,0,IN_PERSON,Holdeman J,MOTUWETH,13:55,14:45,WB,WEB
2828,SLAV-G 901,LEC,OPEN,,10,8,0,,Valentino R,,,,ARR,
2829,SLAV-P 101,LEC,CLOSED,,15,0,1,IN_PERSON,Asher S,MOTUWETH,09:10,10:00,BH,142
2830,SLAV-P 201,LEC,OPEN,,10,6,0,IN_PERSON,Sicinski L,MOWEFR,10:25,11:15,GA,4024
2831,SLAV-P 301,LEC,OPEN,,12,6,0,IN_PERSON,Sicinski L,TUTH,11:10,12:25,BH,015
2832,SLAV-P 501,LEC,OPEN,,5,5,0,IN_PERSON,Asher S,MOTUWETH,09:10,10:00,BH,142
2833,SLAV-P 503,LEC,OPEN,,10,6,0,IN_PERSON,Sicinski L,MOWEFR,10:25,11:15,GA,4024
2834,SLAV-P 505,LEC,OPEN,,12,6,0,IN_PERSON,Sicinski L,TUTH,11:10,12:25,BH,015
2835,SLAV-R 101,LEC,OPEN,,21,7,0,IN_PERSON,Shardakova M; Stovba E,MOTUWETH,10:25,11:15,BH,241
2836,SLAV-R 101,LEC,OPEN,,22,1,0,IN_PERSON,Shardakova M; Kim S,MOTUWETH,11:35,12:25,WH,119
2837,SLAV-R 101,LEC,CLOSED,,21,0,0,IN_PERSON,Shardakova M; Finkel M,MOTUWETH,12:45,13:35,BH,241
2838,SLAV-R 223,LEC,CLOSED,,32,0,0,IN_PERSON,Geballe E,TUTH,12:45,14:00,LH,023
2839,SLAV-R 263,LEC,CLOSED,,25,0,0,IN_PERSON,Cravens C,TUTH,14:20,15:35,PH,019
2841,SLAV-R 563,LEC,OPEN,,10,1,0,IN_PERSON,Cravens C,TUTH,14:20,15:35,PH,019
2842,SLAV-S 101,LEC,OPEN,,20,9,0,IN_PERSON,Ozcelik T,MOTUWETH,09:10,10:00,LH,101
2843,SLAV-S 301,LEC,OPEN,,5,3,0,IN_PERSON,Ozcelik T,TUTH,11:10,12:25,GA,4021
2844,SLAV-T 499,LEC,OPEN,,10,10,0,,Valentino R; Holdeman J,,,,ARR,
2845,SLAV-S 501,LEC,OPEN,,5,5,0,IN_PERSON,Ozcelik T,MOTUWETH,09:10,10:00,WB,WEB
2846,SLAV-S 505,LEC,OPEN,,5,5,0,IN_PERSON,Ozcelik T,TUTH,11:10,12:25,GA,4021
2847,SLAV-S 801,LEC,OPEN,,25,20,0,,Valentino R,,,,ARR,
2848,ILS-G 901,LEC,OPEN,,25,19,0,,Hara N,,,,ARR,
2850,ILS-Z 602,LEC,OPEN,,15,14,0,,Hara N,,,,ARR,
2851,ILS-Z 605,LEC,OPEN,,20,19,0,,Walsh J,,,,ARR,
2852,ILS-Z 601,LEC,OPEN,,15,14,0,,Hara N,,,,ARR,
2853,ILS-Z 702,LEC,OPEN,,10,10,0,,Hara N,,,,ARR,
2854,ILS-Z 799,LEC,OPEN,,50,48,0,,Hara N,,,,ARR,
2855,SOC-G 901,LEC,OPEN,,60,49,0,,Alderson A,,,,ARR,
2857,SOC-S 370,LEC,OPEN,,45,17,0,IN_PERSON,Johnson A,TUTH,11:10,12:25,BH,346
2858,SOC-S 370,LAB,OPEN,,15,5,0,IN_PERSON,Vo T,TU,16:20,17:10,BH,117
2859,SOC-S 370,LAB,OPEN,,15,4,0,IN_PERSON,Vo T,TU,14:00,14:50,BH,117
2860,SOC-S 370,LAB,OPEN,,15,8,0,IN_PERSON,Vo T,TU,15:10,16:00,BH,117
2861,SOC-S 500,LEC,OPEN,,15,8,0,IN_PERSON,Allendorf K,WE,10:00,11:00,BH,703
2862,SOC-S 502,LEC,OPEN,,15,6,0,IN_PERSON,Allendorf K,WE,08:45,09:45,BH,333
2863,SOC-S 506,LEC,OPEN,,15,7,0,IN_PERSON,Powell B,WE,17:00,19:00,BH,703
2864,SOC-S 558,LEC,OPEN,,15,3,0,IN_PERSON,Powell B,TU,11:00,13:00,BH,703
2865,SOC-S 569,LEC,OPEN,,20,20,0,,Alderson A,,,,ARR,
2866,SOC-S 864,LEC,OPEN,,30,29,0,,Alderson A,,,,ARR,
2867,SOC-S 866,LEC,OPEN,,25,25,0,,Alderson A,,,,ARR,
2868,SOC-S 869,LEC,OPEN,,85,47,0,,Alderson A,,,,ARR,
2869,SOC-X 373,LEC,OPEN,,20,20,0,,Headworth S,,,,ARR,
2870,SPEA-E 363,LEC,CLOSED,,35,0,4,IN_PERSON,Lame M,MOWE,11:10,12:25,GA,1128
2871,SPEA-E 455,LEC,CLOSED,,30,0,0,IN_PERSON,Powers S,TUTH,09:35,10:50,PV,272
2872,SPEA-E 455,LAB,CLOSED,,15,0,0,IN_PERSON,Powers S,FR,08:00,12:00,PV,272
2873,SPEA-E 455,LAB,CLOSED,,15,0,0,IN_PERSON,Powers S,FR,13:00,17:00,PV,272
2874,SPEA-E 562,LEC,OPEN,,30,13,0,IN_PERSON,Howard R,MOWE,18:30,19:45,PV,278
2875,SPEA-E 579,LEC,OPEN,,50,50,0,,Meretsky V,,,,ARR,
2876,SPEA-E 589,LEC,OPEN,,150,148,0,,Nicholson-Crotty J,,,,ARR,
2877,SPEA-E 625,LEC,OPEN,,50,39,0,,Meretsky V,,,,ARR,
2878,SPEA-E 680,LEC,OPEN,,48,42,0,IN_PERSON,Barnes M,TH,14:20,15:35,PV,A221
2879,SPEA-E 890,LEC,OPEN,,50,48,0,,Venier M,,,,ARR,
2880,SPEA-G 901,LEC,OPEN,,50,29,0,,Ross J,,,,ARR,
2881,SPEA-H 353,LEC,OPEN,,60,12,0,IN_PERSON,Renner T,MOWE,14:20,15:35,PV,274
2882,SPEA-H 401,LEC,OPEN,,48,24,0,IN_PERSON,Wayne C,TUTH,08:00,09:15,PV,274
2883,SPEA-H 456,LEC,OPEN,,48,13,0,IN_PERSON,Anderson J,TUTH,15:55,17:10,AC,C112
2884,SPEA-K 300,LEC,OPEN,,103,1,1,IN_PERSON,Wakhungu P,MOWE,15:55,17:10,OP,105
2885,SPEA-K 300,LEC,CLOSED,,103,0,6,IN_PERSON,Wakhungu H,TUTH,14:20,15:35,OP,105
2886,SPEA-K 300,LEC,CLOSED,,103,0,6,IN_PERSON,Wakhungu H,TUTH,12:45,14:00,OP,105
2887,SPEA-V 252,LEC,CLOSED,,45,0,0,IN_PERSON,Levell T,TUTH,08:25,09:15,PV,A335
2888,SPEA-V 261,LEC,CLOSED,,30,0,3,IN_PERSON,Niswander M,MOWE,11:10,12:25,PV,151
2889,SPEA-V 261,LEC,CLOSED,,30,0,1,IN_PERSON,Brinkman E,TUTH,12:45,14:00,PV,151
2891,SPEA-V 346,LEC,CLOSED,,61,0,1,IN_PERSON,McCaster A,TUTH,09:35,10:50,PV,A201
2892,SPEA-V 369,LEC,CLOSED,,64,0,11,IN_PERSON,Farmer J,MOWE,17:30,18:45,PV,276
2893,SPEA-V 380,LEC,OPEN,,150,149,0,,Seavey B,,,,ARR,
2894,SPEA-V 380,LEC,OPEN,,150,147,0,,Walker L,,,,ARR,
2895,SPEA-V 381,LEC,OPEN,,150,126,0,,Walker L,,,,ARR,
2896,SPEA-V 381,LEC,OPEN,,150,142,0,,Seavey B,,,,ARR,
2897,SPEA-V 386,LEC,CLOSED,,30,0,5,IN_PERSON,Desai S,MOWE,14:20,15:35,PV,A205
2898,SPEA-V 401,LEC,CLOSED,,45,0,6,IN_PERSON,Zhang S,TUTH,17:30,18:45,PV,A201
2899,SPEA-V 405,LEC,OPEN,,64,3,2,IN_PERSON,Gregg J,MO,17:30,20:00,PV,274
2900,SPEA-V 435,LEC,OPEN,,45,8,0,IN_PERSON,Engels E,MOWE,08:00,09:15,LH,130
2901,SPEA-V 435,LEC,CLOSED,,36,0,5,IN_PERSON,Branham G,MOWE,15:55,17:10,BH,342
2902,SPEA-V 517,LEC,OPEN,,40,10,0,IN_PERSON,Ross J,MOWE,12:45,14:00,PV,A221
2903,SPEA-V 580,LEC,OPEN,,30,29,0,,Nicholson-Crotty J,,,,ARR,
2904,SPEA-V 590,LEC,OPEN,,30,30,0,,Nicholson-Crotty J,,,,ARR,
2905,SPEA-P 791,LEC,OPEN,,30,17,0,IN_PERSON,Ross J,FR,12:00,13:30,PV,A221
2906,SPEA-V 890,LEC,OPEN,,50,45,0,,Ross J,,,,ARR,
2908,SLHS-S 501,LEC,OPEN,,50,18,0,IN_PERSON,Spencer C,TUTH,11:10,12:25,AH,C1021Z
2909,SLHS-S 531,LEC,OPEN,,50,7,0,IN_PERSON,Stark B,TUTH,11:10,12:25,AH,C1001
2910,SLHS-S 561,LEC,OPEN,CLINICAL PRACTICE & PROCEDURE,40,8,0,IN_PERSON,Wade C,TU,12:45,13:45,AH,C1001
2912,SLHS-S 579,LEC,OPEN,,20,11,0,IN_PERSON,Messmer H,TUTH,12:45,14:00,AH,C3053
2913,SLHS-S 580,LEC,OPEN,,60,7,0,IN_PERSON,Lentz J,TH,15:55,17:35,AH,C1021Z
2914,SLHS-S 780,LEC,OPEN,,8,8,0,,Bent T,,,,ARR,
2915,SLHS-S 880,LEC,OPEN,,10,10,0,,Bent T,,,,ARR,
2916,SWK-S 221,LEC,CLOSED,,24,0,0,IN_PERSON,Whitaker M,TUTH,12:45,14:00,SE,245
2917,MSCH-G 320,LEC,OPEN,,38,12,0,IN_PERSON,Benninghoff G; Herber N,MO,11:10,12:25,FF,310
2918,MSCH-G 320,DIS,CLOSED,,19,0,0,IN_PERSON,Herber N,TU,09:30,12:30,FF,073
2919,MSCH-G 320,DIS,OPEN,,19,12,0,IN_PERSON,Benninghoff G,TH,09:30,12:30,FF,073
2920,MSCH-G 300,LEC,OPEN,,25,3,0,IN_PERSON,Mishler N,MOWE,14:20,15:35,FF,073
2921,MSCH-T 540,LEC,OPEN,,10,10,0,,Peifer J,,,,ARR,
2922,MSCH-M 600,LEC,OPEN,,38,19,0,IN_PERSON,Peifer J,FR,13:30,14:45,FF,310
2924,THTR-T 100,LEC,CLOSED,,75,0,3,IN_PERSON,Lale J,TUTH,11:10,12:25,TH,A201
2925,THTR-T 120,LEC,CLOSED,,12,0,1,IN_PERSON,Rose S,TU,09:35,10:50,AD,A052
2926,THTR-T 120,LEC,CLOSED,,12,0,0,IN_PERSON,Cerqueira J,TU,11:10,12:25,AD,A052
2927,THTR-T 220,LEC,CLOSED,,16,0,4,IN_PERSON,Michaelsen J,TUTH,12:55,14:40,AD,A280
2928,THTR-T 325,LEC,OPEN,,16,2,0,IN_PERSON,Hall G,TUTH,12:55,14:40,TH,A207
2930,THTR-T 340,LEC,OPEN,,16,5,0,IN_PERSON,Goodman G,MOWE,10:50,12:35,TH,A207
2931,THTR-T 399,LEC,OPEN,,10,8,0,,Lale J,,,,ARR,
2932,THTR-T 499,LEC,OPEN,,10,9,0,,Lale J,,,,ARR,
2933,THTR-T 500,LEC,OPEN,,21,7,0,IN_PERSON,Mayer-Garcia E,FR,10:00,11:45,TH,A300
2934,THTR-T 600,LEC,OPEN,,10,10,0,,Goodlander J,,,,ARR,
2935,THTR-T 700,LEC,OPEN,,25,22,0,,Valentine A,,,,ARR,
2936,THTR-T 701,LEC,OPEN,,15,15,0,,Goodlander J,,,,ARR,
2938,THTR-T 897,LEC,OPEN,,15,5,0,,Goodlander J,,,,ARR,
2940,EURO-E 100,LEC,OPEN,,24,14,0,IN_PERSON,Hess F,MOTUWETH,12:45,13:35,WH,007
2941,EURO-E 200,LEC,OPEN,,24,11,0,IN_PERSON,Hess F,MOWE,11:10,12:25,WH,104
2942,EURO-E 491,LEC,OPEN,,24,14,0,IN_PERSON,Hess F,MOTUWETH,12:45,13:35,WH,007
2943,EURO-W 805,LEC,OPEN,,5,5,0,,Pergher R,,,,ARR,
2944,BIOL-G 599,LEC,OPEN,,5,5,0,,Moczek A,,,,ARR,
2945,NURS-H 399,LEC,OPEN,,12,1,0,,Wonder A,,,,ARR,
2946,NURS-H 499,LEC,OPEN,,10,10,0,,,,,,ARR,
2947,HISP-G 599,LEC,OPEN,,5,5,0,,Willis E,,,,ARR,
2948,CHEM-C 103,LAB,CLOSED,,26,0,3,IN_PERSON,Needham L,TU,09:45,11:15,CH,045
2949,CHEM-C 103,LAB,CLOSED,,26,0,1,IN_PERSON,Sapkota D,WE,09:10,10:40,CH,045
2950,CHEM-C 343,LAB,CLOSED,,20,0,1,IN_PERSON,Kinney C,WE,17:20,21:20,CH,149
2951,CHEM-C 118,LEC,OPEN,,144,9,7,IN_PERSON,Snaddon D; Mayhall N,MOWEFR,08:00,08:50,MY,130
2952,CHEM-C 118,DIS,CLOSED,,36,0,4,IN_PERSON,Drummond A,TU,11:35,12:25,WH,004
2953,CHEM-C 118,DIS,CLOSED,,36,0,1,IN_PERSON,Drummond A,TU,10:25,11:15,I,E130
2954,CHEM-C 118,LAB,OPEN,,24,3,1,IN_PERSON,Crenshaw J,TH,18:30,21:30,CH,027
2955,ANTH-G 599,LEC,OPEN,,25,25,0,,King S,,,,ARR,
2956,GER-K 200,LEC,OPEN,,23,11,0,IN_PERSON,May G,MOWEFR,12:45,13:35,BH,139
2957,GER-G 599,LEC,OPEN,,1,1,0,,Sapp C,,,,ARR,
2958,BUS-G 202,LEC,OPEN,,250,58,0,IN_PERSON,Powell P,TUTH,08:00,09:15,HH,2075
2959,EDUC-C 788,LEC,OPEN,,18,12,0,IN_PERSON,Hillman N,TH,14:20,16:50,ED,1004
2960,EDUC-E 328,LEC,OPEN,,18,18,0,IN_PERSON,Atiatorme E,MOWE,09:35,10:50,ED,3015
2961,BUS-P 320,LEC,CLOSED,,40,0,1,IN_PERSON,Dobos S,TUTH,12:45,14:00,HH,3079
2962,SPEA-V 246,LEC,CLOSED,,64,0,5,IN_PERSON,Astill A,MOWE,11:10,12:25,PV,274
2963,SPEA-V 221,LEC,OPEN,,37,3,0,IN_PERSON,Ma J,MOWE,09:35,10:50,WH,008
2964,CMLT-G 599,LEC,CLOSED,,0,0,0,,Emery J,,,,ARR,
2966,MATH-M 413,LEC,OPEN,,12,1,0,IN_PERSON,Bercovici H,MOWEFR,10:25,11:15,SE,010
2967,MATH-S 413,LEC,OPEN,,22,6,0,IN_PERSON,Bercovici H,MOWEFR,10:25,11:15,SE,010
2968,BUS-M 426,LEC,CLOSED,,38,0,3,IN_PERSON,Ragland III C,MOWE,15:55,17:10,HH,1030
2969,REL-G 599,LEC,OPEN,,10,10,0,,Imhoff S,,,,ARR,
2971,INST-H 506,LEC,OPEN,,18,12,0,IN_PERSON,Sharma R,MOTUWETHFR,10:25,11:15,WH,006
2972,SPH-H 404,LEC,OPEN,,15,9,0,IN_PERSON,Mirza A,FR,09:00,12:00,PH,021
2973,SPH-H 404,LEC,OPEN,,15,2,0,IN_PERSON,Mirza A,FR,12:00,15:00,PH,021
2974,BUS-M 330,LEC,CLOSED,,30,0,1,IN_PERSON,Shaw M,TUTH,11:10,12:25,CG,3044
2975,BUS-M 330,LEC,CLOSED,,30,0,1,IN_PERSON,Peterson R,MOWE,11:10,12:25,HH,2055
2976,BUS-X 505,LEC,OPEN,,100,43,0,,Hill J,,,,ARR,
2977,LING-L 307,LEC,CLOSED,,24,0,0,IN_PERSON,Berkson K,TUTH,14:20,15:35,LH,125
2978,BUS-S 400,LEC,CLOSED,,5,0,0,IN_PERSON,Yang H,MOWE,15:55,17:10,HH,4006
2979,BUS-S 400,LEC,OPEN,,5,4,0,IN_PERSON,Yang H,MOWE,17:30,18:45,HH,4006
2980,SPH-N 401,LEC,OPEN,,25,11,0,IN_PERSON,Wang J,MO,13:55,14:45,PH,012
2981,SPH-Q 381,LEC,CLOSED,,75,0,7,,Jun M,,,,WB,WEB
2982,SPH-N 231,LEC,CLOSED,,200,0,8,,Greives M; Hu Q,,,,WB,WEB
2983,CSCI-A 338,LEC,OPEN,,18,8,0,IN_PERSON,Whitmer J,MOWE,09:35,10:50,IF,1019
2984,CSCI-A 338,LAB,OPEN,,18,8,0,IN_PERSON,Whitmer J,FR,09:10,10:00,IF,0006
2985,CSCI-A 538,LEC,OPEN,,9,9,0,IN_PERSON,Whitmer J,MOWE,09:35,10:50,IF,1019
2986,CSCI-A 538,LAB,OPEN,,9,9,0,IN_PERSON,Whitmer J,FR,09:10,10:00,IF,0006
2987,ECON-E 322,LEC,OPEN,,60,4,0,IN_PERSON,Glomm G,MOWE,09:35,10:50,ED,1120
2988,INTL-I 400,LEC,CLOSED,,15,0,3,IN_PERSON,O'Reilly J,TU,12:45,15:45,WH,112
2989,GER-K 503,LEC,OPEN,,23,11,0,IN_PERSON,May G,MOWEFR,12:45,13:35,BH,139
2991,CHEM-X 371,LEC,OPEN,,175,175,0,,Snaddon D,,,,ARR,
2992,ECON-G 599,LEC,OPEN,,15,15,0,,Lugovskyy V,,,,ARR,
2994,CEUS-G 599,LEC,OPEN,,2,2,0,,Ozcelik O,,,,ARR,
2995,EALC-G 599,LEC,OPEN,,5,5,0,,Vogt N,,,,ARR,
2996,GEOG-G 599,LEC,OPEN,,1,1,0,,Ficklin D; Loyal T,,,,ARR,
3004,OVST-A 499,LEC,OPEN,,15,14,0,,Carty S,,,,ARR,
3006,OVST-I 496,LEC,OPEN,,20,17,0,,Carty S,,,,ARR,
3007,PHIL-G 599,LEC,OPEN,,3,3,0,,Ebbs G,,,,ARR,
3009,SLAV-G 599,LEC,OPEN,,5,5,0,,Valentino R,,,,ARR,
3010,SPH-N 691,LEC,OPEN,,10,9,0,,Gonzalez Casanova I,,,,ARR,
3011,SPH-K 455,LEC,OPEN,,20,19,0,,Huntoon A,,,,ARR,
3013,SOC-G 599,LEC,OPEN,,50,50,0,,Alderson A,,,,ARR,
3014,SPH-G 599,LEC,OPEN,,10,10,0,,Macy J,,,,ARR,
3015,VSCI-V 595,LEC,OPEN,,20,19,0,,Burns S,,,,ARR,
3016,VSCI-V 695,LEC,OPEN,,20,18,0,,Burns S,,,,ARR,
3017,VSCI-V 765,LEC,OPEN,,50,30,0,IN_PERSON,Lim H,MO,14:00,14:50,OP,111
3019,VSCI-V 795,LEC,OPEN,,20,14,0,,Burns S,,,,ARR,
3020,VSCI-V 799,LEC,OPEN,,20,13,0,,Burns S,,,,ARR,
3021,VSCI-V 899,LEC,OPEN,,20,17,0,,Burns S,,,,ARR,
3022,VSCI-G 901,LEC,OPEN,,20,20,0,,Burns S,,,,ARR,
3025,BIOL-L 111,LEC,CLOSED,,160,0,6,IN_PERSON,Darcy T,MO,18:30,20:30,BH,013
3026,BIOC-B 680,LEC,OPEN,GRANT WRITING,15,10,0,IN_PERSON,Innes R; O'Hagan H,TH,13:30,16:30,MY,209
3027,CJUS-P 100,LEC,CLOSED,,60,0,0,IN_PERSON,Song Y,MOWE,15:55,17:10,JH,065
3028,SPEA-V 378,LEC,OPEN,,24,15,0,IN_PERSON,Volsky B,MO,18:30,21:00,HD,TBA
3029,BIOL-L 111,LEC,OPEN,,150,22,0,IN_PERSON,Blizard M,MO,18:00,19:30,JH,A100
3035,MUS-A 471,LEC,OPEN,,10,4,0,IN_PERSON,Belser J; Stucker M,TH,18:40,21:40,MC,062
3036,MUS-I 500,LEC,OPEN,,14,6,0,IN_PERSON,Horne B,WE,17:30,19:30,MA,007
3037,MSCI-G 901,LEC,OPEN,,30,20,0,,O'Hagan H; O'Loughlin V; Husmann P,,,,ARR,
3038,EDUC-M 550,LEC,OPEN,LICENSE ADDITION,100,100,0,,Stachowski L,,,,ARR,
3039,HISP-S 100,LEC,CLOSED,,24,0,3,IN_PERSON,Castro V,MOTUWETH,13:55,14:45,WH,007
3040,SOAD-S 220,LEC,CLOSED,,16,0,0,IN_PERSON,Haberman I,TUTH,11:10,13:55,FA,230
3041,SPH-H 220,LEC,OPEN,,110,70,0,IN_PERSON,Voyles J,TUTH,14:20,15:35,OP,111
3042,SPH-B 403,LEC,OPEN,,80,8,0,IN_PERSON,Eastman-Mueller H,TUTH,08:00,09:15,SB,015
3047,SPH-I 272,LEC,OPEN,,50,37,0,,Noel A,,,,WB,WEB
3048,BUS-G 202,LEC,CLOSED,,250,0,12,IN_PERSON,Powell P,TUTH,09:35,10:50,HH,2075
3049,BUS-A 568,LEC,OPEN,,40,9,0,IN_PERSON,Turk M,MOTUWETHFR,08:00,12:00,CG,2063
3050,BUS-X 515,LEC,OPEN,BUSINESS MARKETING ACADEMY,30,30,0,,Gildea J,,,,ARR,
3051,BUS-X 515,LEC,OPEN,STRATEGIC FINANCE ACADEMY,30,30,0,,Durguner S,,,,ARR,
3052,BUS-X 515,LEC,OPEN,CONSUMER MARKETING ACADEMY,30,30,0,,O Hern M,,,,ARR,
3053,BUS-X 515,LEC,OPEN,CAPITAL MARKETS ACADEMY (CAPM),30,30,0,,Crigler E,,,,ARR,
3054,BUS-X 515,LEC,OPEN,CONSULTING,30,30,0,,Laughner J,,,,ARR,
3055,BUS-X 515,LEC,OPEN,SUPPLY CHAIN,30,30,0,,Kalish J,,,,ARR,
3056,INFO-I 391,LEC,OPEN,,30,29,0,,Francisco M; Sinders R,,,,ARR,
3057,INFO-I 491,LEC,OPEN,,30,24,0,,Francisco M; Sinders R,,,,ARR,
3058,MUS-F 419,LEC,CLOSED,VIOLIN ORCHESTRAL REPERTOIRE,21,0,0,IN_PERSON,Kerr A,FR,12:45,14:00,SM,350
3060,MUS-I 911,LEC,OPEN,,10,3,0,,Cartledge D,,,,ARR,
3061,MUS-I 911,LEC,OPEN,,10,4,0,,Cartledge D,,,,ARR,
3062,MUS-I 911,LEC,OPEN,,10,10,0,,Cartledge D,,,,ARR,
3063,MUS-I 711,LEC,OPEN,,5,5,0,,Cartledge D,,,,ARR,
3064,MUS-X 40,LEC,OPEN,,10,9,0,,Carbone V,,,,ARR,
3065,BUS-S 307,LEC,CLOSED,,34,0,1,IN_PERSON,Perry A,MOWE,14:20,15:35,HH,4057
3066,EDUC-M 201,LEC,OPEN,LAB/FIELD EXPERIENCE,20,20,0,,Draper A,,,,ARR,
3067,MUS-L 661,LEC,OPEN,,5,5,0,,Cartledge D,,,,ARR,
3069,BUS-Z 304,LEC,CLOSED,,45,0,0,IN_PERSON,Kleshinski C,TUTH,14:20,15:35,HH,3057
3073,BUS-L 293,LEC,CLOSED,,40,0,25,IN_PERSON,Keller L,MOWE,14:20,15:35,HH,4030
3074,HISP-S 200,LEC,CLOSED,,24,0,1,IN_PERSON,Herrero Celdran C,MOWEFR,09:10,10:00,GA,0011
3075,INFO-I 310,LEC,OPEN,,60,11,0,IN_PERSON,Ling C,MOWE,11:10,12:25,GA,1134
3076,GEOG-G 830,LEC,OPEN,,6,6,0,,Ficklin D; Loyal T,,,,ARR,
3077,GEOG-G 840,LEC,OPEN,,6,4,0,,Ficklin D; Loyal T,,,,ARR,
3079,SLHS-S 673,LEC,OPEN,,20,9,0,,Bidelman J,,,,ARR,
3081,CSCI-Y 790,LEC,OPEN,,50,50,0,,Chen F,,,,ARR,
3082,INST-H 508,LEC,OPEN,,12,5,0,IN_PERSON,Sharma R,MOTUWETH,11:35,12:25,WH,006
3083,GEOG-G 830,LEC,OPEN,,6,6,0,,Ficklin D; Loyal T,,,,ARR,
3084,CJUS-P 694,LEC,OPEN,RESEARCH IN CRIM JUSTICE,10,10,0,,,,,,ARR,
3085,CJUS-P 851,LEC,OPEN,,10,10,0,,Ernst B,,,,ARR,
3086,EDUC-G 599,LEC,OPEN,,25,25,0,,,,,,ARR,
3089,INFO-G 599,LEC,OPEN,,10,10,0,,Guidi G,,,,ARR,
3092,AAAD-A 110,LEC,OPEN,,40,33,0,IN_PERSON,Wise R,MOWE,15:10,16:40,HD,TBA
3093,AAAD-A 120,LEC,OPEN,,40,34,0,IN_PERSON,Strong Jr J,TUTH,16:20,18:20,TH,A111
3094,AAAD-A 493,LEC,OPEN,,19,14,0,IN_PERSON,Williams J,TUTH,11:10,12:25,BH,233
3095,AAAD-A 499,LEC,OPEN,,3,3,0,,Williams J,,,,ARR,
3096,AAAD-A 669,LEC,OPEN,,5,5,0,,Williams J,,,,ARR,
3097,AAAD-A 686,LEC,OPEN,,3,3,0,,Williams J,,,,ARR,
3098,AAAD-A 689,LEC,OPEN,,5,5,0,,Williams J,,,,ARR,
3099,AAAD-A 698,LEC,OPEN,,5,5,0,,Williams J,,,,ARR,
3100,AAAD-A 699,LEC,OPEN,,5,5,0,,Williams J,,,,ARR,
3101,MUS-A 111,LAB,CLOSED,,10,0,0,IN_PERSON,Stucker M,WE,10:25,11:15,SM,257
3102,MUS-A 111,LAB,OPEN,,10,2,0,IN_PERSON,Stucker M,WE,12:45,13:35,SM,257
3103,MUS-A 211,LAB,CLOSED,,10,0,0,IN_PERSON,Stucker M,WE,11:35,12:25,SM,257
3104,MUS-A 211,LAB,OPEN,,10,1,0,IN_PERSON,Stucker M,WE,13:55,14:45,SM,257
3105,MUS-A 321,LEC,OPEN,,20,11,0,IN_PERSON,Turhan A,TU,11:10,12:25,SM,354
3107,MUS-E 502,LEC,OPEN,,12,5,0,IN_PERSON,Gault B,MOWEFR,12:45,13:35,SM,340
3108,MUS-T 565,LEC,CLOSED,EIGHTEENTH CENTURY,10,0,1,IN_PERSON,Ivanovitch R,MOWE,12:45,14:00,MA,006
3109,MUS-F 300,LEC,OPEN,,14,11,0,IN_PERSON,Prestinari C,WE,11:35,12:25,JS,315
3110,MUS-U 210,LEC,OPEN,,24,12,0,IN_PERSON,Strommen L,WE,18:40,20:40,SM,242
3111,MUS-F 519,LEC,CLOSED,BASS ORCHESTRAL REPERTOIRE,10,0,0,IN_PERSON,Barker E,WE,14:50,16:15,MA,452
3112,MUS-F 519,LEC,CLOSED,VIOLIN ORCHESTRA REPERTOIRE,21,0,0,IN_PERSON,Kerr A,FR,12:45,14:00,SM,350
3113,MUS-T 599,LEC,OPEN,,8,8,0,,Manabe N,,,,ARR,
3114,BUS-A 200,LEC,CLOSED,,150,0,9,IN_PERSON,Head J,TUTH,12:45,14:00,WB,WEB
3115,BUS-G 304,LEC,CLOSED,,32,0,0,IN_PERSON,Rauh M,MOWE,14:20,15:35,CG,3044
3116,CHEM-A 315,LEC,OPEN,,24,3,0,IN_PERSON,Karty J,MO,12:45,13:35,BH,237
3118,SPH-E 311,LEC,CLOSED,,75,0,12,,Nelson E,,,,WB,WEB
3124,COLL-X 112,LEC,OPEN,,400,238,0,,Graham M,,,,WB,WEB
31245,AFRI-L 231,LEC,OPEN,,25,18,0,IN_PERSON,Aherne T,MOWE,15:55,17:10,SW,218
3125,ASCS-X 373,LEC,OPEN,,200,195,0,,Debnam M,,,,WB,WEB
31251,EDUC-X 158,LEC,OPEN,,19,8,0,IN_PERSON,Lapalus M; Burke M,MOWE,11:10,12:25,CU,304
31253,MELC-M 695,LEC,OPEN,ANTISEMITES AND ISLAMOPHOBES,15,10,0,IN_PERSON,Khazzoom A,TH,12:45,15:15,BH,219
31254,EDUC-X 158,LEC,OPEN,,19,15,0,IN_PERSON,Ahumibe U; Burke M,MOWE,15:55,17:10,AC,C116
3126,THTR-T 121,LEC,OPEN,,18,2,0,IN_PERSON,McKnight J,TUTH,15:00,16:45,TH,A207
31260,EAS-E 490,LEC,OPEN,ASKING QUESTIONS OF FOSSILS,20,6,0,IN_PERSON,Johnson C,TU,16:20,19:20,GY,5051
31261,PHIL-P 246,LEC,CLOSED,,40,0,2,IN_PERSON,Cao Y,MOWE,17:30,18:45,BH,227
31262,MSCH-J 364,LEC,OPEN,,18,11,0,IN_PERSON,Moore N,TUTH,09:35,10:50,FF,214
31263,MSCH-B 342,LEC,OPEN,,18,1,0,IN_PERSON,Kincaid J,MOWE,14:20,15:35,FF,214
31264,COLL-C 104,LEC,OPEN,"OIL, ISLAM AND GEOPOLITICS",60,27,0,IN_PERSON,Kamp M,MOWE,12:45,13:35,GA,1118
31265,COLL-C 104,DIS,OPEN,"OIL, ISLAM AND GEOPOLITICS",30,11,0,IN_PERSON,Kamp M,FR,11:35,12:25,GA,0003
31266,COLL-C 104,DIS,OPEN,"OIL, ISLAM AND GEOPOLITICS",30,16,0,IN_PERSON,Kamp M,FR,12:45,13:35,GA,0003
31267,EDUC-R 546,LEC,CLOSED,,25,0,0,,Bonk C,,,,WB,WEB
31268,FOLK-F 330,LEC,CLOSED,"SPORTS, GAMES, & TRADITION",30,0,0,IN_PERSON,Orejuela F,MOWE,11:10,12:25,C2,203
3127,LING-L 645,LEC,OPEN,,15,5,0,IN_PERSON,Cavar D,TUTH,15:55,17:10,IF,0119
31270,COLL-X 311,LEC,CLOSED,1776 & THE DECLARATION,60,0,0,IN_PERSON,Dierks K,TUTH,12:45,14:00,TV,245
31271,AERO-A 100,LEC,OPEN,,34,31,0,IN_PERSON,Benning B,TUTH,10:00,10:50,WH,009
31272,AERO-A 101,LEC,CLOSED,,16,0,0,IN_PERSON,Warner N,TU,13:00,13:50,KD,301
31276,EDUC-X 152,LEC,CLOSED,MAKING MAJOR DECISIONS,19,0,0,IN_PERSON,Bauman M,TUTH,14:20,15:35,ED,2101
31281,EDUC-I 633,LEC,OPEN,,15,3,0,IN_PERSON,Hmelo-Silver C,TU,11:10,13:40,ED,1084
31284,EDUC-I 640,LEC,OPEN,,15,9,0,IN_PERSON,Steinberg S,TU,08:00,10:30,ED,1004
31285,EDUC-R 641,LEC,OPEN,,8,3,0,,Boling E,,,,WB,WEB
3130,PHYS-P 202,LEC,OPEN,,88,9,7,IN_PERSON,Warren G; Evans H,MOWEFR,08:00,08:50,SW,119
3131,CJUS-K 300,DIS,CLOSED,,26,0,0,IN_PERSON,Bowman R; Owens S,TH,17:30,18:20,BH,216
3132,CLLC-X 490,LEC,OPEN,,30,30,0,,Kriegel L,,,,ARR,
3133,ENG-W 103,DIS,CLOSED,,15,0,0,IN_PERSON,Pontacoloni M; Janku A,MOWE,12:45,13:35,BH,016
3134,BUS-A 568,LEC,OPEN,,40,2,0,IN_PERSON,Turk M,MOTUWETHFR,13:00,17:00,CG,2063
3135,BUS-L 540,LEC,CLOSED,,38,0,0,IN_PERSON,Raymond A,TUTH,12:45,14:10,CG,2063
3136,BUS-L 541,LEC,OPEN,,36,1,0,IN_PERSON,Turk M,TUTH,11:05,12:30,CG,1026
3137,ANTH-P 200,DIS,CLOSED,,22,0,0,IN_PERSON,Arakawa F,WE,11:35,12:25,SB,050
3138,ANTH-P 200,DIS,OPEN,,20,3,0,IN_PERSON,Arakawa F,WE,10:25,11:15,SB,050
31383,INFO-I 454,LEC,CLOSED,,25,0,10,IN_PERSON,Terrell J,MOWE,12:45,14:00,WH,203
31387,INFO-I 101,LAB,OPEN,,32,23,0,IN_PERSON,Wood B; Wood S,MOWE,17:30,18:45,IF,1019
31388,INFO-I 609,LEC,OPEN,COMPLEX SYSTEMS,20,9,0,IN_PERSON,Foster J,TH,16:20,18:50,I,232
31389,NURS-B 238,LEC,CLOSED,,60,0,0,IN_PERSON,Ball S,WE,08:30,11:30,AH,C1001X
31390,NURS-B 238,LEC,CLOSED,,60,0,0,IN_PERSON,Ball S,WE,13:00,16:00,AH,C1023Z
3141,EDUC-Y 500,LEC,OPEN,,20,20,0,,Qiu Y,,,,WB,WEB
31416,PSY-P 101,LEC,CLOSED,,250,0,3,,Roberts A,,,,WB,WEB
3142,EDUC-N 517,LEC,OPEN,,1,1,0,IN_PERSON,Burch L,MOWE,16:05,17:20,ED,3017
31420,SLAV-R 472,LEC,OPEN,,11,2,0,IN_PERSON,Melnyk S,MOWEFR,15:10,16:00,ED,3284
31421,SLAV-R 572,LEC,OPEN,,11,2,0,IN_PERSON,Melnyk S,MOWEFR,15:10,16:00,ED,3284
31422,PSY-P 304,LEC,CLOSED,,106,0,2,IN_PERSON,Copulsky D,MOWE,12:45,14:00,BH,110
31423,PSY-P 315,LEC,CLOSED,,106,0,1,IN_PERSON,Ebright-Jones B,MOWE,11:10,12:25,PY,101
31424,PSY-P 347,LEC,OPEN,,106,76,0,IN_PERSON,Copulsky D,MOWE,17:30,18:45,PY,101
3143,MSCH-J 403,LEC,OPEN,,4,4,0,,White T,,,,ARR,
3144,SOAD-S 422,LEC,OPEN,,10,4,0,IN_PERSON,Carman C,MOWE,12:45,15:30,FA,230
31443,THTR-T 120,DIS,OPEN,,144,7,4,,McKnight J,,,,WB,WEB
3146,FOLK-F 111,DIS,CLOSED,,25,0,1,IN_PERSON,Montalvo V,TH,17:30,18:20,AD,A151
3147,FOLK-F 111,DIS,CLOSED,,25,0,0,IN_PERSON,Falana G,FR,10:25,11:15,C2,102
31478,PSY-P 657,LEC,CLOSED,COGNITIVE DEVELOPMENT,7,0,0,IN_PERSON,Gunderson E,MOWE,11:10,12:25,PY,228
31479,PSY-P 657,LEC,OPEN,SENSORIMOTOR MECHANISMS,20,7,0,IN_PERSON,James T,TUTH,09:35,10:50,PY,113
3148,MUS-A 150,LEC,OPEN,,22,4,0,IN_PERSON,Belser J,MO,15:10,16:40,SM,C164
31480,PSY-P 690,LEC,OPEN,INDIVIDUALIZED PRACTICUM,10,8,0,,Hansen N,,,,ARR,
31481,PSY-P 443,LEC,OPEN,,20,10,0,IN_PERSON,Gunderson E,MOWE,11:10,12:25,PY,228
31482,PSY-P 480,LEC,CLOSED,,20,0,0,IN_PERSON,Vlachos-Weber I,MOWEFR,15:10,16:00,PY,111
31486,BUS-J 306,LEC,CLOSED,,60,0,7,IN_PERSON,Leonard H,MOWE,14:20,15:35,WB,WEB
31488,BUS-Z 302,LEC,CLOSED,,60,0,5,IN_PERSON,Magjuka R,MOWE,12:45,14:00,WB,WEB
31489,SPEA-V 540,LEC,OPEN,,40,9,0,IN_PERSON,Ali T,MOWE,11:10,12:25,PV,A201
3149,GER-G 875,LEC,OPEN,,8,6,0,,Sapp C,,,,ARR,
31490,CJUS-P 594,LEC,OPEN,,15,14,0,IN_PERSON,Brown K,MO,12:45,15:15,SY,004
31497,CJUS-P 472,LEC,CLOSED,,25,0,7,IN_PERSON,Sales B,TUTH,11:10,12:25,LH,135
3150,GER-G 885,LEC,OPEN,,8,6,0,,Sapp C,,,,ARR,
31507,MELC-M 370,LEC,OPEN,,20,3,0,IN_PERSON,Afsaruddin A,TUTH,14:20,15:35,GA,0011
31508,MELC-M 570,LEC,OPEN,,20,3,0,IN_PERSON,Afsaruddin A,TUTH,14:20,15:35,GA,0011
3151,EDUC-M 550,LEC,OPEN,PRACT: ETHNIC & CULT STD,147,147,0,,Stachowski L,,,,ARR,
31510,THTR-T 120,LEC,CLOSED,,12,0,0,IN_PERSON,Cerqueira J,TH,11:10,12:25,AD,A052
31511,THTR-T 120,LEC,CLOSED,,12,0,1,IN_PERSON,Sayatovich N,WE,11:10,12:25,AD,A060
31518,BUS-M 155,LEC,OPEN,CAREERS IN MARKETING,20,15,0,IN_PERSON,Burke R,FR,14:20,15:35,HH,3052
31519,BUS-M 330,LEC,OPEN,,30,5,0,IN_PERSON,Spahr D,MOWE,08:00,09:15,HH,2047
31522,MELC-M 211,LEC,OPEN,,25,1,0,IN_PERSON,Gemeah I,TUTH,17:30,18:45,WH,106
31527,HIST-A 207,LEC,CLOSED,,35,0,0,IN_PERSON,Black L,TUTH,12:45,14:00,PY,109
31529,BUS-M 310,LEC,OPEN,,20,8,0,IN_PERSON,Paton N,MOWE,15:55,17:10,HH,3075
3153,EALC-E 596,LEC,OPEN,,10,10,0,,Vogt N,,,,ARR,
31530,BUS-M 406,LEC,OPEN,,29,3,0,IN_PERSON,Ragland III C,TU,19:00,21:00,HH,4034
31531,MELC-M 355,LEC,OPEN,,20,8,0,IN_PERSON,Taher M,TUTH,17:30,18:45,GA,1112
31532,MELC-M 209,LEC,OPEN,,25,2,0,IN_PERSON,Taher M,TUTH,08:00,09:15,GA,0003
31533,ENG-W 131,LEC,CLOSED,,23,0,2,IN_PERSON,Watt C,TUTH,10:25,11:15,WB,WEB
31534,ENG-W 131,LEC,CLOSED,,23,0,1,IN_PERSON,Watt C,TUTH,09:10,10:00,WB,WEB
31536,ANTH-P 385,LEC,CLOSED,,24,0,1,IN_PERSON,Arakawa F,TUTH,14:20,15:35,SB,050
31537,ANTH-P 375,LEC,CLOSED,,20,0,0,IN_PERSON,King S,TU,09:10,11:40,SB,220
3154,EALC-C 598,LEC,OPEN,,10,10,0,,Lu Y,,,,ARR,
31549,CLLC-L 210,LEC,OPEN,HELLO DOLLY: CULTURES AND PLAY,18,2,0,IN_PERSON,Kriegel L,TUTH,11:10,12:25,EO,C112
3155,EALC-J 598,LEC,OPEN,,10,10,0,,Takeuchi J,,,,ARR,
31553,INFO-I 201,DIS,CLOSED,,15,0,2,IN_PERSON,Haghverdi E,TH,15:10,16:00,I,105
31554,THTR-D 108,LEC,OPEN,,25,5,0,IN_PERSON,Shea E,MOWEFR,12:45,14:15,TH,A217
31555,THTR-D 109,LEC,CLOSED,,35,0,0,IN_PERSON,Burden Jr R,MOWEFR,12:45,14:15,PH,161
31556,INFO-I 542,LEC,CLOSED,,20,0,4,IN_PERSON,Blevis E,TU,14:20,16:50,I,232
31557,THTR-D 121,LEC,OPEN,,25,7,0,IN_PERSON,Carter S,WE,09:40,11:25,TH,A217
31559,THTR-D 154,LEC,OPEN,,25,9,0,IN_PERSON,Burden Jr R,TUTH,09:05,09:55,TH,A200
3156,OVST-N 499,LEC,OPEN,,10,7,0,,Carty S,,,,ARR,
31561,THTR-D 156,LEC,OPEN,,25,16,0,IN_PERSON,Burden Jr R,TUTH,10:05,10:55,AD,A350
31562,THTR-D 211,LEC,OPEN,,25,7,0,IN_PERSON,Capote B; Burden R,MOFR,10:55,12:25,TH,A217
31563,THTR-D 221,LEC,OPEN,,25,9,0,IN_PERSON,Shea E,WE,09:40,12:25,PH,161
31564,THTR-D 231,LEC,CLOSED,,35,0,39,,Moses U,,,,WB,WEB
31565,THTR-D 355,LEC,OPEN,,30,8,0,IN_PERSON,lyons k,MOWE,12:55,14:10,AD,A350
31566,THTR-D 421,LEC,OPEN,,25,13,0,IN_PERSON,Carter S,MOWE,12:45,14:00,AD,A060
31567,SOC-S 312,LEC,CLOSED,,100,0,17,,Lee J,,,,WB,WEB
31568,THTR-D 456,LEC,OPEN,,35,16,0,IN_PERSON,Burden Jr R,TUTH,12:45,14:00,PH,161
31569,THTR-D 461,LEC,OPEN,,30,11,0,IN_PERSON,Carter S,MOWE,14:35,15:25,PH,161
3157,EALC-E 597,LEC,OPEN,,10,10,0,,Vogt N,,,,ARR,
31570,THTR-D 462,LEC,OPEN,,20,2,0,IN_PERSON,Capote B,WE,10:55,12:25,TH,A300
31571,THTR-X 476,LEC,OPEN,,5,5,0,,Carter S,,,,ARR,
31572,THTR-D 483,LEC,OPEN,GUEST ARTIST RESIDENCY,25,24,0,IN_PERSON,Burden Jr R; Burden R,FR,16:55,18:55,PH,161
31573,THTR-D 483,LEC,OPEN,GUEST ARTIST RESIDENCY,25,24,0,IN_PERSON,Beverly A,FR,14:35,16:35,PH,161
31574,EDUC-K 305,DIS,CLOSED,,24,0,0,IN_PERSON,Gahimer H,MOWE,19:05,20:20,ED,1250
31575,THTR-D 302,LEC,OPEN,,20,16,0,IN_PERSON,Claessens C,MOTUTHFR,09:15,10:45,PH,161
31576,THTR-D 311,LEC,OPEN,,20,11,0,IN_PERSON,Capote B; Burden R,MOTUTHFR,10:55,12:25,PH,161
31577,THTR-D 411,LEC,CLOSED,,20,0,0,IN_PERSON,Capote B; Burden R,MOTUTHFR,10:55,12:25,PH,161
31578,THTR-D 361,LEC,OPEN,,25,18,0,IN_PERSON,Moses U,MOWE,18:00,20:00,TH,A217
31579,THTR-D 361,LEC,OPEN,,25,13,0,IN_PERSON,Capote B,MOWE,15:45,17:45,PH,161
31580,THTR-D 361,LEC,OPEN,,25,15,0,IN_PERSON,Carter S,MOWE,15:45,17:45,AD,A350
31581,THTR-D 361,LEC,OPEN,,25,17,0,IN_PERSON,Shea E,TUTH,16:40,18:40,PH,161
31582,THTR-D 361,LEC,OPEN,,25,11,0,IN_PERSON,Burden Jr R,TUTH,14:20,16:20,PH,161
31584,THTR-D 483,LEC,OPEN,BALLET STUDIES IN CONT. DANCE,20,5,0,,Claessens C,,,,ARR,
31585,SLHS-A 400,LEC,CLOSED,,23,0,1,IN_PERSON,Smith L,MOWE,09:35,10:50,LH,035
31588,MSCH-M 322,LEC,CLOSED,,18,0,0,IN_PERSON,Mailland J,MOWE,09:35,10:50,FF,216
31589,BUS-X 101,LEC,CLOSED,,160,0,1,,Williams B,,,,WB,WEB
3159,MUS-Q 601,LEC,OPEN,,5,5,0,,Cartledge D,,,,ARR,
31590,MSCH-C 235,LEC,OPEN,,35,16,0,IN_PERSON,Mailland J,MOWE,15:55,17:10,FF,310
3160,MUS-Q 601,LEC,OPEN,,5,5,0,,Cartledge D,,,,ARR,
3161,MUS-A 101,LEC,OPEN,,22,4,0,IN_PERSON,Mazurek M,TUTH,11:35,12:25,SM,C164
3162,EDUC-E 343,LEC,OPEN,,18,18,0,IN_PERSON,Smith B,MOWE,11:10,12:25,ED,3017
3163,EDUC-M 301,LEC,OPEN,LABORATORY-FIELD EXPERIENCE,12,12,0,,Shaw J,,,,ARR,
3164,MUS-T 261,LEC,CLOSED,,0,0,0,IN_PERSON,Ivanovitch R,MOTUWETHFR,10:25,11:15,SM,242
3165,MUS-Q 601,LEC,OPEN,,5,5,0,,Cartledge D,,,,ARR,
3166,EDUC-R 799,LEC,OPEN,,90,89,0,,Ozogul G,,,,ARR,
3167,ENG-W 170,LEC,CLOSED,PROJECTS IN READING & WRITING,23,0,0,IN_PERSON,Sehgal I; Storey J,MOWEFR,12:45,13:35,BH,015
3168,SPEA-V 890,LEC,OPEN,,50,47,0,,Ross J,,,,ARR,
3169,SPH-H 799,LEC,OPEN,,10,9,0,,Elam K,,,,ARR,
3171,EDUC-X 599,LEC,OPEN,,1,1,0,,Jacobson E,,,,ARR,
3172,SPH-M 495,LEC,OPEN,,100,83,0,,Evans J,,,,ARR,
3173,SPH-K 497,LEC,OPEN,,100,97,0,,Huntoon A,,,,ARR,
3174,SPH-M 497,LEC,OPEN,,100,68,0,,Evans J,,,,ARR,
3175,INST-H 100,LEC,OPEN,,18,12,0,IN_PERSON,Sharma R,MOTUWETHFR,10:25,11:15,WH,006
3176,MUS-S 410,LEC,OPEN,,18,10,0,,Kaplan M,,,,ARR,
3177,MUS-S 810,LEC,OPEN,,5,5,0,,Kaplan M,,,,ARR,
3178,MUS-S 910,LEC,OPEN,,18,9,0,,Kaplan M,,,,ARR,
3179,MUS-V 400,LEC,OPEN,,18,16,0,,Cooley T,,,,ARR,
3180,MUS-V 800,LEC,OPEN,,5,5,0,,Villarreal P,,,,ARR,
3181,MUS-V 900,LEC,OPEN,,14,12,0,,Villarreal P,,,,ARR,
3182,EDUC-S 519,LEC,CLOSED,,0,0,0,,,,,,ARR,
3188,SPH-K 599,LEC,OPEN,,10,10,0,,Pedersen P,,,,ARR,
3190,SPH-K 599,LEC,OPEN,,10,10,0,,Johnson B,,,,ARR,
3191,SPH-K 792,LEC,OPEN,,15,14,0,,Kawata K,,,,ARR,
3193,SPH-K 792,LEC,OPEN,,15,15,0,,Frey G,,,,ARR,
3194,SPH-K 792,LEC,OPEN,,15,15,0,,Koceja D,,,,ARR,
3195,SPH-K 792,LEC,OPEN,,15,15,0,,Mickleborough T,,,,ARR,
3196,SPH-K 792,LEC,OPEN,,15,15,0,,Pedersen P,,,,ARR,
3198,SPH-K 792,LEC,OPEN,,15,15,0,,Johnson B,,,,ARR,
31987,MSCH-C 233,LEC,OPEN,,18,1,0,IN_PERSON,Lenoir L,MOWE,12:45,14:00,FF,216
31988,MSCH-J 450,LEC,OPEN,,25,9,0,IN_PERSON,Lanosga G,MOWE,11:10,12:25,FF,210
31989,MSCH-C 247,LEC,CLOSED,,20,0,0,IN_PERSON,Bitsicas K,TUTH,14:20,15:35,TV,180
31991,BUS-D 312,LEC,OPEN,,45,9,0,IN_PERSON,Kovacs E,MOWE,15:55,17:10,HH,3057
31992,BUS-D 350,LEC,OPEN,,40,7,0,IN_PERSON,Davis J,TUTH,15:55,17:10,HH,2000
3200,SPH-K 791,LEC,OPEN,,10,10,0,,Cothran D,,,,ARR,
32009,MSCH-F 380,LEC,CLOSED,,18,0,0,IN_PERSON,Caddoo C,TUTH,14:20,15:35,BH,233
3201,SPH-K 791,LEC,OPEN,,10,10,0,,Carter S,,,,ARR,
3202,SPH-K 791,LEC,OPEN,,10,9,0,,Frey G,,,,ARR,
32021,EURO-G 230,LEC,OPEN,,60,12,0,IN_PERSON,Ni Mhuiri E,TUTH,09:35,10:50,GA,1122
32022,GEOG-G 369,LEC,OPEN,,19,1,0,IN_PERSON,Kalentzidou O,TUTH,12:45,14:00,SB,017
32024,NAIS-A 275,LEC,CLOSED,,35,0,0,IN_PERSON,Black L,TUTH,11:10,12:25,PY,109
32028,SLAV-X 490,LEC,OPEN,INDEP RDGS IN UKRAINIAN II,1,1,0,,Melnyk S,,,,ARR,
3203,SPH-K 791,LEC,OPEN,,10,10,0,,Koceja D,,,,ARR,
32033,SPEA-V 600,LEC,OPEN,,15,1,0,IN_PERSON,Brass J,MOWE,09:35,10:50,PV,A205
32034,SPEA-V 415,LEC,CLOSED,,45,0,6,IN_PERSON,Sowon K,MOWE,14:20,15:35,PV,277
32038,MSCH-J 401,LEC,CLOSED,,9,0,0,IN_PERSON,French T,TUTH,12:45,14:00,FF,215
32043,INFO-I 609,LEC,OPEN,COMPLEX SYSTEMS,40,27,0,IN_PERSON,Blevis E,MOWE,17:30,18:45,IF,1104
32045,BUS-X 101,LEC,CLOSED,,160,0,0,,Williams B,,,,WB,WEB
32046,BUS-X 101,LEC,CLOSED,,160,0,0,,Williams B,,,,WB,WEB
32047,BUS-X 101,LEC,OPEN,,160,1,0,,Williams B,,,,WB,WEB
32048,BUS-X 101,LEC,CLOSED,,160,0,0,,Williams B,,,,WB,WEB
32049,BUS-X 101,LEC,CLOSED,,160,0,0,,Williams B,,,,WB,WEB
3205,SPH-K 791,LEC,OPEN,,10,9,0,,Mickleborough T,,,,ARR,
32050,BUS-X 101,LEC,CLOSED,,160,0,0,,Williams B,,,,WB,WEB
32051,BUS-X 101,LEC,OPEN,,160,1,0,,Williams B,,,,WB,WEB
32052,BUS-X 101,LEC,OPEN,,160,1,0,,Williams B,,,,WB,WEB
32053,BUS-X 101,LEC,OPEN,,160,4,0,,Williams B,,,,WB,WEB
32054,BUS-X 101,LEC,OPEN,,160,7,0,,Williams B,,,,WB,WEB
32055,BUS-X 101,LEC,OPEN,,160,5,0,,Williams B,,,,WB,WEB
32056,BUS-X 101,LEC,OPEN,,160,5,0,,Williams B,,,,WB,WEB
32057,BUS-X 101,LEC,OPEN,,160,4,0,,Williams B,,,,WB,WEB
32058,BUS-X 101,LEC,OPEN,,160,3,0,,Williams B,,,,WB,WEB
32059,BUS-X 101,LEC,OPEN,,160,6,0,,Williams B,,,,WB,WEB
3206,SPH-K 791,LEC,OPEN,,10,10,0,,Pedersen P,,,,ARR,
32060,BUS-X 101,LEC,OPEN,,160,8,0,,Williams B,,,,WB,WEB
32061,BUS-X 101,LEC,OPEN,,160,4,0,,Williams B,,,,WB,WEB
32062,BUS-X 101,LEC,OPEN,,160,9,0,,Williams B,,,,WB,WEB
32063,BUS-X 101,LEC,OPEN,,160,9,0,,Williams B,,,,WB,WEB
32064,BUS-X 101,LEC,OPEN,,160,11,0,,Williams B,,,,WB,WEB
32065,BUS-X 101,LEC,OPEN,,160,12,0,,Williams B,,,,WB,WEB
32066,BUS-X 101,LEC,OPEN,,160,9,0,,Williams B,,,,WB,WEB
32067,BUS-X 101,LEC,OPEN,,160,2,0,,Williams B,,,,WB,WEB
32068,BUS-X 101,LEC,CLOSED,,160,0,0,,Williams B,,,,WB,WEB
32069,MATH-X 201,LEC,OPEN,,20,10,0,IN_PERSON,Yuan C; Kopylov S,MOTUWETH,18:40,19:30,SE,010
32070,SPH-E 758,LEC,OPEN,,14,11,0,IN_PERSON,Ludema C,MOWE,11:10,12:25,ED,1255
32076,SPH-Q 381,LEC,OPEN,,75,13,0,IN_PERSON,Balanos T,MOWE,11:10,12:25,WB,WEB
32078,SPH-V 450,LEC,OPEN,,20,16,0,IN_PERSON,Shao K,MOWE,11:10,12:15,HD,TBA
32079,SPH-I 190,LEC,OPEN,,24,1,0,IN_PERSON,Taylor S,MOWE,09:10,10:00,PH,171
3208,SPH-K 791,LEC,OPEN,,10,10,0,,Schlader Z,,,,ARR,
32080,SPH-I 190,LEC,CLOSED,,24,0,1,IN_PERSON,Taylor S,MOWE,10:25,11:15,PH,171
32081,SPH-I 190,LEC,CLOSED,,24,0,0,IN_PERSON,Nicolas L,MOWE,13:55,14:45,PH,171
32082,SPH-I 190,LEC,OPEN,,24,9,0,IN_PERSON,Rafalski J,MOWE,15:10,16:00,PH,169
32083,SPH-I 190,LEC,OPEN,,24,1,0,IN_PERSON,Nicolas L,TUTH,09:10,10:00,PH,171
32084,SPH-I 190,LEC,OPEN,,24,1,0,IN_PERSON,Nicolas L,TUTH,10:25,11:15,PH,171
32085,SPH-I 190,LEC,OPEN,,24,1,0,IN_PERSON,DeCastro V,TUTH,13:55,14:45,PH,171
32086,SPH-I 190,LEC,OPEN,,24,13,0,IN_PERSON,DeCastro V,TUTH,15:10,16:00,PH,169
3209,SPH-K 791,LEC,OPEN,,10,9,0,,Gruber A,,,,ARR,
32093,SLAV-R 229,LEC,CLOSED,,30,0,90,,Shrager M,,,,WB,WEB
32095,INFO-I 709,LEC,OPEN,SEMINAR IN ACI,40,27,0,IN_PERSON,Blevis E,MOWE,17:30,18:45,IF,1104
32098,BUS-F 210,LEC,CLOSED,,140,0,6,IN_PERSON,Arcot S; Haeberle D; Wegener M; Wertz J,TUTH,17:30,18:45,HH,2075
32099,PHIL-P 780,LEC,OPEN,COLLECTIVE ACTION SOCIAL ONTOL,10,2,0,IN_PERSON,Ludwig K,MOWE,14:20,15:35,IF,1104
3210,SPH-N 430,LEC,OPEN,,36,14,0,IN_PERSON,Aguree S; Thiagarajah K,MOWEFR,09:10,10:00,BH,006
3211,EDUC-R 511,LEC,CLOSED,,20,0,0,,Bonk C,,,,WB,WEB
32112,SPEA-P 710,LEC,OPEN,MICROECON FOR PUBLIC POLICY,13,9,0,IN_PERSON,Konisky D,TH,09:30,12:00,PV,270
32113,BUS-M 450,LEC,CLOSED,,35,0,2,IN_PERSON,Wooldridge B,TUTH,09:35,10:50,HH,2055
3212,EDUC-G 799,LEC,OPEN,,99,99,0,,Perez-Rojas A,,,,ARR,
32120,SPEA-P 710,LEC,OPEN,MICROECON FOR PUBLIC POLICY,13,8,0,IN_PERSON,Liu A,MOWE,09:35,10:50,PV,270
32125,ANAT-A 464,LEC,CLOSED,,105,0,5,,Foley J,,,,WB,WEB
3213,EDUC-P 799,LEC,OPEN,,99,99,0,,McClain M,,,,ARR,
32133,SPH-V 548,LEC,OPEN,,20,18,0,,Garcia E,,,,WB,WEB
32134,SPH-V 548,LEC,OPEN,,30,27,0,IN_PERSON,Garcia E,TUTH,09:35,10:50,HD,TBA
32136,SPH-V 241,LEC,OPEN,,85,34,0,,Kamendulis L,,,,WB,WEB
3214,SPEA-E 890,LEC,OPEN,,50,50,0,,Venier M,,,,ARR,
32142,EDUC-I 795,LEC,OPEN,,15,14,0,,Morrone A,,,,WB,WEB
32144,MSCI-M 300,LEC,OPEN,MISGUIDED MEDICINE,25,5,0,IN_PERSON,Shupp T,FR,13:55,15:45,WB,WEB
32145,EDUC-I 795,LEC,OPEN,,15,15,0,,Morrone A,,,,WB,WEB
3215,CHEM-A 800,LEC,OPEN,,80,45,0,IN_PERSON,Zaleski J,FR,14:45,16:00,CH,001
32159,ENG-L 354,LEC,CLOSED,,25,0,0,IN_PERSON,Muyumba W,TUTH,09:35,10:50,BH,147
3216,CHEM-N 800,LEC,OPEN,,80,45,0,IN_PERSON,Zaleski J,FR,14:45,16:00,CH,001
32168,EAS-E 406,LEC,OPEN,,32,24,0,IN_PERSON,Elswick E,TUTH,12:45,14:00,GY,2049
3217,CHEM-P 800,LEC,OPEN,,80,45,0,IN_PERSON,Zaleski J,FR,14:45,16:00,CH,001
3218,CHEM-R 800,LEC,OPEN,,80,45,0,IN_PERSON,Zaleski J,FR,14:45,16:00,CH,001
32184,SPH-Y 378,LAB,CLOSED,,25,0,0,IN_PERSON,McIntire J,TH,11:30,12:45,PH,012
3219,CHEM-B 800,LEC,OPEN,,80,45,0,IN_PERSON,Zaleski J,FR,14:45,16:00,CH,001
32198,CSCI-C 200,LEC,OPEN,,130,27,0,IN_PERSON,Dalkilic M,MOWE,14:20,15:35,IF,1106
32199,CSCI-C 200,LAB,OPEN,,30,9,0,IN_PERSON,Dalkilic M,TH,15:10,17:05,BH,117
3220,ANTH-A 800,LEC,OPEN,,50,49,0,,King S,,,,ARR,
32200,CSCI-C 200,LAB,OPEN,,35,6,0,IN_PERSON,Dalkilic M,TH,16:20,18:15,ED,2015
32201,CSCI-C 200,LAB,OPEN,,30,5,0,IN_PERSON,Dalkilic M,FR,15:10,17:05,BH,117
32202,CSCI-C 200,LAB,OPEN,,35,7,0,IN_PERSON,Dalkilic M,FR,13:55,15:50,SB,221
3221,EDUC-H 799,LEC,OPEN,,50,50,0,,Wheeler-Bell Q,,,,ARR,
3222,ABEH-X 473,LEC,OPEN,,8,7,0,,Fudickar A,,,,ARR,
3223,ILS-Z 790,LEC,OPEN,,10,10,0,,Hara N,,,,ARR,
32234,EAS-E 454,LEC,OPEN,,20,9,0,IN_PERSON,Gong J,MOWE,09:35,10:50,GY,2033
32236,EDUC-X 152,LEC,OPEN,MAKING MAJOR DECISIONS,19,1,0,IN_PERSON,Kerchner M,TUTH,11:10,12:25,WH,109
3224,MUS-P 110,LAB,CLOSED,,16,0,1,IN_PERSON,Yao E,TUTH,09:10,10:00,MU,101
32240,EDUC-X 152,LEC,OPEN,MAKING MAJOR DECISIONS,19,1,0,IN_PERSON,Kerchner M,TUTH,11:10,12:25,PY,111
32247,CEUS-R 299,LEC,CLOSED,VISUAL SATIRE- WORLD POLITICS,20,0,0,IN_PERSON,Korhonen J,TUTH,17:30,18:45,BH,214
32249,CEUS-R 302,LEC,OPEN,,25,19,0,IN_PERSON,Korhonen J,TUTH,09:35,10:50,AD,A151
32250,CEUS-R 502,LEC,OPEN,,25,19,0,IN_PERSON,Korhonen J,TUTH,09:35,10:50,AD,A151
32254,GNDR-G 225,LEC,CLOSED,,35,0,0,IN_PERSON,Vaught E,MOWE,15:55,17:10,SE,240
32255,CULS-C 701,LEC,CLOSED,,3,0,0,IN_PERSON,Friedman S,TH,13:55,16:25,SB,231
32263,OVST-M 496,LEC,OPEN,,20,18,0,,Carty S,,,,ARR,
32264,GEOG-G 441,LEC,OPEN,,19,7,0,IN_PERSON,Ashutosh I,MO,12:45,15:15,ED,1084
32268,EURO-W 310,LEC,OPEN,,40,30,0,IN_PERSON,Krautkraemer M,MOWE,14:20,15:35,WY,125
32270,EURO-W 605,LEC,OPEN,EUROPEAN BORDERLANDS,40,30,0,IN_PERSON,Krautkraemer M,MOWE,14:20,15:35,WY,125
32271,MSCH-H 410,LEC,OPEN,,25,8,0,IN_PERSON,Monaghan E,TUTH,15:55,17:10,FF,114
32274,GNDR-G 250,LEC,CLOSED,,0,0,0,IN_PERSON,Rodriguez J,TUTH,16:20,17:10,SE,240
32276,HIST-H 251,LEC,OPEN,,55,1,1,IN_PERSON,Lockwood J,TUTH,11:10,12:25,GA,1128
32277,HIST-A 379,LEC,CLOSED,DISCIPLINE & SURVEILLANCE,32,0,0,IN_PERSON,Seigel M,MOWE,11:10,12:25,WH,005
3228,MUS-S 410,LEC,OPEN,,18,18,0,,Kerr A,,,,ARR,
32282,GEOG-G 336,LEC,CLOSED,,28,0,0,IN_PERSON,Kim Y,TUTH,11:10,12:25,SB,221
3229,MUS-S 810,LEC,OPEN,,5,5,0,,Kerr A,,,,ARR,
3230,MUS-S 910,LEC,OPEN,,18,9,0,,Kerr A,,,,ARR,
32304,CSCI-C 212,LEC,CLOSED,,0,0,0,IN_PERSON,,MOWE,17:30,19:25,BH,104
32305,REL-D 375,LEC,OPEN,SONGS OF ECSTASY,30,14,0,IN_PERSON,Manring R,TUTH,14:20,15:35,WH,104
32309,BUS-D 620,LEC,OPEN,,10,6,0,IN_PERSON,Bu J,MO,12:00,14:30,HH,7301
3231,SPH-K 791,LEC,OPEN,,5,5,0,,Koceja D,,,,ARR,
32312,SPEA-V 439,LEC,CLOSED,,24,0,11,IN_PERSON,Shassberger J,MOWE,11:10,12:25,PV,272
3232,MUS-P 110,LAB,CLOSED,,16,0,0,IN_PERSON,Yao E,TUTH,08:00,08:50,MU,101
3233,PHYS-P 201,LAB,OPEN,,24,1,1,IN_PERSON,Beggs J; Liao J; Govin R,WE,17:30,19:25,SW,108
32337,EDUC-H 520,LEC,CLOSED,,22,0,0,ONLINE,Young A,,,,OL,ONLINE
3234,INFO-I 130,LEC,OPEN,,50,42,0,IN_PERSON,Asrari F,WE,14:20,15:35,I,E130
3237,CSCI-A 110,LAB,CLOSED,,20,0,0,IN_PERSON,Pope C,TUTH,12:45,14:00,BH,107
32375,ENG-W 303,LEC,OPEN,,15,4,0,IN_PERSON,Bowman C,TUTH,12:45,14:00,BH,209
3238,MUS-U 510,LEC,OPEN,,24,12,0,IN_PERSON,Strommen L,WE,18:40,20:40,SM,242
32380,BUS-M 455,LEC,OPEN,INFLUENCER MARKETING,30,12,0,IN_PERSON,King K,TUTH,14:20,15:35,HH,3075
32383,GEOG-G 315,LEC,CLOSED,,60,0,7,IN_PERSON,Lave R,MOWE,15:55,17:10,AC,C002
32387,BUS-M 455,LEC,CLOSED,NEGOTIATION FOR SALES PRFSSNL,34,0,3,IN_PERSON,Peterson R,MOWE,14:20,15:35,HH,2047
32396,BUS-Z 204,LEC,OPEN,,30,3,0,IN_PERSON,Ash R,MOWE,09:35,10:50,HH,3057
32397,BUS-Z 204,LEC,CLOSED,,30,0,2,IN_PERSON,Ash R,MOWE,12:45,14:00,HH,2049
3240,MUS-S 410,LEC,OPEN,,9,2,0,,Brenner B,,,,ARR,
32400,SPAN-T 540,LEC,OPEN,,15,6,0,ONLINE,Willis E,,,,OL,ONLINE
32407,AMST-A 201,LEC,CLOSED,"ASYLUMS, PRISONS, AND US INST.",34,0,3,IN_PERSON,Rivers P,TUTH,09:35,10:50,SE,010
32414,SPEA-V 336,LEC,CLOSED,,22,0,1,IN_PERSON,Bell D,MOWE,09:35,10:50,PV,275
32423,SWK-S 371,LEC,OPEN,,30,1,0,,Johnson K,,,,WB,WEB
32424,SWK-S 371,LEC,CLOSED,,32,0,0,,Johnson K,,,,WB,WEB
32438,BIOL-T 583,LEC,OPEN,,40,19,0,ONLINE,Xue J,,,,OL,ONLINE
32455,EDUC-Q 620,LEC,OPEN,,20,13,0,IN_PERSON,Maltese A,MO,09:10,11:55,ED,3105
3256,HPSC-X 600,LEC,OPEN,,5,5,0,,Schickore J,,,,ARR,
32566,BUS-M 522,LEC,OPEN,,39,1,0,IN_PERSON,Schrift R,MOWE,12:45,14:10,CG,2069
32567,BUS-M 255,LEC,CLOSED,DIGITAL MARKETING WORKSHOP I,23,0,0,IN_PERSON,Vander Schee B,WE,15:55,18:55,HH,3030
3257,THTR-G 599,LEC,OPEN,,5,5,0,,Goodlander J,,,,ARR,
32570,BUS-M 653,LEC,OPEN,,10,4,0,IN_PERSON,Burke R,WE,13:00,15:30,HH,2103
32571,BUS-M 653,LEC,OPEN,,10,4,0,IN_PERSON,Mallapragada G,WE,13:30,16:00,HH,2103
32574,BIOL-L 104,LEC,CLOSED,THE BIOLOGY OF THE SENSES,60,0,5,IN_PERSON,Mojonnier L,TUTH,09:35,10:50,WY,005
3258,BIOC-G 901,LEC,OPEN,,50,38,0,,Nicola C; Bochman M,,,,ARR,
3259,CHEM-A 315,LAB,OPEN,,12,2,0,IN_PERSON,Thashmantha S,TU,14:00,18:00,CH,133
32590,CHEM-C 127,LEC,CLOSED,,252,0,10,IN_PERSON,Mata S; Parobek A; Vanderkamp J,TU,08:00,08:50,CH,122
32596,MSCH-X 360,LEC,OPEN,LA W/S SERIES: M & E TRENDS,35,14,0,IN_PERSON,Madejski I; Uslan D,TU,19:00,22:00,ARR,
3260,CHEM-C 341,LEC,CLOSED,,290,0,8,IN_PERSON,Reck C; Wood A; Manley J,MOWEFR,10:25,11:15,CH,122
32604,MSCH-X 360,LEC,OPEN,LA W/S SERIES: CREATIVE ADVER,35,14,0,IN_PERSON,Madejski I; Edwards S,TU,19:00,22:00,ARR,
32605,MSCH-X 360,LEC,OPEN,LA W/S SERIES: BUS OF HW PROD,35,14,0,IN_PERSON,Madejski I; Timpe E,TU,19:00,22:00,ARR,
32607,ENG-L 553,LEC,OPEN,20TH CENT AMERICAN NARR POETRY,17,2,0,ONLINE,Brodeur B,,,,OL,ONLINE
3261,CHEM-C 342,DIS,OPEN,,40,15,0,IN_PERSON,Carricondo B,WE,18:40,19:30,WH,009
3262,CHEM-C 342,DIS,OPEN,,40,3,0,IN_PERSON,Carricondo B,TH,16:20,17:10,BH,008
32627,ENG-W 500,LEC,CLOSED,,19,0,5,ONLINE,Helton E,,,,OL,ONLINE
3263,CHEM-H 342,LEC,OPEN,,24,10,0,IN_PERSON,Cook S,MOWEFR,11:35,12:25,CH,001
3264,CHEM-H 342,DIS,OPEN,,12,4,0,IN_PERSON,Miraghaee S,WE,13:55,14:45,BH,237
32644,HIST-T 590,LEC,CLOSED,MODERN U.S. WOMEN'S HISTORY,15,0,2,ONLINE,Licata J,,,,OL,ONLINE
3265,CHEM-C 343,LAB,CLOSED,,20,0,0,IN_PERSON,Denton M,MO,17:20,21:20,CH,147
32650,HIST-T 570,LEC,CLOSED,,20,0,0,ONLINE,Mackie T,,,,OL,ONLINE
32657,SOC-S 318,LEC,OPEN,,100,67,0,IN_PERSON,Kelly B,TUTH,15:55,17:10,LH,102
3266,CHEM-C 343,LAB,CLOSED,,20,0,0,IN_PERSON,Johnson M,TH,17:20,21:20,CH,147
3267,BIOL-P 451,LEC,OPEN,,50,5,0,IN_PERSON,Schlegel W,MOWE,15:55,17:10,GA,1106
3268,CLLC-Q 199,LEC,OPEN,,10,1,0,IN_PERSON,Cluver Y,TUTH,10:25,11:15,EO,C110
3269,CLLC-Q 199,LEC,OPEN,,10,3,0,IN_PERSON,Cluver Y,TUTH,13:55,14:45,EO,C110
32696,HISP-X 272,LEC,OPEN,,10,10,0,,Namorato L; Herrera I,,,,ARR,
3270,CLLC-Q 199,LEC,CLOSED,,10,0,0,IN_PERSON,Cluver Y,TUTH,15:10,16:00,EO,C112
32705,EDUC-A 591,LEC,OPEN,,6,1,0,,Moore M,,,,WB,WEB
32706,EDUC-A 592,LEC,OPEN,,6,1,0,,Moore M,,,,WB,WEB
32707,EDUC-A 593,LEC,OPEN,,6,1,0,,Moore M,,,,WB,WEB
32708,HISP-X 370,LEC,OPEN,,20,20,0,,Herrera I; Risner J,,,,ARR,
3271,CLLC-Q 199,LEC,OPEN,,10,1,0,IN_PERSON,Cluver Y,MOWE,12:45,13:35,EO,C110
3272,CLLC-Q 199,LEC,CLOSED,,10,0,0,IN_PERSON,Cluver Y,TUTH,11:35,12:25,EO,C110
32729,SPH-K 350,LEC,OPEN,FACTORS LMTG ATHL PERFORM,30,1,0,IN_PERSON,Chapman R,MOWE,09:35,10:50,WH,104
32738,SPH-K 350,LEC,OPEN,SLEEP & EXERCISE/SPORT,30,2,1,IN_PERSON,Robinson A,TUTH,14:20,15:35,BH,209
3274,CLLC-Q 199,LEC,CLOSED,,10,0,0,IN_PERSON,Cluver Y,MOWE,09:10,10:00,EO,C112
32743,ABEH-A 310,LEC,CLOSED,,25,0,8,IN_PERSON,Fudickar A,TUTH,14:20,15:35,JH,001
3275,CLLC-Q 199,LEC,OPEN,,10,1,0,IN_PERSON,Cluver Y,MOWE,10:25,11:15,EO,C110
3276,POLS-Y 675,LEC,OPEN,,11,5,0,IN_PERSON,Isaac J,WE,12:30,15:00,ED,3004
32789,SPEA-A 450,LEC,OPEN,ARTS WRITING & ADV MARKETING,30,20,0,IN_PERSON,Doades S,MOWE,08:00,09:15,PV,278
32793,HIST-C 220,DIS,CLOSED,,15,0,0,IN_PERSON,Elliott C,TH,16:20,17:10,BH,318
32794,LTAM-M 101,LEC,OPEN,,20,20,0,IN_PERSON,Castaneda Q,TUTH,12:45,14:45,BH,214
32795,LTAM-M 501,LEC,OPEN,,20,20,0,IN_PERSON,Castaneda Q,TUTH,12:45,14:45,BH,214
32808,LTAM-L 230,LEC,CLOSED,,25,0,0,IN_PERSON,Castaneda Q,TUTH,15:10,16:40,ED,1204
32809,LTAM-L 275,LEC,CLOSED,,25,0,2,IN_PERSON,Castaneda Q,MOWE,15:10,16:40,SB,140
32810,LTAM-L 280,LEC,OPEN,,21,14,0,IN_PERSON,Castaneda Q,MOWE,12:45,14:15,GY,4069
32812,LTAM-L 210,LEC,OPEN,,25,6,0,IN_PERSON,Siqueira A,TUTH,14:20,15:35,LH,004
32841,BUS-A 313,LEC,OPEN,,30,15,0,IN_PERSON,Levitt B,MO,19:05,20:20,HH,3030
32842,BUS-A 313,LEC,OPEN,,30,2,0,IN_PERSON,Lunsford T,TU,17:30,18:45,HH,3034
32843,BUS-A 314,LEC,CLOSED,,50,0,2,IN_PERSON,Salome S,MOWE,17:30,18:45,HH,2046
32857,ENG-L 646,LEC,CLOSED,,15,0,0,ONLINE,Balthaser B,,,,OL,ONLINE
3286,SPH-R 413,LEC,OPEN,,65,60,0,IN_PERSON,Orner Jr R,MOWEFR,10:20,11:10,BH,003
3288,MSCH-T 427,LEC,CLOSED,,25,0,3,IN_PERSON,Sawhney H,MOWE,11:10,12:25,FF,215
32885,EDUC-Q 528,LEC,OPEN,,25,20,0,ONLINE,Hequembourg L,,,,OL,ONLINE
3289,PSY-K 300,LEC,OPEN,,106,25,0,IN_PERSON,Patton C,MOWE,09:35,10:50,PY,101
32900,MSCH-J 360,LEC,CLOSED,SOCIAL MEDIA & JOURNALISM,18,0,1,IN_PERSON,Lee T,TUTH,14:20,15:35,FF,003
32901,EALC-E 350,LEC,CLOSED,"SOCIOLINGUISTICS, E ASIAN LANG",6,0,1,IN_PERSON,Takeuchi J,TUTH,15:55,17:10,GA,0009
32902,EALC-E 505,LEC,CLOSED,SOCIOLNGSTCS E ASIAN LANGUAGES,16,0,0,IN_PERSON,Takeuchi J,TUTH,15:55,17:10,GA,0009
32906,EALC-E 233,LEC,OPEN,,35,6,0,IN_PERSON,Burge R,TUTH,09:35,10:50,ED,2101
32908,EALC-K 527,DRL,OPEN,,13,11,0,IN_PERSON,Lu Y,MOWEFR,15:10,16:00,BH,315
32909,EDUC-A 720,LEC,CLOSED,,1,0,0,,Moore M,,,,ARR,
32916,CHEM-C 127,LAB,CLOSED,,28,0,4,IN_PERSON,Bhatia R,TU,15:00,18:00,CH,047
32918,CHEM-C 127,LAB,CLOSED,,28,0,0,IN_PERSON,Zhao C,WE,16:10,19:10,CH,047
3292,PHYS-P 202,LAB,CLOSED,,24,0,9,IN_PERSON,Warren G; Evans H,MO,13:55,15:50,SW,113
32920,CHEM-C 127,LAB,CLOSED,,28,0,1,IN_PERSON,Du J,TH,08:00,11:00,CH,049
32925,HON-H 304,LEC,CLOSED,COMPARATIVE FOREIGN POLICY,64,0,0,IN_PERSON,Spechler D,TUTH,12:45,14:00,WH,111
32926,HON-H 304,LEC,CLOSED,RUSSIAN & SOVIET FOREIGN POL,32,0,0,IN_PERSON,Spechler D,TUTH,15:55,17:10,WH,109
32927,EALC-E 352,LEC,OPEN,"KOREA, THE WEST: CONFLCT, RFRM",35,25,0,IN_PERSON,Burge R,TUTH,12:45,14:00,LI,026
3293,LSTU-L 110,LEC,OPEN,,20,6,0,,Linner P,,,,WB,WEB
32944,GNDR-G 700,LEC,CLOSED,,10,0,0,IN_PERSON,Hille J,TU,14:30,17:00,LH,328
32945,GNDR-G 402,LEC,CLOSED,SEXUAL GNDRS GNDERED SEXUALITY,3,0,0,IN_PERSON,Hille J,TU,14:30,17:00,LH,328
3295,OVST-R 497,LEC,OPEN,,40,38,0,,Carty S,,,,ARR,
3296,OVST-R 498,LEC,OPEN,,40,40,0,,Carty S,,,,ARR,
3298,OVST-O 499,LEC,OPEN,,20,20,0,,Carty S,,,,ARR,
3299,OVST-D 396,LEC,OPEN,,25,22,0,,Carty S,,,,ARR,
32999,EDUC-P 507,LEC,CLOSED,,26,0,0,ONLINE,Yoder G,,,,OL,ONLINE
3300,SWK-S 442,LEC,OPEN,PRAC: CHILDREN AND FAMILIES,30,2,0,,Terry M,,,,WB,WEB
3301,SPEA-E 452,LEC,OPEN,,30,13,0,IN_PERSON,Howard R,MOWE,18:30,19:45,PV,278
3302,MUS-I 202,LEC,OPEN,,60,53,0,,Shaw B,,,,WB,WEB
33032,HIST-T 541,LEC,CLOSED,,15,0,0,ONLINE,Froysland H,,,,OL,ONLINE
3304,SLHS-A 600,LEC,OPEN,,1,1,0,IN_PERSON,Smith L,MOWE,12:45,14:00,BH,330
33043,HIST-T 560,LEC,OPEN,,15,1,0,ONLINE,Nashel J,,,,OL,ONLINE
3305,SLHS-A 700,LEC,OPEN,,1,1,0,IN_PERSON,Kochan S,TUTH,11:10,12:25,BH,227
33055,GER-T 560,LEC,OPEN,,20,4,0,ONLINE,Spafford A,,,,OL,ONLINE
3306,THTR-T 347,LEC,OPEN,,10,2,0,IN_PERSON,Hopson A,MOWE,09:35,10:50,TH,A002
33066,ENG-L 503,LEC,CLOSED,,20,0,1,ONLINE,Sickmann C,,,,OL,ONLINE
3307,CHEM-C 830,LEC,OPEN,,60,39,0,,Bloch E,,,,ARR,
3309,EDUC-Y 500,LEC,OPEN,,18,18,0,IN_PERSON,Qiu Y,TU,09:10,10:00,ED,1204
3311,BUS-S 400,LEC,OPEN,,5,3,0,IN_PERSON,Yang H,TUTH,15:55,17:10,HH,4006
3312,BUS-G 345,LEC,CLOSED,,50,0,5,IN_PERSON,Marchionne F,MOWE,15:55,17:10,HH,3006
3313,BUS-F 303,LEC,CLOSED,,50,0,11,IN_PERSON,Da R,MOWE,11:10,12:25,HH,2000
3314,BUS-R 305,LEC,OPEN,,40,1,0,IN_PERSON,McCoy D,MOWE,08:00,09:15,HH,1050
3315,BUS-F 304,LEC,CLOSED,,0,0,0,IN_PERSON,Martel J,MOWE,08:20,09:35,HH,4000
3316,BUS-J 304,LEC,CLOSED,,0,0,0,IN_PERSON,Fairchild A,MOWE,09:45,11:00,HH,4000
3317,BUS-M 304,LEC,CLOSED,,0,0,0,IN_PERSON,Fossen B,TUTH,09:45,11:00,HH,4000
3318,BUS-P 304,LEC,CLOSED,,0,0,0,IN_PERSON,Niewoehner R,TUTH,08:20,09:35,HH,4000
3319,BUS-BE 304,LEC,OPEN,,50,3,0,IN_PERSON,Martel J; Fairchild A; Niewoehner R; Fossen B; Landis R,MOWE,08:20,09:35,HH,4000
33278,GNDR-G 470,LEC,OPEN,,17,6,0,IN_PERSON,Foster L,MOWE,15:55,17:10,LH,328
33279,SPEA-M 772,LEC,OPEN,,13,6,0,IN_PERSON,Fernandez S,MOWE,14:20,15:35,PV,A203
33280,GNDR-G 701,LEC,OPEN,"GENDR, RACE, SEXUALITY & LAW",7,2,0,IN_PERSON,Foster L,MOWE,15:55,17:10,LH,328
3330,BUS-M 344,LEC,CLOSED,,32,0,0,IN_PERSON,Riley Simone J,TUTH,09:35,10:50,CG,3044
33307,INTL-I 306,LEC,OPEN,EUROPE BETWEEN HITLER & STALIN,30,24,0,IN_PERSON,Borhi L,MOWE,17:30,18:45,BH,342
3331,ANTH-P 200,DIS,OPEN,,22,6,0,IN_PERSON,Arakawa F,WE,12:45,13:35,SB,050
33310,CJUS-P 425,LEC,CLOSED,,30,0,5,IN_PERSON,Northcutt Bohmert M,TUTH,14:20,15:35,BH,343
33311,THTR-T 359,LEC,OPEN,,15,11,0,IN_PERSON,Lucas R,MOWE,13:00,15:00,TH,A103
33312,THTR-T 359,LEC,OPEN,,15,14,0,IN_PERSON,Lucas R,MOWE,15:00,17:00,TH,A103
33313,THTR-T 359,LEC,OPEN,,15,14,0,IN_PERSON,Lucas R,TUTH,13:00,15:00,TH,A103
33314,THTR-T 359,LEC,OPEN,,15,14,0,IN_PERSON,Lucas R,TUTH,15:00,17:00,TH,A103
33315,THTR-T 359,LEC,OPEN,,15,10,0,IN_PERSON,Lucas R,FR,13:00,17:00,TH,A103
33316,SPAN-T 530,LEC,OPEN,,15,3,0,ONLINE,Johnson R,,,,OL,ONLINE
3332,BIOL-L 112,DIS,CLOSED,,30,0,6,IN_PERSON,Matlack D,TU,16:20,17:10,JH,001
33322,REEI-R 300,LEC,OPEN,EUR BETWEEN HITLER & STALIN,30,24,0,IN_PERSON,Borhi L,MOWE,17:30,18:45,BH,342
33323,REEI-R 500,LEC,OPEN,EUR BETWEEN HITLER & STALIN,30,24,0,IN_PERSON,Borhi L,MOWE,17:30,18:45,BH,342
33324,REEI-R 301,LEC,CLOSED,HISTORIES OF THE COLD WAR,1,0,0,IN_PERSON,Saburova T,MOWE,14:20,15:35,BH,203
33326,EDUC-L 799,LEC,OPEN,,15,11,0,,Daley S,,,,ARR,
33327,BUS-A 591,LEC,OPEN,,30,5,0,IN_PERSON,Andrews A,TUTH,14:25,15:50,CG,2063
3333,BIOL-L 112,DIS,CLOSED,,30,0,5,IN_PERSON,Matlack D,WE,16:20,17:10,JH,001
33334,SPH-K 412,LEC,OPEN,,30,22,0,IN_PERSON,Carter S,TUTH,08:00,09:15,BH,208
33337,SPH-K 490,LEC,OPEN,,30,15,0,,Pangelinan M,,,,WB,WEB
3334,BIOL-L 112,DIS,CLOSED,,30,0,0,IN_PERSON,Matlack D,TU,17:30,18:20,JH,001
33347,INTL-I 510,LEC,CLOSED,U.S. ASIA-PACIFIC STRATEGY,6,0,1,IN_PERSON,Liff A,WE,09:35,12:05,SB,230
33348,LING-L 490,LEC,OPEN,STRUCTURE OF KUKI-CHIN,10,2,0,IN_PERSON,Chelliah S,MOWE,12:45,14:00,BH,105
33349,LING-L 590,LEC,OPEN,,15,10,0,IN_PERSON,Chelliah S,MOWE,12:45,14:00,BH,105
33350,REEI-R 204,LEC,OPEN,"MUSIC, PROTEST IN EAST EUROPE",30,20,0,IN_PERSON,Domico P,TUTH,17:30,20:00,BH,243
33354,MUS-E 594,LEC,CLOSED,,10,0,0,IN_PERSON,Horne B,MOWEFR,11:35,12:25,MA,007
33357,SGIS-S 500,LEC,OPEN,THE UNSUSTAINABILITY OF WAR,36,1,0,IN_PERSON,Griffin C,MOWE,09:35,10:50,BH,342
33358,SGIS-S 500,LEC,OPEN,ANTHROPOLOGY OF WAR IN E EURO,30,21,0,IN_PERSON,Storey-Nagy J,TUTH,09:35,10:50,BH,307
33359,SGIS-S 500,LEC,OPEN,WINE INDUSTRY & POST-COMMUNISM,30,26,0,IN_PERSON,Otten J,MOWE,17:30,20:00,BH,307
33361,MUS-M 688,LEC,OPEN,,18,3,0,IN_PERSON,Armstrong A,TUTH,14:20,15:35,SM,344
33362,SPH-I 119,LAB,CLOSED,,35,0,1,IN_PERSON,Boyer M; Barnette M,MOWE,13:55,14:45,GF,199
33363,BIOL-T 575,LEC,CLOSED,,26,0,0,ONLINE,Rueschhoff E,,,,OL,ONLINE
33368,BUS-T 175,LEC,OPEN,,45,14,0,IN_PERSON,Hamilton L,MO,08:00,09:15,HH,4034
33369,BUS-T 175,LEC,OPEN,,45,5,0,IN_PERSON,Hamilton L,WE,08:00,09:15,HH,4034
33370,MUS-M 534,LEC,CLOSED,,7,0,0,IN_PERSON,Epperson A; Kashiwagi T,MOWE,14:20,15:35,JS,315
33371,MUS-M 634,LEC,CLOSED,,7,0,0,IN_PERSON,Epperson A; Kashiwagi T,MOWE,14:20,15:35,JS,315
33372,MUS-P 901,LEC,OPEN,,10,10,0,,Epperson A; Prestinari C,,,,ARR,
3338,SPH-K 301,LEC,CLOSED,,30,0,2,,Ecenbarger K,,,,WB,WEB
33381,BUS-C 104,BIDS,OPEN,,32,12,0,IN_PERSON,Barrett S,MOWE,08:00,09:15,WT,C115
33382,BUS-C 104,BIDS,CLOSED,,32,0,0,IN_PERSON,Barrett S,MOWE,09:35,10:50,WT,C115
33383,BUS-M 349,LEC,OPEN,,30,3,0,IN_PERSON,Olsen D,TU,15:55,18:55,HH,2047
3339,MUS-Y 701,LEC,OPEN,,5,5,0,,Cartledge D,,,,ARR,
33396,MUS-G 537,LEC,OPEN,,15,7,0,IN_PERSON,Albanese C,TUWETHFR,10:15,11:05,MA,404
33397,MUS-G 663,LEC,OPEN,,15,7,0,IN_PERSON,Albanese C,TUWETHFR,10:15,11:05,MA,404
33398,MUS-M 537,LEC,OPEN,,12,2,0,IN_PERSON,DiOrio D,MOFR,11:35,13:05,SM,271
33399,MUS-M 663,LEC,OPEN,,12,2,0,IN_PERSON,DiOrio D,MOFR,11:35,13:05,SM,271
3340,MUS-Y 701,LEC,OPEN,,5,5,0,,Cartledge D,,,,ARR,
33400,SOAD-M 219,LEC,OPEN,,20,2,1,IN_PERSON,Pearson D,MOWE,14:20,15:35,KH,112
33401,SOAD-M 219,LEC,CLOSED,,20,0,0,IN_PERSON,Pearson D,MOWE,14:20,15:35,KH,112
33403,SOAD-M 445,LEC,OPEN,,25,2,0,IN_PERSON,Lee G,MOWE,15:55,17:10,KH,116
33405,SOAD-F 352,LEC,CLOSED,,20,0,6,IN_PERSON,Rudolph N,MOWE,15:55,17:10,KH,318
33406,SOAD-F 402,LEC,OPEN,,6,4,0,IN_PERSON,Richardson K,FR,12:45,15:15,KH,302
33407,SOAD-F 411,LEC,CLOSED,,20,0,10,IN_PERSON,Romans M,TUTH,12:45,14:00,KH,318
33409,SOAD-D 366,LEC,OPEN,,45,1,0,IN_PERSON,Kane E,MOWE,09:35,10:50,KH,216
3341,MUS-G 604,LEC,OPEN,,10,9,0,,Cartledge D,,,,ARR,
33410,SOAD-N 110,LEC,CLOSED,,16,0,2,IN_PERSON,Smith M,TUTH,17:30,20:15,FA,145
33411,SOAD-S 220,LEC,CLOSED,,16,0,0,IN_PERSON,Carman C,MOWE,09:10,11:55,FA,230
33418,ENGR-E 399,LEC,OPEN,NATURAL INTELLIGENCE,20,15,0,IN_PERSON,Guo F,MOWE,11:10,12:25,IF,4012
33419,ENGR-E 599,LEC,OPEN,NATURAL INTELLIGENCE,20,15,0,IN_PERSON,Guo F,MOWE,11:10,12:25,IF,4012
3342,MUS-F 340,LEC,CLOSED,,12,0,0,IN_PERSON,Conjurske J,TUTH,10:25,11:15,SM,C113
33420,ENGR-E 101,LEC,CLOSED,,60,0,0,IN_PERSON,Himebaugh B,WE,08:00,08:50,IF,0117
33421,ENGR-E 101,LAB,CLOSED,,30,0,0,IN_PERSON,Himebaugh B,MOWE,09:35,10:50,IF,4010
3343,MUS-F 540,LEC,CLOSED,,12,0,0,IN_PERSON,Conjurske J,TUTH,10:25,11:15,SM,C113
3344,MUS-F 540,LEC,CLOSED,,12,0,0,IN_PERSON,Conjurske J,TUTH,11:35,12:25,SM,C113
33449,HIST-T 590,LEC,CLOSED,AMERICA IN WORLD: WW & BEYOND,20,0,2,ONLINE,Walgren A,,,,OL,ONLINE
33455,HIST-T 510,LEC,CLOSED,,21,0,0,ONLINE,Parnell D,,,,OL,ONLINE
3346,CSCI-A 591,LEC,OPEN,,3,2,0,IN_PERSON,Angiuli C,MOWE,09:35,10:50,IF,1106
33473,FRIT-M 200,LEC,CLOSED,,10,0,0,IN_PERSON,Pulcinella L,TH,09:35,10:50,WB,WEB
33474,FRIT-M 200,LEC,CLOSED,,10,0,2,IN_PERSON,Pulcinella L,TH,19:05,20:20,WB,WEB
3348,EDUC-N 590,LEC,OPEN,,20,20,0,,Tillema E,,,,ARR,
33481,SPEA-V 427,LEC,CLOSED,,30,0,6,IN_PERSON,Preston D,MOWE,09:35,10:50,BQ,C129
33486,SPEA-V 427,LEC,CLOSED,,30,0,6,IN_PERSON,Preston D,MOWE,11:10,12:25,BQ,C129
33487,MSCH-J 360,LEC,OPEN,COMMUNITY JOURNALISM,18,1,0,IN_PERSON,Zaltsberg B,MOWE,14:20,15:35,FF,052
33488,BUS-S 355,LEC,CLOSED,AGENTIC AI FOR BUSINESS,30,0,1,IN_PERSON,Zhang R,MOWE,08:00,09:15,HH,4079
33489,MSCH-J 460,LEC,OPEN,INDIANA NEWSROOM,12,5,0,IN_PERSON,Jones M,MOWE,15:55,17:10,FF,052
3349,SLST-S 532,LEC,OPEN,,25,17,0,IN_PERSON,Stringer D,TUTH,14:20,15:35,PY,113
33490,FRIT-M 150,LEC,CLOSED,,10,0,2,IN_PERSON,Grossi A,TU,11:10,12:25,WB,WEB
33491,HIST-H 799,LEC,OPEN,,15,14,0,IN_PERSON,Mora J,WE,17:30,19:30,BH,233
33492,BUS-P 455,LEC,OPEN,SUPPLY & LOGISTICS CONSULTING,30,13,0,IN_PERSON,Pittsford B,MOWE,12:45,14:00,HH,4006
33493,SWK-S 616,LEC,OPEN,,6,3,0,,Schepel S,,,,WB,WEB
33494,BUS-S 602,LEC,OPEN,,15,3,0,IN_PERSON,Cho S,TU,14:00,16:30,CG,1004
33495,SOC-S 339,LEC,CLOSED,,48,0,2,IN_PERSON,Michalski S,TUTH,15:55,17:10,AD,A152
33496,SPH-V 241,LEC,OPEN,,85,64,0,,Chusyd D,,,,WB,WEB
33497,MSCH-B 430,LEC,OPEN,BTN+ BROADCASTING,18,4,0,IN_PERSON,Whitaker P,TU,10:00,12:25,FF,062
33498,SPEA-N 525,LEC,OPEN,,24,7,0,IN_PERSON,Rosser E,MOWE,15:55,17:10,PV,A203
33499,ANTH-E 346,LEC,CLOSED,,25,0,11,IN_PERSON,Greene S,TU,10:00,12:30,SB,017
33500,MSCH-B 430,LEC,CLOSED,COLLEGE SPORTS MEDIA STRATEGY,10,0,0,IN_PERSON,Keag J,MO,17:00,18:30,AS,056
33501,SPEA-E 530,LEC,OPEN,,30,4,0,IN_PERSON,Farmer J,WE,11:10,12:25,HD,TBA
33506,ENG-L 746,LEC,OPEN,,10,1,0,IN_PERSON,Anderson P,MOWE,09:35,10:50,BH,018
33507,ENG-L 740,LEC,CLOSED,,10,0,0,IN_PERSON,Molesworth J,TUTH,11:10,12:25,BH,123
33508,ENG-L 738,LEC,CLOSED,,10,0,0,IN_PERSON,Kreilkamp I,MO,11:10,14:10,BH,018
33509,ENG-W 602,LEC,CLOSED,,10,0,0,IN_PERSON,Barnett S,WE,11:10,14:10,BH,018
33531,ECON-E 427,LEC,OPEN,,25,17,0,IN_PERSON,Avoyan A,MOWE,12:45,14:00,WH,106
33545,ECON-E 673,LEC,CLOSED,,21,0,4,IN_PERSON,Xiao R,WE,09:35,12:05,SY,108
33546,HHC-H 101,LEC,CLOSED,,24,0,0,IN_PERSON,Drane L,TU,09:35,10:50,HU,111
33547,HHC-H 101,LEC,CLOSED,,24,0,1,IN_PERSON,Gittleman E,TH,09:35,10:50,HU,111
33548,MSCH-D 331,LEC,CLOSED,,25,0,4,IN_PERSON,Plotnick R,TUTH,12:45,14:00,FF,210
33550,EURO-G 310,LEC,OPEN,,35,32,0,IN_PERSON,Hunt K,TUTH,09:35,10:50,WH,008
33551,CHEM-C 127,LAB,CLOSED,,28,0,2,IN_PERSON,Warner M,MO,12:40,15:40,CH,047
33552,CHEM-C 127,LAB,CLOSED,,28,0,3,IN_PERSON,Johnson D,MO,16:10,19:10,CH,047
33553,ECON-E 402,LEC,CLOSED,,30,0,4,IN_PERSON,Zhou I,MOWE,15:55,17:10,BH,308
33554,CHEM-C 127,LAB,CLOSED,,28,0,3,IN_PERSON,Grill B,TU,11:30,14:30,CH,049
33555,CHEM-C 127,LAB,CLOSED,,28,0,4,IN_PERSON,Nossir F,WE,12:40,15:40,CH,049
33556,CHEM-C 127,LAB,CLOSED,,28,0,1,IN_PERSON,Cheng F,TH,11:30,14:30,CH,049
33557,CHEM-C 127,LAB,CLOSED,,28,0,2,IN_PERSON,Dada A,TH,15:00,18:00,CH,049
33558,CHEM-C 127,LAB,CLOSED,,28,0,1,IN_PERSON,Dada A,FR,12:40,15:40,CH,049
33559,CHEM-C 127,LAB,CLOSED,,28,0,1,IN_PERSON,Yang D,TU,08:00,11:00,CH,047
33560,CHEM-C 127,LAB,CLOSED,,28,0,12,IN_PERSON,Rodriguez IV C,TU,11:30,14:30,CH,047
33561,CHEM-C 127,LAB,OPEN,,28,1,1,IN_PERSON,Wijenayake S,WE,09:10,12:10,CH,049
33562,CHEM-C 127,LAB,CLOSED,,28,0,6,IN_PERSON,Loynes S,TH,11:30,14:30,CH,047
33563,CHEM-C 127,LAB,CLOSED,,28,0,0,IN_PERSON,Kelley E,FR,08:00,11:00,CH,047
33564,CHEM-C 127,LAB,CLOSED,,28,0,1,IN_PERSON,Ghosh P,TU,08:00,11:00,CH,049
33565,CHEM-C 127,LAB,CLOSED,,28,0,0,IN_PERSON,Joshi S,TH,08:00,11:00,CH,047
33566,CHEM-C 127,LAB,CLOSED,,28,0,1,IN_PERSON,Tokos A,MO,12:40,15:40,CH,049
33567,CHEM-C 127,LAB,CLOSED,,28,0,1,IN_PERSON,Sachidanand F,WE,12:40,15:40,CH,047
33568,CHEM-C 127,LAB,CLOSED,,28,0,3,IN_PERSON,Turkar G,TH,15:00,18:00,CH,047
33569,CHEM-C 127,LAB,CLOSED,,28,0,0,IN_PERSON,Ackerman C,FR,08:00,11:00,CH,049
33570,CHEM-C 127,LAB,CLOSED,,28,0,0,IN_PERSON,Baillie B,FR,12:40,15:40,CH,047
33571,MSCH-B 360,LEC,CLOSED,SPORTS ANALYTICS,20,0,1,IN_PERSON,Shanahan J,TUTH,09:35,10:50,FF,210
33572,AADM-Y 500,LEC,OPEN,HISTORY OF MUSEUMS,30,20,0,IN_PERSON,Lewis F,TUTH,14:20,15:35,GA,1122
33574,AADM-Y 500,LEC,OPEN,ARTS WRITING & ADV MARKETING,30,20,0,IN_PERSON,Doades S,MOWE,08:00,09:15,PV,278
33575,FRIT-M 112,LEC,OPEN,,18,6,0,IN_PERSON,Pineda Nunez N,MOTUWETH,11:35,12:25,SY,004
33578,HHC-H 101,LEC,CLOSED,,24,0,1,IN_PERSON,Sherry J,FR,11:10,12:25,HU,108
33590,ENG-L 203,LEC,CLOSED,,25,0,0,IN_PERSON,Gunn H; Baxipatra M,MOWEFR,08:00,08:50,LH,135
33591,ENG-L 203,LEC,CLOSED,,25,0,0,IN_PERSON,Bhattacharya S; Baxipatra M,MOWEFR,12:45,13:35,BH,344
33592,ENG-L 203,LEC,CLOSED,,25,0,0,IN_PERSON,Bhattacharya S; Baxipatra M,MOWEFR,13:55,14:45,BH,147
33593,ENG-L 203,LEC,CLOSED,,25,0,0,IN_PERSON,Hoover B; Baxipatra M,MOWEFR,15:10,16:00,LH,125
33594,ENG-R 209,LEC,CLOSED,INFLUENCE AND CIVIC IDENTITY,25,0,0,IN_PERSON,Baxipatra M; Kuehn C,MOWEFR,09:10,10:00,SB,220
33595,ENG-W 350,LEC,CLOSED,,0,0,2,IN_PERSON,,MOWEFR,13:55,14:45,BH,344
33596,FRIT-F 315,LEC,OPEN,,15,6,0,IN_PERSON,Rottet K,MOWE,11:35,12:25,BH,237
33597,FRIT-F 315,DRL,OPEN,,15,6,0,IN_PERSON,Xu Y,TUTH,11:35,12:25,ED,1255
33598,MSCH-C 219,LEC,CLOSED,,18,0,1,IN_PERSON,Parameswaran R,TUTH,14:20,15:35,FF,214
33599,MSCH-G 460,LEC,OPEN,,36,11,0,IN_PERSON,Pizer P,TUTH,12:45,14:00,FF,073
33604,EDUC-E 341,LEC,OPEN,,18,3,0,,Roberts L,,,,WB,WEB
33605,CEUS-R 549,LEC,OPEN,HUNGARY: PAST AND PRESENT,25,22,0,IN_PERSON,Rajnai G,TUTH,14:20,15:35,SB,140
33607,MSCH-B 335,LEC,CLOSED,,18,0,7,IN_PERSON,Brosher J,MOWE,12:45,14:00,FF,003
33615,EDUC-J 503,LEC,CLOSED,,15,0,0,ONLINE,Gillam H,,,,OL,ONLINE
33628,FOLK-F 617,LEC,OPEN,PALESTINE IN POP CULTURE/MEDIA,2,2,0,IN_PERSON,McDonald D,MOWE,14:20,15:35,C2,203
33647,FOLK-F 404,LEC,OPEN,FESTIVAL & CELEBRATION,20,1,0,IN_PERSON,Horner R,MOWE,12:45,14:00,C2,102
33655,MELC-M 695,LEC,OPEN,"PALESTINE IN POP CULTURE, MDIA",3,1,0,IN_PERSON,McDonald D,MOWE,14:20,15:35,C2,203
33656,MSCH-G 430,LEC,CLOSED,,15,0,1,IN_PERSON,Benninghoff G,FR,09:00,12:00,FF,073
33662,EAS-G 590,LEC,OPEN,,20,6,0,IN_PERSON,Yanites B; Kelson J,MOWE,14:20,15:35,GY,2049
33666,MSCH-C 350,LEC,CLOSED,DIG MEDIA & MENTAL HEALTH,30,0,0,IN_PERSON,Marciano L,TUTH,09:35,10:50,FF,114
33672,MSCH-M 502,LEC,CLOSED,,16,0,1,IN_PERSON,Marciano L,TH,12:45,15:15,GY,1032
33682,REEI-R 300,LEC,OPEN,"DEMOCRACY IN CENT, EAST EUROPE",25,24,0,IN_PERSON,Rajnai G,TUTH,15:55,17:10,WH,104
33683,REEI-R 500,LEC,OPEN,"DEMOCRACY IN CENT, EAST EUROPE",25,24,0,IN_PERSON,Rajnai G,TUTH,15:55,17:10,WH,104
33684,REEI-R 500,LEC,OPEN,HUNGARY: PAST AND PRESENT,25,22,0,IN_PERSON,Rajnai G,TUTH,14:20,15:35,SB,140
33701,BIOL-T 591,LEC,OPEN,,24,10,0,ONLINE,Finkler M,,,,OL,ONLINE
33754,ENG-L 625,LEC,CLOSED,,15,0,0,ONLINE,Keener J,,,,OL,ONLINE
33791,INTL-OS 100,LEC,CLOSED,,0,0,0,,,,,,ARR,
33849,BIOL-L 326,LEC,CLOSED,,0,0,0,,,,,,ARR,
3394,OPT-V 521,LEC,CLOSED,,94,0,0,IN_PERSON,Himebaugh N; Tankam P,TU,10:00,10:50,OP,105
3395,OPT-V 521,LAB,CLOSED,,24,0,3,IN_PERSON,Himebaugh N; Tankam P,MO,14:00,15:50,OP,108
3396,OPT-V 521,LAB,CLOSED,,24,0,0,IN_PERSON,Himebaugh N; Tankam P,MO,16:00,17:50,OP,108
3397,OPT-V 521,LAB,CLOSED,,24,0,0,IN_PERSON,Himebaugh N; Tankam P,TU,13:00,14:50,OP,108
3398,OPT-V 521,LAB,CLOSED,,22,0,0,IN_PERSON,Himebaugh N; Tankam P,TU,15:00,16:50,OP,108
3399,OPT-V 540,LEC,OPEN,,100,6,0,IN_PERSON,Klemencic S; Nguyen T; Cheung H,MO,12:00,12:50,OP,111
3403,OPT-V 542,LEC,OPEN,,96,2,0,IN_PERSON,Port N; Cheng C,MO,08:00,09:50,OP,111
3404,OPT-V 542,LAB,CLOSED,,32,0,2,IN_PERSON,Port N; Cheng C,TH,11:00,12:50,OP,102
3405,OPT-V 542,LAB,CLOSED,,32,0,0,IN_PERSON,Port N; Cheng C,TH,13:00,14:50,OP,102
3406,OPT-V 542,LAB,OPEN,,32,2,0,IN_PERSON,Port N; Cheng C,TH,15:00,16:50,OP,102
3407,OPT-V 550,LEC,OPEN,,96,2,0,IN_PERSON,Peabody T; Mc Veigh M,MO,10:00,11:50,OP,111
3408,OPT-V 550,LAB,CLOSED,,24,0,3,IN_PERSON,Peabody T; Mc Veigh M,TU,13:00,14:50,OP,112
3409,OPT-V 550,LAB,OPEN,,24,2,0,IN_PERSON,Peabody T; Mc Veigh M,TU,15:00,16:50,OP,112
3411,OPT-V 550,LAB,CLOSED,,24,0,1,IN_PERSON,Peabody T; Mc Veigh M,WE,14:00,15:50,OP,112
3428,MUS-M 621,LEC,OPEN,,85,83,0,,Cartledge D,,,,ARR,
3429,SLHS-S 570,LEC,OPEN,,20,8,0,IN_PERSON,Rogers S,TH,14:20,15:20,AH,C3051
34293,ENG-L 643,LEC,CLOSED,,12,0,0,ONLINE,White E,,,,OL,ONLINE
34305,HIST-T 520,LEC,CLOSED,,20,0,0,ONLINE,Kennedy J,,,,OL,ONLINE
3431,OVST-Q 497,LEC,OPEN,,20,20,0,,Carty S,,,,ARR,
3432,HUBI-X 371,LEC,OPEN,,10,4,0,,Libby A,,,,ARR,
34323,FRIT-M 150,LEC,CLOSED,,10,0,0,IN_PERSON,Grossi A,TU,19:05,20:20,WB,WEB
3433,BUS-X 404,LEC,CLOSED,,31,0,0,IN_PERSON,Rubin J,TUTH,11:10,12:25,HH,3059
3434,SPH-M 328,LEC,CLOSED,,175,0,6,IN_PERSON,Evans J,TUTH,12:45,14:00,MO,007
3435,BUS-I 304,LEC,CLOSED,,0,0,0,,Landis R,,,,WB,WEB
3436,BUS-I 304,LEC,CLOSED,,0,0,0,,Evans N,,,,WB,WEB
3437,BUS-I 304,LEC,CLOSED,,0,0,0,,Landis R,,,,WB,WEB
3438,INFO-G 599,LEC,OPEN,,10,10,0,,Guidi G,,,,ARR,
34382,SLST-S 605,LEC,OPEN,,15,12,0,IN_PERSON,Dekydtspotter L,TUTH,12:45,14:00,BH,317
34383,HUBI-X 498,LEC,OPEN,,15,4,0,,Kalinovsky A; Wasserman M,,,,ARR,
3439,LSTU-L 110,LEC,OPEN,,35,16,0,,Linner P,,,,WB,WEB
34416,BUS-C 104,BIDS,OPEN,,32,2,0,IN_PERSON,Ryan K,TUTH,11:10,12:25,AC,C114
34417,BUS-C 104,BIDS,OPEN,,32,6,0,IN_PERSON,Ryan K,TUTH,12:45,14:00,AC,C114
3442,SPEA-V 369,LEC,CLOSED,,64,0,0,IN_PERSON,Bradley III T,TUTH,19:05,20:20,PV,277
3444,BUS-K 201,LEC,CLOSED,,40,0,2,IN_PERSON,Moriarity B,MOWE,12:45,14:00,HH,1047
34501,ENG-L 660,LEC,CLOSED,TONI MORRISON,15,0,0,ONLINE,Earley S,,,,OL,ONLINE
34516,EDUC-Y 520,LEC,CLOSED,,25,0,1,,Hollenbeck J,,,,ARR,
3455,MUS-S 810,LEC,OPEN,,5,5,0,,Ganatra S,,,,ARR,
34554,HIST-T 540,LEC,CLOSED,,20,0,0,ONLINE,Werking C,,,,OL,ONLINE
3456,MUS-B 810,LEC,OPEN,,18,18,0,,Ambrose K,,,,ARR,
34560,HIST-T 520,LEC,CLOSED,,20,0,0,ONLINE,Shen Y,,,,OL,ONLINE
3457,EDUC-R 586,LEC,OPEN,,20,20,0,,Ozogul G,,,,WB,WEB
3458,MUS-I 500,LEC,OPEN,,15,3,0,IN_PERSON,Murphy K; Prestinari C,MO,10:25,11:55,JS,315
34588,HIST-T 551,LEC,OPEN,,20,2,0,ONLINE,Shen Y,,,,OL,ONLINE
3459,MUS-I 500,LEC,OPEN,,20,9,0,IN_PERSON,Vaness C,TU,18:15,20:15,MA,454
3460,MUS-V 400,LEC,OPEN,,12,12,0,,Gill B,,,,ARR,
3461,MUS-V 900,LEC,OPEN,,18,7,0,,Gill B,,,,ARR,
3462,MUS-V 400,LEC,OPEN,,14,11,0,,Volpe P,,,,ARR,
34627,BUS-L 395,LEC,CLOSED,,30,0,0,IN_PERSON,Moore S,TUTH,12:45,14:00,HH,3059
34628,BUS-L 311,LEC,CLOSED,,35,0,2,IN_PERSON,Stemler A,MOWE,15:55,17:10,HH,3059
3463,ILS-Z 710,LEC,OPEN,,12,11,0,,Hara N,,,,ARR,
34636,ENG-W 508,LEC,CLOSED,,15,0,0,ONLINE,Cycholl G,,,,OL,ONLINE
3464,EALC-C 101,DRL,OPEN,,15,10,0,IN_PERSON,Lyu X; Catalano S,MOWEFR,13:55,14:45,BH,015
34643,MSCH-A 301,LEC,CLOSED,,30,0,13,IN_PERSON,Zhang N,TUTH,12:45,14:00,FF,114
34646,HON-H 236,LEC,OPEN,THE DAILY BREAD OF WAR,22,18,0,IN_PERSON,Illas E,TUTH,08:00,09:15,BH,015
34647,HON-H 236,LEC,OPEN,LEADERSHIP: FROM WAR TO PEACE,22,11,0,IN_PERSON,Arnaudo M,TUTH,14:20,15:35,HU,108
34648,MELC-M 695,LEC,CLOSED,ISLAMIC FEMINISMS,2,0,0,IN_PERSON,Afsaruddin A,TUTH,11:10,12:25,GA,0005
34649,REEI-R 500,LEC,OPEN,EMPIRE OF THE TSARS,5,2,1,IN_PERSON,Saburova T,MOWE,11:10,12:25,BH,342
3465,EALC-C 101,DRL,OPEN,,15,7,0,IN_PERSON,Lyu X; Catalano S,MOWEFR,15:10,16:00,BH,010
34650,REEI-R 500,LEC,CLOSED,HISTORY OF THE COLD WAR,4,0,0,IN_PERSON,Saburova T,MOWE,14:20,15:35,BH,203
34654,EDUC-J 500,LEC,CLOSED,,16,0,0,ONLINE,Grubb S,,,,OL,ONLINE
3466,EALC-C 101,DRL,OPEN,,15,10,0,IN_PERSON,Lyu X; Catalano S,MOWEFR,13:55,14:45,BH,015
34661,BUS-S 601,LEC,CLOSED,,8,0,0,IN_PERSON,Samtani S,TU,09:00,11:30,CG,1004
3467,EALC-C 101,DRL,OPEN,,15,6,0,IN_PERSON,Lyu X; Catalano S,MOWEFR,16:20,17:10,BH,010
3468,MUS-U 510,LEC,OPEN,,20,15,0,,McLean K,,,,ARR,
34688,BUS-S 798,LEC,OPEN,,15,5,0,IN_PERSON,Dennis A,MO,13:00,15:30,CG,1004
34689,BUS-M 255,LEC,OPEN,RETAIL WORKSHOP,30,3,0,IN_PERSON,Olsen D,TU,15:55,18:55,HH,2047
34697,MSCH-C 213,LEC,CLOSED,,40,0,6,IN_PERSON,Jamison-Koenig T,MOWE,09:35,10:50,TV,226
34698,MSCH-C 205,LEC,CLOSED,,30,0,3,IN_PERSON,Browning N,TUTH,11:10,12:25,FF,210
34699,MSCH-X 476,LEC,OPEN,,10,8,0,IN_PERSON,Bolstridge E,TU,13:00,16:00,TV,103A
34700,HON-H 234,LEC,OPEN,THE PEN AND THE SWORD,22,1,0,IN_PERSON,Scalabrini M,MOWE,09:35,10:50,HU,217
34701,BUS-L 100,LEC,CLOSED,,50,0,0,IN_PERSON,Stemler A,MOWE,11:10,12:25,WB,WEB
34702,MSCH-F 306,LEC,CLOSED,,18,0,0,IN_PERSON,Bell T,TUTH,14:20,15:35,FF,216
34703,MSCH-G 476,LEC,OPEN,,8,2,0,IN_PERSON,Bukvic I,TUTH,11:10,12:25,TV,250
34704,MSCH-T 540,LEC,OPEN,,10,4,0,IN_PERSON,Bukvic I,TUTH,11:10,12:25,TV,250
3471,SPH-S 502,LEC,OPEN,,25,9,0,,Slates K,,,,WB,WEB
34710,SPH-V 691,LEC,OPEN,,5,4,0,,Chusyd D,,,,ARR,
34712,BIOC-B 680,LEC,OPEN,STRUCTURAL VIROLOGY,5,4,0,IN_PERSON,Choi K,MOWE,10:30,11:45,SI,001
34713,MLS-M 471,LEC,OPEN,,5,5,0,IN_PERSON,Choi K,MOWE,10:30,11:45,SI,001
34716,MSCH-A 360,LEC,CLOSED,AI AND ADVERTISING,18,0,4,IN_PERSON,Zhang N,TUTH,09:35,10:50,FF,058
34717,ENGR-E 399,LEC,OPEN,MICRO AND NANO MEDICAL DEVICES,30,17,0,IN_PERSON,Guan W,TUTH,15:55,17:10,GY,4068
34718,ENGR-E 599,LEC,OPEN,MICRO AND NANO MEDICAL DEVICES,30,17,0,IN_PERSON,Guan W,TUTH,15:55,17:10,GY,4068
3472,INST-X 490,LEC,OPEN,,3,3,0,,Dodson M,,,,ARR,
34720,MELC-M 695,LEC,OPEN,EMPIRE IN THE MIDDLE EAST,5,3,0,IN_PERSON,Taher M,TUTH,17:30,18:45,GA,1112
34721,MSCH-A 360,LEC,CLOSED,MEDIA IND MEAS & ANALYTICS,27,0,2,IN_PERSON,Smith M,MOWE,14:20,15:35,WB,WEB
34722,MSCH-M 448,LEC,CLOSED,,27,0,0,IN_PERSON,Smith M,MOWE,14:20,15:35,WB,WEB
34724,MSCH-A 451,LEC,OPEN,,18,1,0,IN_PERSON,Schwab W,MOWE,11:10,12:25,FF,216
34725,MSCH-P 350,LEC,CLOSED,PROD LIVE REMOTE BROADCASTS,14,0,0,IN_PERSON,Andrei C,MO,15:55,18:20,FF,214
34726,CULS-C 701,LEC,CLOSED,,10,0,0,IN_PERSON,Barnett S,WE,11:10,14:10,BH,018
34729,SWK-S 325,LEC,OPEN,,20,12,0,IN_PERSON,Guthrie S,WE,13:55,16:40,AH,C3051
3473,BUS-A 100,LEC,CLOSED,,200,0,0,IN_PERSON,Seitz J,MOWE,12:45,13:35,HH,2075
3474,INFO-I 798,LEC,OPEN,,20,20,0,,Guidi G; Kemp J,,,,ARR,
34745,MSCH-C 270,LEC,CLOSED,INTERMEDIATE ADOBE PREMIERE,18,0,0,,Carroll A,,,,WB,WEB
34746,SOC-S 308,LEC,CLOSED,,10,0,3,IN_PERSON,Holbrow H,TUTH,11:10,12:25,GA,0003
34747,MSCH-P 440,LEC,CLOSED,,18,0,1,IN_PERSON,McEver E,MOWE,14:20,15:35,TV,250
34748,MSCH-A 360,LEC,CLOSED,INTRO TO PROGR ADVERTISING,25,0,1,IN_PERSON,Smith M,MOWE,11:10,12:25,WB,WEB
34753,MSCH-C 270,LEC,CLOSED,INTRO TO DATABASE INTEGRATIONS,18,0,2,,Koop A,,,,WB,WEB
34758,SPEA-V 600,LEC,OPEN,,15,9,0,IN_PERSON,Zirogiannis N; Rupp J,MOWE,11:10,12:25,PV,A205
3478,AFRI-A 651,LEC,OPEN,,8,6,0,,Martinez-Ruiz B,,,,ARR,
34783,ENG-L 635,LEC,OPEN,,5,2,0,IN_PERSON,Hamilton Abegunde M,MOWE,11:10,12:25,WI,C109
34786,THTR-T 304,LEC,OPEN,,21,1,0,IN_PERSON,Gray D,TUTH,15:00,16:30,AD,A350
3479,SOAD-F 213,LEC,CLOSED,,16,0,1,IN_PERSON,Quirk J,MOWE,12:45,15:30,KH,302
34791,LAW-B 501,LEC,OPEN,,62,1,0,IN_PERSON,Trujillo E,MOTUWE,08:45,10:00,LW,124
34792,LAW-B 501,LEC,OPEN,,5,4,0,IN_PERSON,Trujillo E,MOTUWE,08:45,10:00,LW,124
34793,LAW-B 519,LEC,OPEN,,18,8,0,IN_PERSON,Fisher T,TH,14:55,16:55,LW,203
34794,LAW-B 587,LEC,OPEN,,38,22,0,IN_PERSON,Cate F,MOTUWE,08:45,09:40,LW,213
34795,LAW-B 587,LEC,OPEN,,50,28,0,,Cate F,,,,WB,WEB
34797,LAW-B 536,LEC,OPEN,,105,77,0,IN_PERSON,Oliva J,TUTH,13:20,14:45,LW,125
34798,LAW-B 628,LEC,OPEN,,10,4,0,IN_PERSON,Henderson W,TH,16:30,19:30,LW,213
3480,SPH-V 541,LEC,OPEN,,15,11,0,IN_PERSON,Kamendulis L,MOWE,16:55,18:10,HD,TBA
34801,LAW-B 643,LEC,OPEN,,20,1,0,IN_PERSON,Boys S,MO,16:30,18:30,LW,216
34802,LAW-B 653,LEC,OPEN,,85,48,0,IN_PERSON,Velazquez A,TUTH,14:55,16:20,LW,122
34804,LAW-B 751,LEC,OPEN,,18,7,0,IN_PERSON,Marinotti J,MOWE,16:30,17:55,LW,203
34805,LAW-B 761,LEC,OPEN,,18,1,0,IN_PERSON,Purcell P,FR,08:45,11:45,LW,216
34806,LAW-E 508,LEC,CLOSED,GENERATIVE AI,24,0,3,IN_PERSON,Kubicki J,TH,12:45,15:45,LW,124
34807,LAW-E 508,LEC,CLOSED,MODERN SMALL FIRM PRACTICE,19,0,0,IN_PERSON,Stafford C,WE,16:30,18:30,LW,216
34808,LAW-E 514,LEC,OPEN,,50,42,0,,Leveque K,,,,ARR,
34809,LAW-E 514,LEC,OPEN,,50,50,0,,,,,,ARR,
3481,SPH-B 615,LEC,OPEN,,55,53,0,,Johnston J,,,,WB,WEB
34810,LAW-E 528,LEC,CLOSED,BRIEF WRITING & ORAL ARGUMENT,10,0,0,IN_PERSON,McFadden L,TU,12:45,14:45,LW,203
34811,LAW-E 538,LEC,OPEN,,10,1,0,,McFadden A,,,,ARR,
34812,LAW-E 539,LEC,CLOSED,,8,0,0,,Hughes S,,,,ARR,
34813,LAW-E 545,LEC,OPEN,,50,38,0,,Beck K,,,,ARR,
34814,LAW-E 545,LEC,OPEN,,50,50,0,,,,,,ARR,
34815,LAW-E 547,LEC,OPEN,,50,35,0,,Beck K,,,,ARR,
34816,LAW-E 547,LEC,OPEN,,50,50,0,,,,,,ARR,
34817,LAW-E 551,LEC,OPEN,,50,50,0,,Leveque K,,,,ARR,
34818,LAW-E 558,LEC,OPEN,,30,6,0,IN_PERSON,Freitag C,TH,12:45,14:45,LW,122
34819,LAW-E 561,LEC,CLOSED,,9,0,0,IN_PERSON,Need M,TU,16:30,18:30,HD,TBA
34820,LAW-E 564,LEC,OPEN,PRETRIAL LITIGATION,20,2,0,IN_PERSON,Vare T,MO,16:30,18:30,LW,214
34821,LAW-E 564,LEC,OPEN,PROTECTIVE ORDER LITIGATION,18,6,0,IN_PERSON,Williams M,MO,12:45,14:45,LW,222
34822,LAW-E 572,LEC,OPEN,,6,2,0,IN_PERSON,Abraham J,TH,08:30,12:00,LW,213
34823,LAW-E 591,LEC,OPEN,,8,3,0,IN_PERSON,Wieneke J,FR,08:45,11:45,LW,222
34824,LAW-E 613,LEC,CLOSED,,22,0,0,IN_PERSON,Pieples G,MOTUWE,10:55,11:50,LW,216
34827,LAW-E 620,LEC,CLOSED,,26,0,5,IN_PERSON,Pogue B,MOWE,16:30,17:55,LW,213
34829,EDUC-G 575,LEC,OPEN,,15,4,0,,Brooks J,,,,WB,WEB
34830,LAW-E 639,LEC,OPEN,,20,12,0,IN_PERSON,Kelly M,MOTU,10:55,11:50,LW,214
34831,LAW-E 639,LEC,CLOSED,,31,0,1,,Kiel-Morse M,,,,WB,WEB
34832,LAW-E 639,LEC,CLOSED,LEGISLATIVE & REGULATORY,21,0,0,,Morgan J,,,,WB,WEB
34833,LAW-E 639,LEC,OPEN,BUSINESS & TAX,25,1,0,,Ahlbrand A,,,,WB,WEB
34834,LAW-E 642,LEC,OPEN,,140,39,0,IN_PERSON,McFadden L,TH,08:45,09:40,LW,121
34835,LAW-E 642,LEC,OPEN,,44,20,0,IN_PERSON,McFadden L,WE,14:55,15:50,LW,120
34836,LAW-E 686,LEC,OPEN,,8,2,0,IN_PERSON,Williams M,TU,16:30,19:30,LS,219
34837,LAW-E 679,LEC,OPEN,,20,4,0,IN_PERSON,Williams S,TH,15:35,17:35,LW,216
34838,LAW-E 688,LEC,OPEN,CIVIL LITIGATION,10,2,0,IN_PERSON,Pieples G,TU,16:30,19:30,LW,203
34839,LAW-E 688,LEC,OPEN,FAMILY LAW,10,2,0,IN_PERSON,Vilensky R,TU,16:30,19:30,LW,214
34840,LAW-E 698,LEC,OPEN,,50,36,0,,Leveque K,,,,ARR,
34841,LAW-E 698,LEC,OPEN,,50,50,0,,,,,,ARR,
34842,LAW-E 709,LEC,OPEN,,22,1,2,IN_PERSON,Need M,MOWE,14:55,16:20,LW,213
34844,LAW-E 710,LEC,OPEN,,50,48,0,,,,,,ARR,
34845,LAW-E 710,LEC,OPEN,,50,50,0,,,,,,ARR,
34846,LAW-E 697,LEC,OPEN,,10,7,0,IN_PERSON,Nti Asare I; Shackelford S,MO,16:45,18:00,WB,WEB
34847,LAW-E 720,LEC,OPEN,,16,7,0,IN_PERSON,Diekhoff M,WE,16:30,19:30,LW,215
34848,EDUC-G 522,LEC,OPEN,,15,9,0,,Brooks J,,,,WB,WEB
34849,LAW-E 722,LEC,OPEN,,16,6,0,IN_PERSON,Orenstein A,TU,16:30,19:30,LW,215
34850,LAW-E 722,LEC,OPEN,,16,3,0,IN_PERSON,Diekhoff M,MO,16:30,19:30,LW,215
34851,LAW-E 734,LEC,OPEN,EXTERNAL TEAMS,50,41,0,,McFadden L,,,,ARR,
34854,LAW-L 664,LEC,OPEN,"DATA, CONSENT & AI",18,10,0,IN_PERSON,Cate F,TU,12:45,14:45,LW,222
34855,MSCH-C 350,LEC,CLOSED,MEDIA ECONOMICS,18,0,0,IN_PERSON,Castronova E,MOWE,12:45,14:00,FF,214
34863,GEOG-G 535,LEC,CLOSED,,7,0,2,IN_PERSON,Kim Y,TUTH,11:10,12:25,SB,221
34864,MSCH-G 390,LEC,CLOSED,DEVELOPING GAME FEEL,18,0,0,IN_PERSON,Eberhart K,MOWE,17:30,18:45,WB,WEB
34865,ENG-L 205,LEC,CLOSED,,25,0,0,IN_PERSON,Baxipatra M; Correa T,MOWEFR,15:10,16:00,BH,344
34866,ENG-L 205,LEC,CLOSED,,25,0,0,IN_PERSON,Baxipatra M; Correa T,MOWEFR,16:20,17:10,BH,144
34868,BUS-L 579,LEC,OPEN,LAW & ETHICS OF THE WORKPLACE,30,13,0,IN_PERSON,Sader E,TUTH,14:25,15:50,CG,2063
34869,HISP-S 498,LEC,OPEN,HISP HONORS 400 LEVEL STUDY,7,7,0,,Risner J,,,,HD,TBA
34871,CULS-C 701,LEC,OPEN,,2,2,0,IN_PERSON,Varon A,TUTH,09:35,10:50,BH,106
34874,HIST-X 444,LEC,OPEN,,20,1,1,IN_PERSON,Andrei G,WE,17:00,19:00,SB,131
34885,CMLT-C 155,LEC,CLOSED,,25,0,0,IN_PERSON,Rudavsky-Brody N,TUTH,14:20,15:35,BH,208
34886,MSCH-A 325,LEC,OPEN,,18,8,0,IN_PERSON,Rainey L,MOWE,14:20,16:00,FF,216
34887,CMLT-C 251,LEC,CLOSED,,25,0,1,IN_PERSON,Hertz D,TUTH,12:45,14:00,BH,344
34888,CSCI-B 609,LEC,OPEN,APPROXIMATION ALGORITHMS,25,17,0,IN_PERSON,Ghoshal S,TUTH,14:20,15:35,SB,131
34889,MUS-K 457,LEC,OPEN,,15,7,0,IN_PERSON,Groupe L,TUTH,09:35,10:50,FF,304C
3489,ECON-E 724,LEC,OPEN,ADVANCED ECONOMETRICS SEMINAR,20,14,0,IN_PERSON,Ito Y,TU,15:55,18:25,WY,005
34890,MUS-K 557,LEC,OPEN,,15,7,0,IN_PERSON,Groupe L,TUTH,09:35,10:50,FF,304C
34891,MUS-K 461,LEC,OPEN,,15,5,0,IN_PERSON,Groupe L; Thomas S,MOFR,12:45,14:00,JS,328
34892,MUS-K 561,LEC,OPEN,,15,5,0,IN_PERSON,Groupe L; Thomas S,MOFR,12:45,14:00,JS,328
34893,CMLT-C 291,LEC,CLOSED,,35,0,2,IN_PERSON,Potapowicz I,TUTH,09:35,10:50,BH,144
34894,CMLT-C 355,LEC,CLOSED,COGNITION IN LITERATURE & ARTS,20,0,4,IN_PERSON,Hertz D,TUTH,15:55,17:10,BH,340
34895,MUS-I 300,LEC,OPEN,,18,8,0,IN_PERSON,Ellefson P,TU,19:00,20:00,MC,070
34896,MUS-I 500,LEC,OPEN,,18,8,0,IN_PERSON,Ellefson P,TU,19:00,20:00,MC,070
34897,CEUS-T 113,LEC,OPEN,,10,10,0,,Otetileuova A; Kivik P,,,,HD,TBA
34899,CEUS-T 513,LEC,OPEN,,10,10,0,,Otetileuova A; Kivik P,,,,HD,TBA
34900,MUS-E 673,LEC,OPEN,,5,3,0,,Allen J,,,,ARR,
34901,GEOG-G 520,LEC,OPEN,,19,7,0,IN_PERSON,Ashutosh I,MO,12:45,15:15,ED,1084
34902,MUS-A 100,LAB,OPEN,,10,5,0,IN_PERSON,Wurst F,FR,12:45,13:35,MC,405
34904,MSCH-G 390,LEC,CLOSED,VOICEOVER TECHNIQUES,18,0,0,IN_PERSON,Fry C,MOWE,11:10,12:25,FF,062
34905,MUS-P 111,LAB,OPEN,,9,5,0,IN_PERSON,West A,WE,09:10,10:00,SM,C018
34906,CMLT-C 655,LEC,OPEN,,5,4,0,IN_PERSON,Hertz D,TUTH,15:55,17:10,BH,340
34907,CMLT-C 502,LEC,OPEN,,10,7,0,,Peretz E,,,,HD,TBA
34908,JSTU-L 391,LEC,OPEN,,24,1,0,IN_PERSON,Katz S,TUTH,11:10,12:25,BH,244
34914,SLHS-X 476,LEC,OPEN,,15,9,0,,Disheva M,,,,ARR,
34915,MSCH-B 360,LEC,CLOSED,VOICEOVER TECHNIQUES,18,0,0,IN_PERSON,Fry C,MOWE,11:10,12:25,FF,062
34917,MSCH-C 350,LEC,CLOSED,VOICEOVER TECHNIQUES,18,0,0,IN_PERSON,Fry C,MOWE,11:10,12:25,FF,062
34919,MSCH-C 150,LEC,CLOSED,,25,0,3,IN_PERSON,Fournie I,TU,15:55,16:55,FF,215
3492,OVST-R 498,LEC,OPEN,,25,24,0,,Carty S,,,,ARR,
34920,MSCH-C 150,LEC,CLOSED,,25,0,3,IN_PERSON,Ducette M,WE,17:30,18:30,FF,215
34921,MSCH-C 150,LEC,CLOSED,,25,0,5,IN_PERSON,Gillam M,TH,15:55,16:55,FF,215
34922,MSCH-A 325,LEC,OPEN,,18,10,0,IN_PERSON,Rainey L,MOWE,16:30,18:10,FF,216
3493,MIL-G 301,LEC,OPEN,LEADERSHIP & PROBLEM SOLVING,22,3,0,IN_PERSON,Walton T; Vargas R; Cross J,TUTH,12:45,14:00,BH,312
34932,MUS-M 645,LEC,OPEN,,15,5,0,IN_PERSON,Naoumoff E,TUTH,12:45,14:00,MA,405
34933,MUS-M 101,DRL,OPEN,,20,4,0,IN_PERSON,Ospina Romero S,TUTH,08:00,08:50,MA,007
34934,MUS-M 101,DRL,CLOSED,,20,0,1,IN_PERSON,Ospina Romero S,TUTH,10:10,11:00,SM,149C
34935,ANTH-L 400,LEC,OPEN,SEM: ETHNOGRAPHY OF COMM,20,16,0,IN_PERSON,Graber K,TH,09:10,11:40,SB,220
34936,LAW-B 668,LEC,CLOSED,,18,0,1,IN_PERSON,Thusi I,MOWE,14:55,16:20,LW,214
34937,LAW-B 568,LEC,OPEN,,20,5,0,IN_PERSON,Butler Y,TUTH,13:20,14:45,LW,213
34938,LAW-B 528,LEC,OPEN,MOOT COURT BOARD,20,10,0,,McFadden L,,,,ARR,
3494,LAW-B 723,LEC,OPEN,,140,8,0,IN_PERSON,Orenstein A; Miller J,MOTUWE,10:55,11:50,LW,121
34941,LAW-E 508,LEC,OPEN,FUND CLIENT REP,18,2,0,IN_PERSON,Applegate A,TH,09:50,11:50,LW,222
34943,MUS-Z 406,LEC,OPEN,,12,5,0,IN_PERSON,Cook C,TH,13:55,14:55,MU,204
34944,MUS-Z 211,LEC,OPEN,,25,16,0,IN_PERSON,Cueto D,MOWE,15:10,16:10,MU,205
34945,MUS-Z 220,LEC,CLOSED,,30,0,0,IN_PERSON,Bishop D,TUTH,15:55,17:10,SM,C141
3495,SPEA-E 332,LEC,CLOSED,,28,0,3,IN_PERSON,Glaholt S,MOWE,09:35,10:50,PV,273
34952,LAW-L 796,LEC,CLOSED,,24,0,0,IN_PERSON,Madeira J,MO,12:45,14:45,LW,214
34953,CLAS-L 547,LEC,OPEN,,20,4,0,IN_PERSON,Draper K,TUTH,14:20,15:35,BH,318
3496,AAAD-A 264,LEC,OPEN,,127,1,6,,Sailes G,,,,WB,WEB
34963,PSY-P 657,LEC,CLOSED,MOLEC & CELLULAR NEUROBIOLOGY,1,0,0,IN_PERSON,Prieto A,TUTH,09:35,10:50,PY,228
34964,MSCH-B 360,LEC,CLOSED,SPORTS MEDIA NEWSROOM,18,0,0,IN_PERSON,McCarthy A,TUTH,12:45,14:00,FF,052
34965,MSCH-B 360,LEC,CLOSED,SPORTS MEDIA NEWSROOM,18,0,0,IN_PERSON,McCarthy A,TUTH,14:20,15:35,FF,052
34966,LAW-L 799,LEC,CLOSED,THE TERRITORIES,18,0,2,IN_PERSON,Fuentes-Rohwer L; Waters T,MO,16:30,18:30,LW,222
3497,AAAD-A 264,DIS,CLOSED,,29,0,2,IN_PERSON,Sailes G; Abolga B,FR,10:25,11:15,RE,C110
34970,ILS-Z 684,LEC,CLOSED,,13,0,0,IN_PERSON,Silver J,TU,09:10,11:45,LL,105
34971,SPH-N 492,LEC,CLOSED,,1,0,0,,Wang J,,,,ARR,
34972,MSCH-C 150,LEC,CLOSED,,25,0,1,IN_PERSON,Prentice A,MO,08:25,09:15,FF,210
34973,EDUC-E 335,LEC,CLOSED,,5,0,0,,Ray L,,,,WB,WEB
34974,MSCH-R 455,LEC,CLOSED,,18,0,7,IN_PERSON,Marshall B,MOWE,17:30,18:45,FF,058
34975,ENG-L 646,DIS,CLOSED,,15,0,0,IN_PERSON,Pontacoloni M; Baron C,MOWE,09:10,10:00,BH,331
34976,ENG-L 646,DIS,CLOSED,,15,0,0,IN_PERSON,Pontacoloni M; Vonk M,MOWE,15:10,16:00,BH,142
34978,MSCH-C 150,LEC,CLOSED,,20,0,2,IN_PERSON,Bland J,MO,10:00,10:50,BH,336
34979,MSCH-C 150,LEC,CLOSED,,20,0,0,IN_PERSON,Sandweiss E,MO,17:30,18:20,TV,186
3498,AAAD-A 264,DIS,CLOSED,,35,0,0,IN_PERSON,Sailes G; Smith M,FR,10:25,11:15,TE,F104
34980,MSCH-C 150,LEC,CLOSED,,20,0,2,IN_PERSON,Robinson C,TU,12:45,13:35,TV,186
34982,ARTH-A 300,LEC,CLOSED,VIS ARTS OF THE HARLEM REN,5,0,1,IN_PERSON,Wolfskill P,TUTH,11:10,12:25,LI,044B
34984,MSCH-C 150,LEC,CLOSED,,25,0,1,IN_PERSON,Erxleben E,WE,17:30,18:20,FF,114
34985,MSCH-C 150,LEC,CLOSED,,18,0,1,IN_PERSON,Bolstridge E,FR,10:00,10:50,TV,180
34986,MSCH-C 150,LEC,CLOSED,,25,0,2,IN_PERSON,Donald A,WE,11:35,12:25,FF,310
3499,AAAD-A 264,DIS,CLOSED,,35,0,2,IN_PERSON,Sailes G; Smith M,FR,11:35,12:25,TE,F104
34992,EDUC-K 553,LEC,OPEN,,25,10,0,,Dunn J,,,,ARR,
34993,MSCH-F 370,LEC,OPEN,,18,1,0,IN_PERSON,Ijaz N,MOWE,14:15,15:30,FF,304C
34994,MSCH-P 335,LEC,CLOSED,,18,0,3,IN_PERSON,Sheikh K,MOWE,11:10,12:25,FF,214
34995,BUS-F 325,LEC,OPEN,,45,13,0,IN_PERSON,Paul R,TUTH,09:35,10:50,HH,1050
34996,BUS-F 325,LEC,OPEN,,45,3,1,IN_PERSON,Paul R,TUTH,11:10,12:25,HH,1050
34997,SPEA-V 550,LEC,OPEN,PROJECT MGMT & IMPLEMENTATION,19,13,0,IN_PERSON,Burgins R,MOWE,14:20,15:35,EP,256
34998,SPEA-F 526,LEC,OPEN,,24,13,0,IN_PERSON,Nave III J,MO,14:20,17:10,WH,104
3500,AAAD-A 264,DIS,CLOSED,,27,0,2,IN_PERSON,Sailes G; Abolga B,FR,11:35,12:25,ED,1204
3501,SPEA-V 361,LEC,CLOSED,,64,0,11,IN_PERSON,Hsu A,TUTH,09:35,10:50,PV,277
35014,MSCH-C 263,LEC,OPEN,,18,9,0,IN_PERSON,Kincaid J,WE,12:45,14:00,FF,212
35015,EDUC-E 336,LEC,OPEN,,5,4,0,IN_PERSON,Castner D,TH,14:20,16:50,ED,3025
35016,MSCH-G 390,LEC,CLOSED,INTRO TO STORYBOARDING & ANIM,20,0,0,IN_PERSON,Almeida A,MOWE,08:30,09:30,WB,WEB
35019,BIOL-L 323,LEC,CLOSED,,19,0,2,IN_PERSON,Kelley L,WE,12:45,14:00,SY,200
3502,HISP-S 105,LEC,CLOSED,,24,0,3,IN_PERSON,Grimberg S,MOTUWETH,09:10,10:00,BH,105
35020,BIOL-L 323,LAB,CLOSED,,19,0,2,IN_PERSON,Kelley L,MO,12:40,15:40,JH,015
35021,BIOL-L 323,LEC,CLOSED,,3,0,1,IN_PERSON,Kelley L,WE,12:45,14:00,SY,200
35022,BIOL-L 323,LAB,CLOSED,,3,0,1,IN_PERSON,Kelley L,MO,12:40,15:40,JH,015
35023,ENG-W 131,LEC,CLOSED,,23,0,0,IN_PERSON,Luchene D,TUTH,09:35,10:50,BH,237
3503,HISP-S 105,LEC,CLOSED,,24,0,0,IN_PERSON,Mansilla N,MOTUWETH,16:20,17:10,BH,331
3504,HISP-S 200,LEC,CLOSED,,24,0,7,IN_PERSON,Amado R,MOWETH,17:30,18:20,WB,WEB
35045,SPH-K 635,LEC,OPEN,,20,12,0,IN_PERSON,Mickleborough T,MOWE,15:00,16:15,GY,4069
3505,HISP-S 250,LEC,CLOSED,,24,0,0,IN_PERSON,Jarrin Paredes G,MOWEFR,16:20,17:10,GA,0005
3507,PSY-P 304,LEC,OPEN,,106,9,0,IN_PERSON,Hirt E,MOWEFR,09:10,10:00,GY,1045
35077,HIST-T 590,LEC,CLOSED,EARLY AMERICAN HISTORY,15,0,3,ONLINE,Werking C,,,,OL,ONLINE
3508,MSCH-P 369,LEC,CLOSED,,18,0,0,IN_PERSON,Herber N,MOWE,08:50,10:50,TV,250
3509,GNDR-G 101,LEC,CLOSED,,25,0,1,IN_PERSON,Johnson C; Achimugu L,MOWE,09:10,10:00,LH,025
35099,BIOL-L 112,DIS,CLOSED,,18,0,1,IN_PERSON,Shafer III O,TU,19:55,20:45,JH,A105
3510,GNDR-G 101,LEC,CLOSED,,25,0,2,IN_PERSON,Johnson C; Dannatt K,MOWE,10:25,11:15,LH,101
35101,ENG-W 103,DIS,CLOSED,,0,0,0,IN_PERSON,Bledsoe B,MOFR,10:25,11:15,GY,4069
35102,HIST-T 571,LEC,CLOSED,MODERN SPORT,20,0,0,ONLINE,McFarland A,,,,OL,ONLINE
3511,GNDR-G 101,LEC,CLOSED,,25,0,2,IN_PERSON,Johnson C; Achimugu L,MOWE,10:25,11:15,LH,025
35114,MSCH-F 392,LEC,CLOSED,THE CRIME CENTERED DOCUMENTARY,8,0,0,IN_PERSON,Tolchinsky D,TH,15:55,18:25,FF,304C
35116,HON-H 240,LEC,OPEN,SCI'S IMPACT: DEMOCRACY & PEACE,22,10,0,IN_PERSON,Fort T,TUTH,15:55,17:10,ARR,
35117,MSCH-C 592,LEC,OPEN,THE CRIME CENTERED DOCUMENTARY,6,5,0,IN_PERSON,Tolchinsky D,TH,15:55,18:25,FF,304C
3512,GNDR-G 101,LEC,CLOSED,,25,0,4,IN_PERSON,Johnson C; Dannatt K,MOWE,11:35,12:25,LH,101
35126,SPCN-V 550,LEC,OPEN,ENVIRONMENTAL POLICY,30,4,0,,Flynn D,,,,WB,WEB
3513,GNDR-G 101,LEC,CLOSED,,25,0,2,IN_PERSON,Johnson C; Tenoglia O,MOWE,11:35,12:25,LH,025
35132,SPCN-V 550,LEC,CLOSED,"ADVOCACY, LOBBYING & POLICYMAKING",30,0,1,,Nicholson-Crotty J,,,,WB,WEB
35133,CHEM-T 555,LEC,OPEN,ANALYTICAL CHEMISTRY,20,9,0,ONLINE,Tanner A,,,,OL,ONLINE
3514,GNDR-G 101,LEC,CLOSED,,25,0,1,IN_PERSON,Johnson C; Tenoglia O,MOWE,13:55,14:45,LH,101
35142,ENGR-E 599,LEC,OPEN,TEACHING ENGINEERING,5,3,0,IN_PERSON,Sadik O,WE,15:55,18:25,IF,4063
3515,GNDR-G 101,LEC,CLOSED,,25,0,2,IN_PERSON,Johnson C; Hunsicker R,MOWE,13:55,14:45,LH,025
3516,EDUC-M 422,LEC,OPEN,,19,19,0,IN_PERSON,Burch L,MOWE,16:05,17:20,ED,3017
35166,BUS-F 303,LEC,CLOSED,,50,0,5,IN_PERSON,Maciocco A,TUTH,17:30,18:45,HH,3000
35167,BUS-F 303,LEC,CLOSED,,50,0,2,IN_PERSON,Maciocco A,TUTH,19:05,20:20,HH,3000
3517,EDUC-M 403,LEC,OPEN,LAB/FIELD EXPS: MATHEMATICS,10,10,0,IN_PERSON,Burch L; Crissman A,WE,17:45,18:35,ED,3017
35172,BUS-F 325,LEC,CLOSED,,45,0,1,IN_PERSON,Paul R,TUTH,12:45,14:00,HH,1050
35174,MSCH-C 360,LEC,CLOSED,GET A JOB IN DIGITAL MEDIA & ENT,16,0,0,IN_PERSON,Snyder B,FR,13:00,18:00,FF,114
3518,EDUC-S 303,LEC,OPEN,CLASSROOM MANAGEMENT,10,10,0,IN_PERSON,Burch L; Crissman A,WE,17:45,18:35,ED,3017
3519,EDUC-M 421,LEC,OPEN,,25,25,0,IN_PERSON,Paulson A,TH,14:20,16:50,ED,3275
35191,ANTH-P 575,LEC,CLOSED,,5,0,0,IN_PERSON,King S,TU,09:10,11:40,SB,220
35198,CSCI-T 550,LEC,OPEN,,24,16,0,ONLINE,Abiona O,,,,OL,ONLINE
3520,EDUC-S 303,LEC,OPEN,CLASSROOM MANAGEMENT,25,25,0,IN_PERSON,Reardon S,TH,09:10,10:00,ED,3115
35204,CSCI-T 500,LEC,OPEN,,20,16,0,ONLINE,Roberts M,,,,OL,ONLINE
3521,EDUC-M 446,LEC,OPEN,,20,20,0,IN_PERSON,Maltese A,MOWE,15:55,17:10,ED,3105
35213,CLAS-C 421,LEC,OPEN,,10,2,0,IN_PERSON,Poppen E,MOWE,09:35,10:50,GY,1050
35215,CLAS-C 503,LEC,OPEN,,5,4,0,IN_PERSON,Poppen E,MOWE,09:35,10:50,GY,1050
35216,ECON-E 724,LEC,OPEN,EXPERIMENTAL WORKSHOP,15,10,0,IN_PERSON,Avoyan A,WE,15:00,17:40,WY,225
35218,ECON-E 490,LEC,OPEN,ADVANCED MACROECONOMIC THEORY,18,14,0,IN_PERSON,Guler B,TH,15:55,18:25,WY,005
3522,EDUC-M 403,LEC,OPEN,LAB/FIELD EXPS: SCIENCE,20,20,0,,Maltese A; Dolino L,,,,ARR,
35225,CMLT-C 581,LEC,OPEN,,15,9,0,IN_PERSON,Valentino R,TUTH,11:10,12:25,BH,318
35226,CMLT-C 680,LEC,OPEN,,15,9,0,IN_PERSON,Valentino R,TUTH,11:10,12:25,BH,318
3523,POLS-Y 205,LEC,CLOSED,,120,0,3,IN_PERSON,DeSante C,MOWE,14:20,15:35,RB,110
35237,MUS-V 900,LEC,OPEN,,15,8,0,,Vaness C,,,,ARR,
35238,MUS-T 134,DRL,CLOSED,,25,0,1,IN_PERSON,Hannan C,MOWE,11:35,12:25,MA,004
35239,CSCI-C 460,LEC,OPEN,,36,14,0,IN_PERSON,Emigh W,MOWE,11:10,12:25,FF,073
3524,EDUC-S 303,LEC,OPEN,CLASSROOM MANAGEMENT,20,20,0,IN_PERSON,Maltese A; Dolino L,WE,17:30,18:20,ED,3015
35240,ARTH-A 490,LEC,CLOSED,TOPOG/MONUMENTS OF ANCNT ROME,10,0,0,IN_PERSON,Poppen E,MOWE,09:35,10:50,GY,1050
35241,ARTH-A 501,LEC,OPEN,THE ANCIENT CITY,5,3,0,IN_PERSON,Poppen E,MOWE,09:35,10:50,GY,1050
35242,SPEA-E 555,LEC,OPEN,ENV SUSTAIN ACROSS SYST & SCAL,30,20,0,,Eldon J,,,,WB,WEB
35245,FRIT-F 603,LEC,OPEN,,10,3,0,IN_PERSON,Vance B,TUTH,16:30,17:45,PY,113
35246,ECON-E 370,LEC,CLOSED,,35,0,6,IN_PERSON,Zhang A,MOWE,12:45,14:00,AC,C002
35247,BUS-F 205,LEC,OPEN,,44,1,0,IN_PERSON,Crigler E,FR,09:00,11:30,HH,2006
35249,THTR-T 301,LEC,OPEN,,20,4,0,IN_PERSON,Simons C,MOWE,09:00,10:30,AD,A350
3525,EDUC-A 308,LEC,CLOSED,,88,0,2,IN_PERSON,Decker J,MO,17:30,18:45,ED,1120
35257,BUS-F 375,LEC,OPEN,,57,1,0,IN_PERSON,Renn G,TU,19:05,20:20,HH,1050
35258,HPSC-X 200,LEC,CLOSED,,25,0,1,IN_PERSON,Iannetta C,MOWE,12:45,14:00,WH,109
35259,MUS-L 800,LEC,OPEN,,5,4,0,,Kim J,,,,ARR,
3526,EDUC-A 308,DIS,CLOSED,,22,0,2,IN_PERSON,Levy H,WE,17:30,18:45,ED,2275
35260,MUS-U 406,LEC,OPEN,,8,1,0,IN_PERSON,Speiran Wells K,TUTH,11:10,12:25,MA,453A
35262,MUS-U 501,LEC,OPEN,,8,1,0,IN_PERSON,Speiran Wells K,TUTH,11:10,12:25,MA,453A
35264,JSTU-C 260,LEC,OPEN,,22,11,0,IN_PERSON,Katz S,TUTH,15:55,18:25,SY,200
35265,OVST-U 494,LEC,OPEN,,20,19,0,,Carty S,,,,ARR,
35266,JSTU-L 270,LEC,CLOSED,,22,0,0,IN_PERSON,Katz S,TUTH,15:55,18:25,SY,200
35267,OVST-O 499,LEC,OPEN,,15,14,0,,Carty S,,,,ARR,
35269,LAW-B 775,LEC,OPEN,,38,11,0,IN_PERSON,Eikenberry S,TUTH,14:55,16:20,LW,213
3527,EDUC-A 308,DIS,CLOSED,,22,0,3,IN_PERSON,McCrackin C,WE,17:30,18:45,ED,1225
35273,LAW-E 616,LEC,CLOSED,,20,0,1,,Pogue B; Rompon J,,,,ARR,
35275,BUS-D 351,LEC,OPEN,,35,7,0,IN_PERSON,Davis J,TUTH,15:55,17:10,HH,1038
35277,ENGR-E 516,LEC,OPEN,,40,19,0,ONLINE,Song F,,,,OL,ONLINE
35278,INFO-I 500,LAB,OPEN,,5,5,0,IN_PERSON,Qaaidi S,FR,11:30,12:20,I,109
35279,INFO-I 500,LAB,OPEN,,5,5,0,IN_PERSON,Qaaidi S,FR,12:40,13:30,IF,1019
3528,EDUC-A 308,DIS,CLOSED,,22,0,5,IN_PERSON,Howard A,WE,17:30,18:45,ED,2025
35283,CSCI-B 490,LEC,OPEN,AGENTIC PROGRAMMING,15,5,0,IN_PERSON,Tobin-Hochstadt S,TUTH,11:10,12:25,PV,A205
35284,CSCI-B 629,LEC,CLOSED,AGENTIC PROGRAMMING,10,0,4,IN_PERSON,Tobin-Hochstadt S,TUTH,11:10,12:25,PV,A205
35285,INFO-I 590,LEC,OPEN,TCHNG OF UNDERGRAD INFORMATICS,5,5,0,IN_PERSON,Sadik O,WE,15:55,18:25,IF,4063
35286,INFO-I 590,LEC,OPEN,SNP DISCOVRY & POPULATN GENETICS,20,12,0,IN_PERSON,Hahn M,TUTH,12:45,14:00,BH,145
35289,THTR-T 483,LEC,OPEN,PLAYWRITING SEMINAR,6,2,0,IN_PERSON,Carneiro A,WE,13:00,16:00,AD,A262
3529,INFO-I 101,LAB,OPEN,,32,1,0,IN_PERSON,Paul L,TUTH,14:20,15:35,BH,308
35290,CSCI-B 505,LEC,OPEN,,30,3,0,ONLINE,Ergun F,,,,OL,ONLINE
35291,SPEA-E 574,LEC,OPEN,,30,20,0,,Thompson Q,,,,WB,WEB
35297,SPCN-V 538,LEC,OPEN,,30,14,0,,Mc'Lean Bent S,,,,WB,WEB
35298,BUS-S 306,LEC,CLOSED,,35,0,0,IN_PERSON,Brendel A,TUTH,14:20,15:35,HH,4079
35299,BUS-S 306,LEC,CLOSED,,35,0,0,IN_PERSON,Brendel A,TUTH,15:55,17:10,HH,4079
3530,INFO-I 211,LEC,OPEN,,60,1,2,IN_PERSON,Muehlhaus K,MOWE,14:20,15:35,I,E150
35303,OVST-Q 499,LEC,OPEN,,30,28,0,,Carty S,,,,ARR,
35304,SPH-K 350,LEC,CLOSED,BEH ASPECT OF PHYSICAL ACT,30,0,4,,Rotich J,,,,WB,WEB
35305,MSCH-C 360,LEC,OPEN,VIDEO JOURNALISM BOOTCAMP,16,8,0,IN_PERSON,,FR,13:00,18:00,FF,114
35306,CHEM-T 540,LEC,OPEN,,20,5,0,ONLINE,Waingeh V,,,,OL,ONLINE
3531,INFO-I 211,LAB,OPEN,,24,4,1,IN_PERSON,Muehlhaus K,TH,11:10,12:25,I,232
35312,EDUC-Z 700,LEC,OPEN,,6,2,0,,Manifold M,,,,WB,WEB
35313,BUS-F 355,LEC,CLOSED,STRATEGIC FINANCIAL ADVISORY,51,0,2,IN_PERSON,Arcot S,MOWE,14:20,15:35,HH,3000
35314,BUS-F 355,LEC,CLOSED,STRATEGIC FINANCIAL ADVISORY,51,0,1,IN_PERSON,Wegener M,MOWE,15:55,17:10,CG,2061
35315,BUS-F 355,LEC,CLOSED,STRATEGIC FINANCIAL ADVISORY,48,0,1,IN_PERSON,Torabi A,TUTH,14:20,15:35,HH,1038
35316,BUS-F 355,LEC,OPEN,STRATEGIC FINANCIAL ADVISORY,51,5,0,IN_PERSON,Wertz J,TUTH,15:55,17:10,CG,2061
3532,INFO-I 211,LAB,CLOSED,,30,0,0,IN_PERSON,Hayes A,FR,09:35,10:50,IF,4111
35325,SPEA-V 186,PRA,CLOSED,,34,0,2,IN_PERSON,Rahman S,TH,19:00,19:50,BQ,C129
35326,PHYS-P 625,LEC,OPEN,,24,17,0,IN_PERSON,Dag C,TUTH,14:20,15:35,SW,103
35328,BUS-F 400,LEC,OPEN,,175,54,0,IN_PERSON,Haeberle D,FR,12:00,13:15,HH,1000
35334,NURS-K 310,LEC,OPEN,,10,5,0,,Borders A,,,,WB,WEB
35335,SPEA-P 541,LEC,OPEN,,40,33,0,IN_PERSON,Ross J,MOWE,08:00,09:15,PV,A221
35336,SPEA-V 550,LEC,OPEN,VALUE BASED PROF LEAD DC ACCEL,30,21,0,IN_PERSON,Allison D,TUTH,08:00,09:15,PV,A223
35337,SPEA-E 555,LEC,OPEN,WATER SUPPLY & WW TREATMENT,24,3,0,IN_PERSON,Balson T,TUTH,12:45,14:00,BQ,C129
3534,SLHS-S 333,LEC,CLOSED,,60,0,12,IN_PERSON,Dowling M,MOWE,12:45,14:00,GA,1134
35343,MATH-G 901,LEC,OPEN,,5,3,0,,Hanselman J,,,,ARR,
35346,EALC-E 600,LEC,OPEN,"CRITCL STD: GLBL KOR LIT, CULT",3,1,0,IN_PERSON,Han B,TU,14:30,17:30,WB,WEB
35349,EDUC-Y 660,LEC,OPEN,OUTLINING WRITING QUALTV RSRCH,10,1,0,,Carspecken L,,,,WB,WEB
3535,SLHS-S 524,LEC,CLOSED,,2,0,0,IN_PERSON,Dowling M,MOWE,12:45,14:00,GA,1134
3536,SLHS-S 771,LEC,OPEN,,20,8,0,,Urbanski D,,,,WB,WEB
35365,SLHS-S 569,LEC,CLOSED,,1,0,0,,Wade C,,,,ARR,
3537,PHYS-P 202,LAB,OPEN,,24,2,0,IN_PERSON,Warren G; Evans H,MO,18:40,20:35,SW,113
35370,LAW-E 771,LEC,CLOSED,,12,0,5,IN_PERSON,Pappas B,FRSASU,08:30,17:00,LW,203
35373,ILS-Z 399,LEC,CLOSED,,40,0,0,,Ghazinejad A,,,,WB,WEB
35374,ILS-Z 604,LEC,CLOSED,SOCIETAL IMPACT OF AI,40,0,0,,Ghazinejad A,,,,WB,WEB
35378,MSCH-T 505,LEC,OPEN,,12,4,0,IN_PERSON,Sawhney H,WE,18:00,20:30,FF,062
3538,CHEM-C 103,DIS,CLOSED,,42,0,5,IN_PERSON,Anderson M; Kiran V,MOWE,09:10,10:00,BH,340
35381,BUS-F 303,LEC,CLOSED,,50,0,3,IN_PERSON,Nam J,TUTH,08:00,09:15,HH,3000
35382,BUS-F 305,LEC,CLOSED,,50,0,0,IN_PERSON,Durguner S,MOWE,19:05,20:20,HH,1030
35384,HIST-T 530,LEC,CLOSED,,15,0,0,ONLINE,Mason T,,,,OL,ONLINE
3539,CHEM-C 103,DIS,CLOSED,,44,0,0,IN_PERSON,Smith L,MOWE,11:35,12:25,LH,008
35395,CSCI-B 551,LEC,CLOSED,,40,0,1,ONLINE,Zhou D,,,,OL,ONLINE
35399,ECON-E 251,LEC,CLOSED,,155,0,46,IN_PERSON,Valdivia D,TUTH,15:55,17:10,ED,1120
3540,CHEM-C 117,DIS,CLOSED,,45,0,4,IN_PERSON,Sheldon C,MO,16:20,17:10,SE,140
35403,DSCI-Y 399,LEC,CLOSED,,5,0,0,,Dalkilic M,,,,ARR,
35404,CSCI-B 544,LEC,OPEN,,40,14,0,ONLINE,Huang Y,,,,OL,ONLINE
35405,INST-B 200,LEC,OPEN,,15,13,0,IN_PERSON,Shikder M; Manring R,MOTUWETH,12:45,13:35,PY,113
35406,INST-B 508,LEC,OPEN,,15,13,0,IN_PERSON,Shikder M; Manring R,MOTUWETH,12:45,13:35,PY,113
35407,THTR-T 608,LEC,OPEN,,5,3,0,IN_PERSON,Milam H,MOWE,09:35,10:50,TH,A203
35408,CULS-C 701,LEC,OPEN,,14,9,0,IN_PERSON,Harriss C,TU,16:00,18:30,SY,224
3541,CHEM-C 341,DIS,CLOSED,,46,0,2,IN_PERSON,Wellik A,WE,11:35,12:25,BH,008
35410,EDUC-G 222,LEC,CLOSED,,28,0,0,,Altintas-Atay O,,,,WB,WEB
35413,SLAV-S 201,LEC,OPEN,,6,4,0,IN_PERSON,Ozcelik T,MOWEFR,10:25,11:15,WB,WEB
35414,SPH-F 348,LEC,OPEN,,24,13,0,IN_PERSON,Engels J,MOWE,12:45,14:00,EP,256
35416,DSCI-D 590,LEC,OPEN,AI ON-RAMP,40,32,0,,Mao T,,,,WB,WEB
35418,INTL-I 399,LEC,OPEN,POLITICS & SOCIETY-CENTRAL ASIA,20,5,0,IN_PERSON,Kamp M,TUTH,11:10,12:25,BH,105
35419,INTL-I 399,LEC,CLOSED,COMPARATIVE FOREIGN POLICY,64,0,0,IN_PERSON,Spechler D,TUTH,12:45,14:00,WH,111
3542,CHEM-C 342,DIS,CLOSED,,40,0,2,IN_PERSON,Ward C,WE,13:55,14:45,PH,019
35420,INTL-I 399,LEC,OPEN,IRELAND IN THE WORLD,35,32,0,IN_PERSON,Hunt K,TUTH,09:35,10:50,WH,008
35422,INTL-I 399,LEC,CLOSED,CONTEMP THEORIES INTL POLITICS,35,0,0,IN_PERSON,Zajac J,MOWE,14:20,15:35,FR,C230
35423,SLAV-S 401,LEC,CLOSED,,3,0,0,IN_PERSON,Ozcelik T,TUTH,11:10,12:25,GA,4021
35424,LAW-E 723,LEC,CLOSED,,16,0,0,IN_PERSON,Orenstein A; Miller J,WE,16:30,17:35,LW,214
35425,LAW-E 538,LEC,OPEN,,1,1,0,,,,,,ARR,
35426,BUS-S 571,LEC,OPEN,,20,2,0,,Handlos G,,,,ARR,
3543,CHEM-C 342,DIS,CLOSED,,40,0,0,IN_PERSON,Ward C,WE,16:20,17:10,BH,206
35439,PSY-P 690,LEC,OPEN,RESEARCH ASSESSMENT PRACTICUM,10,9,0,,Moussa-Tooks A,,,,ARR,
3544,CHEM-C 483,LEC,OPEN,,120,20,1,IN_PERSON,Hollenbeck J,MOWEFR,09:10,10:00,CH,033
35441,ENG-W 350,LEC,CLOSED,,25,0,3,IN_PERSON,Betz II R,TUTH,14:20,15:35,BH,306
35442,ENG-W 131,LEC,CLOSED,,23,0,4,IN_PERSON,Rivera A,TUTH,12:45,14:00,AD,A152
35443,ENG-W 131,LEC,CLOSED,,23,0,3,IN_PERSON,Rivera A,TUTH,14:20,15:35,BH,336
35444,ENG-W 131,LEC,CLOSED,,23,0,3,IN_PERSON,Keeley L; Watt C,TUTH,11:35,12:25,WB,WEB
35445,ENG-W 131,LEC,CLOSED,,23,0,1,IN_PERSON,Thomas A; Watt C,WEFR,11:35,12:25,WB,WEB
35446,ENG-W 131,LEC,CLOSED,,23,0,0,IN_PERSON,Watt C; Thomas A,WEFR,12:45,13:35,WB,WEB
35447,ENG-L 206,LEC,CLOSED,,25,0,0,IN_PERSON,Baxipatra M,TUTH,15:55,17:10,BH,245
3545,CHEM-C 485,LEC,OPEN,,60,5,0,IN_PERSON,Widlanski T; Hernandez N,MOWEFR,10:25,11:15,CH,033
35453,CEUS-X 490,LEC,CLOSED,,1,0,0,,Rabsal G,,,,ARR,
35454,MATH-M 211,LEC,CLOSED,,70,0,4,IN_PERSON,Haug J,MOWEFR,08:00,08:50,SE,105
35455,MATH-M 211,RCT,CLOSED,,34,0,2,IN_PERSON,Haug J; Wang A,TH,08:00,08:50,SE,010
35456,MATH-M 211,RCT,CLOSED,,36,0,2,IN_PERSON,Haug J; Graber A,TH,08:00,08:50,SE,240
3546,THTR-T 125,LEC,OPEN,,100,1,0,IN_PERSON,Sickmeier K,MOWE,11:10,12:25,TH,A201
35466,HON-BA 298,LEC,OPEN,,20,9,0,,Libby A; Wasserman M; Heerdink-Santos J,,,,ARR,
35467,HON-H 251,LEC,OPEN,PLAN HLTH & CLIM CHNG COSTA RICA,20,20,0,,Libby A; Wasserman M; Heerdink-Santos J,,,,ARR,
35468,HON-H 251,LEC,OPEN,ART AND POWER IN FLORENCE,20,3,0,,Arnaudo M,,,,ARR,
3547,THTR-T 305,LEC,OPEN,,15,3,0,IN_PERSON,Sage R,WE,16:45,18:15,AD,A280
35470,HON-X 298,LEC,OPEN,INTERNATIONAL FIELDWORK,20,20,0,,Libby A; Wasserman M; Heerdink-Santos J,,,,ARR,
35471,AFRI-L 100,LEC,OPEN,LANGUAGES OF WEST AFRICA,29,28,0,IN_PERSON,Ofori S,MOWE,15:10,17:40,SW,221
35472,HIST-T 530,LEC,CLOSED,,15,0,0,ONLINE,Mason T,,,,OL,ONLINE
3548,ILS-Z 690,LEC,OPEN,,12,11,0,,Hara N,,,,ARR,
35483,HON-H 251,LEC,OPEN,HIST & CULTURES OF CENTRAL ASIA,20,8,0,,Saburova T,,,,ARR,
35484,MELC-E 590,LEC,OPEN,,1,1,0,,Vinson S,,,,ARR,
35485,SICE-Y 100,LEC,OPEN,,35,22,0,IN_PERSON,Winkle R,TU,14:20,15:35,HU,217
35488,CEUS-T 131,LEC,OPEN,,10,10,0,IN_PERSON,Nazarova G,MOWEFR,11:35,12:25,BH,106
35489,CEUS-T 131,LEC,OPEN,,5,5,0,IN_PERSON,Nazarova G,MOWEFR,11:35,12:25,WB,WEB
35490,CEUS-T 131,LEC,OPEN,,5,5,0,IN_PERSON,Nazarova G,MOWEFR,11:35,12:25,WB,WEB
35491,GEOG-G 589,LEC,OPEN,,25,6,0,IN_PERSON,He Y,MOWE,09:35,10:50,SB,221
35492,CEUS-T 531,LEC,OPEN,,10,10,0,IN_PERSON,Nazarova G,MOWEFR,11:35,12:25,BH,106
35493,CEUS-T 531,LEC,OPEN,,5,5,0,IN_PERSON,Nazarova G,MOWEFR,11:35,12:25,WB,WEB
35494,CEUS-T 531,LEC,OPEN,,5,5,0,IN_PERSON,Nazarova G,MOWEFR,11:35,12:25,WB,WEB
35497,MUS-T 232,LEC,CLOSED,,15,0,0,IN_PERSON,Cummings O,MOWE,09:10,10:00,MU,204
35498,MUS-E 358,LEC,OPEN,,10,1,0,IN_PERSON,Duarte D,MOWEFR,17:30,18:20,SM,356
35499,MUS-E 558,LEC,OPEN,,10,1,0,IN_PERSON,Duarte D,MOWEFR,17:30,18:20,SM,356
3550,LTAM-Q 101,LEC,OPEN,,5,4,0,IN_PERSON,Konwest E,TUTH,09:00,11:00,WB,WEB
35500,MUS-M 594,LEC,OPEN,,15,8,0,IN_PERSON,Wallarab B,MOWE,11:35,12:25,SM,242
35503,BUS-F 305,LEC,CLOSED,,50,0,23,IN_PERSON,Zhao L,MOWE,15:55,17:10,HH,1000
35504,BUS-F 305,LEC,CLOSED,,50,0,13,IN_PERSON,Zhao L,MOWE,17:30,18:45,HH,2000
35505,INFO-I 121,LEC,CLOSED,,40,0,0,IN_PERSON,Wood J,TUTH,15:55,17:10,AC,C114
35508,INFO-I 441,LEC,OPEN,,5,3,0,IN_PERSON,Siegel M,TU,16:00,18:30,IF,2069
35509,GEOG-G 551,LEC,OPEN,,10,5,0,IN_PERSON,Carlson G,TUTH,12:45,14:00,SB,005
3551,FRIT-F 875,LEC,OPEN,,20,20,0,,Dekydtspotter L,,,,ARR,
35513,ECON-E 322,LEC,CLOSED,,60,0,1,IN_PERSON,Wallace W,MOWE,11:10,12:25,WY,005
35514,CSCI-T 530,LEC,OPEN,,40,31,0,ONLINE,Xia Y,,,,OL,ONLINE
3552,FRIT-M 875,LEC,OPEN,,15,15,0,,Dekydtspotter L,,,,ARR,
35522,MUS-B 930,LEC,OPEN,,18,15,0,,Ellefson P,,,,ARR,
35523,MUS-C 430,LEC,OPEN,,15,11,0,IN_PERSON,Smith J,TUTH,09:10,10:00,MA,406
35527,ENGR-E 201,LAB,OPEN,,15,10,0,IN_PERSON,Swany M,FR,11:10,12:25,IF,4111
3553,MUS-T 410,LEC,OPEN,ANALYSIS OF HIP HOP,16,6,0,IN_PERSON,Adams K,TUTH,12:45,14:00,MA,006
35536,CJUS-X 498,LEC,OPEN,,10,10,0,,Ghazi-Tehrani A,,,,ARR,
35539,HON-X 298,LEC,CLOSED,HONORS INDEPENDENT RESEARCH,1,0,0,,Ketterson E,,,,ARR,
3554,BUS-G 300,LEC,CLOSED,,60,0,10,IN_PERSON,Rauh M,MOWE,11:10,12:25,WB,WEB
35540,CSCI-C 335,LAB,OPEN,,14,12,0,IN_PERSON,Swany M,FR,11:10,12:25,IF,4111
35541,CSCI-B 590,LAB,CLOSED,ROBOT KINEMATICS,0,0,0,IN_PERSON,Swany M,FR,11:10,12:25,IF,4111
35547,MSCI-M 508,LEC,OPEN,,10,5,0,IN_PERSON,Nephew K,WEFR,10:00,12:00,ARR,
35549,SPH-R 598,LEC,OPEN,,5,4,0,,Knapp J,,,,ARR,
3555,BUS-G 345,LEC,CLOSED,,50,0,6,IN_PERSON,Marchionne F,MOWE,14:20,15:35,HH,3006
35550,SICE-Y 100,LEC,OPEN,,30,25,0,IN_PERSON,Posto A,TU,14:20,15:35,AC,C118
35554,EAS-E 131,LEC,CLOSED,,60,0,19,,Brassell S,,,,WB,WEB
35557,ENGR-E 516,LEC,OPEN,,10,9,0,ONLINE,Song F,,,,OL,ONLINE
35558,SLAV-R 223,LEC,CLOSED,,25,0,0,IN_PERSON,Iusupova S,MOWEFR,15:10,16:00,LH,008
3556,MUS-G 370,LEC,CLOSED,,15,0,1,IN_PERSON,Smedley E,MOTUWETHFR,11:35,12:25,MC,066
35561,LAW-B 658,LEC,OPEN,LEGL PERSPECTVS ON EDUC,18,7,0,IN_PERSON,Decker J,TUTH,14:55,16:20,LW,222
3557,SPEA-H 267,LEC,CLOSED,,45,0,0,IN_PERSON,Levell T,TUTH,08:25,09:15,PV,A335
35573,SPEA-H 525,LEC,CLOSED,,32,0,0,,Cliff B,,,,WB,WEB
3558,SPEA-V 184,LEC,CLOSED,,64,0,2,IN_PERSON,Bushey T,TUTH,17:30,18:45,PV,277
35582,CSCI-C 241,LEC,OPEN,,100,20,0,IN_PERSON,Wennstrom E,TUTH,11:10,12:25,IF,1106
35583,CSCI-C 241,DIS,OPEN,,25,5,0,IN_PERSON,Wennstrom E,TH,17:30,19:25,IF,1104
35584,CSCI-C 241,DIS,CLOSED,,25,0,0,IN_PERSON,Wennstrom E,FR,11:35,13:30,IF,1104
35585,CSCI-C 241,DIS,OPEN,,25,2,0,IN_PERSON,Wennstrom E,FR,13:55,15:50,I,E150
35586,CSCI-C 241,DIS,OPEN,,25,13,0,IN_PERSON,Wennstrom E,FR,16:20,18:15,I,E130
3559,SPEA-V 184,LEC,CLOSED,,64,0,5,IN_PERSON,Engels E,TUTH,15:55,17:10,PV,274
3560,CHEM-C 118,LAB,CLOSED,,24,0,0,IN_PERSON,Singh P,TH,08:00,11:00,CH,027
3561,CHEM-C 118,LAB,CLOSED,,24,0,2,IN_PERSON,Bullard Q,TH,11:30,14:30,CH,027
35613,EDUC-P 650,LEC,OPEN,INTRO EVIDENCE BASED PRAC S,15,9,0,,Mu N,,,,WB,WEB
35614,SPH-N 539,LEC,CLOSED,,1,0,0,,Gletsu Miller N,,,,ARR,
35615,SPH-E 692,LEC,OPEN,,3,2,0,,Wilke A,,,,ARR,
35619,ARTH-A 226,LEC,CLOSED,,39,0,0,IN_PERSON,Gittleman E,MOWE,12:45,14:00,JH,A106
3562,CHEM-C 118,LAB,OPEN,,24,1,1,IN_PERSON,Crenshaw J,TH,15:00,18:00,CH,027
35624,ENGR-E 101,LAB,CLOSED,,30,0,0,IN_PERSON,Himebaugh B,MOWE,11:10,12:25,IF,4010
35625,THTR-T 203,LEC,OPEN,,25,17,0,IN_PERSON,Fellman R,MO,17:00,18:30,TH,A207
35626,OVST-B 496,LEC,OPEN,,40,40,0,,Carty S,,,,ARR,
35628,MUS-N 340,LEC,OPEN,,10,9,0,IN_PERSON,Kim J,TUTH,18:40,19:30,SM,344
35629,MUS-N 540,LEC,OPEN,,10,5,0,IN_PERSON,Kim J,TUTHFR,18:40,19:30,SM,344
3563,PHYS-X 473,LEC,OPEN,,30,30,0,,Baxter D,,,,ARR,
35631,INTL-L 360,LEC,OPEN,CRIMES AGAINST HUMANITY,35,14,0,IN_PERSON,Burkhardt T,MOWE,09:35,10:50,LI,026
35632,MSCH-C 219,LEC,CLOSED,,18,0,2,IN_PERSON,Shitemi B,MOWE,14:20,15:35,FF,003
35633,MSCH-D 331,LEC,CLOSED,,18,0,2,IN_PERSON,Tarannum A,MOWE,09:35,10:50,FF,058
35634,SGIS-S 300,LEC,OPEN,GLOBAL DEV'T CONSULTING CLINIC,35,4,0,IN_PERSON,Cohen E; Sherry J,FR,13:55,15:55,GA,1100
35636,SPH-M 514,LEC,OPEN,,30,6,0,,Williams A,,,,WB,WEB
35637,MSCH-H 399,LEC,CLOSED,,1,0,0,,Glennon J,,,,ARR,
3564,PHYS-S 409,LEC,OPEN,,30,30,0,,Baxter D,,,,ARR,
35640,ASCS-Q 295,LEC,CLOSED,,50,0,0,IN_PERSON,Allen C,TUTH,17:30,18:20,EP,206
35641,EALC-E 350,LEC,OPEN,KOREAN MEDIA CULTURE,35,26,0,IN_PERSON,Han B,MOWE,09:35,10:50,I,107
35642,EALC-E 505,LEC,OPEN,KOREAN MEDIA CULTURE,35,26,0,IN_PERSON,Han B,MOWE,09:35,10:50,I,107
35645,MSCH-C 360,LEC,OPEN,LATE NIGHT TV COMEDY,16,10,0,IN_PERSON,,FR,13:00,18:00,FF,114
3565,SPEA-V 246,LEC,CLOSED,,64,0,17,IN_PERSON,McCaster A,TUTH,12:45,14:00,PV,A201
35654,SPEA-V 348,LEC,CLOSED,,34,0,7,IN_PERSON,Ma J,MOWE,14:20,15:35,BQ,C129
35659,OVST-B 496,LEC,OPEN,,40,40,0,,Carty S,,,,ARR,
3566,OVST-S 498,LEC,OPEN,,25,25,0,,Carty S,,,,ARR,
35660,HHC-H 202,LEC,CLOSED,,24,0,0,IN_PERSON,Ely M,FR,12:45,14:00,HU,108
35662,ILS-Z 501,LEC,CLOSED,,18,0,0,IN_PERSON,Day R,MO,15:10,17:40,GY,1032
35663,ILS-Z 501,LEC,OPEN,,25,3,0,IN_PERSON,Day R,MO,09:35,12:10,IF,3111
35664,ILS-Z 516,LEC,OPEN,,22,10,0,IN_PERSON,Soe Y,MOWE,09:35,10:50,IF,0117
35665,ILS-Z 583,LEC,CLOSED,,19,0,1,IN_PERSON,Silver J,TH,09:10,11:45,LL,013
35666,ILS-Z 652,LEC,OPEN,,20,1,0,IN_PERSON,Walsh J,TH,09:10,11:45,SY,108
35667,ILS-Z 657,LEC,CLOSED,,15,0,2,IN_PERSON,Boyles C,TU,12:45,15:15,SW,221
3567,OVST-I 498,LEC,OPEN,,25,25,0,,Carty S,,,,ARR,
35674,SPCN-V 548,LEC,OPEN,,30,1,0,,,,,,WB,WEB
3568,HISP-S 105,LEC,CLOSED,,24,0,0,IN_PERSON,Giacomino L,MOTUWETH,19:55,20:45,WB,WEB
35680,HHC-H 202,LEC,OPEN,,24,1,0,IN_PERSON,Storsved B,FR,09:35,10:50,HU,217
3569,MUS-F 340,LEC,CLOSED,,12,0,0,IN_PERSON,Conjurske J,TUTH,11:35,12:25,SM,C113
35698,BUS-K 635,LEC,OPEN,BOOTCAMP ANALYTIC MODEL & METHOD,8,3,0,IN_PERSON,Peng X,MOTUWETH,09:00,11:30,HH,4146B
35699,SLAV-R 552,LEC,OPEN,,30,10,0,IN_PERSON,Shrager M,MOWE,15:55,17:10,WH,008
3570,MUS-I 500,LEC,OPEN,,25,13,0,,McLean K,,,,ARR,
35707,PSY-P 657,LEC,OPEN,METHDS BEHAV SCI: DEEPLABCUT,5,4,0,IN_PERSON,Newman E,MOWE,09:35,10:50,PY,286
3571,MUS-W 440,LEC,OPEN,,18,18,0,,Ringel I,,,,ARR,
3572,MUS-W 840,LEC,OPEN,,5,5,0,,,,,,ARR,
35723,ENGR-E 591,LEC,OPEN,,25,23,0,,Jiang L,,,,ARR,
3573,MUS-W 940,LEC,OPEN,,18,18,0,,Ringel I,,,,ARR,
3574,EALC-C 101,LEC,OPEN,,25,12,0,IN_PERSON,Lyu X; Catalano S,TUTH,10:25,11:15,WH,106
35741,SPH-Q 799,LEC,OPEN,,15,14,0,,Harezlak J,,,,ARR,
35742,SPH-E 493,LEC,OPEN,,10,6,0,,Ajelli M; Litvinova M; Wilke A,,,,ARR,
35744,SPH-B 692,LEC,OPEN,,2,1,0,,Camplain C,,,,ARR,
35746,SPH-H 799,LEC,OPEN,,5,4,0,,Agley J,,,,ARR,
3575,EALC-C 101,LEC,OPEN,,25,12,0,IN_PERSON,Lyu X; Catalano S,TUTH,10:25,11:15,WH,106
35762,SWK-S 371,LEC,CLOSED,,29,0,0,,Hamre K,,,,WB,WEB
35764,ENGR-E 399,LEC,OPEN,LARGE-SCALE SPARSE COMPUTATION,20,14,0,IN_PERSON,Hong Y,MOWE,12:45,14:00,IF,4063
35765,ENGR-E 599,LEC,OPEN,LARGE-SCALE SPARSE COMPUTATION,20,14,0,IN_PERSON,Hong Y,MOWE,12:45,14:00,IF,4063
35768,SGIS-S 300,LEC,OPEN,GLOBAL DEV'T CONSULTING CLINIC,35,4,0,IN_PERSON,Cohen E; Sherry J,FR,13:55,15:55,GA,1100
35772,INFO-I 609,LEC,OPEN,HUMAN-CENTERED AI SAFETY,15,7,0,IN_PERSON,Ling C,MOWE,09:35,10:50,IF,0002
35773,INFO-I 709,LEC,OPEN,HUMAN-CENTERED AI SAFETY,15,7,0,IN_PERSON,Ling C,MOWE,09:35,10:50,IF,0002
35776,HUBI-B 300,DIS,OPEN,GENETICS AND EUGENICS,21,5,0,IN_PERSON,Metin Y,TH,15:10,16:00,MO,107
35777,EURO-W 800,LEC,OPEN,,5,4,0,,Pergher R,,,,HD,TBA
35778,HUBI-B 300,DIS,OPEN,SEX AND DRUGS,15,10,0,IN_PERSON,Wagoner I,TH,16:20,17:10,ED,1230
35780,HUBI-S 300,DIS,CLOSED,GENETICS & GENETIC ENGINEERING,0,0,0,IN_PERSON,Metin Y,TH,15:10,16:00,MO,107
35782,HUBI-S 300,DIS,CLOSED,SEX AND DRUGS,0,0,0,IN_PERSON,Wagoner I,TH,16:20,17:10,ED,1230
35783,BUS-X 572,LEC,OPEN,GLOBAL LEADERSHIP ACADEMY,8,3,0,,Stern E,,,,HD,TBA
35786,INFO-I 430,LAB,OPEN,,15,6,0,IN_PERSON,Zhang H,FR,11:10,12:25,IF,3115
3579,PSY-X 371,LEC,OPEN,,20,4,0,IN_PERSON,Olson B,TUTH,15:55,17:10,PY,128
35791,ENG-W 131,LEC,CLOSED,,23,0,1,IN_PERSON,Koziatek Z; Watt C,TUTH,12:45,13:35,WB,WEB
35792,MUS-E 303,LEC,CLOSED,,10,0,0,IN_PERSON,Zweig M,MO,13:55,14:45,HD,TBA
35793,MUS-E 503,LEC,CLOSED,,10,0,2,IN_PERSON,Zweig M,MO,13:55,14:45,HD,TBA
35794,MUS-M 550,LEC,OPEN,,10,9,0,,Vamos B,,,,HD,TBA
35795,SPH-R 691,LEC,OPEN,,5,4,0,,Berry D,,,,ARR,
35796,SWK-S 331,LEC,OPEN,,25,4,0,IN_PERSON,Brown J,TU,10:25,13:10,AH,C3051Z
3580,EDUC-L 408,LEC,CLOSED,,18,0,1,,Hylton R,,,,WB,WEB
35800,ECON-E 305,LEC,CLOSED,,45,0,5,IN_PERSON,Murphy D,TUTH,12:45,14:00,GA,1112
35803,ECON-E 402,LEC,OPEN,,30,1,0,IN_PERSON,Zhou I,MOWE,11:10,12:25,LI,402
35809,FOLK-F 312,LEC,OPEN,EUROPEAN FOLK MUSICS,25,9,0,IN_PERSON,Hooker L,TUTH,14:20,15:35,C2,102
3581,MSCH-J 592,LEC,OPEN,,10,10,0,,,,,,ARR,
35815,SPH-N 799,LEC,OPEN,,5,4,0,,Perry C,,,,ARR,
3582,LTAM-Q 501,LEC,OPEN,,5,4,0,IN_PERSON,Konwest E,TUTH,09:00,11:00,WB,WEB
35827,LAW-B 674,LEC,OPEN,,8,1,0,,Sanders S,,,,ARR,
35828,EALC-X 490,LEC,CLOSED,,2,0,0,,Kim S,,,,HD,TBA
35829,HON-H 233,LEC,OPEN,AFRICAN AMERICAN AUTOBIOGRAPHY,30,1,0,IN_PERSON,Smith C,TUTH,09:35,10:50,WH,109
3583,GRAD-G 597,LEC,OPEN,,20,20,0,,Key M; Bragin A,,,,ARR,
35836,BUS-A 311,LEC,OPEN,,52,33,0,IN_PERSON,Young D,MOWE,08:00,09:15,HH,2050
35838,EALC-X 490,LEC,OPEN,,2,1,0,,Jeong W,,,,HD,TBA
3584,ENG-L 599,LEC,OPEN,,5,5,0,,Molesworth J,,,,ARR,
35841,EURO-W 301,LEC,OPEN,,25,19,0,IN_PERSON,Korhonen J,TUTH,09:35,10:50,AD,A151
35842,MSCH-C 360,LEC,OPEN,DISRUPT LAB WHEN SCRIPTS BREAK,16,14,0,IN_PERSON,Baldikoski S,FR,13:00,18:00,FF,114
35845,MSCH-B 430,LEC,OPEN,IU VOLLEYBALL SHOW,18,11,0,IN_PERSON,Nardiello P,TUTH,15:55,17:10,FF,214
35847,STAT-S 481,LEC,OPEN,,10,7,0,IN_PERSON,Fukuyama J,TUTH,14:20,15:35,LH,023
35848,STAT-S 681,LEC,OPEN,,20,2,0,IN_PERSON,Fukuyama J,TUTH,14:20,15:35,LH,023
35858,CSCI-A 541,DIS,OPEN,,15,1,0,,Holland A,,,,WB,WEB
35859,CSCI-A 541,DIS,OPEN,,15,12,0,IN_PERSON,Holland A,MO,14:20,15:35,BH,337
3586,MUS-M 550,LEC,OPEN,,10,9,0,,Colon E,,,,ARR,
35861,HISP-S 324,LEC,OPEN,,12,6,0,IN_PERSON,Johnson R,MOWE,15:55,17:10,BH,314
35866,FOLK-F 532,LEC,OPEN,,12,3,0,IN_PERSON,Kay J,WE,16:30,19:00,C2,272
35867,SPEA-V 181,LEC,CLOSED,,100,0,2,IN_PERSON,Chung J,MOWE,08:00,09:15,PY,101
35868,COLL-X 294,LEC,OPEN,,60,20,0,IN_PERSON,Tsao Y,MO,17:30,19:00,GA,1100
3587,MUS-M 550,LEC,OPEN,,10,10,0,,Kim E,,,,ARR,
35873,MSCH-A 450,LEC,OPEN,,18,3,0,IN_PERSON,Cole C,TUTH,17:30,18:45,WB,WEB
35876,HHC-H 101,LEC,CLOSED,,24,0,1,IN_PERSON,Pontillo J,FR,12:45,14:00,HU,111
35877,HHC-H 101,LEC,CLOSED,,24,0,3,IN_PERSON,Singh A,FR,14:20,15:35,HU,111
3588,MUS-M 550,LEC,OPEN,,10,10,0,,Barker E,,,,ARR,
3589,MUS-I 502,LEC,OPEN,,10,8,0,,Shaw B,,,,WB,WEB
35893,SLHS-A 100,LEC,CLOSED,,29,0,6,IN_PERSON,Demeter D,TUTH,11:10,12:25,BH,330
35894,EDUC-L 795,LEC,CLOSED,,1,0,0,,Hines M,,,,ARR,
35895,SPH-Q 799,LEC,OPEN,,15,14,0,,Chatterjee S,,,,ARR,
35896,SPH-Q 799,LEC,OPEN,,15,15,0,,Rosenberg M,,,,ARR,
35897,SPH-E 799,LEC,OPEN,,15,13,0,,Ludema C,,,,ARR,
3590,HUBI-X 498,LEC,OPEN,,10,9,0,,Libby A,,,,ARR,
35902,MSCH-C 320,LEC,CLOSED,,18,0,11,,Dobson Z,,,,WB,WEB
35903,MSCH-C 320,LEC,CLOSED,,18,0,10,,Dobson Z,,,,WB,WEB
3591,MELC-A 400,LEC,OPEN,,18,12,0,IN_PERSON,Albdairat I,MOWE,12:45,13:35,BH,233
3592,EALC-C 533,DRL,CLOSED,,13,0,1,IN_PERSON,Lu Y,MOWEFR,11:35,12:25,BH,233
3593,EALC-J 533,LEC,CLOSED,,36,0,0,IN_PERSON,Takeuchi J,TUTH,12:45,13:35,GA,0003
35931,MSCH-B 360,LEC,OPEN,IUSTV CRIMSON KICKOFF,12,5,0,IN_PERSON,Lewis K,TU,16:00,17:00,FF,052
35932,MSCH-P 350,LEC,OPEN,IUSTV CRIMSON KICKOFF,12,5,0,IN_PERSON,Lewis K,TU,16:00,17:00,FF,052
35934,SPH-H 799,LEC,OPEN,,5,4,0,,Gonzalez Casanova I,,,,ARR,
35936,HISP-S 280,LEC,CLOSED,,24,0,2,IN_PERSON,Gacitua Diaz I,TUTH,08:00,09:15,GA,0005
35937,EDUC-Y 640,LEC,OPEN,,20,9,0,,Furlong D,,,,WB,WEB
35938,SPEA-V 405,LEC,CLOSED,,30,0,0,IN_PERSON,Walsh C,TUTH,14:20,15:35,BH,304
35939,MATH-S 499,LEC,OPEN,,25,20,0,,Le N,,,,ARR,
35940,MATH-S 499,LEC,OPEN,,25,21,0,,Le N,,,,ARR,
35941,MATH-S 299,LEC,OPEN,,20,20,0,,Le N,,,,ARR,
35944,COLL-C 200,LEC,OPEN,"LADINO LANG, CULT, AND HIST",5,4,0,IN_PERSON,Romashov D,MOWE,14:30,16:00,WB,WEB
35945,COLL-C 500,LEC,OPEN,"LADINO LANG, CULT, AND HIST",5,4,0,IN_PERSON,Romashov D,MOWE,14:30,16:00,WB,WEB
35950,PSY-X 397,LEC,OPEN,,20,19,0,,Davis S,,,,ARR,
35951,PSY-X 398,LEC,OPEN,,20,20,0,,Davis S,,,,ARR,
35952,PSY-X 497,LEC,OPEN,,20,20,0,,Davis S,,,,ARR,
35953,PSY-X 498,LEC,OPEN,,20,20,0,,Davis S,,,,ARR,
35972,ENG-L 220,LEC,CLOSED,,25,0,0,IN_PERSON,Adams M,MOWE,09:35,10:50,LI,028
35988,HISP-S 250,LEC,CLOSED,,24,0,0,IN_PERSON,Cintra M,MOWETH,16:20,17:10,SW,103
35998,MSCH-T 540,LEC,CLOSED,,2,0,0,IN_PERSON,Lewis K,TUTH,12:45,14:15,FF,060
36009,MUS-Z 110,LEC,CLOSED,JAZZ TROMBONE UNDRGRD ELECTIVE,1,0,0,,Wallace W,,,,HD,TBA
36010,MUS-O 851,LEC,OPEN,,5,4,0,,Wallace W,,,,HD,TBA
36011,EURO-E 200,LEC,CLOSED,,2,0,0,IN_PERSON,Hess F,MOFR,14:00,15:15,HD,TBA
36018,BUS-K 204,LEC,CLOSED,,30,0,0,IN_PERSON,Colon C,TUTH,12:45,14:00,MN,C018
36019,BUS-C 204,LEC,CLOSED,,24,0,1,IN_PERSON,Morrone M,TUTH,08:00,09:15,MN,C010
36020,CEUS-R 199,LEC,OPEN,"UZBEKISTAN: CULTURES, CUSTOMS",10,10,0,IN_PERSON,Hodjaev M,MOWE,12:45,14:00,WH,006
36023,HIST-T 541,LEC,CLOSED,,20,0,0,ONLINE,Claussen S,,,,OL,ONLINE
36041,ECON-E 321,LEC,CLOSED,,60,0,12,IN_PERSON,Lambros C,MOWE,15:55,17:10,BH,104
36047,BIOL-L 211,LEC,CLOSED,,85,0,2,IN_PERSON,Brown Cloud F,MOWEFR,12:45,13:35,FA,102
36052,EALC-E 595,LEC,OPEN,,3,2,0,,Hintzman R,,,,ARR,
36053,POLS-Y 657,LEC,OPEN,,20,12,0,IN_PERSON,Bovingdon G,FR,12:45,15:15,BH,337
36054,SGIS-S 339,LEC,OPEN,,60,7,0,IN_PERSON,Nti Asare I; Wild D,MO,18:40,20:40,GA,1122
36055,SGIS-X 416,LEC,OPEN,,15,7,0,IN_PERSON,Bose S; Nti Asare I; Shackelford S,MO,16:45,18:00,WB,WEB
36056,SPH-K 492,LEC,OPEN,,10,9,0,,Shea J,,,,ARR,
36071,PSY-P 657,LEC,OPEN,PSYCHOSIS,5,4,0,IN_PERSON,Moussa-Tooks A,TUTH,08:00,10:30,PY,230
36072,PSY-P 457,LEC,OPEN,PSYCHOSIS,25,11,0,IN_PERSON,Moussa-Tooks A,TUTH,08:00,10:30,PY,230
36075,CMLT-C 400,LEC,OPEN,EUGENE ONEGIN,15,10,0,IN_PERSON,Hofstadter D,TUTH,15:55,17:10,BH,015
36077,CMLT-C 603,LEC,OPEN,EUGENE ONEGIN,15,10,0,IN_PERSON,Hofstadter D,TUTH,15:55,17:10,BH,015
36079,PHYS-P 201,LEC,OPEN,,72,18,3,IN_PERSON,Beggs J; Liao J; Govin R,MOWEFR,10:25,11:15,SW,119
36080,FRIT-X 471,LEC,OPEN,,6,4,0,,Serafin K,,,,ARR,
36081,PHYS-P 201,DIS,OPEN,,30,7,1,IN_PERSON,Beggs J; Liao J; Govin R,TU,15:10,16:00,SE,240
36082,PHYS-P 201,DIS,OPEN,,30,14,0,IN_PERSON,Liao J; Beggs J; Govin R,TU,16:20,17:10,SW,219
36083,PHYS-P 201,LAB,OPEN,,24,1,0,IN_PERSON,Beggs J; Liao J; Govin R,MO,12:45,14:40,SW,150
36084,PHYS-P 201,LAB,OPEN,,24,1,0,IN_PERSON,Beggs J; Liao J; Govin R,MO,15:10,17:05,SW,150
36085,PHYS-P 201,LAB,OPEN,,24,4,1,IN_PERSON,Beggs J; Liao J; Govin R,TU,16:20,18:15,SW,150
36086,PHYS-P 201,DIS,OPEN,,24,11,0,IN_PERSON,Evans H; Warren G,TH,16:20,17:10,SW,220
36090,PHYS-H 221,LAB,OPEN,,20,7,0,IN_PERSON,Mitchell R,TH,12:45,14:40,SW,150
36092,ENG-W 131,LEC,CLOSED,,23,0,0,IN_PERSON,Schnecker D; Watt C,WEFR,10:25,11:15,WB,WEB
36098,EDUC-D 505,LEC,OPEN,,15,5,0,,Pickard A,,,,WB,WEB
36103,NURS-H 399,LEC,CLOSED,,8,0,0,,Carter G,,,,ARR,
36104,HISP-S 200,LEC,CLOSED,,24,0,1,IN_PERSON,Perez Cantero M,MOWETH,16:20,17:10,BH,147
36105,HISP-S 105,LEC,CLOSED,,24,0,3,IN_PERSON,Dias Vieira F,MOTUWETH,09:10,10:00,EP,256
36106,HISP-S 105,LEC,CLOSED,,22,0,1,IN_PERSON,Stutz M,MOTUWETH,10:25,11:15,SY,004
36110,CMLT-C 647,LEC,OPEN,,14,9,0,IN_PERSON,Harriss C,TU,16:00,18:30,SY,224
36112,CMLT-C 523,LEC,OPEN,,5,2,0,IN_PERSON,Salvo D,TH,14:20,16:20,BH,232
36116,MATH-M 119,LEC,CLOSED,,251,0,4,IN_PERSON,Yuan C,MOWEFR,12:45,13:35,RH,100
36117,EDUC-Y 660,LEC,OPEN,,10,9,0,,Lester J,,,,WB,WEB
36123,ENG-L 204,LEC,CLOSED,,25,0,0,IN_PERSON,Cornwell A,MOWEFR,16:20,17:10,BH,244
36124,ENG-W 231,LEC,CLOSED,,25,0,1,IN_PERSON,Rivera A,MOWEFR,11:35,12:25,BH,313
36129,CULS-C 790,LEC,CLOSED,,1,0,0,,Johnson R,,,,ARR,
36136,SPEA-S 515,LEC,OPEN,,20,13,0,IN_PERSON,Adams J,TUTH,14:20,15:35,PV,A203
36138,HON-H 240,LEC,OPEN,WHAT'S IN MY BACKYARD?,22,17,0,IN_PERSON,Schlesinger J,TUTH,14:20,15:35,HD,TBA
36140,MSCH-J 804,LEC,CLOSED,,1,0,0,,Guins R,,,,ARR,
36141,ANTH-B 380,LEC,OPEN,,105,89,0,IN_PERSON,Schoenemann P,TUTH,17:30,18:45,GY,1045
36142,ANTH-E 612,LEC,OPEN,,30,21,0,IN_PERSON,Storey-Nagy J,TUTH,09:35,10:50,BH,307
36143,SPH-K 550,LEC,OPEN,ABC'S OF CHAMPIONSHIP COACHING,10,8,0,IN_PERSON,Huntoon J,MOWE,11:35,12:25,PH,017
36144,EAS-G 690,LEC,OPEN,CONTINENTAL PROCESSES,20,13,0,IN_PERSON,Kenderes E,TUTH,11:10,12:25,GY,2033
36145,JSTU-L 391,LEC,CLOSED,,1,0,0,,Katz S,,,,HD,TBA
36152,MATH-M 119,LEC,CLOSED,,251,0,7,IN_PERSON,Uskuplu Y,TUTH,14:20,15:35,RH,100
36158,MUS-I 300,LEC,OPEN,,18,17,0,IN_PERSON,Levine A,WE,18:45,20:30,MA,404
36159,MUS-I 500,LEC,OPEN,,18,17,0,IN_PERSON,Levine A,WE,18:45,20:30,MA,404
36160,MUS-T 109,LEC,OPEN,,200,102,0,,Adams K,,,,WB,WEB
36165,MUS-F 420,LEC,OPEN,NATURAL HORN,10,1,0,IN_PERSON,Seraphinoff R,TU,19:00,20:30,SM,350
36166,MUS-F 520,LEC,OPEN,NATURAL HORN,10,1,0,IN_PERSON,Seraphinoff R,TU,19:00,20:30,SM,350
36167,MUS-Z 710,LEC,OPEN,HORN GRAD ELECTIVE,5,5,0,,Seraphinoff R,,,,ARR,
36169,CLAS-C 205,LEC,CLOSED,,48,0,6,IN_PERSON,Pappas T,TUTH,11:10,12:25,AD,A152
36171,SPEA-V 181,LEC,CLOSED,,80,0,8,IN_PERSON,DeLong B,TUTH,11:10,12:25,LH,102
36178,ASCS-Q 295,LEC,CLOSED,,38,0,1,IN_PERSON,Rowlett T,MOWE,17:30,18:20,EP,214
36179,ASCS-Q 295,LEC,CLOSED,,50,0,0,IN_PERSON,Sterneman A,MOWE,08:00,08:50,EP,206
36180,ASCS-Q 295,LEC,CLOSED,,38,0,0,IN_PERSON,Bowers E,TUTH,17:30,18:20,EP,214
36181,BUS-K 204,LEC,CLOSED,,30,0,1,IN_PERSON,Colon C,TUTH,15:55,17:10,MN,C018
36182,SPH-B 250,LEC,CLOSED,,50,0,9,,Willis-Grossmann E,,,,WB,WEB
36183,SPH-H 360,LEC,CLOSED,,40,0,2,,Tisone C,,,,WB,WEB
36189,NURS-H 399,LEC,CLOSED,,5,0,0,,Balle M,,,,ARR,
36203,SPH-K 450,LEC,OPEN,EXERCISE IS MEDICINE,28,25,0,IN_PERSON,Keith N,TUTH,14:20,15:35,BH,215
36204,INTL-L 250,LEC,CLOSED,,60,0,3,IN_PERSON,Bosco D,TUTH,14:20,15:35,WH,003
36205,EDUC-A 785,LEC,CLOSED,,1,0,0,,Moore M,,,,ARR,
36206,CEUS-T 201,LEC,OPEN,,10,9,0,IN_PERSON,Kivik P,MOTUWETH,16:35,17:25,WB,WEB
36207,EAS-E 499,LEC,OPEN,,2,1,0,,Johnson K,,,,ARR,
36208,CEUS-T 301,LEC,OPEN,,10,9,0,IN_PERSON,Kivik P,MOWE,14:00,15:15,WB,WEB
36209,SPH-E 799,LEC,OPEN,,10,9,0,,Kalbaugh C,,,,ARR,
36215,ENGR-E 399,LEC,OPEN,LARGE-SCALE SPARSE COMPUTATION,32,28,0,IN_PERSON,Lyons J,MOWE,12:45,14:00,GY,4068
36216,ENGR-E 599,LEC,OPEN,TEACHING ENGINEERING,32,28,0,IN_PERSON,Lyons J,MOWE,12:45,14:00,GY,4068
36219,MUS-M 539,LEC,OPEN,,15,5,0,IN_PERSON,Nelson D,TUTH,09:35,10:50,SM,285
36228,CSCI-B 590,LEC,OPEN,INTRO TO BIOINFORMATICS,27,11,0,IN_PERSON,Ye Y,MOWE,14:20,15:35,LH,023
36229,CSCI-B 590,LAB,OPEN,INTRO TO BIOINFORMATICS,27,11,0,IN_PERSON,Brendel V,FR,09:45,11:00,LH,023
36241,SGIS-S 350,LEC,OPEN,,100,96,0,,Ntiamoah K; Kousaleos N; Bosco D; Xiao T; Cohen E; Constantino Z,,,,WB,WEB
36245,ENG-W 600,LEC,OPEN,WRITTEN LANG: COG/COMM FUNCTION,15,1,0,ONLINE,DiCamilla F,,,,OL,ONLINE
36253,SLAV-S 562,LEC,OPEN,WORKSHOP IN LITERARY TRANSLATN,15,9,0,IN_PERSON,Valentino R,TUTH,11:10,12:25,BH,318
36255,MUS-W 850,LEC,CLOSED,,1,0,0,,Walsh T,,,,ARR,
36258,MUS-F 526,LEC,OPEN,,6,2,0,IN_PERSON,Matthews I,MOWE,10:25,11:15,MC,040
36286,SPH-R 799,LEC,OPEN,,10,9,0,,Cole S,,,,ARR,
36287,SPH-V 241,LEC,OPEN,,85,62,0,,Eise J,,,,WB,WEB
36310,BUS-X 699,LEC,OPEN,,50,37,0,IN_PERSON,Stoffman N,TH,13:00,15:30,CG,1034
36312,BUS-X 699,LEC,OPEN,RESEARCH DESIGN SEMINAR,50,38,0,IN_PERSON,Mallapragada G,TH,13:00,15:30,CG,1034
36314,INTL-I 408,LEC,OPEN,LAW OF WAR,20,1,0,IN_PERSON,Burkhardt T,MOWE,14:20,15:35,JH,A106
36315,BUS-J 306,LEC,CLOSED,,60,0,1,IN_PERSON,Bow B,MOWE,15:55,17:10,WB,WEB
36316,SPH-H 799,LEC,OPEN,,5,3,0,,Valdez D,,,,ARR,
36317,SPEA-V 185,LEC,CLOSED,,100,0,6,IN_PERSON,Avellaneda C,TUTH,09:35,10:50,BH,310
36323,CHEM-G 901,LEC,OPEN,,1,1,0,,Bloch E,,,,ARR,
36324,INFO-I 609,LEC,CLOSED,HUMAN-CENTERED AI SAFETY,12,0,0,IN_PERSON,Ford P; Foster J,WE,14:20,17:20,SM,263
36325,INFO-I 709,LEC,CLOSED,HUMAN-CENTERED AI SAFETY,12,0,0,IN_PERSON,Ford P; Foster J,WE,14:20,17:20,SM,263
36326,CHEM-C 860,LEC,CLOSED,,1,0,0,,Bloch E,,,,ARR,
36340,GEOG-G 208,LEC,CLOSED,,30,0,2,IN_PERSON,Aijaz A,MOWE,12:45,14:00,I,E130
36341,GEOG-G 208,LEC,CLOSED,,30,0,2,IN_PERSON,Aijaz A,MOWE,15:55,17:10,WH,106
36342,GEOG-G 120,LEC,CLOSED,,30,0,1,,Aijaz A,,,,WB,WEB
36343,ENGR-E 390,LEC,OPEN,,15,11,0,,Clor M; Winkle R,,,,ARR,
36344,MELC-M 707,LEC,OPEN,THE ARABIC BOOK,20,18,0,IN_PERSON,Walbridge J,TUTH,12:45,14:00,BH,232
36349,EDUC-G 310,LEC,OPEN,,24,22,0,,Riggins Sr A,,,,WB,WEB
36350,MSCH-C 101,LEC,CLOSED,,60,0,1,IN_PERSON,Meisinger J,MOWE,15:55,17:10,FF,312
36353,INFO-I 709,LEC,OPEN,HUMAN-CENTERED AI SAFETY,20,18,0,IN_PERSON,Nippert-Eng C,TUTH,15:55,17:10,WB,WEB
36354,INFO-I 414,LEC,OPEN,,20,18,0,IN_PERSON,Nippert-Eng C,TUTH,15:55,17:10,WB,WEB
36355,INFO-I 514,LEC,OPEN,,20,18,0,IN_PERSON,Nippert-Eng C,TUTH,15:55,17:10,WB,WEB
36356,INFO-I 609,LEC,OPEN,HUMAN-CENTERED AI SAFETY,20,18,0,IN_PERSON,Nippert-Eng C,TUTH,15:55,17:10,WB,WEB
36366,LING-L 685,LEC,OPEN,,5,4,0,,Kuebler S,,,,ARR,
36367,MUS-B 830,LEC,OPEN,,5,5,0,,Murray D,,,,ARR,
36368,MUS-B 930,LEC,OPEN,,18,15,0,,Murray D,,,,ARR,
36369,MUS-I 500,LEC,OPEN,,18,11,0,IN_PERSON,Murray D,TH,19:00,21:00,MA,454
36370,MUS-I 300,LEC,OPEN,,18,11,0,IN_PERSON,Murray D,TH,19:00,21:00,MA,454
36371,MUS-B 430,LEC,OPEN,,18,18,0,,Murray D,,,,ARR,
36372,MUS-Z 110,LEC,OPEN,JAZZ TROMBONE UNDRGRD ELECTIVE,1,1,0,,Murray D,,,,ARR,
36381,EDUC-E 303,LEC,OPEN,,35,5,0,,Alabdulkarim A,,,,WB,WEB
36382,EDUC-E 303,LEC,OPEN,,35,25,0,,,,,,WB,WEB
36383,EDUC-G 207,LEC,OPEN,,28,12,0,,Koch M,,,,WB,WEB
36388,INFO-I 202,LEC,OPEN,,80,16,0,IN_PERSON,Kaziunas E,TUTH,14:20,15:35,IF,1106
36393,EALC-E 352,LEC,OPEN,TIBET AND CHINA IN HISTORY,8,5,0,IN_PERSON,Washul E,TUTH,12:45,14:00,BH,338
36395,EALC-E 505,LEC,OPEN,TIBET AND CHINA IN HISTORY,2,2,0,IN_PERSON,Washul E,TUTH,12:45,14:00,BH,338
36399,SLHS-S 674,LEC,OPEN,,15,5,0,IN_PERSON,Mesa C,WE,12:00,14:30,AH,C3051A
36403,SPEA-E 183,LEC,CLOSED,,60,0,1,IN_PERSON,Farmer J,MOWE,15:55,17:10,TV,245
36404,SPEA-V 246,LEC,OPEN,,64,31,0,IN_PERSON,Plooster M,MOWE,17:30,18:45,GA,1106
36407,AERO-A 215,LEC,OPEN,,80,49,0,IN_PERSON,Jenkins M,TUTH,06:00,07:00,HD,TBA
36411,HHC-H 101,LEC,CLOSED,,24,0,1,IN_PERSON,Pontillo J,FR,11:10,12:25,HU,217
36417,EDUC-P 602,LEC,OPEN,,16,6,0,IN_PERSON,Turner A,MO,17:30,20:00,ED,3125
36432,BUS-K 605,LEC,OPEN,,10,1,0,IN_PERSON,Wu O,MOWE,15:45,17:00,HH,4103
36434,JSTU-J 304,LEC,OPEN,ISRAEL: STARTUP NATION,15,8,0,IN_PERSON,Jikeli G,TU,17:30,18:45,GA,0005
36436,CHEM-C 860,LEC,OPEN,,2,1,0,,Bloch E,,,,ARR,
36442,EAS-A 477,LEC,OPEN,,25,14,0,IN_PERSON,Kieu C,MOWE,12:45,14:00,GY,2029
36443,EAS-G 577,LEC,OPEN,,25,14,0,IN_PERSON,Kieu C,MOWE,12:45,14:00,GY,2029
36446,SPEA-E 554,LEC,OPEN,,30,25,0,IN_PERSON,Kelson V,MOWE,08:00,09:15,WB,WEB
36448,MUS-Z 710,LEC,OPEN,OBOE/ENG HORN GRAD ELECTIVE,10,8,0,,Warren J,,,,ARR,
36449,HIST-T 551,LEC,OPEN,,20,6,0,ONLINE,Shen Y,,,,OL,ONLINE
36470,CSCI-Y 798,LEC,OPEN,,10,10,0,ONLINE,Vrajitoru D,,,,OL,ONLINE
36474,JSTU-J 304,LEC,OPEN,ANTISEMITISM AND ISLAMAPHOBIA,15,10,0,IN_PERSON,Khazzoom A,TH,12:45,15:15,BH,219
36477,ENG-W 508,LEC,OPEN,,15,6,0,ONLINE,Kirts T,,,,OL,ONLINE
36486,ENG-L 646,LEC,OPEN,,15,1,0,ONLINE,O'Camb B,,,,OL,ONLINE
36493,HON-X 298,LEC,OPEN,HONORS INDEPENDENT RESEARCH,1,1,0,,Barwick C,,,,ARR,
36494,SPH-H 710,LEC,OPEN,,20,9,0,IN_PERSON,Cothran D,WE,13:40,16:40,PH,10
36495,EDUC-W 540,LEC,OPEN,,20,14,0,ONLINE,Lu Y,,,,OL,ONLINE
36496,EDUC-M 200,LEC,CLOSED,,22,0,2,,Wood L,,,,WB,WEB
36497,EDUC-M 235,LEC,CLOSED,,24,0,0,,Wood L,,,,WB,WEB
36516,LING-L 490,LEC,OPEN,STRUCTURE OF TURKISH,24,23,0,IN_PERSON,Ozcelik O,TUTH,15:55,17:10,GA,0011
36517,LING-L 590,LEC,OPEN,,24,23,0,IN_PERSON,Ozcelik O,TUTH,15:55,17:10,GA,0011
36518,MELC-M 304,LEC,OPEN,ANTISEMITES AND ISLAMOPHOBES,15,10,0,IN_PERSON,Khazzoom A,TH,12:45,15:15,BH,219
36534,CHEM-C 100,DIS,CLOSED,SUSTAINABILITY & ENVIRONMENT,30,0,0,IN_PERSON,Bravo Manzo M,TH,16:20,17:10,BH,242
36536,CHEM-C 117,DIS,CLOSED,,45,0,1,IN_PERSON,Nnamdi P,MO,12:45,13:35,LH,130
36537,CHEM-C 117,DIS,CLOSED,,45,0,0,IN_PERSON,Brauser M,MO,10:25,11:15,PH,013
36538,CHEM-C 117,DIS,CLOSED,,45,0,2,IN_PERSON,Bashir M,MO,16:20,17:10,I,E130
36539,CHEM-J 117,DIS,CLOSED,,25,0,3,IN_PERSON,Sabatino R,MO,16:20,17:10,WH,203
36547,MUS-Y 134,LEC,OPEN,,5,4,0,,Malamut L; Marsh D,,,,ARR,
36548,MUS-Y 734,LEC,OPEN,,5,5,0,,Malamut L; Marsh D,,,,ARR,
36549,MUS-Y 834,LEC,CLOSED,,5,0,0,,Malamut L; Marsh D,,,,ARR,
36550,INTL-I 500,LEC,CLOSED,HLS EXCHANGE LEIDEN,1,0,0,,Banks R,,,,ARR,
36551,INTL-I 500,LEC,CLOSED,HLS EXCHANGE LEIDEN,1,0,0,,Banks R,,,,ARR,
36552,INTL-I 500,LEC,CLOSED,HLS EXCHANGE LEIDEN,1,0,0,,Banks R,,,,ARR,
36553,INTL-I 500,LEC,CLOSED,HLS EXCHANGE LEIDEN,1,0,0,,Banks R,,,,ARR,
36558,MUS-F 445,LEC,OPEN,,30,25,0,IN_PERSON,Hightower M,TU,20:30,22:00,MC,066
36559,MUS-F 545,LEC,OPEN,,30,25,0,IN_PERSON,Hightower M,TU,20:30,22:00,MC,066
36579,ARTH-A 456,LEC,CLOSED,,25,0,1,IN_PERSON,Grewe C,TUTH,11:10,12:25,WB,WEB
36584,CLLC-L 102,LEC,OPEN,,15,5,0,IN_PERSON,Philpot M,TUTH,15:10,17:10,EO,C110
36595,LING-L 685,LEC,OPEN,,5,3,0,,Berkson K,,,,ARR,
36597,EAS-G 520,LEC,OPEN,,15,4,0,IN_PERSON,Johnson K,MOWEFR,11:35,12:25,GY,2029
36609,ARTH-A 102,LEC,CLOSED,,40,0,23,,Vergera H,,,,WB,WEB
36616,ENGR-E 687,LEC,OPEN,,5,3,0,,Ildefonso A,,,,ARR,
36617,ENGR-E 412,LEC,OPEN,,26,17,0,IN_PERSON,Chen F,TUTH,11:10,12:25,IF,4012
36618,ILS-Z 399,LEC,OPEN,,20,15,0,,Ghazinejad A,,,,WB,WEB
36626,EDUC-J 760,LEC,OPEN,,12,11,0,,Kubow P,,,,WB,WEB
36627,HIST-T 560,LEC,CLOSED,,15,0,0,ONLINE,Nashel J,,,,OL,ONLINE
36635,MUS-V 410,LEC,OPEN,,12,11,0,,Overly D,,,,ARR,
36636,MUS-V 910,LEC,OPEN,,12,6,0,,Maverick J,,,,ARR,
36637,MUS-V 910,LEC,OPEN,,12,11,0,,Overly D,,,,ARR,
36659,GEOG-G 185,LEC,OPEN,,90,65,0,IN_PERSON,Postigo J,MOWE,09:10,11:40,WB,WEB
36664,MELC-E 695,LEC,CLOSED,INTERMEDIATE MIDDLE EGYPTIAN,1,0,0,,Vinson S,,,,ARR,
36665,MELC-M 695,LEC,CLOSED,ELEMENTARY DEMOTIC I,1,0,0,,Vinson S,,,,ARR,
36666,MELC-E 590,LEC,CLOSED,,1,0,0,,Vinson S,,,,ARR,
36670,AFRI-Y 301,LEC,OPEN,,5,4,0,IN_PERSON,Ajibade M,MOWE,12:45,14:00,WB,WEB
36671,AFRI-Y 701,LEC,OPEN,,5,4,0,IN_PERSON,Ajibade M,MOWE,12:45,14:00,WB,WEB
36672,SPEA-V 236,LEC,OPEN,,35,4,0,IN_PERSON,Wells R,MOWE,17:30,18:45,PH,019
36673,SPEA-V 326,LEC,CLOSED,,34,0,2,IN_PERSON,Broadfoot K,TUTH,14:20,15:35,BQ,C129
36674,HIST-T 510,LEC,CLOSED,,21,0,0,ONLINE,Barton S,,,,OL,ONLINE
36709,STAT-S 301,LEC,OPEN,,80,13,0,IN_PERSON,Manrique-Vallier D,MOWE,15:55,17:10,LU,1001
36711,HIST-T 590,LEC,OPEN,HIST OF INCARCERATION IN US,20,11,0,ONLINE,Barton S,,,,OL,ONLINE
36737,ARTH-A 200,LEC,OPEN,TOYS AND AMERICAN CHILDHOOD,40,31,0,IN_PERSON,Rothstein B,TUTH,09:10,11:40,WY,015
36760,BUS-X 530,LEC,OPEN,HONG KONG - HKUST,1,1,0,,Stern E,,,,ARR,
36761,BUS-X 530,LEC,CLOSED,"ESSEC - PARIS, FRANCE",1,0,0,,Stern E,,,,ARR,
36762,BUS-X 530,LEC,CLOSED,WASEDA BUS SCH TOKYO JAPAN,1,0,0,,Stern E,,,,ARR,
36764,MSCH-C 150,LEC,CLOSED,,18,0,0,IN_PERSON,Marquis N,TH,15:55,16:45,FF,210
36772,MUS-P 400,LEC,OPEN,,18,17,0,,Sims L,,,,ARR,
36773,MUS-P 800,LEC,OPEN,,5,3,0,,Sims L,,,,ARR,
36774,MUS-P 900,LEC,OPEN,,18,17,0,,Sims L,,,,ARR,
36777,MUS-Z 110,LEC,CLOSED,ORGAN UNDERGRAD ELECTIVE,1,0,0,,Smith J,,,,ARR,
36780,LAW-B 560,LEC,OPEN,SJD WORKSHOP,10,7,0,IN_PERSON,Goodwin G,WE,13:20,14:50,LW,222
36782,MATH-G 901,LEC,OPEN,,5,5,0,,Zumbrun K,,,,ARR,
36783,MATH-M 800,LEC,OPEN,,10,10,0,,Connell C,,,,ARR,
36803,SPH-N 799,LEC,OPEN,,5,4,0,,Gletsu Miller N,,,,ARR,
36814,HISP-S 281,LEC,OPEN,,24,7,0,IN_PERSON,Del Carpio L,MOWE,12:45,14:00,BH,338
36817,MATH-M 211,LEC,CLOSED,,30,0,1,IN_PERSON,Jenkins A; Babyak Z,MOTUWETH,08:00,08:50,BH,242
36818,MATH-M 211,LEC,CLOSED,,30,0,1,IN_PERSON,Jenkins A; Korkmaz O,MOTUWETH,15:10,16:00,BH,206
36832,SOAD-Z 711,LEC,OPEN,,15,7,0,IN_PERSON,Pardo Rojo L,TUWE,13:00,18:00,HD,TBA
36833,SOAD-Z 631,LEC,OPEN,,15,10,0,IN_PERSON,Yuan Y,TH,09:00,12:00,HD,TBA
36834,SOAD-Z 809,LEC,OPEN,,15,8,0,IN_PERSON,Meza A,WE,09:00,12:00,HD,TBA
36835,SOAD-W 525,LEC,OPEN,,5,1,0,IN_PERSON,Orthel B,TH,14:20,16:00,VD,200
36836,SOAD-W 600,LEC,OPEN,,5,3,0,IN_PERSON,Orthel B,MOWE,15:55,18:40,KH,202
36837,SOAD-W 500,LEC,OPEN,,5,2,0,IN_PERSON,Mohammed H,TUTH,12:45,14:00,FA,102
36841,LAW-E 791,LEC,OPEN,DRAFTING FOR LAW PRACTICE,18,2,0,IN_PERSON,Goodman S,MO,12:45,14:45,LW,216
36844,THTR-D 361,LEC,OPEN,,25,7,0,,Carter S; Shea E,,,,HD,TBA
36846,HIST-T 520,LEC,CLOSED,,20,0,0,ONLINE,Kennedy J,,,,OL,ONLINE
3687,MELC-A 680,LEC,OPEN,,18,12,0,IN_PERSON,Albdairat I,MOWE,12:45,13:35,BH,233
36871,EALC-E 600,LEC,OPEN,"CONFLICT, DIVERSITY IN E.ASIA",10,4,0,IN_PERSON,Holbrow H,TU,17:30,20:00,BH,016
36873,SPH-B 491,LEC,OPEN,,1,1,0,,Barnes P,,,,ARR,
36874,SOAD-Z 661,LEC,OPEN,,15,10,0,IN_PERSON,Reinhart C,TU,09:00,12:00,HD,TBA
36878,EDUC-L 795,LEC,CLOSED,,2,0,0,,Coronel-Molina S,,,,ARR,
3688,CSCI-A 290,LEC,OPEN,CGI/PHP,22,11,0,IN_PERSON,German D,TUTH,11:10,12:25,SB,230
36883,SPEA-E 400,LEC,OPEN,GROUNDWATER FLOW MODELING,30,25,0,IN_PERSON,Kelson V,MOWE,08:00,09:15,WB,WEB
36885,SPH-E 799,LEC,OPEN,,15,14,0,,Rosenberg M,,,,ARR,
36888,SPH-H 799,LEC,OPEN,,5,3,0,,Obeng C,,,,ARR,
3689,CSCI-A 290,LEC,OPEN,JAVASCRIPT,30,19,0,IN_PERSON,German D,TUTH,09:35,10:50,BH,308
36899,SPEA-E 183,LEC,OPEN,,64,14,0,IN_PERSON,Anthony E,TUTH,17:30,18:45,PY,226
3690,SPH-K 496,LEC,OPEN,,100,100,0,,Mickleborough T,,,,ARR,
36900,EDUC-U 590,LEC,CLOSED,,1,0,0,,DeSawal D,,,,ARR,
36901,SPEA-V 184,LEC,OPEN,,64,32,0,IN_PERSON,Koucouthakis R,MOWE,17:30,18:45,PH,013
3691,MUS-P 201,LEC,CLOSED,,8,0,0,IN_PERSON,Gillespie L,MOWE,18:20,19:10,MA,318
36920,EAS-G 690,LEC,OPEN,EARTH SURFACE PROCESSES,15,10,0,,Yanites B,,,,HD,TBA
36922,SPH-H 799,LEC,OPEN,,5,4,0,,Barnes P,,,,ARR,
36928,MSCH-P 344,LEC,OPEN,,10,3,0,IN_PERSON,Schwibs S,WE,15:55,18:25,TV,157
36930,MSCH-C 221,LEC,CLOSED,,12,0,0,IN_PERSON,Nardiello P,TH,11:45,14:15,FF,212
36931,AAAD-A 199,LEC,OPEN,AFRO-AMERICAN SPORTS CHAMPIONS,24,20,0,IN_PERSON,Lathan I,TUTH,15:10,17:40,BH,337
36932,AAAD-A 263,LEC,OPEN,,27,17,0,IN_PERSON,Jones E,TUTH,15:10,17:40,SB,138
36938,GRAD-C 516,LEC,OPEN,,25,10,0,IN_PERSON,Nti Asare I; Shackelford S,MO,16:45,18:00,WB,WEB
36943,EDUC-L 690,LEC,OPEN,,2,1,0,,Samuelson B,,,,ARR,
36948,SLAV-X 471,LEC,CLOSED,,1,0,0,IN_PERSON,Geballe E,TUTH,12:45,14:00,HD,TBA
36966,EAS-E 490,LEC,OPEN,CONTINENTAL PROCESSES,20,13,0,IN_PERSON,Kenderes E,TUTH,11:10,12:25,GY,2033
36993,LING-L 685,LEC,OPEN,,5,4,0,,Gessler L,,,,ARR,
37011,HIST-T 510,LEC,OPEN,,20,5,0,ONLINE,Claussen S,,,,OL,ONLINE
37023,SPH-N 692,LEC,OPEN,,5,5,0,,Perry C,,,,ARR,
37024,SPH-H 799,LEC,OPEN,,5,4,0,,Quinn P,,,,ARR,
37041,BUS-A 602,LEC,OPEN,,5,2,0,IN_PERSON,Maines L; Sprinkle G,WE,09:30,12:00,HH,5103
37044,SLAV-S 540,LEC,OPEN,"ONEGIN, PUSHKINS TRANSLATN GEM",15,10,0,IN_PERSON,Hofstadter D,TUTH,15:55,17:10,BH,015
37045,CLAS-C 205,LEC,CLOSED,,25,0,2,IN_PERSON,Leach B,MOWE,09:35,10:50,SB,138
37046,CLAS-C 205,LEC,CLOSED,,25,0,1,IN_PERSON,Leach B,MOWE,12:45,14:00,SW,221
37047,ILS-Z 605,MLS,OPEN,,5,5,0,,Walsh J,,,,ARR,
37048,ILS-Z 605,MLS,OPEN,,5,5,0,,Choksy C,,,,ARR,
37060,EALC-E 300,DRL,OPEN,ASIAN POETRY GLBL PERSPECTIVE,13,11,0,IN_PERSON,Lu Y,MOWEFR,15:10,16:00,BH,315
37072,MSCH-C 101,LEC,CLOSED,,37,0,1,IN_PERSON,Meisinger J,MOWE,14:20,15:35,FF,310
37074,THTR-T 204,LEC,OPEN,,20,15,0,IN_PERSON,Cage J,TUTH,13:00,14:30,AD,A350
37076,ENG-W 600,LEC,OPEN,WRITTEN LANG: COG/COMM FUNCTION,15,3,0,ONLINE,DiCamilla F,,,,OL,ONLINE
37083,HON-H 240,LEC,OPEN,SUSTAINABILITY & ANTHROPOCENE,20,6,0,IN_PERSON,Reck C,TUTH,15:55,17:10,HS,122
37085,ENG-L 680,LEC,OPEN,"COL, RESIST & DECOL LATIN AMER",15,5,0,ONLINE,Badia M,,,,OL,ONLINE
37091,VSCI-V 768,LEC,OPEN,OCULAR LENS ANATOMY & PHYSIO 2,5,3,0,,Cheng C,,,,ARR,
37092,VSCI-V 768,LEC,OPEN,"RDGS IN EYE MVMT, BAL, & WALK",5,3,0,,Bonnen K,,,,ARR,
37095,SPEA-V 450,LEC,OPEN,PROJECT MGMT & IMPLEMENTATION,5,2,0,IN_PERSON,Burgins R,MOWE,14:20,15:35,EP,256
37105,GEOG-G 208,LEC,CLOSED,,24,0,0,IN_PERSON,Chaves L,TUTH,09:10,11:40,SW,103
37112,EDUC-L 750,LEC,CLOSED,TRANSLANGUAGING,9,0,1,,Coronel-Molina S,,,,WB,WEB
37130,EDUC-Y 660,LEC,OPEN,,8,7,0,,Huang S,,,,WB,WEB
37132,ENGR-E 687,LEC,OPEN,,5,4,0,,Min B,,,,ARR,
37134,EDUC-M 200,LEC,CLOSED,,0,0,0,,Yang B,,,,WB,WEB
37145,SPH-E 799,LEC,OPEN,,15,14,0,,Li M,,,,ARR,
37147,FRIT-F 226,LEC,OPEN,RELIGION & IDENTITY IN FRANCE,15,11,0,IN_PERSON,MacPhail E,TUTH,13:00,15:30,SY,212
37148,SGIS-S 500,LEC,OPEN,CULTURAL DIPLOMACY AS SOFT PWR,30,27,0,IN_PERSON,Domico P,TUTH,11:35,14:00,M2,100
37151,REEI-R 500,LEC,OPEN,CULTURAL DIPLOMACY AS SOFT PWR,30,27,0,IN_PERSON,Domico P,TUTH,11:35,14:00,M2,100
37152,REEI-R 304,LEC,OPEN,CULTURAL DIPLOMACY AS SOFT PWR,30,27,0,IN_PERSON,Domico P,TUTH,11:35,14:00,M2,100
37154,GER-G 558,LEC,OPEN,,15,11,0,IN_PERSON,Evans E,MOWE,14:20,15:35,WH,108
37157,MSCH-B 360,LEC,OPEN,FOOTBALL CULTURE SHOW,12,5,0,IN_PERSON,Paul A,TH,16:00,18:00,FF,017
37165,ENGR-E 399,LEC,OPEN,ROBOT KINEMATICS,20,10,0,IN_PERSON,Gan D,MOWE,12:45,14:00,SY,210
37166,ENGR-E 599,LEC,OPEN,ROBOT KINEMATICS,20,10,0,IN_PERSON,Gan D,MOWE,12:45,14:00,SY,210
37167,CSCI-B 490,LEC,OPEN,ROBOT KINEMATICS,20,10,0,IN_PERSON,Gan D,MOWE,12:45,14:00,SY,210
37168,CSCI-B 590,LEC,OPEN,ROBOT KINEMATICS,20,10,0,IN_PERSON,Gan D,MOWE,12:45,14:00,SY,210
37171,ENG-L 111,LEC,OPEN,,90,68,0,,Hanek L,,,,ARR,
37173,SPH-R 691,LEC,OPEN,,5,4,0,,Ramos W,,,,ARR,
37174,MUS-W 150,LEC,OPEN,,5,4,0,,Murphy Jr O,,,,ARR,
37178,MUS-I 300,LEC,OPEN,,18,17,0,IN_PERSON,Sims L,TU,19:30,21:30,MA,405
37180,MUS-I 500,LEC,OPEN,,18,17,0,IN_PERSON,Sims L,TU,19:30,21:30,MA,405
37194,CSCI-Y 790,LEC,OPEN,,5,4,0,,Min B,,,,ARR,
37198,VSCI-V 768,LEC,OPEN,ADV TOPICS IN OC SURF PHYS 2,5,4,0,,Tichenor A,,,,ARR,
37209,CSCI-C 335,LAB,OPEN,,10,7,0,IN_PERSON,Zhang H,FR,11:10,12:25,IF,3115
37210,CEUS-T 381,LEC,OPEN,,5,4,0,IN_PERSON,Crum S,MOWEFR,08:00,08:50,WB,WEB
37212,MSCH-C 213,LEC,CLOSED,,18,0,1,IN_PERSON,Li W,TUTH,11:10,12:25,WB,WEB
37215,EALC-E 505,LEC,OPEN,"KOREA, THE WEST: CONFLCT, RFRM",35,25,0,IN_PERSON,Burge R,TUTH,12:45,14:00,LI,026
37217,EALC-E 595,LEC,OPEN,,3,1,0,,Ing M,,,,ARR,
37223,ECON-E 425,LEC,OPEN,,35,17,0,IN_PERSON,Zeidel J,TUTH,14:20,15:35,BH,010
37226,SLAV-R 405,LEC,OPEN,,15,10,0,IN_PERSON,Hofstadter D,TUTH,15:55,17:10,BH,015
37238,CHEM-C 501,LAB,OPEN,,5,1,0,IN_PERSON,Brown Q,WE,12:45,16:30,CH,208
37239,ENG-L 660,LEC,OPEN,TONI MORRISON,15,5,0,ONLINE,Earley S,,,,OL,ONLINE
37248,EDUC-L 650,LEC,CLOSED,,1,0,0,,Coronel-Molina S,,,,ARR,
37249,SPH-V 692,LEC,CLOSED,,1,0,0,,Bukvic A,,,,ARR,
37258,SWK-S 618,LEC,CLOSED,,1,0,0,,Brown III W,,,,WB,WEB
37259,SWK-S 685,LEC,CLOSED,,1,0,0,,Jurries T,,,,WB,WEB
37260,MUS-K 455,LEC,OPEN,VIDEO GAME AUDIO DESIGN,15,10,0,IN_PERSON,Turhan A; Groupe L,TU,09:35,10:45,JS,328
37261,MUS-K 555,LEC,OPEN,VIDEO GAME AUDIO DESIGN,15,10,0,IN_PERSON,Turhan A; Groupe L,TU,09:35,10:45,JS,328
37262,SPH-K 492,LEC,OPEN,,30,30,0,,Schlader Z,,,,ARR,
37288,SWK-S 371,LEC,OPEN,,16,8,0,,Parker V,,,,WB,WEB
37290,EDUC-Y 660,LEC,OPEN,NATL MULTI-SCALE ETHNO COLL,8,6,0,,Hatt B,,,,WB,WEB
37291,EDUC-Y 590,LEC,OPEN,,8,8,0,,Hatt B,,,,ARR,
37299,SPH-R 693,LEC,OPEN,,5,5,0,,Ramos W,,,,ARR,
37302,MATH-M 800,LEC,OPEN,,10,9,0,,Sorensen E,,,,ARR,
37305,EALC-E 300,LEC,OPEN,ASIAN POETRY GLBL PERSPECTIVE,24,22,0,IN_PERSON,Hintzman R,TUTH,15:10,17:40,WH,121
37306,EALC-E 505,LEC,OPEN,ASIAN POETRY GLBL PERSPECTIVE,24,22,0,IN_PERSON,Hintzman R,TUTH,15:10,17:40,WH,121
37307,HIST-T 592,LEC,CLOSED,,1,0,0,ONLINE,Rennie R,,,,OL,ONLINE
37308,HIST-T 592,LEC,CLOSED,,2,0,0,ONLINE,Licata J,,,,OL,ONLINE
37316,SPH-I 133,LEC,OPEN,,24,23,0,IN_PERSON,Miller R,MOWE,09:10,10:00,GF,199
37317,SPH-B 491,LEC,OPEN,,1,1,0,,Pickett D,,,,ARR,
37318,ENGR-E 687,LEC,OPEN,,5,4,0,,Deng B,,,,ARR,
37321,MATH-G 901,LEC,OPEN,,5,4,0,,Plavnik J,,,,ARR,
37324,EALC-E 300,DRL,OPEN,ASIAN POETRY GLBL PERSPECTIVE,12,9,0,IN_PERSON,Takeuchi J,MOWEFR,12:45,13:35,BH,315
37325,EALC-E 533,DRL,OPEN,,12,9,0,IN_PERSON,Takeuchi J,MOWEFR,12:45,13:35,BH,315
37329,MATH-G 901,LEC,OPEN,,5,4,0,,Bercovici H,,,,ARR,
37330,CSCI-A 541,LEC,OPEN,,30,13,0,,Holland A,,,,HD,TBA
37333,SLAV-S 540,LEC,CLOSED,INDEPENDENT RDNGS IN UKRAINIAN,1,0,0,,Melnyk S,,,,HD,TBA
37336,LSTU-L 200,LEC,CLOSED,,0,0,0,,,,,,ARR,
37338,BIOL-Z 620,LEC,OPEN,ECOLOGICAL DEVELOPEMENT EVO,10,6,0,IN_PERSON,Tan W,FR,13:00,14:40,MY,209
37339,MATH-G 901,LEC,OPEN,,5,5,0,,Ciucu M,,,,ARR,
37340,MATH-M 800,LEC,CLOSED,,1,0,0,,Ciucu M,,,,ARR,
37341,EALC-E 505,LEC,OPEN,JAPAN: AGE OF SHOGUN 1467-1600,35,26,0,IN_PERSON,Oxenboell M,TUTH,09:35,10:50,I,107
37343,ENGR-E 687,LEC,OPEN,,1,1,0,,Macklin P,,,,ARR,
37344,SPEA-V 186,LEC,OPEN,,100,97,0,IN_PERSON,Cheema F,MOWE,17:30,18:45,RB,110
37345,SPEA-V 186,PRA,OPEN,,33,33,0,IN_PERSON,Cheema F,FR,10:00,10:50,BH,342
37346,SPEA-V 186,PRA,OPEN,,33,32,0,IN_PERSON,Cheema F,FR,11:10,12:00,BH,346
37347,SPEA-V 186,PRA,OPEN,,34,32,0,IN_PERSON,Cheema F,FR,13:00,13:50,BH,342
37349,LSTU-L 200,LEC,OPEN,,20,20,0,,Helmond T,,,,WB,WEB
37350,LSTU-L 205,LEC,OPEN,,20,20,0,,Linner P,,,,WB,WEB
37352,SPH-V 792,LEC,OPEN,,3,2,0,,Bukvic A,,,,ARR,
37359,SWK-S 600,LEC,CLOSED,,1,0,0,,Rumley K,,,,ARR,
37364,THTR-T 462,LEC,OPEN,,25,16,0,,Goodlander J,,,,WB,WEB
37365,SPH-B 692,LEC,CLOSED,,1,0,0,,Jacobs W,,,,ARR,
37366,THTR-T 355,LEC,OPEN,,12,4,0,IN_PERSON,Hahn A,MOWE,11:10,12:25,TH,A009
37367,SEAS-I 101,LEC,OPEN,,5,5,0,IN_PERSON,Goodlander J,MOTUWETH,09:00,10:00,WB,WEB
37370,AFRI-L 250,LEC,OPEN,,20,20,0,IN_PERSON,Aherne T,TUWETH,10:25,12:00,SY,210
37373,BUS-C 104,BIDS,CLOSED,,30,0,0,IN_PERSON,Butters R,MOWE,09:35,10:50,HH,3016
37377,AAAD-A 238,LEC,OPEN,,23,21,0,IN_PERSON,Calloway-Thomas C,MOWE,11:35,14:05,SY,0013
37378,LSTU-L 289,LEC,OPEN,,20,20,0,,Walker M,,,,WB,WEB
37380,MUS-I 300,LEC,OPEN,,18,18,0,IN_PERSON,Garcia M,SU,19:00,21:00,MA,454
37381,MUS-I 500,LEC,OPEN,,18,18,0,IN_PERSON,Garcia M,SU,19:00,21:00,MA,454
37383,MUS-M 510,LEC,OPEN,CULTURAL DIPLOMACY SOFT POWER,30,27,0,IN_PERSON,Domico P,TUTH,11:35,14:00,M2,100
37384,MUS-E 674,LEC,OPEN,,5,4,0,IN_PERSON,Boeyink N,TUTH,15:00,16:15,SM,356
37386,MUS-I 300,LEC,OPEN,,18,17,0,IN_PERSON,Smith J,TU,12:20,14:00,SM,215
37387,SPH-V 792,LEC,OPEN,,3,3,0,,Eise J,,,,ARR,
37388,SPH-R 799,LEC,OPEN,,10,10,0,,Hawkins M,,,,ARR,
37389,EALC-E 595,LEC,OPEN,,3,3,0,,Luo M,,,,ARR,
37398,SPH-H 799,LEC,OPEN,,5,5,0,,Lohrmann D,,,,ARR,
37400,CEUS-R 199,LEC,OPEN,THE DALAI LAMA'S LIFE: TBTN ST,20,20,0,IN_PERSON,Rabsal G,MOWEFR,10:25,12:00,SW,103
37401,CSCI-Y 790,LEC,OPEN,,5,4,0,,Chen F,,,,ARR,
37405,CEUS-R 371,LEC,OPEN,,12,12,0,IN_PERSON,Washul E,TUTH,09:10,11:35,BH,337
37406,CEUS-R 571,LEC,OPEN,,2,2,0,IN_PERSON,Washul E,TUTH,09:10,11:35,BH,337
37407,EALC-E 352,LEC,OPEN,TIBET & THE WEST,8,8,0,IN_PERSON,Washul E,TUTH,09:10,11:35,BH,337
37408,EALC-E 505,LEC,OPEN,TIBET & THE WEST,2,2,0,IN_PERSON,Washul E,TUTH,09:10,11:35,BH,337
37409,EALC-E 386,LEC,OPEN,,35,35,0,IN_PERSON,Liff A,MOWE,15:55,18:25,GA,1122
37410,SPH-R 695,LEC,OPEN,,5,5,0,,Forist B,,,,ARR,
3760,BUS-K 204,LEC,CLOSED,,30,0,0,IN_PERSON,Colon C,MOWE,15:55,17:10,MN,C018
3761,BUS-K 204,LEC,CLOSED,,30,0,2,IN_PERSON,Jewell J,TUTH,11:10,12:25,MN,C018
3762,MUS-O 316,LEC,OPEN,,16,7,0,IN_PERSON,Wallarab B,MOWE,15:10,16:00,MU,204
3763,MUS-O 322,LEC,OPEN,,20,4,0,IN_PERSON,Raymond J,MOWE,11:35,12:25,MC,070
3764,MUS-O 522,LEC,OPEN,,20,4,0,IN_PERSON,Raymond J,MOWE,11:35,12:25,MC,070
3765,ENG-W 131,LEC,CLOSED,,23,0,0,IN_PERSON,Hacek R; Rivera A,MOWEFR,08:00,08:50,BH,306
3766,ENG-W 131,LEC,CLOSED,,23,0,0,IN_PERSON,Alexandra J,MOWEFR,15:10,16:00,BH,231
3768,MUS-S 430,LEC,OPEN,,18,13,0,,Kim E,,,,ARR,
3769,MUS-S 830,LEC,OPEN,,18,18,0,,Kim E,,,,ARR,
3849,SLAV-R 201,LEC,OPEN,,20,3,0,IN_PERSON,Asher S,MOTUWETH,11:35,12:25,BH,241
3850,OPT-V 652,LEC,CLOSED,,90,0,0,IN_PERSON,Kohne K; Connolly K,MO,12:00,13:50,OP,105
3851,OPT-V 652,LAB,CLOSED,,24,0,0,IN_PERSON,Kohne K; Connolly K,MO,14:00,15:50,OP,112
3852,OPT-V 652,LAB,CLOSED,,22,0,0,IN_PERSON,Kohne K; Connolly K,MO,16:00,17:50,OP,112
3853,OPT-V 652,LAB,CLOSED,,22,0,0,IN_PERSON,Kohne K; Connolly K,TH,12:00,13:50,OP,112
3854,OPT-V 652,LAB,CLOSED,,22,0,0,IN_PERSON,Kohne K; Connolly K,TH,14:00,15:50,OP,112
3968,INFO-I 519,LEC,OPEN,,27,11,0,IN_PERSON,Ye Y,MOWE,14:20,15:35,LH,023
3969,INFO-I 519,LAB,OPEN,,27,11,0,IN_PERSON,Brendel V,FR,09:45,11:00,LH,023
3970,INFO-I 890,LEC,OPEN,,50,22,0,,Guidi G; Kemp J,,,,ARR,
3971,INFO-I 699,LEC,OPEN,,20,18,0,,Guidi G; Kemp J,,,,ARR,
3972,INFO-I 790,LEC,OPEN,,30,22,0,,Guidi G; Kemp J,,,,ARR,
3984,CHEM-C 103,LAB,CLOSED,,26,0,1,IN_PERSON,Sapkota D,WE,10:55,12:25,CH,045
3985,CHEM-C 103,LAB,CLOSED,,26,0,2,IN_PERSON,Hu L,WE,16:10,17:40,CH,045
3986,SPEA-V 246,LEC,CLOSED,,64,0,1,IN_PERSON,Astill A,MOWE,09:35,10:50,PV,274
3987,CHEM-C 117,DIS,CLOSED,,45,0,3,IN_PERSON,Sheldon C,MO,15:10,16:00,GY,1050
3989,EALC-J 301,DRL,CLOSED,,12,0,1,IN_PERSON,Takeuchi J,MOWEFR,12:45,13:35,BH,135
3999,EALC-J 533,DRL,CLOSED,,12,0,0,IN_PERSON,Takeuchi J,MOWEFR,12:45,13:35,BH,135
4000,MUS-S 930,LEC,OPEN,,18,13,0,,Kim E,,,,ARR,
4001,EALC-C 201,DRL,OPEN,,14,5,0,IN_PERSON,Liles X,MOWEFR,15:10,16:00,SY,105
4002,EALC-C 201,DRL,OPEN,,14,5,0,IN_PERSON,Liles X,MOWEFR,15:10,16:00,SY,105
4003,MUS-V 410,LEC,OPEN,,5,3,0,,Arvin G,,,,ARR,
4004,SPH-H 799,LEC,OPEN,,10,8,0,,Guerra Reyes L,,,,ARR,
4007,CEUS-R 890,LEC,OPEN,,5,4,0,,Ozcelik O,,,,ARR,
4010,CSCI-A 590,LEC,OPEN,CGI/PHP,22,11,0,IN_PERSON,German D,TUTH,11:10,12:25,SB,230
4011,CSCI-A 590,LEC,OPEN,JAVASCRIPT,30,19,0,IN_PERSON,German D,TUTH,09:35,10:50,BH,308
4026,EDUC-S 508,LEC,OPEN,CLASSROOM MANAGEMENT,2,2,0,IN_PERSON,Maltese A; Dolino L,WE,17:30,18:20,ED,3015
4027,EDUC-S 508,LEC,OPEN,CLASSROOM MANAGEMENT,2,2,0,IN_PERSON,Burch L; Crissman A,WE,17:45,18:35,ED,3017
4028,SPH-K 799,LEC,OPEN,,15,15,0,,Pedersen P,,,,ARR,
4031,SLHS-S 683,LEC,OPEN,,20,10,0,IN_PERSON,Stark B,MO,14:00,15:00,AH,C3051
4038,STAT-S 695,LEC,OPEN,,2,2,0,,Fukuyama J,,,,ARR,
4039,SLAV-R 201,LEC,OPEN,,20,12,0,IN_PERSON,Grajinskaya E; Shardakova M,MOTUWETH,10:25,11:15,BH,142
4040,MUS-W 130,LEC,OPEN,,10,1,0,,Tartell J; Northover K,,,,ARR,
4041,INST-I 656,LEC,OPEN,,3,3,0,,Dodson M,,,,ARR,
4044,MATH-M 311,LEC,OPEN,,29,11,0,IN_PERSON,Sha J,MOTUWETHFR,13:55,14:45,BH,206
4046,LSTU-L 390,LEC,OPEN,STAFFING AS A SAFETY ISSUE,35,28,0,,Zanoni J,,,,WB,WEB
4047,SOAD-M 204,LEC,CLOSED,,30,0,1,IN_PERSON,White S,MOWE,12:45,14:00,KH,116
4048,INTL-I 400,LEC,CLOSED,,15,0,3,IN_PERSON,Banai H,WE,12:45,15:45,WH,002
4049,EALC-C 101,DRL,OPEN,,15,6,0,IN_PERSON,Lyu X; Catalano S,MOWEFR,13:55,14:45,SY,105
4050,EALC-C 101,DRL,OPEN,,15,6,0,IN_PERSON,Lyu X; Catalano S,MOWEFR,13:55,14:45,SY,105
4051,EALC-C 543,LEC,OPEN,,20,10,0,IN_PERSON,Liles X,MOWEFR,10:25,11:15,BH,214
4052,MUS-T 231,LEC,OPEN,,17,2,0,IN_PERSON,Webster A,MOWE,11:35,12:25,SM,285
4054,MUS-T 591,LEC,CLOSED,,10,0,2,IN_PERSON,Tabak L,TUTH,12:45,14:00,SM,285
4057,SPH-K 599,LEC,OPEN,,10,10,0,,Mickleborough T,,,,ARR,
4059,SPH-I 445,LEC,OPEN,,50,50,0,,Kelly P,,,,ARR,
4060,SPH-W 116,LEC,OPEN,,20,2,0,IN_PERSON,Brown N; Green D; Laun T; Kivland T,SASU,08:30,17:00,HD,TBA
4061,GNDR-G 101,LEC,OPEN,,25,1,0,IN_PERSON,Johnson C; Blundell Osorio M,MOWE,15:10,16:00,LH,101
4062,MSCH-S 312,LEC,CLOSED,,45,0,2,IN_PERSON,Fox J,TUTH,12:45,14:00,AC,C102
4063,PSY-P 895,LEC,OPEN,,10,7,0,,Brown J,,,,ARR,
4064,SPEA-E 543,LEC,CLOSED,,45,0,1,IN_PERSON,White G,MOWE,09:35,10:50,PV,278
4065,CSCI-A 290,LEC,OPEN,C AND UNIX BASICS,22,14,0,IN_PERSON,Whitmer J,MOWE,12:45,14:00,IF,1019
4066,CSCI-A 590,LEC,OPEN,C AND UNIX BASICS,7,7,0,IN_PERSON,Whitmer J,MOWE,12:45,14:00,IF,1019
4067,CSCI-A 590,LEC,OPEN,WINDOWS PROG WITH C# AND .NET,8,8,0,IN_PERSON,Whitmer J,MOWE,12:45,14:00,IF,1019
4068,CSCI-A 290,LEC,OPEN,WINDOWS PROG WITH C# AND .NET,22,15,0,IN_PERSON,Whitmer J,MOWE,12:45,14:00,IF,1019
4069,CSCI-A 110,LEC,CLOSED,,80,0,2,IN_PERSON,Pope C,WE,14:20,15:35,OP,111
4071,LTAM-C 501,LEC,OPEN,,20,14,0,IN_PERSON,Carpenter M,TUTH,11:10,12:25,BH,221
4072,LTAM-C 101,LEC,OPEN,,20,14,0,IN_PERSON,Carpenter M,TUTH,11:10,12:25,BH,221
4073,BIOL-M 250,LEC,OPEN,,175,1,4,IN_PERSON,Kearns D,MOWEFR,12:45,13:35,FA,015
4074,OPT-V 701,LEC,OPEN,,90,20,0,,Kovacich S,,,,ARR,
4075,LTAM-X 390,LEC,OPEN,ADVANCED LTAM LANGUAGES,5,5,0,,Konwest E,,,,ARR,
4076,FOLK-E 522,LEC,OPEN,,12,3,0,IN_PERSON,Cooper T,MO,11:00,13:30,C2,272
4077,INFO-I 201,DIS,OPEN,,24,10,0,IN_PERSON,Haghverdi E,FR,13:55,14:45,I,107
4079,INFO-I 210,LAB,CLOSED,,30,0,0,IN_PERSON,Duncan J,TH,08:55,10:50,IF,4063
4080,INFO-I 490,LEC,OPEN,,10,10,0,,Francisco M; Sinders R,,,,ARR,
4081,INFO-G 901,LEC,OPEN,,30,21,0,,Guidi G,,,,ARR,
4082,STAT-S 431,LEC,OPEN,,55,21,0,IN_PERSON,Valdivia A,TUTH,11:10,12:25,WH,111
4083,CSCI-A 110,LAB,CLOSED,,20,0,0,IN_PERSON,Pope C,TUTH,09:35,10:50,PH,154
4084,EDUC-P 795,LEC,OPEN,,20,20,0,,McClain M,,,,ARR,
4085,EDUC-G 795,LEC,OPEN,,20,20,0,,Perez-Rojas A,,,,ARR,
4086,FOLK-F 850,LEC,OPEN,,20,18,0,,Shukla P,,,,ARR,
4087,FOLK-X 402,LEC,OPEN,,1,1,0,,Kay J,,,,ARR,
4088,FOLK-F 802,LEC,CLOSED,,1,0,0,,Kay J,,,,ARR,
4089,SPEA-V 261,LEC,CLOSED,,30,0,0,IN_PERSON,Bickel D,TUTH,11:10,12:25,PV,151
4090,BUS-A 424,LEC,CLOSED,,40,0,5,IN_PERSON,Bhaskar L,MOWE,11:10,12:25,HH,2050
4091,BUS-G 202,LEC,CLOSED,,250,0,6,IN_PERSON,Mafi-Kreft E,TUTH,12:45,14:00,HH,2075
4093,BUS-W 212,LEC,CLOSED,,60,0,2,IN_PERSON,Cochran S,TUTH,09:35,10:50,HH,2057
4094,BUS-M 311,LEC,CLOSED,,60,0,2,IN_PERSON,Bastianelli A,TUTH,15:55,17:10,GA,1128
4095,BUS-M 311,LEC,CLOSED,,60,0,3,IN_PERSON,Bastianelli A,TUTH,14:20,15:35,GA,1118
4096,BUS-L 541,LEC,CLOSED,,36,0,0,IN_PERSON,Turk M,TUTH,09:25,10:50,CG,1026
4097,BUS-J 420,LEC,CLOSED,,31,0,0,IN_PERSON,Rubin J,FR,09:35,12:05,HH,2055
4098,ILS-Z 703,LEC,OPEN,,10,7,0,,Hara N,,,,ARR,
4099,EDUC-Y 521,LEC,OPEN,,20,3,0,IN_PERSON,Hatt B,WE,12:45,15:30,ED,2277
4100,POLS-Y 890,LEC,OPEN,,20,20,0,,Webster S,,,,ARR,
4101,FRIT-M 572,LEC,OPEN,,8,5,0,IN_PERSON,Serafin K,TH,11:10,12:25,BH,018
4102,GRAD-L 830,LEC,OPEN,,1,1,0,,Knudsen D,,,,ARR,
4103,PHYS-P 800,LEC,OPEN,,40,40,0,,Messier M; Campbell J,,,,ARR,
4104,PHYS-P 801,LEC,OPEN,,15,15,0,,Messier M; Campbell J,,,,ARR,
4105,PHYS-P 802,LEC,OPEN,,50,47,0,,Messier M; Campbell J,,,,ARR,
4106,PHYS-P 803,LEC,OPEN,,10,10,0,,Messier M; Campbell J,,,,ARR,
4107,PHYS-G 901,LEC,OPEN,,15,15,0,,Messier M,,,,ARR,
4108,PHYS-G 901,LEC,OPEN,,15,11,0,,Messier M,,,,ARR,
4109,LING-L 555,LEC,OPEN,,15,10,0,IN_PERSON,Gessler L,MOWE,11:10,12:25,IF,0119
4110,FOLK-E 295,LEC,CLOSED,,180,0,2,IN_PERSON,Orejuela F,MOWE,14:20,15:35,WB,WEB
4111,SLHS-S 513,LEC,OPEN,,5,4,0,IN_PERSON,Lulich S,MOWE,08:00,09:15,GA,1134
4112,MUS-S 410,LEC,OPEN,,18,18,0,,Hartman A,,,,ARR,
4113,MUS-S 910,LEC,OPEN,,18,16,0,,Hartman A,,,,ARR,
4116,SPH-S 610,LEC,OPEN,,25,10,0,,Slates K,,,,WB,WEB
4117,ENG-W 203,LEC,CLOSED,FICTION,15,0,0,IN_PERSON,Diaz D,MOWE,12:45,14:00,I,105
4119,BUS-F 525,LEC,CLOSED,,37,0,0,IN_PERSON,Nam J,TUTH,11:05,12:30,CG,2069
4120,FRIT-M 215,LEC,OPEN,,22,9,0,IN_PERSON,Serafin K,MOTUWETH,09:10,10:00,BH,231
4122,BUS-W 212,LEC,CLOSED,,60,0,3,IN_PERSON,Raines G,MOWE,11:10,12:25,HH,2057
4123,THTR-T 401,LEC,OPEN,,16,4,0,IN_PERSON,Gray D; Roland R; Fellman R,MOWE,13:00,14:15,AD,A280
4124,EDUC-W 200,LEC,CLOSED,,24,0,0,IN_PERSON,Park J; Kale U,MOWE,11:10,12:25,ED,2015
4125,EDUC-W 200,LEC,CLOSED,,24,0,0,IN_PERSON,Liu L; Kale U,TUTH,11:10,12:25,ED,2015
4126,EDUC-W 200,LEC,CLOSED,,24,0,0,IN_PERSON,Elbarbary A; Kale U,TUTH,12:45,14:00,ED,2015
4127,SPEA-E 518,LEC,OPEN,,30,6,0,IN_PERSON,Walker A,MOWE,15:55,17:10,PV,151
4128,SPEA-E 418,LEC,CLOSED,,22,0,0,IN_PERSON,Walker A,MOWE,12:45,14:00,PV,151
4129,SLST-S 800,LEC,OPEN,,20,12,0,,Kuebler S,,,,ARR,
4131,BUS-Z 447,LEC,CLOSED,,40,0,0,IN_PERSON,Lennard A,MOWE,14:20,15:35,HH,2055
4132,BUS-Z 340,LEC,OPEN,,32,9,0,IN_PERSON,Ghafourian T,TUTH,17:30,18:45,HH,2049
4133,EDUC-M 200,LEC,CLOSED,,20,0,1,IN_PERSON,Daily P,MOWE,11:10,12:25,ED,3125
4134,SOAD-N 130,DIS,CLOSED,,20,0,0,IN_PERSON,Shoates L,WE,19:55,20:45,WY,101
4135,SOAD-N 130,DIS,CLOSED,,20,0,1,IN_PERSON,Shoates L,FR,11:35,12:25,WY,101
4136,SOAD-N 130,DIS,CLOSED,,20,0,0,IN_PERSON,Shoates L,FR,12:45,13:35,WY,101
4137,MUS-A 100,LEC,CLOSED,,70,0,3,IN_PERSON,Wurst F,MOWE,15:10,16:00,SM,015
4138,BUS-W 212,LEC,CLOSED,,60,0,1,IN_PERSON,Raines G,MOWE,15:55,17:10,HH,2057
4139,MUS-Z 260,LEC,CLOSED,,35,0,0,IN_PERSON,Grieb S,MOWE,11:10,12:25,RA,B111
4140,BIOL-P 451,LAB,OPEN,,25,2,0,IN_PERSON,Schlegel W,FR,13:50,15:50,JH,122
4141,COGS-G 901,LEC,OPEN,,25,22,0,,Busey T,,,,ARR,
4142,MUS-T 561,LEC,OPEN,ANALYZING FORM POST 1900 MUSIC,12,8,0,IN_PERSON,Donaldson J,TUTH,09:35,10:50,SM,344
4158,MUS-Z 120,LEC,CLOSED,,30,0,0,IN_PERSON,Renk C,TUTH,12:45,14:00,SM,373
4159,MUS-Z 120,LEC,CLOSED,,30,0,2,IN_PERSON,Podgursky J,TUTH,11:10,12:25,SM,373
4160,MUS-Q 400,LEC,OPEN,,18,15,0,,Fishell J,,,,ARR,
4161,MUS-Q 900,LEC,OPEN,,18,6,0,,Fishell J,,,,ARR,
4162,BUS-G 492,LEC,CLOSED,,45,0,11,IN_PERSON,Youle T,MOWE,11:10,12:25,HH,3006
4163,SPH-K 395,LEC,OPEN,,25,19,0,IN_PERSON,Huntoon A,WE,16:30,19:30,PH,012
4165,BIOL-Z 620,LEC,OPEN,GRANT WRITING,15,7,0,IN_PERSON,Innes R; O'Hagan H,TH,13:30,16:30,MY,209
4167,INFO-I 101,LEC,OPEN,,160,60,1,IN_PERSON,Paul L,MO,17:30,18:45,IF,1106
4168,INFO-I 101,LAB,CLOSED,,32,0,0,IN_PERSON,Wood S; Wood B,MOWE,11:10,12:25,BH,118
4170,OVST-V 496,LEC,OPEN,,15,15,0,,Carty S,,,,ARR,
4171,OVST-S 496,LEC,OPEN,,10,10,0,,Carty S,,,,ARR,
4172,OVST-P 497,LEC,OPEN,,24,22,0,,Carty S,,,,ARR,
4174,MUS-E 400,LEC,OPEN,,5,5,0,,Adams K,,,,ARR,
4177,SPH-I 145,LEC,OPEN,,28,6,0,IN_PERSON,Durisen M,MOWE,13:55,14:45,PH,169
4178,BUS-F 317,LEC,CLOSED,,50,0,18,IN_PERSON,Hirsch D,MOWE,11:10,12:25,HH,2006
4179,CHEM-M 800,LEC,OPEN,,80,45,0,IN_PERSON,Zaleski J,FR,14:45,16:00,CH,001
4180,EDUC-A 695,LEC,OPEN,,18,6,0,,Cole C,,,,ARR,
4181,MUS-S 410,LEC,OPEN,,18,18,0,,,,,,ARR,
4183,MUS-S 910,LEC,OPEN,,18,18,0,,,,,,ARR,
4184,MUS-I 500,LEC,OPEN,,18,13,0,IN_PERSON,Ehnes J,MO,19:00,20:30,SM,015
4186,SPEA-H 466,LEC,OPEN,,50,47,0,,Walker L,,,,ARR,
4187,MSCH-C 160,LEC,OPEN,,52,10,0,IN_PERSON,Bazler S,TU,17:30,18:45,FF,312
4188,MUS-O 516,LEC,OPEN,,16,7,0,IN_PERSON,Wallarab B,MOWE,15:10,16:00,MU,204
4190,LSTU-L 385,LEC,OPEN,,35,23,0,,Chevalier A,,,,WB,WEB
4191,EALC-C 533,DRL,CLOSED,,13,0,0,IN_PERSON,Lu Y,MOWEFR,12:45,13:35,BH,333
4194,CSCI-P 438,LEC,CLOSED,,48,0,0,IN_PERSON,Musser J,TUTH,12:45,14:00,IF,1106
4195,SPEA-V 252,LEC,CLOSED,,45,0,11,IN_PERSON,Bosk A,MOWE,09:45,10:35,LH,130
4196,SPEA-H 267,LEC,CLOSED,,45,0,1,IN_PERSON,Bosk A,MOWE,09:45,10:35,LH,130
4197,SOAD-S 521,LEC,OPEN,,10,4,0,IN_PERSON,Carman C,MOWE,12:45,15:30,FA,230
4198,HISP-S 200,LEC,CLOSED,,24,0,0,IN_PERSON,Mirelli G,MOWEFR,08:00,08:50,GA,0013
4200,EALC-J 201,DRL,CLOSED,,14,0,0,IN_PERSON,Matsubara M,MOWEFR,11:35,12:25,SY,105
4201,EALC-J 201,DRL,CLOSED,,14,0,0,IN_PERSON,Matsubara M,MOWEFR,11:35,12:25,SY,105
4202,MATH-M 595,LEC,OPEN,,19,6,0,IN_PERSON,Yuan C,TU,15:55,16:55,SE,245
4203,THTR-T 305,LEC,OPEN,,15,4,0,IN_PERSON,Hogsed S,WE,16:45,18:15,AD,A280
4204,SPEA-A 241,LEC,OPEN,,40,25,0,IN_PERSON,Kuhar U,MOWE,09:35,10:50,PV,163
4205,SPEA-A 163,LEC,OPEN,,48,27,0,IN_PERSON,Dessauer J,MOWE,14:20,15:35,PV,A223
4206,MUS-D 400,LEC,OPEN,,18,18,0,,Gramley J,,,,ARR,
4207,MUS-D 800,LEC,OPEN,,18,18,0,,Gramley J,,,,ARR,
4208,MUS-D 900,LEC,OPEN,,18,18,0,,Gramley J,,,,ARR,
4209,MUS-P 400,LEC,OPEN,,18,18,0,,Cartledge D,,,,ARR,
4211,MUS-I 500,LEC,OPEN,,25,11,0,IN_PERSON,Fishell J,TU,12:20,14:00,SM,215
4213,SPH-K 799,LEC,OPEN,,5,5,0,,Koceja D,,,,ARR,
4214,EALC-C 101,DRL,OPEN,,12,4,0,IN_PERSON,Lyu X; Catalano S,MOWEFR,10:25,11:15,SY,105
4215,EALC-C 101,DRL,OPEN,,12,4,0,IN_PERSON,Lyu X; Catalano S,MOWEFR,10:25,11:15,SY,105
4217,BUS-Z 494,LEC,CLOSED,,50,0,4,IN_PERSON,Hathaway B,MOWE,09:35,10:50,HH,2000
4220,STAT-S 799,LEC,OPEN,,15,14,0,,Xie F,,,,ARR,
4221,MSCH-X 476,LEC,OPEN,,10,10,0,,Major L,,,,ARR,
4222,INTL-I 406,LEC,CLOSED,,15,0,0,IN_PERSON,O'Reilly J,TU,12:45,15:45,WH,112
4223,MATH-M 211,LEC,CLOSED,,64,0,4,IN_PERSON,Haug J,MOWEFR,09:10,10:00,GA,1106
4224,MATH-M 211,RCT,CLOSED,,32,0,3,IN_PERSON,Haug J; Graber A,TU,09:10,10:00,BH,243
4225,MATH-M 211,RCT,CLOSED,,32,0,1,IN_PERSON,Haug J; Wang A,TU,09:10,10:00,BH,143
4226,MATH-M 212,LEC,CLOSED,,44,0,2,IN_PERSON,Lee M,MOWEFR,10:25,11:15,LH,008
4227,MATH-M 212,RCT,CLOSED,,22,0,1,IN_PERSON,Lee M; Gou T,TU,10:25,11:15,BH,141
4228,MATH-M 212,RCT,CLOSED,,22,0,1,IN_PERSON,Lee M; Gou T,TU,10:25,11:15,BH,134
4229,INFO-I 101,LEC,OPEN,,160,24,1,IN_PERSON,Paul L,MO,15:55,17:10,IF,1106
4230,INFO-I 101,LEC,OPEN,,160,48,0,IN_PERSON,Wood B; Wood S,TH,09:35,10:50,IF,1106
4231,INFO-I 101,LAB,OPEN,,32,1,0,IN_PERSON,Wood S; Wood B,MOWE,09:35,10:50,I,109
4232,INFO-I 101,LAB,OPEN,,32,16,0,IN_PERSON,Wood S; Wood B,MOWE,17:30,18:45,I,109
4233,INFO-I 101,LAB,CLOSED,,32,0,0,IN_PERSON,Wood B; Wood S,MOWE,09:35,10:50,BH,308
4234,INFO-I 391,LEC,OPEN,,30,30,0,,Francisco M; Sinders R,,,,ARR,
4235,INFO-I 453,LEC,CLOSED,,60,0,1,IN_PERSON,Peirce Caudell A,TUTH,14:20,15:35,IF,0117
4236,INFO-I 490,LEC,OPEN,,10,10,0,,Francisco M; Sinders R,,,,ARR,
4237,INFO-I 491,LEC,OPEN,,30,27,0,,Francisco M; Sinders R,,,,ARR,
4238,INFO-I 492,LEC,OPEN,,10,10,0,,Francisco M,,,,ARR,
4239,INFO-I 493,LEC,OPEN,,10,10,0,,Francisco M,,,,ARR,
4240,INFO-I 499,LEC,OPEN,,10,10,0,,Francisco M,,,,ARR,
4241,INFO-I 699,LEC,OPEN,,20,19,0,,Guidi G; Kemp J,,,,WB,WEB
4242,INFO-I 798,LEC,OPEN,,20,20,0,,Guidi G; Kemp J,,,,ARR,
4243,INFO-I 890,LEC,OPEN,,30,30,0,,Guidi G; Kemp J,,,,ARR,
4244,MUS-A 460,LEC,CLOSED,,14,0,0,IN_PERSON,Treanor G,TUTH,13:55,15:25,MC,062
4245,MUS-E 131,LEC,OPEN,,50,50,0,IN_PERSON,Diaz F,TUTH,10:25,11:15,MC,036
4247,AST-A 105,LEC,CLOSED,,175,0,1,IN_PERSON,Vesperini E,TUTH,09:35,10:50,SW,119
4248,POLS-X 471,LEC,OPEN,,20,16,0,,Spechler D,,,,ARR,
4249,CJUS-K 300,DIS,CLOSED,,25,0,0,IN_PERSON,Bowman R; Cohen G,FR,09:10,10:00,BH,105
4250,CJUS-K 300,DIS,CLOSED,,25,0,0,IN_PERSON,Bowman R; Cohen G,FR,10:25,11:15,BH,105
4251,CJUS-K 300,DIS,CLOSED,,25,0,0,IN_PERSON,Bowman R; Cohen G,FR,11:35,12:25,BH,105
4252,CJUS-P 314,LEC,OPEN,,154,54,0,IN_PERSON,Sales B; Simpson G; Gruzlewski S,MOWE,12:45,13:35,MY,130
4253,STAT-S 631,LEC,OPEN,,55,21,0,IN_PERSON,Valdivia A,TUTH,11:10,12:25,WH,111
4255,SPH-F 345,LEC,OPEN,,80,4,0,IN_PERSON,Wong A,TUTH,12:45,14:00,BH,203
4256,GER-X 491,LEC,OPEN,,8,7,0,,May G,,,,ARR,
4257,GER-X 492,LEC,OPEN,,5,5,0,,,,,,ARR,
4258,SPH-N 231,LEC,OPEN,,90,27,0,IN_PERSON,Thiagarajah K; Adewoye A,MOWE,17:30,18:45,CH,033
4259,GNDR-X 490,LEC,CLOSED,,0,0,0,,,,,,ARR,
4260,GNDR-X 490,LEC,OPEN,,2,2,0,,Foster L,,,,ARR,
4261,GNDR-X 490,LEC,OPEN,,2,2,0,,Frazier L,,,,ARR,
4262,GNDR-X 490,LEC,OPEN,,2,2,0,,Friedman S,,,,ARR,
4263,GNDR-X 490,LEC,OPEN,,2,2,0,,Garcia J,,,,ARR,
4264,GNDR-X 490,LEC,OPEN,,2,2,0,,Johnson C,,,,ARR,
4266,GNDR-G 695,LEC,OPEN,,2,2,0,,Foster L,,,,ARR,
4267,GNDR-G 695,LEC,OPEN,,2,2,0,,Frazier L,,,,ARR,
4268,GNDR-G 695,LEC,OPEN,,2,2,0,,Garcia J,,,,ARR,
4269,GNDR-G 695,LEC,OPEN,,2,1,0,,Johnson C,,,,ARR,
4270,GNDR-G 695,LEC,OPEN,,2,1,0,,Maher J,,,,ARR,
4271,HISP-S 280,LEC,CLOSED,,24,0,3,IN_PERSON,Herrera I,TUTH,09:35,10:50,BH,244
4272,HISP-S 280,LEC,CLOSED,,24,0,6,IN_PERSON,Ortiz Manzanilla R,TUTH,11:10,12:25,SE,245
4273,HISP-S 280,LEC,CLOSED,,24,0,2,IN_PERSON,Staszkiewicz Garcia B,TUTH,11:10,12:25,SY,003
4274,HISP-S 280,LEC,CLOSED,,24,0,0,IN_PERSON,Staszkiewicz Garcia B,MOWE,15:55,17:10,WB,WEB
4275,HISP-S 328,LEC,OPEN,,22,1,0,IN_PERSON,Rosenthal O,MOWE,14:20,15:35,AD,A151
4276,SPEA-V 184,LEC,OPEN,,64,1,0,IN_PERSON,Dunlap C,MO,18:30,21:00,PV,277
4277,SPEA-V 261,LEC,CLOSED,,30,0,0,IN_PERSON,Lee J,TUTH,09:35,10:50,PV,151
4278,SPEA-V 706,LEC,OPEN,,13,3,0,IN_PERSON,Wing C,MOWE,12:45,14:00,PV,273
4279,EDUC-F 500,LEC,OPEN,,5,1,0,,Kale U,,,,WB,WEB
4280,LTAM-X 800,LEC,OPEN,,10,10,0,,Konwest E,,,,ARR,
4281,BUS-F 370,LEC,CLOSED,,0,0,0,IN_PERSON,Mole D,TUTH,10:35,11:40,HH,2083
4282,BUS-F 370,LEC,CLOSED,,0,0,0,IN_PERSON,Fitter J,MOWE,10:35,11:40,HH,1059
4283,BUS-M 370,LEC,CLOSED,,0,0,0,IN_PERSON,Blair III J,MOWE,11:50,12:55,HH,2083
4284,BUS-M 370,LEC,CLOSED,,0,0,0,IN_PERSON,Marek B,TUTH,10:35,11:40,HH,1059
4285,BUS-P 370,LEC,CLOSED,,0,0,0,IN_PERSON,Clark R,MOWE,10:35,11:40,HH,2083
4286,BUS-P 370,LEC,CLOSED,,0,0,0,IN_PERSON,Pittsford B,TUTH,11:50,12:55,HH,1059
4287,BUS-A 310,LEC,CLOSED,,52,0,11,IN_PERSON,Hoffman P,MOWE,17:30,18:45,HH,2050
4288,BUS-A 324,LEC,CLOSED,,52,0,32,IN_PERSON,Ruiz C,MOWE,11:10,12:25,HH,1030
4289,BUS-A 325,LEC,OPEN,,50,1,0,IN_PERSON,Bable J,MOWE,08:00,09:15,HH,2046
4290,BUS-A 327,LEC,CLOSED,,52,0,3,IN_PERSON,Hagerty A,TUTH,09:35,10:50,HH,1030
4292,EDUC-C 620,LEC,OPEN,,25,20,0,IN_PERSON,Taylor Jr L,WE,15:55,18:35,ED,2101
4293,BUS-F 305,LEC,CLOSED,,50,0,14,IN_PERSON,Khoei S,MOWE,17:30,18:45,CG,2061
4294,EDUC-M 101,LEC,OPEN,LABORATORY FIELD EXPERIENCE,50,50,0,,Draper A,,,,WB,WEB
4295,BUS-A 312,LEC,CLOSED,,52,0,6,IN_PERSON,Croom J,TUTH,08:00,09:15,HH,3030
4296,BUS-F 402,LEC,CLOSED,,40,0,0,IN_PERSON,Durguner S,MOWE,14:20,15:35,HH,2006
4297,BUS-A 100,LEC,OPEN,,200,16,0,IN_PERSON,Seitz J,MOWE,12:45,13:35,HH,2075
4298,BUS-A 100,LEC,OPEN,,200,5,0,IN_PERSON,Seitz J,MOWE,11:35,12:25,HH,2075
4299,BUS-A 100,LEC,OPEN,,200,15,0,IN_PERSON,Seitz J,MOWE,13:55,14:45,HH,2075
4300,BUS-A 100,LEC,CLOSED,,200,0,0,IN_PERSON,Seitz J,MOWE,11:35,12:25,HH,2075
4301,BUS-A 100,LEC,OPEN,,200,18,0,IN_PERSON,Seitz J,MOWE,13:55,14:45,HH,2075
4304,EDUC-Y 795,LEC,OPEN,,20,20,0,,Huang S,,,,ARR,
4305,EDUC-R 621,LEC,OPEN,,20,1,0,,Brush T,,,,WB,WEB
4307,INFO-I 554,LEC,OPEN,,10,10,0,,Gray C,,,,ARR,
4308,INFO-I 790,LEC,OPEN,,10,10,0,,Guidi G; Kemp J,,,,ARR,
4309,THTR-T 100,LEC,CLOSED,,75,0,2,IN_PERSON,Lale J,MOWE,09:35,10:50,TH,A201
4311,SLHS-S 311,LEC,OPEN,,42,3,0,IN_PERSON,Shrivastav M,TUTH,14:20,15:35,LH,008
4312,SPEA-A 354,LEC,OPEN,,40,6,0,IN_PERSON,Hatcher S,MOWE,11:10,12:25,PV,163
4313,SPEA-V 462,LEC,CLOSED,,35,0,11,IN_PERSON,Burgins R,MOWE,12:45,14:00,TV,226
4314,BUS-P 320,LEC,OPEN,,40,5,1,IN_PERSON,Dobos S,TUTH,14:20,15:35,HH,3079
4315,CEUS-T 551,LEC,OPEN,,18,11,0,IN_PERSON,Nematollahi N,MOWEFR,10:25,11:15,BH,135
4316,CEUS-T 651,LEC,OPEN,,20,13,0,IN_PERSON,Nematollahi N,MOWEFR,11:35,12:25,BH,231
4317,CEUS-T 351,LEC,OPEN,,20,13,0,IN_PERSON,Nematollahi N,MOWEFR,11:35,12:25,BH,231
4318,CEUS-T 751,LEC,OPEN,,20,13,0,IN_PERSON,Nematollahi N,MOWEFR,11:35,12:25,BH,231
4319,CEUS-T 381,LEC,OPEN,,10,3,0,IN_PERSON,Crum S,MOWEFR,08:00,08:50,WH,008
4320,CEUS-T 341,LEC,OPEN,,5,3,0,IN_PERSON,Varga V,MOWETHFR,11:35,12:25,GA,4030
4321,CEUS-T 361,LEC,OPEN,,5,3,0,IN_PERSON,Legden T,MOWEFR,11:35,12:25,GA,4021
4322,CEUS-R 610,LEC,OPEN,,5,5,0,,Kamp M,,,,ARR,
4324,CEUS-R 640,LEC,OPEN,,1,1,0,,Varga V,,,,ARR,
4325,CEUS-R 670,LEC,OPEN,,1,1,0,,Rabsal G,,,,ARR,
4326,CEUS-R 680,LEC,OPEN,,1,1,0,,Ozcelik O,,,,ARR,
4327,CEUS-R 690,LEC,OPEN,,10,10,0,,Ozcelik O,,,,ARR,
4328,CEUS-T 741,LEC,OPEN,,5,3,0,IN_PERSON,Varga V,MOWETHFR,11:35,12:25,GA,4030
4329,CEUS-T 761,LEC,OPEN,,5,3,0,IN_PERSON,Legden T,MOWEFR,11:35,12:25,GA,4021
4330,CEUS-T 781,LEC,OPEN,,10,3,0,IN_PERSON,Crum S,MOWEFR,08:00,08:50,WH,008
4331,CEUS-T 701,LEC,OPEN,,10,9,0,IN_PERSON,Kivik P,MOWE,14:00,15:15,WB,WEB
4332,SPEA-E 311,LEC,OPEN,,40,24,0,IN_PERSON,Henshel D,TUTH,11:10,12:25,PV,277
4333,OVST-S 499,LEC,OPEN,,40,40,0,,Carty S,,,,ARR,
4335,CEUS-T 581,LEC,OPEN,,15,6,0,IN_PERSON,Crum S,MOWEFR,09:10,10:00,WH,007
4360,CEUS-T 601,LEC,OPEN,,10,9,0,IN_PERSON,Kivik P,MOTUWETH,16:35,17:25,WB,WEB
4361,OPT-V 653,LEC,CLOSED,,88,0,0,IN_PERSON,Clark C,TU,12:00,12:50,OP,111
4362,OPT-V 653,LAB,CLOSED,,22,0,0,IN_PERSON,Clark C,TU,13:00,14:50,OP,101
4364,OPT-V 653,LAB,CLOSED,,22,0,0,IN_PERSON,Clark C,TU,15:00,16:50,OP,101
4365,OPT-V 653,LAB,CLOSED,,22,0,0,IN_PERSON,Clark C,WE,14:00,15:50,OP,101
4366,OPT-V 653,LAB,CLOSED,,22,0,0,IN_PERSON,Clark C,WE,16:00,17:50,OP,101
4374,EDUC-Y 611,LEC,OPEN,,20,1,0,,Hatt B,,,,WB,WEB
4375,EDUC-M 501,LEC,OPEN,FIELD EXPERIENCE: MUSIC,15,15,0,,Gault B,,,,ARR,
4376,BUS-G 400,LEC,OPEN,,30,16,0,IN_PERSON,Youle T,MOWE,12:45,14:00,HH,3006
4377,SOAD-G 901,LEC,OPEN,,5,4,0,,Smith M,,,,ARR,
4378,BUS-M 311,LEC,OPEN,,48,3,0,IN_PERSON,Palmer Jr P,MOWE,08:00,09:15,I,E130
4379,NURS-H 399,LEC,CLOSED,,6,0,0,,Tanner A,,,,ARR,
4380,MUS-K 400,LEC,OPEN,,18,18,0,,Travers A,,,,ARR,
4381,MUS-K 810,LEC,OPEN,,18,18,0,,Travers A,,,,ARR,
4382,MUS-K 910,LEC,OPEN,,18,17,0,,Travers A,,,,ARR,
4383,SPH-K 697,LEC,OPEN,,10,10,0,,Huntoon A,,,,ARR,
4384,SPH-K 799,LEC,OPEN,,10,8,0,,Mickleborough T,,,,ARR,
4385,GNDR-G 901,LEC,OPEN,,10,3,0,,Allen S,,,,ARR,
4387,ANAT-A 878,LEC,OPEN,,15,14,0,,Husmann P; O'Loughlin V; Dunham S,,,,ARR,
4388,EDUC-R 795,LEC,OPEN,,19,19,0,IN_PERSON,Boling E,FR,12:45,15:30,ED,1201
4389,MUS-Z 211,LEC,OPEN,,30,11,0,IN_PERSON,Lubell G,MOWE,10:25,11:25,MA,004
4390,EALC-K 101,DRL,OPEN,,15,1,0,IN_PERSON,Kim J,MOWEFR,12:45,13:35,BH,142
4391,EALC-K 101,DRL,OPEN,,15,1,0,IN_PERSON,Kim J,MOWEFR,12:45,13:35,BH,142
4392,FRIT-F 300,LEC,OPEN,"LITERATURE, THEATER, CINEMA",17,1,0,IN_PERSON,Bowles B,TUTH,12:45,14:00,BH,233
4394,SLST-T 61,LEC,OPEN,COMMUNICATION A,17,17,0,,,,,,ARR,
4395,SLST-T 61,LEC,OPEN,GRAMMAR A,17,17,0,,,,,,ARR,
4396,SLST-T 61,LEC,OPEN,READING A,17,17,0,,,,,,ARR,
4397,SLST-T 61,LEC,OPEN,WRITING A,17,17,0,,,,,,ARR,
4403,SLST-T 62,LEC,OPEN,COMMUNICATION A,16,16,0,IN_PERSON,Han Z,MOTUWETHFR,12:20,13:10,WH,118
4404,SLST-T 62,LEC,OPEN,GRAMMAR A,16,16,0,IN_PERSON,McCafferty M,MOTUWETHFR,11:15,12:05,WH,118
4405,SLST-T 62,LEC,OPEN,READING A,18,18,0,IN_PERSON,Gashi M,MOTUWETH,09:05,09:55,WH,118
4406,SLST-T 62,LEC,OPEN,WRITING A,16,16,0,IN_PERSON,McCafferty M,MOTUWETHFR,10:10,11:00,WH,118
4415,SLST-T 63,LEC,OPEN,COMMUNICATION A,16,16,0,,,,,,ARR,
4416,SLST-T 63,LEC,OPEN,GRAMMAR A,16,16,0,,,,,,ARR,
4417,SLST-T 63,LEC,OPEN,READING A,16,16,0,,,,,,ARR,
4418,SLST-T 63,LEC,OPEN,WRITING A,16,16,0,,,,,,ARR,
4428,SLST-T 64,LEC,OPEN,COMMUNICATION A,16,16,0,IN_PERSON,Han Z,MOTUWETHFR,08:00,08:50,WH,116
4429,SLST-T 64,LEC,OPEN,GRAMMAR A,15,15,0,IN_PERSON,Chen E,MOTUWETHFR,09:05,09:55,WH,116
4430,SLST-T 64,LEC,OPEN,EXTENSIVE READING A,10,10,0,,,,,,ARR,
4431,SLST-T 64,LEC,OPEN,READING A,18,18,0,IN_PERSON,Gashi M,MOTUWETH,09:05,09:55,WH,118
4432,SLST-T 64,LEC,OPEN,WRITING A,18,18,0,,,,,,ARR,
4443,SLST-T 65,LEC,OPEN,COMMUNICATION A,15,15,0,IN_PERSON,Chen E,MOTUWETHFR,09:05,09:55,WH,116
4444,SLST-T 65,LEC,OPEN,GRAMMAR A,16,16,0,IN_PERSON,Han Z,MOTUWETHFR,08:00,08:50,WH,116
4445,SLST-T 65,LEC,OPEN,READING A,15,15,0,IN_PERSON,Gashi M,MOTUWETHFR,11:15,12:05,WH,110
4446,SLST-T 65,LEC,OPEN,WRITING A,18,18,0,IN_PERSON,Yoo J,MOTUWETHFR,10:10,11:00,WH,110
4459,SLST-T 66,LEC,OPEN,COMMUNICATION A,15,15,0,IN_PERSON,Gashi M,MOTUWETHFR,08:00,08:50,WH,110
4460,SLST-T 66,LEC,OPEN,GRAMMAR A,18,18,0,IN_PERSON,McCafferty M,MOTUWETHFR,09:05,09:55,WH,110
4461,SLST-T 66,LEC,OPEN,READING A,15,15,0,IN_PERSON,Gashi M,MOTUWETHFR,11:15,12:05,WH,110
4462,SLST-T 66,LEC,OPEN,WRITING A,18,18,0,IN_PERSON,Yoo J,MOTUWETHFR,10:10,11:00,WH,110
4475,SLST-T 67,LEC,OPEN,READING A,15,15,0,IN_PERSON,Gashi M,MOTUWETHFR,11:15,12:05,WH,110
4476,SLST-T 67,LEC,OPEN,WRITING A,18,18,0,IN_PERSON,Yoo J,MOTUWETHFR,10:10,11:00,WH,110
4477,SLST-T 67,LEC,OPEN,READING B,18,18,0,,,,,,ARR,
4478,SLST-T 67,LEC,OPEN,WRITING B,18,18,0,,,,,,ARR,
4481,SLST-T 68,LEC,OPEN,ACADEMIC CONVERSATION,15,15,0,IN_PERSON,Gashi M,MOTUWETHFR,08:00,08:50,WH,110
4482,SLST-T 68,LEC,OPEN,ADVANCED PRONUNCIATION,15,15,0,,,,,,ARR,
4483,SLST-T 68,LEC,OPEN,ADVANCED GRAMMAR,18,18,0,IN_PERSON,McCafferty M,MOTUWETHFR,09:05,09:55,WH,110
4484,SLST-T 68,LEC,OPEN,AMERICAN INDIANS OF INDIANA,18,18,0,,,,,,ARR,
4489,SLST-T 68,LEC,OPEN,EXTENSIVE READING,10,10,0,,,,,,ARR,
4501,MUS-I 407,LEC,OPEN,,20,20,0,,Adams K,,,,ARR,
4502,MUS-I 408,LEC,OPEN,,20,20,0,,Adams K,,,,ARR,
4503,MUS-I 409,LEC,OPEN,,20,20,0,,Adams K,,,,ARR,
4505,CHEM-X 499,LEC,OPEN,,25,24,0,,Williams D,,,,ARR,
4506,HISP-S 250,LEC,CLOSED,,24,0,2,IN_PERSON,Galarza Galarza I,MOWETH,17:30,18:20,WB,WEB
4507,EDUC-J 605,LEC,OPEN,,10,9,0,,Barton K,,,,ARR,
4508,COGS-Q 799,LEC,OPEN,,2,2,0,,Beer R,,,,ARR,
4509,MUS-U 210,LEC,OPEN,,20,15,0,,McLean K,,,,ARR,
4510,LATS-L 599,LEC,OPEN,,1,1,0,,Martinez S,,,,ARR,
4511,MUS-M 401,DIS,CLOSED,,12,0,0,IN_PERSON,Saltzstein J,TUTH,11:35,12:25,SM,340
4512,SOAD-F 213,LEC,OPEN,,16,1,0,IN_PERSON,Quirk J,TUTH,11:10,13:55,KH,302
4513,PACE-X 473,LEC,OPEN,,25,23,0,,Fraley M,,,,ARR,
4514,PACE-X 490,LEC,OPEN,,10,10,0,,Napoli L,,,,ARR,
4517,SOC-S 371,LEC,OPEN,,45,1,1,IN_PERSON,Johnson A,TUTH,14:20,15:35,BH,005
4518,SOC-S 371,LAB,CLOSED,,15,0,1,IN_PERSON,Tuzzolino K,MO,14:00,14:50,BH,117
4519,SOC-S 371,LAB,CLOSED,,15,0,0,IN_PERSON,Tuzzolino K,MO,15:10,16:00,BH,117
4520,SOC-S 371,LAB,OPEN,,15,1,0,IN_PERSON,Tuzzolino K,MO,16:20,17:10,BH,117
4521,SLST-G 901,LEC,OPEN,,15,7,0,,Kuebler S,,,,ARR,
4522,AAAD-G 599,LEC,OPEN,,5,5,0,,Williams J,,,,ARR,
4524,SPH-F 150,LEC,CLOSED,,100,0,0,,Chow A,,,,WB,WEB
4525,SPH-N 536,LEC,OPEN,,10,9,0,IN_PERSON,Thiagarajah K,TUTH,15:55,17:10,BH,227
4526,CJUS-P 314,DIS,CLOSED,,24,0,0,IN_PERSON,Sales B; Simpson G,TH,15:10,16:00,BH,238
4527,CJUS-P 314,DIS,OPEN,,26,4,0,IN_PERSON,Sales B; Simpson G,TH,16:20,17:10,BH,314
4528,CJUS-P 314,DIS,OPEN,,26,12,0,IN_PERSON,Sales B; Simpson G,TH,17:30,18:20,SY,003
4529,CJUS-P 314,DIS,OPEN,,26,21,0,IN_PERSON,Sales B; Gruzlewski S,FR,09:10,10:00,BH,306
4530,CJUS-P 314,DIS,OPEN,,26,9,0,IN_PERSON,Sales B; Gruzlewski S,FR,10:25,11:15,BH,306
4531,EALC-C 101,DRL,CLOSED,,15,0,0,IN_PERSON,Lyu X; Catalano S,MOWEFR,11:35,12:25,WH,114
4532,EALC-C 101,DRL,CLOSED,,15,0,0,IN_PERSON,Lyu X; Catalano S,MOWEFR,11:35,12:25,WH,114
4533,EALC-C 201,LEC,OPEN,,28,8,1,IN_PERSON,Liles X,TUTH,10:25,11:15,BH,245
4534,EALC-C 201,DRL,CLOSED,,14,0,0,IN_PERSON,Liles X,MOWEFR,10:25,11:15,SY,212
4535,EALC-C 201,DRL,CLOSED,,14,0,0,IN_PERSON,Liles X,MOWEFR,10:25,11:15,SY,212
4536,EALC-C 301,LEC,OPEN,,24,8,0,IN_PERSON,Lu Y; Liu X,TUTH,10:25,11:15,EP,256
4537,EALC-C 533,LEC,OPEN,,24,8,1,IN_PERSON,Lu Y; Liu X,TUTH,10:25,11:15,EP,256
4538,INFO-I 211,LAB,OPEN,,30,4,0,IN_PERSON,Hayes A,FR,14:20,15:35,IF,4111
4539,MUS-K 361,LEC,CLOSED,,29,0,0,IN_PERSON,Kwapis O,MOWE,10:25,11:15,SM,373
4540,MUS-M 539,LEC,OPEN,,15,1,0,IN_PERSON,Cochran K,TUTH,11:10,12:25,SM,285
4541,MUS-N 399,LEC,OPEN,,15,5,0,IN_PERSON,Goldman A,TUTH,11:10,12:25,MA,006
4542,MUS-Z 201,LEC,OPEN,,350,21,0,IN_PERSON,Mahern P,MOWE,15:55,17:10,BH,013
4543,HISP-S 324,LEC,OPEN,,12,8,0,IN_PERSON,Johnson R,MOWE,15:55,17:10,BH,314
4544,HISP-S 324,LEC,CLOSED,,22,0,5,IN_PERSON,Guzman R,TUTH,12:45,14:00,BH,313
4545,MUS-Z 361,LEC,CLOSED,,29,0,0,IN_PERSON,Kwapis O,MOWE,10:25,11:15,SM,373
4546,PSY-P 895,LEC,OPEN,,10,8,0,,Wisner K,,,,ARR,
4547,PSY-P 895,LEC,OPEN,,10,10,0,,D'Onofrio B,,,,ARR,
4548,PSY-P 895,LEC,OPEN,,10,10,0,,Farley J,,,,ARR,
4549,PSY-P 895,LEC,OPEN,,10,10,0,,Finn D,,,,ARR,
4550,PSY-P 895,LEC,OPEN,,10,10,0,,Garraghty P,,,,ARR,
4551,PSY-P 895,LEC,OPEN,,10,10,0,,Gold J,,,,ARR,
4552,PSY-P 895,LEC,OPEN,,10,8,0,,Goldstone R,,,,ARR,
4553,PSY-P 895,LEC,OPEN,,10,10,0,,Hetrick W,,,,ARR,
4554,PSY-P 895,LEC,OPEN,,10,10,0,,Busemeyer J,,,,ARR,
4555,PSY-P 895,LEC,OPEN,,10,9,0,,Busey T,,,,ARR,
4556,STAT-S 301,LEC,CLOSED,,80,0,61,IN_PERSON,Granger R,TUTH,12:45,14:00,LH,102
4557,EALC-C 201,LEC,OPEN,,28,8,0,IN_PERSON,Liles X,TUTH,10:25,11:15,BH,245
4558,PSY-P 346,LEC,OPEN,,100,26,0,IN_PERSON,Kalinovsky A,MOWE,09:35,10:50,GA,0001
4561,BUS-G 304,LEC,OPEN,,30,5,0,IN_PERSON,Pease M,TUTH,14:20,15:35,GY,1045
4562,BUS-F 370,LEC,CLOSED,,0,0,0,IN_PERSON,Fitter J,TUTH,10:35,11:40,HH,1055
4563,BUS-M 370,LEC,CLOSED,,0,0,0,IN_PERSON,McManus K,MOWE,10:35,11:40,HH,1055
4564,BUS-P 370,LEC,CLOSED,,0,0,0,IN_PERSON,Kalish J,TUTH,11:50,12:55,HH,1055
4565,EDUC-P 248,LEC,CLOSED,,24,0,0,IN_PERSON,Komer J,TUTH,14:20,15:35,ED,3017
4566,CLAS-C 399,LEC,OPEN,,5,5,0,,Bannon C,,,,ARR,
4567,JSTU-J 251,LEC,OPEN,,55,1,0,IN_PERSON,Lockwood J,TUTH,11:10,12:25,GA,1128
4609,MUS-I 410,LEC,OPEN,,10,10,0,,Adams K,,,,ARR,
4610,MUS-U 596,LEC,OPEN,,15,15,0,,Cartledge D,,,,ARR,
4611,MUS-U 596,LEC,OPEN,,5,5,0,,Cartledge D,,,,ARR,
4612,MUS-U 596,LEC,OPEN,,5,5,0,,Cartledge D,,,,ARR,
4613,BUS-A 327,LEC,CLOSED,,52,0,16,IN_PERSON,Coleman F,MOWE,14:20,15:35,HH,2050
4614,SLST-S 301,LEC,OPEN,,20,10,0,IN_PERSON,Burghardt B,TUTH,12:45,14:00,BH,217
4619,LSTU-L 314,LEC,CLOSED,,20,0,0,,Cushman-Wood D,,,,WB,WEB
4630,CSCI-C 211,LAB,OPEN,,33,15,0,IN_PERSON,Angiuli C,FR,09:10,11:05,BH,308
4631,HISP-X 491,LEC,OPEN,INTENSIVE CATALAN LANGUAGE,2,2,0,IN_PERSON,Plymale A,MOWEFR,11:35,12:25,GA,0011
4633,COGS-Q 510,LEC,OPEN,,5,3,0,IN_PERSON,Todd P,WE,14:00,16:30,PY,128
4634,SPEA-K 300,LEC,CLOSED,,100,0,0,IN_PERSON,Wakhungu H,TUTH,17:30,18:45,PV,167
4635,NURS-S 474,LEC,CLOSED,,60,0,0,IN_PERSON,Raber H,WE,13:00,16:00,AH,C1020Y
4636,SWK-S 141,LEC,OPEN,,30,3,0,,Williams R,,,,WB,WEB
4640,OVST-S 499,LEC,OPEN,,40,30,0,,Carty S,,,,ARR,
4641,OVST-J 396,LEC,OPEN,,25,25,0,,Carty S,,,,ARR,
4642,OVST-D 498,LEC,OPEN,,25,25,0,,Carty S,,,,ARR,
4643,BIOL-L 585,LEC,OPEN,,15,4,0,IN_PERSON,Calvi B; Hollenhorst P; Nikolov L,TUTH,12:45,14:00,JH,440
4644,LING-L 306,LEC,OPEN,,32,19,0,IN_PERSON,De Jong K,MOWE,09:35,10:50,WH,002
4645,PSY-P 895,LEC,OPEN,,10,10,0,,Holtzworth-Munroe A,,,,ARR,
4646,PSY-P 895,LEC,OPEN,,10,9,0,,James K,,,,ARR,
4647,PSY-P 895,LEC,OPEN,,10,5,0,,James T,,,,ARR,
4648,PSY-P 895,LEC,OPEN,,10,10,0,,Jones M,,,,ARR,
4649,PSY-P 895,LEC,OPEN,,10,10,0,,Lai C,,,,ARR,
4650,PSY-P 895,LEC,OPEN,,10,10,0,,Mackie K,,,,ARR,
4651,PSY-P 895,LEC,OPEN,,10,9,0,,Nosofsky R,,,,ARR,
4652,PSY-P 895,LEC,OPEN,,10,8,0,,Crystal J,,,,ARR,
4653,PSY-P 895,LEC,OPEN,,10,10,0,,Pisoni D,,,,ARR,
4654,PSY-P 895,LEC,OPEN,,10,8,0,,Prieto A,,,,ARR,
4655,PSY-P 895,LEC,OPEN,,10,10,0,,Puce A,,,,ARR,
4656,PSY-P 895,LEC,OPEN,,10,10,0,,Rydell R,,,,ARR,
4657,PSY-P 895,LEC,OPEN,,10,10,0,,Sengelaub D,,,,ARR,
4658,PSY-P 895,LEC,OPEN,,10,9,0,,Newman E,,,,ARR,
4659,PSY-P 895,LEC,OPEN,,10,10,0,,Shiffrin R,,,,ARR,
4660,PSY-P 895,LEC,OPEN,,10,10,0,,Smith L,,,,ARR,
4661,PSY-P 895,LEC,OPEN,,10,10,0,,Sporns O,,,,ARR,
4662,PSY-P 895,LEC,OPEN,,10,10,0,,Todd P,,,,ARR,
4663,PSY-P 895,LEC,OPEN,,10,10,0,,Viken R,,,,ARR,
4664,PSY-P 895,LEC,OPEN,,10,8,0,,Wellman C,,,,ARR,
4665,PSY-P 895,LEC,OPEN,,10,7,0,,Chaku N,,,,ARR,
4666,SLHS-A 250,LEC,OPEN,,27,2,0,IN_PERSON,Kochan S,TUTH,11:10,12:25,BH,227
4667,SLST-T 71,LEC,OPEN,COMMUNICATION A,18,18,0,,,,,,ARR,
4668,SLST-T 71,LEC,OPEN,GRAMMAR A,18,18,0,,,,,,ARR,
4669,SLST-T 71,LEC,OPEN,READING A,18,18,0,,,,,,ARR,
4670,SLST-T 71,LEC,OPEN,WRITING A,18,18,0,,,,,,ARR,
4679,SLST-T 72,LEC,OPEN,COMMUNICATION A,18,18,0,,,,,,ARR,
4680,SLST-T 72,LEC,OPEN,GRAMMAR A,18,18,0,,,,,,ARR,
4681,SLST-T 72,LEC,OPEN,READING A,18,18,0,,,,,,ARR,
4682,SLST-T 72,LEC,OPEN,WRITING A,18,18,0,,,,,,ARR,
4691,SLST-T 73,LEC,OPEN,COMMUNICATION A,18,18,0,,,,,,ARR,
4692,SLST-T 73,LEC,OPEN,GRAMMAR A,18,18,0,,,,,,ARR,
4693,SLST-T 73,LEC,OPEN,READING A,18,18,0,,,,,,ARR,
4694,SLST-T 73,LEC,OPEN,WRITING A,18,18,0,,,,,,ARR,
4707,SLST-T 74,LEC,OPEN,COMMUNICATION A,18,18,0,,,,,,ARR,
4708,SLST-T 74,LEC,OPEN,GRAMMAR A,18,18,0,,,,,,ARR,
4709,SLST-T 74,LEC,OPEN,EXTENSIVE READING A,18,18,0,,,,,,ARR,
4710,SLST-T 74,LEC,OPEN,READING A,18,18,0,,,,,,ARR,
4711,SLST-T 74,LEC,OPEN,WRITING A,18,18,0,,,,,,ARR,
4723,SLST-T 74,LEC,OPEN,GRAMMAR D,18,18,0,,,,,,ARR,
4724,SLST-T 74,LEC,OPEN,EXTENSIVE READING D,18,18,0,,,,,,ARR,
4725,SLST-T 74,LEC,OPEN,READING D,18,18,0,,,,,,ARR,
4726,SLST-T 74,LEC,OPEN,WRITING D,18,18,0,,,,,,ARR,
4732,SLST-T 75,LEC,OPEN,COMMUNICATION A,18,18,0,,,,,,ARR,
4733,SLST-T 75,LEC,OPEN,GRAMMAR A,18,18,0,,,,,,ARR,
4734,SLST-T 75,LEC,OPEN,READING A,18,18,0,,,,,,ARR,
4735,SLST-T 75,LEC,OPEN,WRITING A,18,18,0,,,,,,ARR,
4756,SLST-T 76,LEC,OPEN,COMMUNICATION A,18,18,0,,,,,,ARR,
4757,SLST-T 76,LEC,OPEN,GRAMMAR A,18,18,0,,,,,,ARR,
4758,SLST-T 76,LEC,OPEN,READING A,18,18,0,,,,,,ARR,
4759,SLST-T 76,LEC,OPEN,WRITING A,18,18,0,,,,,,ARR,
4780,SLST-T 77,LEC,OPEN,READING A,18,18,0,,,,,,ARR,
4781,SLST-T 77,LEC,OPEN,WRITING A,18,18,0,,,,,,ARR,
4786,BUS-A 337,LEC,CLOSED,,45,0,9,IN_PERSON,Yang H,TUTH,15:55,17:10,HH,4006
4787,BUS-A 337,LEC,CLOSED,,45,0,8,IN_PERSON,Yang H,MOWE,17:30,18:45,HH,4006
4788,BUS-A 337,LEC,CLOSED,,45,0,9,IN_PERSON,Yang H,MOWE,15:55,17:10,HH,4006
4790,SLST-T 78,LEC,OPEN,,18,18,0,,,,,,ARR,
4791,SLST-T 78,LEC,OPEN,EXTENSIVE LISTENING,18,18,0,,,,,,ARR,
4792,SLST-T 78,LEC,OPEN,EXTENSIVE READING,18,18,0,,,,,,ARR,
4793,SLST-T 78,LEC,OPEN,EXTENSIVE READING,18,18,0,,,,,,ARR,
4811,GNDR-G 600,LEC,CLOSED,,6,0,0,IN_PERSON,Allen S,TH,09:00,11:30,LH,201H
4812,HUBI-B 200,LEC,CLOSED,OBESITY AND HUNGER,79,0,23,IN_PERSON,Libby A; Bashey-Visser F,TUTH,09:35,10:50,MO,107
4813,HUBI-B 200,LAB,CLOSED,OBESITY AND HUNGER,20,0,7,IN_PERSON,Bashey-Visser F; Libby A; O'Malley M,FR,09:35,10:50,MO,107
4814,HUBI-B 200,LAB,CLOSED,OBESITY AND HUNGER,20,0,5,IN_PERSON,Bashey-Visser F; Libby A; O'Malley M,FR,11:10,12:25,MO,107
4815,HUBI-B 200,LAB,CLOSED,OBESITY AND HUNGER,20,0,8,IN_PERSON,Bashey-Visser F; Libby A; Garcia R,FR,12:45,14:00,MO,107
4816,THTR-T 120,LEC,CLOSED,,17,0,0,IN_PERSON,McKnight J,TH,09:35,10:50,AD,A280
4817,BIOL-M 550,LEC,OPEN,,10,2,0,IN_PERSON,Kearns D,MOWEFR,12:45,13:35,FA,015
4818,INTL-I 100,LEC,CLOSED,,160,0,3,IN_PERSON,Zhang H,MOWE,15:10,16:00,WH,101
4819,GNDR-X 476,LEC,OPEN,,2,2,0,,Maher J,,,,ARR,
4820,COLL-G 123,LEC,OPEN,STUDENT LEADERSHIP AND SUCCESS,45,25,0,IN_PERSON,Carter D,TU,16:30,17:20,GY,1043
4822,OVST-U 497,LEC,OPEN,,30,30,0,,Carty S,,,,ARR,
4824,BUS-J 306,LEC,CLOSED,,60,0,0,IN_PERSON,Tunstall III G,MOWE,17:30,18:45,WB,WEB
4825,CHEM-C 342,DIS,OPEN,,40,2,1,IN_PERSON,Cripe L,TH,11:35,12:25,JH,001
4826,CHEM-C 342,DIS,CLOSED,,40,0,2,IN_PERSON,Cripe L,TH,12:45,13:35,BH,206
4829,AFRI-S 501,LEC,OPEN,,22,5,0,IN_PERSON,Okelo B,MOWE,11:35,12:25,BH,229
4830,AFRI-S 601,LEC,OPEN,,22,4,0,IN_PERSON,Okelo B,MOWEFR,12:45,13:35,BH,240
4831,AFRI-S 701,LEC,OPEN,,8,7,0,IN_PERSON,Okelo B,MOWE,14:20,15:35,SE,009
4832,AFRI-B 501,LEC,OPEN,,34,21,0,IN_PERSON,Sow A,MOWE,11:35,12:25,BH,208
4833,AFRI-B 601,LEC,OPEN,,35,16,0,IN_PERSON,Sow A,MOWE,12:45,14:00,WY,125
4834,AFRI-B 701,LEC,OPEN,,14,14,0,IN_PERSON,Sow A,TUTH,12:45,14:00,BH,106
4835,AFRI-X 473,LEC,OPEN,,8,8,0,,Amoah-Ramey N,,,,ARR,
4836,MUS-P 201,LEC,CLOSED,,8,0,0,IN_PERSON,Gillespie L,MOWE,19:10,20:00,MA,318
4837,PSY-P 895,LEC,OPEN,,10,9,0,,Hirt E,,,,ARR,
4839,EDUC-Q 506,LEC,OPEN,,4,4,0,IN_PERSON,Maltese A,MOWE,15:55,17:10,ED,3105
4840,OVST-B 496,LEC,OPEN,,40,40,0,,Carty S,,,,ARR,
4842,CHEM-C 117,DIS,CLOSED,,45,0,3,IN_PERSON,Cadena Martinez N,MO,15:10,16:00,SE,140
4843,MUS-G 579,LEC,OPEN,,5,5,0,,McKinney D,,,,ARR,
4844,BIOL-L 113,LEC,CLOSED,,24,0,3,IN_PERSON,Anderson A; Matlack D,WE,17:00,20:00,JH,A109
4845,BIOL-L 113,LEC,CLOSED,,24,0,4,IN_PERSON,Anderson A; Matlack D,TH,09:00,12:00,JH,A110
4846,GEOG-G 499,LEC,OPEN,,3,3,0,,Ficklin D; Loyal T,,,,ARR,
4847,THTR-T 203,LEC,OPEN,,20,2,0,IN_PERSON,Sage R; Swaney S; Fellman R,MO,16:45,18:15,AD,A280
4848,THTR-T 305,LEC,CLOSED,,17,0,0,IN_PERSON,Swaney S,WE,16:45,18:15,AD,A280
4849,CHEM-C 117,DIS,CLOSED,,45,0,4,IN_PERSON,Gachotte C; Oehrlein E,TU,08:00,08:50,JH,065
4850,EDUC-C 565,LEC,OPEN,,30,13,0,IN_PERSON,DeSawal D,WE,09:10,11:55,ED,1225
4851,MUS-S 430,LEC,OPEN,,18,10,0,,Stumpf P,,,,ARR,
4852,MUS-S 830,LEC,OPEN,,18,18,0,,Stumpf P,,,,ARR,
4853,MUS-S 930,LEC,OPEN,,18,8,0,,Stumpf P,,,,ARR,
4854,AFRI-X 390,LEC,OPEN,,8,8,0,,Amoah-Ramey N,,,,ARR,
4855,MUS-S 420,LEC,OPEN,,18,9,0,,Wyrczynski S,,,,ARR,
4856,MUS-S 820,LEC,OPEN,,18,18,0,,Wyrczynski S,,,,ARR,
4857,MUS-S 920,LEC,OPEN,,18,13,0,,Wyrczynski S,,,,ARR,
4858,MUS-I 500,LEC,OPEN,,22,9,0,IN_PERSON,Wyrczynski S,FR,14:20,16:10,MC,036
4860,CSCI-C 211,LAB,OPEN,,35,19,0,IN_PERSON,Angiuli C,TH,09:10,11:05,BH,118
4861,EALC-J 201,DRL,OPEN,,14,1,0,IN_PERSON,Matsubara M,MOWEFR,09:10,10:00,BH,238
4862,EALC-J 201,DRL,OPEN,,14,1,0,IN_PERSON,Matsubara M,MOWEFR,09:10,10:00,BH,238
4863,INFO-I 591,LEC,OPEN,,10,10,0,,Gray C,,,,ARR,
4864,INFO-I 591,LEC,OPEN,,10,9,0,,Gray C,,,,ARR,
4865,LAW-B 542,LEC,OPEN,,30,7,0,IN_PERSON,Daghe L,THFR,10:55,11:50,LW,121
4913,ENG-L 695,LEC,OPEN,,11,11,0,,Molesworth J,,,,ARR,
4914,EDUC-H 590,LEC,OPEN,,5,5,0,,Wheeler-Bell Q,,,,ARR,
4915,NURS-S 475,LEC,OPEN,,15,4,0,,Leezer S,,,,WB,WEB
4917,SPH-K 799,LEC,OPEN,,5,5,0,,Frey G,,,,ARR,
4919,CEUS-T 151,LEC,OPEN,,18,11,0,IN_PERSON,Nematollahi N,MOWEFR,10:25,11:15,BH,135
4920,MSCI-M 100,LEC,OPEN,IMPROV LEARNING SKILLS IN ANAT,40,20,0,IN_PERSON,Cornelius J,WE,13:55,14:45,GA,1128
4921,SOC-S 325,LEC,CLOSED,,80,0,0,IN_PERSON,Knight S,TUTH,11:10,12:25,BH,110
4922,SOAD-F 202,LEC,OPEN,,16,8,0,IN_PERSON,Krienitz C,TH,10:25,11:15,KH,318
4923,NURS-H 499,LEC,OPEN,,10,10,0,,Wonder A,,,,ARR,
4924,NURS-B 304,LEC,OPEN,,25,20,0,,Casas G,,,,WB,WEB
4925,NURS-H 355,LEC,OPEN,,15,10,0,,Brunk R,,,,WB,WEB
4926,NURS-S 474,LEC,OPEN,,15,6,0,,Hughes T,,,,WB,WEB
4927,EDUC-P 624,LEC,OPEN,,15,10,0,IN_PERSON,Mu N,MO,08:00,10:30,ED,1084
4928,EDUC-Y 795,LEC,OPEN,,10,10,0,,Huang S,,,,ARR,
4929,EDUC-Y 799,LEC,OPEN,,40,38,0,,Huang S,,,,ARR,
4930,EDUC-Y 799,LEC,OPEN,,99,99,0,,Huang S,,,,ARR,
4931,EDUC-H 205,LEC,CLOSED,,23,0,1,IN_PERSON,Wheeler-Bell Q,TUTH,12:45,14:00,ED,2271
4934,EDUC-E 328,LEC,OPEN,,16,16,0,IN_PERSON,Markavage A,MOWE,11:10,12:25,ED,3015
4935,EDUC-H 205,LEC,CLOSED,,23,0,3,IN_PERSON,Wheeler-Bell Q,TUTH,11:10,12:25,ED,2275
4936,EDUC-M 416,LEC,OPEN,,18,18,0,IN_PERSON,Hylton R,TH,11:10,13:40,ED,1225
4937,EDUC-M 403,LEC,OPEN,LAB/FIELD EXPS: ENGLISH,18,18,0,,McNeill E,,,,ARR,
4938,EDUC-S 303,LEC,OPEN,CLASSROOM MANAGEMENT,18,18,0,,McNeill E,,,,WB,WEB
4940,EDUC-T 550,LEC,OPEN,OVERSEAS,147,136,0,,Stachowski L,,,,ARR,
4941,LING-L 310,LEC,OPEN,,30,14,0,IN_PERSON,Bunger A,MOWE,14:20,15:35,HU,217
4942,MATH-M 343,LEC,OPEN,,35,7,0,IN_PERSON,Sternberg P,MOWEFR,10:25,11:15,BH,144
4943,BUS-F 508,LEC,OPEN,,40,3,0,IN_PERSON,Benrud E,MOWE,14:25,15:50,CG,1014
4946,BUS-M 303,LEC,CLOSED,,34,0,19,IN_PERSON,Liu Z,MOWE,11:10,12:25,HH,3075
4947,COLL-C 105,LEC,OPEN,WEATHER AND YOU,100,4,0,IN_PERSON,Kirkpatrick C,MOWE,12:45,14:00,ED,1120
4948,SOAD-S 420,LEC,CLOSED,DIGITAL WEAVING,11,0,0,IN_PERSON,Ricketts R,TUTH,14:20,17:05,FA,230
4949,FOLK-F 401,LEC,OPEN,,18,8,0,IN_PERSON,Orejuela F,TUTH,11:10,12:25,C2,102
4950,HISP-C 105,LEC,OPEN,,8,6,0,IN_PERSON,Plymale A,MOWEFR,11:35,12:25,GA,0011
4951,HISP-C 491,LEC,OPEN,,5,4,0,IN_PERSON,Plymale A,MOWEFR,11:35,12:25,GA,0011
4953,SPH-B 602,LEC,OPEN,,20,9,0,IN_PERSON,Greene A,TU,14:20,15:35,BH,315
4955,MSCH-J 453,LEC,OPEN,,4,4,0,,White T,,,,ARR,
4956,MUS-E 599,LEC,OPEN,,20,20,0,,Cartledge D,,,,ARR,
4957,MUS-T 361,LEC,CLOSED,,0,0,0,IN_PERSON,Kahrs N,MOWEFR,09:35,10:50,MA,006
4960,CMLT-C 110,LEC,CLOSED,,25,0,0,IN_PERSON,Kellett J,MOWE,14:20,15:35,PV,273
4961,CMLT-C 110,LEC,CLOSED,,25,0,1,IN_PERSON,McCauley M,TUTH,09:35,10:50,BH,246
4962,CMLT-C 110,LEC,CLOSED,,25,0,2,IN_PERSON,Garner D,TUTH,12:45,14:00,BH,245
4963,CMLT-C 110,LEC,CLOSED,,25,0,0,IN_PERSON,Martinez Zuviria C,TUTH,11:10,12:25,LH,025
4964,CMLT-C 110,LEC,CLOSED,,25,0,2,IN_PERSON,Ricks L,MOWE,09:35,10:50,ED,1204
4965,CMLT-C 110,LEC,CLOSED,,25,0,0,IN_PERSON,Tate H,MOWE,11:10,12:25,I,232
4967,INFO-I 211,LAB,OPEN,,30,18,0,IN_PERSON,Hayes A,FR,11:10,12:25,GY,2053
4968,INFO-Y 395,LEC,OPEN,,50,26,0,IN_PERSON,Thompson C,TH,09:35,10:50,I,E130
4969,CHEM-C 103,DIS,CLOSED,,42,0,5,IN_PERSON,Shosanya D,MOWE,12:45,13:35,BH,340
4970,CHEM-C 103,LAB,CLOSED,,26,0,1,IN_PERSON,Hu L,WE,17:55,19:25,CH,045
4971,CHEM-C 103,LAB,CLOSED,,26,0,4,IN_PERSON,Sapkota D,TH,08:00,09:30,CH,045
4972,CHEM-C 118,LAB,OPEN,,24,2,1,IN_PERSON,Bullard Q,FR,09:10,12:10,CH,027
4973,CJUS-P 314,DIS,OPEN,,26,8,0,IN_PERSON,Sales B; Gruzlewski S,FR,11:35,12:25,BH,306
4974,CLAS-C 205,LEC,CLOSED,,150,0,4,IN_PERSON,Draper K,TUTH,12:45,14:00,ED,1120
4975,JSTU-X 473,LEC,OPEN,,25,25,0,,Romashov D,,,,ARR,
4976,SLAV-R 301,LEC,OPEN,,20,1,0,IN_PERSON,Melnyk S,MOWEFR,10:25,11:15,GA,0005
4977,CSCI-A 591,LEC,OPEN,,3,2,0,IN_PERSON,Siek J,MOWE,15:55,17:10,TH,A201
4978,CSCI-C 211,LEC,OPEN,,80,38,0,IN_PERSON,Siek J,MOWE,15:55,17:10,TH,A201
4979,GRAD-G 514,LEC,OPEN,,12,12,0,,Evans T,,,,ARR,
5014,ANTH-B 200,DIS,CLOSED,,25,0,2,IN_PERSON,Gibb J; Rose K,WE,13:55,14:45,SB,060
5015,ANTH-B 200,DIS,CLOSED,,25,0,2,IN_PERSON,Gibb J; Nahid-Al-Kadri M,TH,09:10,10:00,SB,060
5016,ANTH-B 200,DIS,CLOSED,,25,0,1,IN_PERSON,Gibb J; Nahid-Al-Kadri M,TH,10:25,11:15,SB,060
5017,ANTH-B 200,DIS,CLOSED,,25,0,8,IN_PERSON,Gibb J; Nahid-Al-Kadri M,TH,11:35,12:25,SB,060
5018,ANTH-B 200,DIS,CLOSED,,25,0,6,IN_PERSON,Gibb J; Foti P,WE,12:45,13:35,SB,060
5019,ANTH-B 200,DIS,CLOSED,,25,0,3,IN_PERSON,Gibb J; Foti P,WE,15:10,16:00,SB,060
5020,AAAD-A 899,LEC,OPEN,,10,7,0,,Williams J,,,,ARR,
5021,AAAD-G 901,LEC,OPEN,,10,6,0,,Williams J,,,,ARR,
5022,CJUS-P 371,LEC,OPEN,,69,11,0,IN_PERSON,Presson S,WE,16:20,18:50,JH,009
5023,BUS-M 574,LEC,CLOSED,,32,0,1,IN_PERSON,Cosguner K,MOWE,11:05,12:30,CG,3044
5026,CHEM-C 484,LEC,OPEN,,40,3,0,IN_PERSON,Giedroc D,MOWEFR,10:25,11:15,CH,001
5027,CHEM-C 484,DIS,CLOSED,,20,0,0,IN_PERSON,Budd J,WE,11:35,12:25,BH,006
5028,MUS-E 598,LEC,OPEN,,20,20,0,,Richerme L,,,,ARR,
5029,MUS-G 504,LEC,OPEN,,6,3,0,,Albanese C; DiOrio D; Burleigh B; Marsh D,,,,ARR,
5030,HISP-P 499,LEC,OPEN,,5,5,0,,Namorato L,,,,ARR,
5031,CEUS-T 311,LEC,OPEN,,3,1,0,IN_PERSON,Hodjaev M,MOWEFR,11:35,12:25,GA,3032
5032,THTR-T 410,LEC,OPEN,,16,11,0,IN_PERSON,Anzaldua L,MOWE,10:50,12:35,AD,A350
5033,THTR-T 370,LEC,OPEN,,75,30,0,IN_PERSON,Mayer-Garcia E,TUTH,12:45,14:00,TH,A201
5034,SPH-K 599,LEC,OPEN,,10,10,0,,Gruber A,,,,ARR,
5035,SPH-K 599,LEC,OPEN,,10,10,0,,Williams A,,,,ARR,
5036,SPH-K 791,LEC,OPEN,,10,10,0,,Williams A,,,,ARR,
5037,SPH-K 792,LEC,OPEN,,15,15,0,,Gruber A,,,,ARR,
5038,SPH-K 792,LEC,OPEN,,15,15,0,,Williams A,,,,ARR,
5039,SPH-K 799,LEC,OPEN,,10,10,0,,Gruber A,,,,ARR,
5041,SPH-R 791,LEC,OPEN,,5,5,0,,Allsop J,,,,ARR,
5042,SPEA-K 300,LEC,CLOSED,,50,0,25,,Wakhungu H,,,,WB,WEB
5043,SPEA-V 450,LEC,OPEN,COMPETITIVE DEBATE SEMINAR,13,10,0,IN_PERSON,DeLong B,WETH,19:05,22:00,PV,275
5046,HISP-G 599,LEC,OPEN,,2,2,0,,Namorato L,,,,ARR,
5047,HISP-P 802,LEC,OPEN,,5,5,0,,Namorato L,,,,ARR,
5048,HISP-P 805,LEC,CLOSED,,5,0,0,,Namorato L,,,,ARR,
5049,BUS-A 509,LEC,OPEN,,30,6,0,IN_PERSON,Levitt B,MOTUWETHFR,08:00,17:00,CG,3046
5050,LAW-B 531,LEC,OPEN,,84,22,0,IN_PERSON,Scott R,MOTUWE,10:35,11:50,LW,122
5051,LAW-B 653,LEC,OPEN,,85,35,0,IN_PERSON,Henderson W,MOWE,14:55,16:20,LW,122
5052,ILS-Z 584,LEC,CLOSED,,14,0,0,IN_PERSON,Dowell E,WE,12:45,15:15,LL,105
5053,BUS-G 202,LEC,CLOSED,,250,0,7,IN_PERSON,Kreft S,TUTH,14:20,15:35,HH,2075
5054,SPEA-H 341,LEC,CLOSED,,48,0,1,IN_PERSON,Durfee L; Anstead B,MOWE,12:45,14:00,AC,C112
5055,EDUC-R 621,LEC,OPEN,,8,5,0,IN_PERSON,Brush T,MO,11:10,13:40,ED,2102
5056,LAW-B 800,LEC,OPEN,,20,17,0,,,,,,ARR,
5057,MUS-O 450,LEC,OPEN,,80,49,0,,Walsh T,,,,ARR,
5058,MUS-O 550,LEC,OPEN,,80,49,0,,Walsh T,,,,ARR,
5059,LAW-B 800,LEC,OPEN,,10,10,0,,,,,,ARR,
5060,MUS-F 445,LEC,OPEN,,30,30,0,IN_PERSON,Lasch B,MO,19:25,21:00,MA,452
5061,MUS-F 545,LEC,OPEN,,30,30,0,IN_PERSON,Lasch B,MO,19:25,21:00,MA,452
5063,MUS-I 500,LEC,OPEN,,22,12,0,IN_PERSON,Kim E,FR,13:30,15:00,MA,452
5064,AAAD-A 799,LEC,OPEN,,5,5,0,,Williams J,,,,ARR,
5065,LAW-B 706,LEC,OPEN,,10,9,0,,,,,,ARR,
5066,BUS-G 651,LEC,OPEN,,15,4,0,IN_PERSON,Butters R,TU,08:15,10:45,CG,2061
5067,OVST-R 498,LEC,OPEN,,40,35,0,,Carty S,,,,ARR,
5068,OVST-B 396,LEC,OPEN,,40,40,0,,Carty S,,,,ARR,
5069,OVST-X 497,LEC,OPEN,,40,40,0,,Carty S,,,,ARR,
5070,OVST-B 496,LEC,OPEN,,40,32,0,,Carty S,,,,ARR,
5071,OVST-A 497,LEC,OPEN,,40,40,0,,Carty S,,,,ARR,
5072,OVST-I 497,LEC,OPEN,,40,36,0,,Carty S,,,,ARR,
5073,BUS-K 201,LEC,CLOSED,,40,0,1,IN_PERSON,Moriarity B,MOWE,11:10,12:25,HH,1047
5074,BUS-K 201,LEC,OPEN,,40,12,0,IN_PERSON,Kase T,TUTH,17:30,18:45,LI,503
5075,OVST-P 396,LEC,OPEN,,40,40,0,,Carty S,,,,ARR,
5077,NURS-B 403,LEC,OPEN,,15,8,0,,Baranko Lincoln S,,,,WB,WEB
5078,SPH-K 799,LEC,OPEN,,10,9,0,,Robinson A,,,,ARR,
5086,INFO-I 698,LEC,OPEN,,25,24,0,,Guidi G,,,,ARR,
5087,INFO-I 698,LEC,OPEN,,10,10,0,,Guidi G,,,,ARR,
5090,BUS-A 603,LEC,OPEN,,10,7,0,IN_PERSON,Hodder L,TH,09:00,11:30,HH,5103
5092,MATH-M 211,LEC,CLOSED,,58,0,2,IN_PERSON,de Andrade Moutinho Neto A,MOWEFR,08:00,08:50,BH,006
5093,MATH-M 211,RCT,CLOSED,,29,0,1,IN_PERSON,de Andrade Moutinho Neto A; Bayer B,TH,08:00,08:50,BH,243
5094,MATH-M 211,RCT,CLOSED,,29,0,1,IN_PERSON,de Andrade Moutinho Neto A; Compton A,TH,08:00,08:50,BH,143
5095,LAW-B 674,LEC,OPEN,,100,58,0,,Fuentes-Rohwer L,,,,ARR,
5096,LAW-B 674,LEC,OPEN,,100,80,0,,Mattioli M,,,,ARR,
5097,LING-L 690,LEC,OPEN,,10,10,0,,Nesbitt M,,,,ARR,
5098,LING-L 690,LEC,OPEN,,10,10,0,,Matos Amaral P,,,,ARR,
5099,LING-L 690,LEC,OPEN,,10,10,0,,De Jong K,,,,ARR,
5100,LING-L 690,LEC,OPEN,,10,10,0,,Tyers F,,,,ARR,
5101,LING-L 690,LEC,OPEN,,10,10,0,,Grano T,,,,ARR,
5102,LING-L 690,LEC,OPEN,,10,10,0,,Hanink E,,,,ARR,
5103,LING-L 690,LEC,OPEN,,10,9,0,,Kuebler S,,,,ARR,
5104,LING-L 690,LEC,OPEN,,10,10,0,,Obeng S,,,,ARR,
5105,LING-L 690,LEC,OPEN,,10,10,0,,Cavar M,,,,ARR,
5106,LING-L 690,LEC,OPEN,,10,10,0,,Vance B,,,,ARR,
5107,LING-X 490,LEC,OPEN,,10,10,0,,Tyers F,,,,ARR,
5108,LING-X 490,LEC,OPEN,,10,10,0,,Hanink E,,,,ARR,
5109,LING-X 490,LEC,OPEN,,10,10,0,,Matos Amaral P,,,,ARR,
5110,LING-X 490,LEC,OPEN,,10,10,0,,De Jong K,,,,ARR,
5111,LING-X 490,LEC,OPEN,,10,10,0,,Cavar D,,,,ARR,
5112,LING-X 490,LEC,OPEN,,10,10,0,,Grano T,,,,ARR,
5113,LING-X 490,LEC,OPEN,,10,10,0,,Nesbitt M,,,,ARR,
5114,LING-X 490,LEC,OPEN,,10,10,0,,Vance B,,,,ARR,
5115,LING-X 490,LEC,OPEN,,10,10,0,,Kuebler S,,,,ARR,
5116,LING-X 490,LEC,OPEN,,10,10,0,,Obeng S,,,,ARR,
5117,LING-X 490,LEC,OPEN,,10,10,0,,Cavar M,,,,ARR,
5118,LING-X 490,LEC,OPEN,,10,9,0,,Bunger A,,,,ARR,
5123,MUS-I 500,LEC,OPEN,,25,16,0,IN_PERSON,Volpe P,WE,18:00,20:00,MC,040
5124,EDUC-N 101,LEC,CLOSED,,24,0,1,IN_PERSON,Savich T,MOWE,14:20,15:35,ED,3125
5125,EDUC-N 101,LEC,CLOSED,,24,0,2,IN_PERSON,Savich T,MOWE,12:45,14:00,ED,3017
5128,MATH-M 800,LEC,OPEN,,10,5,0,,Strauch M,,,,ARR,
5129,SPH-H 792,LEC,OPEN,,20,19,0,,Smith T,,,,ARR,
5130,EDUC-A 695,LEC,OPEN,,35,15,0,,Moore M,,,,WB,WEB
5131,LAW-B 706,LEC,OPEN,,10,10,0,,,,,,ARR,
5134,LING-L 399,LEC,OPEN,,10,10,0,,Tyers F,,,,ARR,
5135,LING-L 399,LEC,OPEN,,10,10,0,,Chelliah S,,,,ARR,
5136,LING-L 399,LEC,OPEN,,10,10,0,,Matos Amaral P,,,,ARR,
5137,LING-L 399,LEC,OPEN,,10,10,0,,De Jong K,,,,ARR,
5138,LING-L 399,LEC,OPEN,,10,10,0,,Cavar D,,,,ARR,
5139,LING-L 399,LEC,OPEN,,10,10,0,,Grano T,,,,ARR,
5140,LING-L 399,LEC,OPEN,,10,10,0,,Hanink E,,,,ARR,
5141,LING-L 399,LEC,OPEN,,10,10,0,,Kuebler S,,,,ARR,
5142,LING-L 399,LEC,OPEN,,10,9,0,,Obeng S,,,,ARR,
5143,LING-L 399,LEC,OPEN,,10,10,0,,Cavar M,,,,ARR,
5144,LING-L 399,LEC,OPEN,,10,10,0,,Vance B,,,,ARR,
5145,LING-L 499,LEC,OPEN,,10,10,0,,Tyers F,,,,ARR,
5146,LING-L 499,LEC,OPEN,,10,10,0,,Grano T,,,,ARR,
5147,LING-L 499,LEC,OPEN,,10,10,0,,Chelliah S,,,,ARR,
5148,LING-L 499,LEC,OPEN,,10,10,0,,Bunger A,,,,ARR,
5149,LING-L 499,LEC,OPEN,,10,10,0,,Cavar D,,,,ARR,
5150,LING-L 499,LEC,OPEN,,10,10,0,,Matos Amaral P,,,,ARR,
5151,LING-L 499,LEC,OPEN,,10,10,0,,De Jong K,,,,ARR,
5152,LING-L 499,LEC,OPEN,,10,10,0,,Kuebler S,,,,ARR,
5153,LING-L 499,LEC,OPEN,,10,10,0,,Obeng S,,,,ARR,
5154,LING-L 499,LEC,OPEN,,10,10,0,,Cavar M,,,,ARR,
5155,LING-L 499,LEC,OPEN,,10,10,0,,Vance B,,,,ARR,
5156,INST-X 490,LEC,OPEN,,5,5,0,,Manring R,,,,ARR,
5157,AAAD-A 599,LEC,OPEN,,5,5,0,,Williams J,,,,ARR,
5158,SPEA-H 322,LEC,OPEN,,64,3,0,IN_PERSON,McGuire C,TUTH,12:45,14:00,PV,274
5159,MUS-E 528,LEC,OPEN,,5,2,0,IN_PERSON,Shaw J,TUTH,12:45,14:40,SM,340
5160,CSCI-B 401,LEC,OPEN,,58,43,0,IN_PERSON,Leivant D,MOWE,14:20,15:35,IF,0117
5161,ILS-Z 765,LEC,OPEN,,15,11,0,,Hara N,,,,ARR,
5163,NURS-B 404,LEC,OPEN,,15,6,0,,Mattox K,,,,WB,WEB
5164,SLST-S 536,LEC,OPEN,,14,12,0,IN_PERSON,Yilmaz Y,TUTH,14:20,15:35,BH,106
5165,JSTU-H 520,LEC,OPEN,,12,9,0,IN_PERSON,Carlson Hasler L,TU,12:45,14:45,BH,123
5166,HISP-S 326,LEC,CLOSED,,24,0,1,IN_PERSON,Gurzynski-Weiss L,TUTH,09:35,10:50,GA,0009
5166,HISP-S 326,LEC,CLOSED,,24,0,1,IN_PERSON,Gurzynski-Weiss L,TUTH,09:35,10:50,GA,0009
5167,NURS-S 487,LEC,OPEN,,20,9,0,,Raber H,,,,WB,WEB
5168,SPH-F 457,LEC,OPEN,,40,22,0,,Murray M,,,,WB,WEB
5169,SPEA-M 771,LEC,OPEN,,13,11,0,IN_PERSON,Rabovsky T,MOWE,11:10,12:25,LH,120
5170,SPH-H 401,LEC,OPEN,,42,12,0,IN_PERSON,Mirza A,TU,17:10,20:10,PH,017
5171,SPH-H 404,LEC,OPEN,,15,3,0,IN_PERSON,Mirza A,TH,18:00,21:00,PH,021
5172,SPH-H 494,LEC,CLOSED,,55,0,0,IN_PERSON,Mueller R,MOWE,11:10,12:25,SM,C141
5173,POLS-Y 211,LEC,CLOSED,,120,0,2,IN_PERSON,Dalecki J,MOWE,09:35,10:50,MO,007
5174,PSY-P 346,LEC,OPEN,,106,7,0,IN_PERSON,Murataeva N,TUTH,17:30,18:45,PY,101
5175,AAAD-A 295,LEC,CLOSED,,90,0,17,IN_PERSON,Orejuela F,MOWE,14:20,15:35,WB,WEB
5176,HUBI-B 400,LEC,CLOSED,CARE IN THE SOCIAL SCIENCES,26,0,1,IN_PERSON,Phillips S,MOWE,11:10,12:25,MO,103
5177,EDUC-M 470,LEC,OPEN,PRACTICUM: SECONDARY,15,15,0,,Hunnicutt T; Walterman S,,,,ARR,
5179,BUS-K 201,LEC,OPEN,,40,7,0,IN_PERSON,Richardson A,MOWE,19:05,20:20,GR,102A
5180,LSTU-L 315,LEC,OPEN,,20,8,0,,Yaudes C,,,,WB,WEB
5181,CHEM-C 103,DIS,CLOSED,,50,0,2,IN_PERSON,Juarez D,TUTH,11:35,12:25,BH,003
5183,CHEM-C 118,DIS,OPEN,,36,1,1,IN_PERSON,Drummond A,TU,13:55,14:45,JH,A106
5184,MUS-A 321,LAB,OPEN,,10,1,0,IN_PERSON,Turhan A,TH,11:10,12:25,SM,354
5185,NURS-H 399,LEC,CLOSED,,10,0,0,,Arce B,,,,ARR,
5186,NURS-H 399,LEC,CLOSED,,7,0,0,,Murray B,,,,ARR,
5190,NURS-H 499,LEC,OPEN,,10,10,0,,Reising D,,,,ARR,
5191,HISP-S 250,LEC,CLOSED,,24,0,0,IN_PERSON,Martan L,MOWEFR,15:10,16:00,SW,219
5192,SWK-S 221,LEC,CLOSED,,23,0,0,IN_PERSON,Whitaker M,TUTH,11:10,12:25,SY,200
5193,MATH-M 303,LEC,CLOSED,,33,0,0,IN_PERSON,Davis J,MOWEFR,09:10,10:00,BH,143
5194,MATH-M 311,LEC,CLOSED,,29,0,0,IN_PERSON,Judge C,MOTUWETHFR,11:35,12:25,BH,343
5195,MATH-V 118,LEC,CLOSED,FINITE MATH FOR SOC & BIOL SCI,58,0,0,IN_PERSON,Wheeler W,MOWEFR,11:35,12:25,WB,WEB
5196,MATH-M 365,LEC,OPEN,,40,5,0,IN_PERSON,Baerlin J,MOWEFR,10:25,11:15,WY,115
5197,BUS-T 175,LEC,CLOSED,,45,0,0,IN_PERSON,Sylvester R,TU,12:45,14:00,HH,4034
5198,BUS-T 175,LEC,CLOSED,,45,0,0,IN_PERSON,Ford J,TH,12:45,14:00,HH,2006
5199,BUS-T 175,LEC,OPEN,,45,1,0,IN_PERSON,Brothers L,TU,14:20,15:35,HH,4034
5200,BUS-T 175,LEC,CLOSED,,45,0,1,IN_PERSON,Ford J,TH,14:20,15:35,HH,2006
5201,BUS-T 175,LEC,CLOSED,,45,0,0,IN_PERSON,Beranova L,TU,12:45,14:00,HH,4075
5202,BUS-T 175,LEC,OPEN,,45,2,0,IN_PERSON,Sylvester R,TU,15:55,17:10,HH,4034
5203,BUS-T 175,LEC,CLOSED,,45,0,0,IN_PERSON,Sylvester R,TH,12:45,14:00,HH,4034
5204,BUS-T 175,LEC,CLOSED,,45,0,0,IN_PERSON,Parker A,TU,08:00,09:15,HH,4034
5205,BUS-T 175,LEC,CLOSED,,45,0,0,IN_PERSON,Ford J,TU,12:45,14:00,HH,2006
5206,BUS-T 175,LEC,CLOSED,,45,0,1,IN_PERSON,Parker A,TU,09:35,10:50,HH,4034
5207,BUS-T 175,LEC,OPEN,,45,2,0,IN_PERSON,Sylvester R,TH,14:20,15:35,HH,4034
5208,BUS-T 175,LEC,CLOSED,,45,0,0,IN_PERSON,Ford J,TU,14:20,15:35,HH,2006
5209,BUS-T 175,LEC,OPEN,,45,12,0,IN_PERSON,Sylvester R,TH,15:55,17:10,HH,4034
5210,BUS-T 175,LEC,CLOSED,,45,0,0,IN_PERSON,Parker A,TU,11:10,12:25,HH,4034
5211,BUS-T 175,LEC,CLOSED,,45,0,0,IN_PERSON,Ford J,TH,15:55,17:10,HH,2006
5212,LSTU-L 100,LEC,CLOSED,,20,0,0,,Ernstes D,,,,WB,WEB
5214,BUS-F 317,LEC,CLOSED,,50,0,0,IN_PERSON,Hays G,TUTH,08:00,09:15,HH,1046
5215,SOAD-X 376,LEC,OPEN,,20,20,0,,Smith K,,,,ARR,
5216,SLST-T 100,LEC,OPEN,,400,400,0,,,,,,ARR,
5217,SLST-T 100,LEC,OPEN,,400,400,0,,,,,,ARR,
5219,LAW-B 504,LEC,OPEN,,30,18,0,,Goodwin G,,,,WB,WEB
5220,GRAD-G 597,LEC,OPEN,,20,20,0,,Key M; Bragin A,,,,ARR,
5221,BIOL-M 380,LEC,CLOSED,,78,0,20,IN_PERSON,Dunn M,MOWEFR,10:25,11:15,BH,008
5222,BIOL-Z 460,LEC,CLOSED,,52,0,4,IN_PERSON,Rosvall K,TUTH,12:45,14:00,GY,1045
5223,BUS-C 204,LEC,CLOSED,,24,0,13,IN_PERSON,Kelly D,MOWE,12:45,14:00,HH,3052
5224,BUS-C 204,LEC,CLOSED,,24,0,9,IN_PERSON,Hook J,TUTH,12:45,14:00,HH,3046
5225,BUS-C 204,LEC,CLOSED,,24,0,6,IN_PERSON,Thomas C,TUTH,14:20,15:35,HH,3048
5226,BUS-C 204,LEC,CLOSED,,24,0,7,IN_PERSON,Brimm D,TUTH,12:45,14:00,HH,3052
5227,BUS-C 204,LEC,CLOSED,,24,0,15,IN_PERSON,Guschwan M,MOWE,12:45,14:00,HH,3046
5228,BUS-C 204,LEC,CLOSED,,24,0,5,IN_PERSON,Bunger A,TUTH,08:00,09:15,BQ,C232
5229,BUS-C 204,LEC,CLOSED,,24,0,7,IN_PERSON,Johnson M,MOWE,17:30,18:45,HH,3050
5230,BUS-C 204,LEC,CLOSED,,24,0,8,IN_PERSON,Brimm D,TUTH,14:20,15:35,HH,3052
5231,BUS-C 204,LEC,CLOSED,,24,0,6,IN_PERSON,Kelly D,MOWE,14:20,15:35,HH,3052
5232,BUS-C 204,LEC,CLOSED,,24,0,1,IN_PERSON,Kelly D,MOWE,15:55,17:10,HH,3052
5233,BUS-C 204,LEC,CLOSED,,24,0,15,IN_PERSON,Morgan J,MOWE,15:55,17:10,HH,3048
5234,BUS-C 204,LEC,CLOSED,,24,0,5,IN_PERSON,Zobel E,MOWE,14:20,15:35,BQ,C232
5235,BUS-C 204,LEC,CLOSED,,24,0,1,IN_PERSON,Zobel E,MOWE,15:55,17:10,BQ,C232
5236,BUS-C 204,LEC,CLOSED,,24,0,3,IN_PERSON,Thomas C,TUTH,17:30,18:45,HH,3048
5237,BUS-C 204,LEC,CLOSED,,24,0,6,IN_PERSON,Clark S,TUTH,11:10,12:25,HH,3048
5238,BUS-C 204,LEC,CLOSED,,24,0,4,IN_PERSON,Thomas C,TUTH,15:55,17:10,HH,3048
5239,BUS-C 204,LEC,CLOSED,,24,0,4,IN_PERSON,Chen X,MOWE,12:45,14:00,HH,3050
5240,BUS-C 204,LEC,CLOSED,,24,0,5,IN_PERSON,Zobel E,MOWE,12:45,14:00,BQ,C232
5241,BUS-C 204,LEC,CLOSED,,24,0,15,IN_PERSON,Morgan J,MOWE,14:20,15:35,HH,3048
5242,COGS-Q 101,LEC,CLOSED,,69,0,4,IN_PERSON,Goldman A,TUTH,12:45,13:35,GY,1050
5243,COGS-Q 101,DIS,CLOSED,,23,0,2,IN_PERSON,Goldman A,FR,10:25,11:15,BH,133
5244,COGS-Q 101,DIS,CLOSED,,23,0,1,IN_PERSON,Goldman A,FR,11:35,12:25,BH,015
5245,COGS-Q 101,DIS,CLOSED,,23,0,1,IN_PERSON,Goldman A,FR,12:45,13:35,BH,133
5247,ECON-E 305,LEC,CLOSED,,45,0,8,IN_PERSON,Noh K,TUTH,12:45,14:00,GA,1134
5248,MUS-O 501,LEC,OPEN,,35,14,0,IN_PERSON,Allen J,MOWE,09:10,10:00,SM,242
5249,MUS-O 101,LEC,OPEN,,35,14,0,IN_PERSON,Allen J,MOWE,09:10,10:00,SM,242
5250,JSTU-P 598,LEC,OPEN,,10,10,0,,Carlson Hasler L,,,,ARR,
5251,MUS-L 900,LEC,OPEN,,18,15,0,,Jankovic P,,,,ARR,
5252,MUS-P 110,LAB,CLOSED,,16,0,0,IN_PERSON,Yao E,TUTH,15:10,16:00,MU,101
5253,MUS-P 110,LAB,CLOSED,,8,0,0,IN_PERSON,Yao E,TUTH,17:30,18:20,MA,315
5254,ANTH-L 200,LEC,OPEN,,88,17,0,IN_PERSON,Cartmill E,TUTH,12:45,14:00,SB,150
5255,SPEA-H 365,LEC,OPEN,,40,3,0,IN_PERSON,Scallon J,FR,09:00,12:00,WB,WEB
5256,SPEA-V 379,LEC,CLOSED,,45,0,9,IN_PERSON,King M,TUTH,09:35,10:50,PV,A335
5257,EDUC-M 200,LEC,CLOSED,,20,0,2,IN_PERSON,Chang X,TUTH,11:10,12:25,ED,3125
5262,EALC-K 201,DRL,CLOSED,,0,0,0,IN_PERSON,Lee J,MOWEFR,12:45,13:35,SW,103
5263,EALC-K 201,DRL,CLOSED,,0,0,0,IN_PERSON,Lee J,MOWEFR,12:45,13:35,SW,103
5264,EDUC-L 490,LEC,OPEN,,14,9,0,IN_PERSON,Burke M,TU,10:25,12:25,CU,302
5265,HIST-H 105,LEC,OPEN,,70,2,0,IN_PERSON,Myers A,TUTH,15:55,17:10,BH,203
5266,EDUC-G 203,LEC,CLOSED,,28,0,0,IN_PERSON,Zeller H,TUTH,09:35,10:50,ED,2015
5267,EDUC-G 203,LEC,OPEN,,28,19,0,IN_PERSON,Saroya T,TUTH,08:00,09:15,ED,0101
5268,EDUC-G 206,LEC,OPEN,,30,4,0,IN_PERSON,Hartong A,MOWE,15:55,17:10,ED,1250
5269,EDUC-G 207,LEC,OPEN,,28,3,0,IN_PERSON,Koch M,TUTH,09:35,10:50,ED,0101
5270,EDUC-R 711,LEC,OPEN,,20,11,0,,Kale U,,,,WB,WEB
5272,SPH-K 599,LEC,OPEN,,10,10,0,,Chapman R,,,,ARR,
5273,SPH-K 791,LEC,OPEN,,10,10,0,,Chapman R,,,,ARR,
5274,SPH-K 792,LEC,OPEN,,15,15,0,,Chapman R,,,,ARR,
5275,SPH-K 799,LEC,OPEN,,15,15,0,,Chapman R,,,,ARR,
5276,SPH-T 211,LEC,OPEN,,60,9,0,IN_PERSON,Howell B,MOWEFR,09:10,10:00,GA,1122
5277,SPH-Y 225,LEC,OPEN,,48,5,0,IN_PERSON,Janke M,MOWEFR,08:00,08:50,AC,C102
5278,STAT-S 690,LEC,OPEN,,12,7,0,IN_PERSON,Fukuyama J,TU,15:55,18:25,SE,220
5279,PSY-P 335,LEC,CLOSED,,110,0,1,IN_PERSON,Avery J,MOWE,14:20,15:35,OP,105
5280,PSY-P 473,LEC,OPEN,,14,6,0,IN_PERSON,Lai C,TUTH,15:00,20:00,PY,396
5281,PSY-P 895,LEC,OPEN,,10,8,0,,Hohmann A,,,,ARR,
5282,SWK-S 481,LEC,OPEN,,20,3,0,IN_PERSON,Thomas S,TU,09:10,11:55,AH,C1023
5283,SPH-R 410,LEC,OPEN,,55,15,0,IN_PERSON,Miller A,MOWEFR,08:00,08:50,BH,203
5284,MUS-Z 203,LEC,OPEN,,300,73,0,IN_PERSON,Mahern P,TUTH,14:20,15:35,BH,013
5285,MUS-V 120,LEC,CLOSED,,15,0,3,IN_PERSON,Hogsed S,TUTH,13:55,14:45,MU,205
5286,MUS-V 150,LEC,OPEN,,15,9,0,IN_PERSON,Volpe P,TUTH,10:25,11:15,MA,004
5287,MUS-V 250,LEC,OPEN,,15,3,0,IN_PERSON,Arvin G,TUTH,13:55,14:45,MA,004
5288,MUS-V 350,LEC,OPEN,,15,4,0,IN_PERSON,Arvin G,MOWEFR,13:55,14:45,MA,004
5290,CJUS-X 371,LEC,OPEN,,5,4,0,,Henry T,,,,ARR,
5291,BUS-X 403,LEC,OPEN,,31,2,0,,Rubin J,,,,ARR,
5292,GER-N 200,LEC,OPEN,,23,7,0,IN_PERSON,Weiss B,TUTH,12:45,14:00,SY,002
5293,GER-N 403,LEC,OPEN,,23,7,0,IN_PERSON,Weiss B,TUTH,12:45,14:00,SY,002
5294,MUS-K 551,LEC,OPEN,,12,5,0,IN_PERSON,Travers A,MOWE,10:25,11:15,SM,263
5295,SOC-S 324,LEC,CLOSED,,120,0,43,,Miller J,,,,WB,WEB
5296,EDUC-N 103,LEC,CLOSED,,20,0,0,IN_PERSON,Rojas Valero J,TUTH,09:35,10:50,ED,3017
5297,MUS-K 400,LEC,OPEN,,18,8,0,,Freund D,,,,ARR,
5298,MUS-K 810,LEC,OPEN,,18,18,0,,Freund D,,,,ARR,
5299,MUS-K 910,LEC,OPEN,,18,15,0,,Freund D,,,,ARR,
5301,EDUC-G 206,LEC,CLOSED,,30,0,1,,Hartong A,,,,WB,WEB
5302,EDUC-G 206,LEC,CLOSED,,30,0,0,IN_PERSON,Russell R,TUTH,11:10,12:25,ED,1250
5303,ARTH-X 376,LEC,OPEN,,10,10,0,,Knox G,,,,ARR,
5304,PSY-P 895,LEC,OPEN,,10,8,0,,Kennedy D,,,,ARR,
5305,PSY-P 895,LEC,OPEN,,10,10,0,,Krendl A,,,,ARR,
5306,PSY-P 895,LEC,OPEN,,10,10,0,,Murphy M,,,,ARR,
5307,MUS-E 459,LEC,OPEN,OBOE PEDAGOGY,12,8,0,IN_PERSON,Strommen L,FR,12:45,14:10,SM,267
5308,MUS-E 559,LEC,OPEN,OBOE PEDAGOGY,12,8,0,IN_PERSON,Strommen L,FR,12:45,14:10,SM,267
5309,OVST-A 497,LEC,OPEN,,40,36,0,,Carty S,,,,ARR,
5312,HISP-S 324,LEC,OPEN,,22,2,0,IN_PERSON,Birkenmaier A,TUTH,09:35,10:50,GA,0005
5313,MUS-S 930,LEC,CLOSED,,9,0,0,,Vamos B,,,,ARR,
5314,MUS-S 430,LEC,OPEN,,9,6,0,,Vamos B,,,,ARR,
5315,MUS-S 920,LEC,OPEN,,9,6,0,,Holloway M,,,,ARR,
5316,MUS-S 420,LEC,OPEN,,9,9,0,,Holloway M,,,,ARR,
5317,MUS-S 410,LEC,OPEN,,9,5,0,,Ganatra S,,,,ARR,
5319,MUS-S 910,LEC,OPEN,,14,4,0,,Ganatra S,,,,ARR,
5320,LAW-B 530,LEC,OPEN,,24,7,0,IN_PERSON,Freitag J,MOTU,12:00,12:55,LW,213
5322,HISP-S 105,LEC,CLOSED,,24,0,5,IN_PERSON,Di Maggio G,MOTUWETH,10:25,11:15,BH,331
5324,EDUC-K 601,LEC,OPEN,,10,5,0,IN_PERSON,Hurwitz S,FR,12:45,13:35,ED,1235
5325,EDUC-H 205,LEC,CLOSED,,23,0,3,IN_PERSON,Sutherson S,MOWE,12:45,14:00,ED,2025
5326,EDUC-H 205,LEC,CLOSED,,23,0,2,IN_PERSON,Sutherson S,MOWE,11:10,12:25,ED,1250
5327,CHEM-C 103,LAB,CLOSED,,26,0,2,IN_PERSON,Sapkota D,TH,09:45,11:15,CH,045
5328,HISP-S 200,LEC,CLOSED,,24,0,2,IN_PERSON,Velez Garcia M,MOWEFR,10:25,11:15,GA,0011
5329,SWK-S 102,LEC,OPEN,,20,4,0,,Toomer T,,,,WB,WEB
5330,SWK-S 331,LEC,CLOSED,,25,0,0,IN_PERSON,Nelson T,MO,13:55,16:40,AH,C1020B
5331,SPH-K 799,LEC,OPEN,,15,13,0,,Williams A,,,,ARR,
5333,MSCH-C 207,LEC,OPEN,,125,51,0,IN_PERSON,Pierce M,MOWE,09:35,10:50,TV,251
5336,EDUC-Q 590,LEC,OPEN,,10,10,0,,Park Rogers M,,,,ARR,
5337,VSCI-V 768,LEC,OPEN,CRITICAL REV OF SCIENTIFIC LIT,6,6,0,,Burns S,,,,ARR,
5338,CHEM-C 582,LEC,OPEN,,25,17,0,IN_PERSON,Zlotnick A,TUTH,09:35,10:50,SI,001
5339,CSCI-Y 890,LEC,OPEN,,10,10,0,,Chen F,,,,ARR,
5341,EALC-K 101,DRL,OPEN,,13,3,0,IN_PERSON,Kim J,MOWEFR,09:10,10:00,BH,140
5342,EALC-K 101,DRL,OPEN,,13,3,0,IN_PERSON,Kim J,MOWEFR,09:10,10:00,BH,140
5343,BUS-M 306,LEC,CLOSED,,31,0,0,IN_PERSON,Ragland III C,TU,19:00,21:00,HH,4034
5345,SPEA-V 582,LEC,OPEN,GRAD SEMESTER EXCHANG-AUGSBURG,5,5,0,,Ferguson J,,,,ARR,
5347,VSCI-V 717,LEC,OPEN,,10,10,0,,Candy T,,,,ARR,
5348,CHEM-G 599,LEC,OPEN,,10,10,0,,Bloch E,,,,ARR,
5350,SPH-H 150,LEC,OPEN,,50,1,0,,Obeng C,,,,WB,WEB
5351,BUS-L 375,LEC,CLOSED,,50,0,67,IN_PERSON,Sellers A,MOWE,11:10,12:25,HH,4030
5355,BUS-T 275,LEC,CLOSED,,50,0,5,IN_PERSON,Sylvester R,TU,14:20,15:35,HH,4034
5356,BUS-T 275,LEC,CLOSED,,45,0,15,IN_PERSON,Frank A,MO,08:00,09:15,HH,1043
5358,BUS-T 275,LEC,CLOSED,,45,0,28,IN_PERSON,Frank A,MO,09:35,10:50,HH,1043
5359,BUS-T 275,LEC,CLOSED,,45,0,8,IN_PERSON,Chen X,TH,14:20,15:35,HH,1043
5361,BUS-T 275,LEC,CLOSED,,45,0,4,IN_PERSON,Kniola J,TU,15:55,17:10,HH,1043
5362,BUS-T 275,LEC,CLOSED,,45,0,3,IN_PERSON,Kniola J,TU,17:30,18:45,HH,1043
5363,EDUC-D 550,LEC,OPEN,,20,20,0,,Pickard A,,,,WB,WEB
5364,EDUC-D 590,LEC,OPEN,,20,20,0,,Pickard A,,,,WB,WEB
5366,BUS-T 275,LEC,CLOSED,,45,0,17,IN_PERSON,Frank A,TU,09:35,10:50,HH,1043
5367,BUS-T 275,LEC,CLOSED,,45,0,9,IN_PERSON,Frank A,TU,08:00,09:15,HH,1043
5368,SPH-F 347,LEC,OPEN,,50,33,0,IN_PERSON,Chow A,MOWE,15:55,17:10,GA,1128
5369,BUS-T 275,LEC,CLOSED,,45,0,43,IN_PERSON,Frank A,MO,11:10,12:25,HH,1043
5370,BUS-T 275,LEC,CLOSED,,45,0,9,IN_PERSON,Brothers L,TH,15:55,17:10,HH,1043
5371,BUS-T 275,LEC,CLOSED,,45,0,7,IN_PERSON,Brothers L,TH,17:30,18:45,HH,1043
5372,BUS-T 275,LEC,CLOSED,,45,0,0,IN_PERSON,Ratwatte T,TU,08:00,09:15,HH,4075
5373,BUS-T 275,LEC,CLOSED,,45,0,12,IN_PERSON,Packowski J,WE,08:00,09:15,HH,1043
5375,BUS-T 275,LEC,CLOSED,,45,0,4,IN_PERSON,Ratwatte T,TU,09:35,10:50,HH,4075
5376,SPH-R 312,LEC,OPEN,,75,48,0,IN_PERSON,Knapp J,MOWEFR,12:45,13:35,WH,003
5377,BUS-T 275,LEC,CLOSED,,45,0,25,IN_PERSON,Packowski J,WE,09:35,10:50,HH,1043
5378,BUS-W 300,LEC,CLOSED,,60,0,15,IN_PERSON,Pieratt M,MOWE,15:55,17:10,WB,WEB
5379,SPH-Y 397,LEC,OPEN,,48,29,0,IN_PERSON,Allsop J,TUTH,09:35,10:50,AC,C102
5381,BUS-A 324,LEC,CLOSED,,52,0,10,IN_PERSON,Lunsford T,MOWE,17:30,18:45,HH,3034
5382,BUS-D 270,LEC,CLOSED,,175,0,7,IN_PERSON,Davis J,TUTH,08:00,09:15,HH,1006
5383,BUS-D 270,LEC,CLOSED,,220,0,9,IN_PERSON,Garcia P,MOWE,17:30,18:45,HH,2075
5384,BUS-F 520,LEC,OPEN,,50,3,0,IN_PERSON,Wang W,MOWE,09:25,10:50,CG,1026
5385,CSCI-B 403,LEC,OPEN,,75,35,0,IN_PERSON,Heidari Khoozani M,MOWE,15:55,17:10,BH,203
5386,SOC-S 316,LEC,CLOSED,,48,0,3,IN_PERSON,Meldrum M,TUTH,14:20,15:35,BH,006
5387,CSCI-Y 791,LEC,OPEN,,20,20,0,,Chen F,,,,ARR,
5388,CSCI-Y 791,LEC,OPEN,,20,20,0,,Chen F,,,,ARR,
5389,CSCI-Y 792,LEC,OPEN,,20,18,0,,Chen F,,,,ARR,
5390,CSCI-Y 792,LEC,OPEN,,20,20,0,,Chen F,,,,ARR,
5391,INFO-Y 395,LEC,CLOSED,,50,0,0,IN_PERSON,Thompson C,WE,12:45,14:00,GY,1050
5392,CSCI-Y 793,LEC,OPEN,,20,20,0,,Chen F,,,,ARR,
5393,CSCI-Y 793,LEC,OPEN,,20,20,0,,Chen F,,,,ARR,
5394,MUS-A 201,LAB,CLOSED,,10,0,0,IN_PERSON,Mazurek M,TH,15:10,16:40,MC,327
5395,PACE-C 250,LEC,CLOSED,,26,0,0,IN_PERSON,Weinman M,MOWE,14:20,15:35,LH,004
5396,MUS-P 110,LAB,CLOSED,,16,0,0,IN_PERSON,Yao E,MOWE,09:10,10:00,MU,101
5397,MUS-P 120,LAB,CLOSED,,8,0,0,IN_PERSON,Yao E,TUTH,13:55,14:45,MA,318
5398,POLS-Y 105,DIS,CLOSED,,26,0,2,IN_PERSON,Failer J,FR,11:35,12:25,BH,246
5399,POLS-Y 105,DIS,CLOSED,,26,0,0,IN_PERSON,Failer J,FR,11:35,12:25,BH,245
5400,POLS-Y 105,DIS,CLOSED,,27,0,0,IN_PERSON,Failer J,FR,12:45,13:35,RE,C110
5401,POLS-Y 105,DIS,CLOSED,,27,0,0,IN_PERSON,Failer J,FR,12:45,13:35,BH,307
5402,NURS-K 434,LEC,OPEN,,15,8,0,,Gilhooly M,,,,WB,WEB
5403,CJUS-P 290,LEC,OPEN,,100,12,3,IN_PERSON,Ghazi-Tehrani A,TUTH,12:45,14:00,WH,120
5404,CSCI-A 591,LAB,OPEN,,2,2,0,IN_PERSON,Angiuli C,TH,13:55,15:50,BH,118
5405,CSCI-A 592,LEC,OPEN,,4,4,0,IN_PERSON,Crotts J,MOWE,15:55,17:10,MY,130
5406,CSCI-A 592,LAB,OPEN,,1,1,0,IN_PERSON,Crotts J,TH,18:40,20:35,BH,308
5407,CSCI-A 592,LAB,OPEN,,1,1,0,IN_PERSON,Crotts J,TH,09:10,11:05,GY,2053
5408,CSCI-A 592,LAB,OPEN,,1,1,0,IN_PERSON,Crotts J,TH,16:20,18:15,BH,308
5409,CSCI-B 501,LEC,OPEN,,15,1,0,IN_PERSON,Leivant D,MOWE,12:45,14:00,IF,4012
5410,CSCI-B 501,DIS,OPEN,,15,1,0,IN_PERSON,Leivant D,FR,12:45,14:00,IF,4012
5411,CSCI-C 211,LAB,OPEN,,20,2,0,IN_PERSON,Angiuli C,TH,13:55,15:50,BH,118
5412,CSCI-C 212,LEC,OPEN,,90,24,0,IN_PERSON,Crotts J,MOWE,15:55,17:10,MY,130
5413,CSCI-C 212,LAB,OPEN,,30,23,0,IN_PERSON,Crotts J,TH,18:40,20:35,BH,308
5414,CSCI-C 212,LAB,OPEN,,29,20,0,IN_PERSON,Crotts J,TH,09:10,11:05,GY,2053
5415,CSCI-C 212,LAB,OPEN,,30,17,0,IN_PERSON,Crotts J,TH,16:20,18:15,BH,308
5416,CSCI-H 311,LEC,OPEN,,5,4,0,IN_PERSON,Shan C,TUTH,12:45,14:00,IF,1104
5417,CSCI-H 311,DIS,OPEN,,5,4,0,IN_PERSON,Shan C,FR,09:10,10:00,I,107
5418,CSCI-Y 399,LEC,OPEN,,20,17,0,,Pope C,,,,ARR,
5419,EALC-C 301,DRL,CLOSED,,13,0,1,IN_PERSON,Lu Y,MOWEFR,11:35,12:25,BH,233
5420,EDUC-D 512,LEC,OPEN,,20,10,0,,Borst M,,,,WB,WEB
5421,EDUC-G 208,LEC,OPEN,,30,1,0,IN_PERSON,Ealum M,MOWE,15:55,17:10,ED,0101
5422,EDUC-G 302,LEC,OPEN,,28,10,0,IN_PERSON,Riggins Sr A,MOWE,11:10,12:25,ED,2025
5423,EDUC-J 605,LEC,OPEN,,18,11,0,,Lubienski S,,,,WB,WEB
5424,FOLK-F 101,DIS,CLOSED,,25,0,2,IN_PERSON,Fiorillo O,TH,16:20,17:10,C2,102
5425,FOLK-F 101,DIS,CLOSED,,25,0,0,IN_PERSON,Abbass T,FR,10:25,11:15,C2,203
5426,FOLK-F 111,DIS,CLOSED,,25,0,0,IN_PERSON,Montalvo V,TH,18:40,19:30,PV,273
5427,FOLK-F 111,DIS,CLOSED,,25,0,1,IN_PERSON,Falana G,TH,16:20,17:10,SW,217
5428,FOLK-F 111,DIS,CLOSED,,25,0,1,IN_PERSON,Falana G,FR,09:10,10:00,C2,102
5431,INFO-I 101,LAB,OPEN,,32,5,0,IN_PERSON,Paul L,TUTH,09:35,10:50,I,109
5432,INFO-I 101,LAB,OPEN,,32,1,0,IN_PERSON,Wood S; Wood B,TUTH,12:45,14:00,IF,1019
5433,INFO-I 201,DIS,CLOSED,,25,0,2,IN_PERSON,Haghverdi E,TH,16:20,17:10,IF,1104
5434,INFO-I 201,DIS,OPEN,,25,1,0,IN_PERSON,Haghverdi E,TH,17:30,18:20,I,107
5435,INFO-I 201,DIS,CLOSED,,24,0,0,IN_PERSON,Haghverdi E,FR,10:25,11:15,I,107
5436,INFO-I 210,LEC,OPEN,,55,11,0,IN_PERSON,Duncan J,MOWE,14:20,15:35,SB,015
5437,INFO-I 308,LEC,OPEN,,55,33,0,IN_PERSON,Gordon M,MOWE,11:10,12:25,I,E150
5439,SPH-N 120,LAB,OPEN,,15,3,0,IN_PERSON,Getty V,FR,13:30,16:30,PH,09
5440,SPH-H 174,LEC,CLOSED,,75,0,2,,Sciara T,,,,WB,WEB
5441,SPH-H 174,LEC,OPEN,,40,32,0,IN_PERSON,Suh G,MOWE,15:10,17:40,GA,0003
5442,SPH-H 180,LEC,OPEN,,60,46,0,IN_PERSON,Grant J,MOWE,13:55,16:25,GA,1118
5443,SPH-H 180,LEC,OPEN,,100,96,0,IN_PERSON,Lee S,MOWE,16:20,18:50,BH,110
5444,SPH-H 180,LEC,OPEN,,50,30,0,IN_PERSON,Xu X,TH,15:55,17:10,GA,1118
5445,SPH-H 180,LEC,OPEN,,130,85,0,IN_PERSON,Heeter K,TUTH,14:20,15:35,RB,110
5446,SPH-H 263,LEC,OPEN,,59,39,0,IN_PERSON,Sangmo D,TUTH,08:00,09:15,PH,013
5447,SPH-H 263,LEC,OPEN,,56,8,0,IN_PERSON,Finley K,MOWE,10:25,11:15,SB,150
5448,SPH-H 263,LEC,OPEN,,100,37,0,IN_PERSON,Lawson T,MOWEFR,11:35,12:25,LH,102
5449,SPH-H 263,LEC,OPEN,,50,34,0,IN_PERSON,Cage J,TUTH,08:00,09:15,GA,1122
5450,SPH-H 263,LEC,OPEN,,135,37,0,,Woodland R,,,,WB,WEB
5451,SPH-H 305,LEC,OPEN,,30,13,0,IN_PERSON,Boveja R,MOWE,15:10,17:40,LH,135
5452,SPH-H 305,LEC,OPEN,,50,6,0,IN_PERSON,Alesinloye-King O,TUTH,12:45,14:00,WH,121
5453,SPH-H 318,LEC,OPEN,,58,44,0,IN_PERSON,Finley K,MOWE,12:45,14:00,WY,005
5455,SPH-H 318,LEC,OPEN,,120,41,0,,Frederick A,,,,WB,WEB
5456,SPH-H 351,LEC,OPEN,,30,7,0,IN_PERSON,Saccone R,WE,17:30,20:00,GA,1122
5459,SPH-S 496,LEC,OPEN,,10,10,0,,Slates K,,,,ARR,
5460,SPH-F 255,LEC,OPEN,,35,15,0,IN_PERSON,Eastman-Mueller H,MOWE,11:10,12:25,IF,0117
5461,SPH-F 255,LEC,OPEN,,40,24,0,IN_PERSON,Heeter K,TUTH,09:35,10:50,GA,1112
5462,SPH-F 258,LEC,OPEN,,60,41,0,IN_PERSON,Willis-Grossmann E,MOWE,15:55,17:10,PH,013
5463,SPH-K 200,LEC,CLOSED,,50,0,3,IN_PERSON,Lion M,MOWE,09:10,10:25,PH,154
5464,SPH-K 200,LEC,CLOSED,,35,0,4,IN_PERSON,Lion M,MOWE,11:10,12:25,PH,154
5465,SPH-K 200,LEC,CLOSED,,50,0,1,IN_PERSON,Lion M,MOWE,13:20,14:35,PH,154
5466,SPH-K 200,LEC,CLOSED,,48,0,1,IN_PERSON,Furman Jr L,MOWE,15:55,17:10,PH,154
5467,SPH-K 200,LEC,OPEN,,48,1,0,IN_PERSON,Furman Jr L,MOWE,17:30,18:45,PH,154
5468,SPH-K 205,LEC,OPEN,,80,4,2,IN_PERSON,Thompson C,TUTH,08:00,09:15,WH,003
5469,SPH-K 205,LAB,CLOSED,,16,0,0,IN_PERSON,Thompson C,MO,17:20,19:15,PH,048
5470,SPH-K 205,LAB,OPEN,,16,4,0,IN_PERSON,Thompson C,MO,19:45,21:40,PH,048
5471,SPH-K 205,LAB,CLOSED,,16,0,1,IN_PERSON,Thompson C,TU,17:20,19:15,PH,048
5472,SPH-K 205,LAB,CLOSED,,16,0,2,IN_PERSON,Thompson C,WE,11:30,13:25,PH,048
5473,SPH-K 205,LAB,CLOSED,,16,0,1,IN_PERSON,Thompson C,TH,17:20,19:15,PH,048
5474,SPH-K 216,LEC,CLOSED,,68,0,2,IN_PERSON,Ryder R,TU,15:55,17:10,BH,008
5476,SPH-M 333,LEC,CLOSED,,150,0,8,IN_PERSON,Whitaker R,MOWEFR,11:35,12:25,WH,101
5477,SPH-K 335,LEC,OPEN,,40,18,0,IN_PERSON,Grossman J,MOWE,08:00,09:15,PH,019
5478,SPH-A 362,LEC,OPEN,,30,10,0,IN_PERSON,Campbell J,TUTH,09:45,10:35,WH,002
5479,SPH-A 362,LAB,OPEN,,15,9,0,IN_PERSON,Campbell J,TUTH,08:40,09:20,GF,199
5480,SPH-A 362,LAB,OPEN,,15,1,0,IN_PERSON,Campbell J,TUTH,10:50,11:40,GF,199
5481,SPH-K 391,LEC,OPEN,,135,5,0,IN_PERSON,Moscicki B,TUTH,11:10,12:25,BH,310
5482,SPH-K 391,LAB,CLOSED,,15,0,0,IN_PERSON,Moscicki B,MO,12:40,14:30,PH,048
5483,SPH-K 391,LAB,OPEN,,15,1,0,IN_PERSON,Moscicki B,MO,15:00,16:50,PH,048
5484,SPH-K 391,LAB,CLOSED,,15,0,0,IN_PERSON,Moscicki B,TU,12:40,14:30,PH,048
5485,SPH-K 391,LAB,OPEN,,15,1,0,IN_PERSON,Moscicki B,TU,15:00,16:50,PH,048
5486,SPH-K 391,LAB,OPEN,,15,2,0,IN_PERSON,Moscicki B,TH,08:00,09:50,PH,048
5487,SPH-K 391,LAB,CLOSED,,15,0,0,IN_PERSON,Moscicki B,TH,12:40,14:30,PH,048
5488,SPH-K 391,LAB,CLOSED,,15,0,0,IN_PERSON,Moscicki B,TH,15:00,16:50,PH,048
5489,SPH-K 391,LAB,OPEN,,15,1,0,IN_PERSON,Moscicki B,FR,10:20,12:10,PH,048
5490,SPH-K 398,LEC,CLOSED,,20,0,4,IN_PERSON,Frey G,MOWEFR,10:25,11:15,PH,012
5491,SPH-K 398,LAB,CLOSED,,18,0,3,IN_PERSON,Frey G,TH,17:00,19:00,PH,169
5492,SPH-K 385,LEC,OPEN,,20,13,0,,Frey G,,,,ARR,
5493,SPH-K 405,LEC,CLOSED,,144,0,27,IN_PERSON,Cothran D; Duffy D,TUTH,12:45,14:00,MY,130
5494,SPH-K 409,LEC,OPEN,,120,11,0,IN_PERSON,Chapman R,MOWE,11:35,12:25,RB,110
5495,SPH-K 409,LAB,OPEN,,15,2,0,IN_PERSON,Chapman R,MO,12:40,14:30,PH,046
5496,SPH-K 409,LAB,OPEN,,15,1,0,IN_PERSON,Chapman R,MO,15:00,16:50,PH,046
5497,SPH-K 409,LAB,OPEN,,15,3,0,IN_PERSON,Chapman R,TU,15:00,16:50,PH,046
5498,SPH-K 409,LAB,OPEN,,15,1,0,IN_PERSON,Chapman R,WE,12:40,14:30,PH,046
5499,SPH-M 411,LEC,CLOSED,,150,0,24,IN_PERSON,Evans J,TUTH,11:10,12:25,EP,257
5500,SPH-K 416,LEC,OPEN,,30,13,0,IN_PERSON,Arterberry C,TUTH,15:55,17:10,LH,004
5501,SPH-K 419,LEC,OPEN,,30,7,2,IN_PERSON,Mooradian E,WE,10:25,11:15,TE,F104
5502,SPH-K 419,LAB,OPEN,,15,7,0,IN_PERSON,Mooradian E,FR,08:00,09:50,PH,046
5503,SPH-K 419,LAB,CLOSED,,15,0,5,IN_PERSON,Mooradian E,FR,10:20,12:10,PH,046
5504,SPH-M 423,LEC,OPEN,,145,55,0,IN_PERSON,Brummett K,TUTH,14:20,15:35,SW,007
5505,SPH-M 426,LEC,CLOSED,,100,0,24,,Benedek J,,,,WB,WEB
5506,SPH-K 452,LEC,OPEN,,168,93,0,IN_PERSON,Ryder R,MOWEFR,12:45,13:35,WH,101
5507,SPH-K 485,LEC,OPEN,,40,40,0,,Kelly P,,,,ARR,
5508,SPH-K 535,LEC,OPEN,,20,14,0,IN_PERSON,Mickleborough T,MOWE,12:45,13:35,GF,195
5509,SPH-K 535,LAB,OPEN,,20,14,0,IN_PERSON,Mickleborough T,FR,08:00,10:00,PH,048
5510,SPH-K 542,LEC,OPEN,,16,9,0,IN_PERSON,Koceja D,MOWE,10:10,11:25,PH,017
5521,SPH-K 693,LEC,OPEN,,25,25,0,,Shea J,,,,ARR,
5522,SPH-K 693,LEC,OPEN,,25,24,0,,Robinson A,,,,ARR,
5524,SPH-K 693,LEC,OPEN,,25,25,0,,Frey G,,,,ARR,
5525,SPH-K 693,LEC,OPEN,,25,25,0,,Koceja D,,,,ARR,
5526,SPH-K 693,LEC,OPEN,,25,24,0,,Mickleborough T,,,,ARR,
5527,SPH-K 693,LEC,OPEN,,25,25,0,,Madsen L,,,,ARR,
5528,SPH-K 693,LEC,OPEN,,25,25,0,,Pedersen P,,,,ARR,
5530,SPH-K 693,LEC,OPEN,,25,25,0,,Gruber A,,,,ARR,
5531,SPH-K 693,LEC,OPEN,,5,5,0,,Koceja D,,,,ARR,
5533,SPH-K 693,LEC,OPEN,,25,24,0,,Schlader Z,,,,ARR,
5534,SPH-K 693,LEC,OPEN,,10,10,0,,Williams A,,,,ARR,
5535,SPH-K 693,LEC,OPEN,,10,10,0,,Chapman R,,,,ARR,
5536,SPH-I 117,LEC,OPEN,,36,22,0,IN_PERSON,Clemons R; Dishman A,MOWE,10:25,11:15,HD,TBA
5537,SPH-I 117,LEC,OPEN,,36,22,0,IN_PERSON,Clemons R; Dishman A,MOWE,11:35,12:25,HD,TBA
5538,SPH-I 117,LEC,OPEN,,36,21,0,IN_PERSON,Clemons R; Dishman A,MOWE,12:45,13:35,HD,TBA
5539,SPH-I 117,LEC,OPEN,,36,20,0,IN_PERSON,Clemons R; Dishman A,MOWE,13:55,14:45,HD,TBA
5544,SPH-I 119,LEC,OPEN,,350,9,1,,Taylor M; Evans E,,,,WB,WEB
5545,SPH-I 119,LAB,CLOSED,,35,0,0,IN_PERSON,Barnette M; Molina J,MOWE,09:10,10:00,GF,199
5546,SPH-I 119,LAB,CLOSED,,35,0,1,IN_PERSON,Teipen K; Miller R,MOWE,10:25,11:15,GF,199
5547,SPH-I 119,LAB,CLOSED,,35,0,0,IN_PERSON,Miller R; Bowdoin B,MOWE,15:10,16:00,GF,199
5548,SPH-I 119,LAB,CLOSED,,35,0,0,IN_PERSON,Teipen K; Miller R,TUTH,10:25,11:15,GF,199
5549,SPH-I 119,LAB,CLOSED,,35,0,0,IN_PERSON,Boyer M; Teipen K,TUTH,15:10,16:00,GF,199
5550,SPH-I 133,LEC,CLOSED,,30,0,0,,Kobow M,,,,WB,WEB
5551,SPH-I 151,LEC,OPEN,,24,17,0,IN_PERSON,Durisen M,MOWE,09:10,10:00,GF,095
5552,SPH-I 151,LEC,OPEN,,28,21,0,IN_PERSON,Durisen M,MOWE,11:35,12:25,GF,095
5554,SPH-I 151,LEC,OPEN,,28,14,0,IN_PERSON,Kelly P,TUTH,12:45,13:35,PH,169
5556,SPH-I 151,LEC,OPEN,,28,16,0,IN_PERSON,Durisen M,FR,11:35,13:15,PH,169
5559,BUS-C 104,BIDS,CLOSED,,32,0,0,IN_PERSON,Kerle' T,MOWE,12:45,14:00,HH,3022
5560,BUS-C 104,BIDS,CLOSED,,32,0,0,IN_PERSON,Yoder S,TUTH,15:55,17:10,CG,0001
5561,BUS-C 104,BIDS,CLOSED,,32,0,0,IN_PERSON,Kerle' T,MOWE,14:20,15:35,HH,3022
5562,BUS-C 104,BIDS,CLOSED,,32,0,0,IN_PERSON,Landis T,MOWE,14:20,15:35,CG,0001
5563,BUS-C 104,BIDS,CLOSED,,32,0,0,IN_PERSON,Landis T,MOWE,15:55,17:10,CG,0001
5564,BUS-C 104,BIDS,OPEN,,30,3,0,IN_PERSON,Broner M,TUTH,15:55,17:10,WH,106
5566,SPH-I 370,LAB,OPEN,,8,3,0,IN_PERSON,Hand N,TU,09:40,11:10,GF,194
5568,SPH-I 370,LAB,OPEN,,8,3,0,IN_PERSON,Noel A,TU,13:10,14:40,GF,194
5569,SPH-I 371,LEC,OPEN,,30,15,0,IN_PERSON,Baelz J,TU,15:10,16:00,BH,143
5570,SPH-I 371,LAB,OPEN,,10,5,0,IN_PERSON,Hand N,TH,11:30,13:00,GF,194
5571,SPH-I 470,LEC,OPEN,,16,8,0,IN_PERSON,Baelz J,MO,15:10,16:00,BH,135
5572,SPH-I 470,LAB,OPEN,,8,5,0,IN_PERSON,Baelz J,FR,11:30,13:00,GF,194
5573,SPH-I 470,LAB,OPEN,,8,3,0,IN_PERSON,Baelz J,FR,13:10,14:40,GF,194
5575,SPH-R 200,LEC,OPEN,,300,76,0,,Forist B,,,,WB,WEB
5576,SPH-R 200,LEC,OPEN,,30,19,0,IN_PERSON,Forist B,TUTH,15:55,17:10,SW,119
5577,SPH-R 200,LEC,OPEN,,150,57,0,IN_PERSON,Forist B,TUTH,15:55,17:10,SW,119
5578,SPH-R 395,LEC,OPEN,,15,15,0,,Allsop J,,,,ARR,
5579,SPH-R 391,LEC,OPEN,,15,15,0,,Allsop J,,,,ARR,
5580,BUS-D 311,LEC,CLOSED,,50,0,9,IN_PERSON,Vodosek M,TUTH,09:35,10:50,HH,2000
5581,AFRI-Y 101,LEC,OPEN,,24,1,0,IN_PERSON,Ajibade M,MOWE,11:35,12:25,IF,1104
5582,SPH-N 220,LEC,CLOSED,,133,0,3,,Wiseman S; Zhou Y,,,,WB,WEB
5583,SPH-B 366,LEC,OPEN,,150,1,0,,Baney L,,,,WB,WEB
5584,SPH-B 366,LEC,OPEN,,85,20,0,IN_PERSON,Lassell B,TUTH,12:45,14:00,RB,110
5586,SPH-K 550,LEC,OPEN,UNDERWATER SCIENCE RESEARCH,6,6,0,,Beeker C,,,,ARR,
5587,SPH-M 511,LEC,OPEN,,20,10,0,IN_PERSON,Borrelli K,WE,08:00,10:30,PH,10
5592,BUS-S 307,LEC,CLOSED,,34,0,2,IN_PERSON,Perry A,MOWE,12:45,14:00,HH,4057
5593,BUS-D 270,LEC,CLOSED,,220,0,18,IN_PERSON,Garcia P,MOWE,15:55,17:10,HH,2075
5594,BUS-A 509,LEC,OPEN,,30,3,0,IN_PERSON,McKenzie H,FR,08:00,12:00,CG,1008
5595,BUS-A 514,LEC,OPEN,,42,3,0,IN_PERSON,Schroeder J,MOWE,11:10,12:25,CG,1008
5596,BUS-A 540,LEC,OPEN,,44,9,0,IN_PERSON,Young D,MOWE,11:10,12:25,CG,1040
5597,BUS-G 540,LEC,OPEN,,44,5,0,IN_PERSON,McDermott E,TUTH,11:10,12:25,CG,1008
5598,BUS-G 570,LEC,OPEN,,44,5,0,IN_PERSON,Basak D,TUTH,11:10,12:25,CG,1008
5600,BUS-J 540,LEC,OPEN,,44,5,0,IN_PERSON,Schlegel F,TUTH,12:45,14:00,CG,1008
5601,BUS-K 513,LEC,CLOSED,,41,0,0,IN_PERSON,Li J,TUTH,09:25,10:50,CG,1026
5602,BUS-K 513,LEC,OPEN,,32,8,0,IN_PERSON,Li J,TUTH,11:05,12:30,CG,2069
5603,HUBI-B 200,LAB,CLOSED,OBESITY AND HUNGER,19,0,6,IN_PERSON,Bashey-Visser F; Libby A; Garcia R,FR,14:20,15:35,MO,107
5604,HUBI-S 200,LEC,CLOSED,OBESITY AND HUNGER,1,0,0,IN_PERSON,Libby A; Bashey-Visser F,TUTH,09:35,10:50,MO,107
5605,HUBI-S 200,LAB,CLOSED,OBESITY AND HUNGER,1,0,0,IN_PERSON,Bashey-Visser F; Libby A; O'Malley M,FR,09:35,10:50,MO,107
5606,HUBI-S 200,LAB,CLOSED,OBESITY AND HUNGER,0,0,0,IN_PERSON,Bashey-Visser F; Libby A; O'Malley M,FR,11:10,12:25,MO,107
5607,HUBI-S 200,LAB,CLOSED,OBESITY AND HUNGER,0,0,0,IN_PERSON,Bashey-Visser F; Libby A; Garcia R,FR,12:45,14:00,MO,107
5608,HUBI-S 200,LAB,CLOSED,OBESITY AND HUNGER,0,0,0,IN_PERSON,Bashey-Visser F; Libby A; Garcia R,FR,14:20,15:35,MO,107
5610,CHEM-C 127,LEC,CLOSED,,280,0,17,IN_PERSON,Mata S; Parobek A; Vanderkamp J,TH,08:00,08:50,CH,122
5611,CHEM-C 127,LAB,CLOSED,,28,0,1,IN_PERSON,Srimany R,WE,09:10,12:10,CH,047
5614,CHEM-C 127,LAB,CLOSED,,28,0,0,IN_PERSON,Dattasarma S,MO,09:10,12:10,CH,047
5622,LING-L 203,LEC,OPEN,,30,2,0,IN_PERSON,Kouame K,MOWEFR,09:10,10:00,BH,307
5627,CSCI-B 401,DIS,OPEN,,58,43,0,IN_PERSON,Leivant D,FR,12:45,14:00,IF,0117
5628,JSTU-J 699,LEC,OPEN,,10,8,0,,Carlson Hasler L,,,,ARR,
5630,BUS-F 550,LEC,OPEN,,34,4,0,IN_PERSON,Crigler E,MOWE,09:25,10:50,CG,3046
5632,EDUC-Q 612,LEC,OPEN,,18,7,0,,Buck G,,,,WB,WEB
5633,HISP-S 105,LEC,CLOSED,,24,0,0,IN_PERSON,Dias Vieira F,MOTUWETH,08:00,08:50,WH,007
5634,SPEA-E 574,LEC,OPEN,,22,5,0,IN_PERSON,Attari S,TUTH,14:20,15:35,PV,275
5635,SPEA-E 538,LEC,OPEN,,45,4,0,IN_PERSON,Barnes M,TUTH,12:45,14:00,PV,A221
5636,SPH-B 150,LEC,OPEN,,100,5,0,IN_PERSON,Wang J,MOWEFR,10:25,11:15,WH,120
5640,BIOT-T 301,LEC,OPEN,,31,8,0,IN_PERSON,Bollivar D,TH,17:30,19:30,JH,001
5641,BIOT-T 310,LEC,OPEN,,50,13,0,IN_PERSON,Fuqua C,TUTH,11:10,12:25,JH,009
5642,BIOT-T 315,LEC,OPEN,,20,3,0,IN_PERSON,Magill N,MOWE,14:00,17:00,C2,118
5643,SPEA-H 267,LEC,CLOSED,,45,0,1,IN_PERSON,Schepers J,TUTH,09:45,10:35,PV,276
5644,SPEA-V 252,LEC,CLOSED,,45,0,12,IN_PERSON,Schepers J,TUTH,09:45,10:35,PV,276
5646,SPEA-V 184,LEC,CLOSED,,34,0,2,IN_PERSON,Helmke P,MOWE,15:55,17:10,BQ,C129
5647,SPH-B 702,LEC,OPEN,,10,3,0,IN_PERSON,Crawford B,TH,15:10,17:40,BH,134
5654,SPH-R 311,LEC,OPEN,,60,3,0,IN_PERSON,Knapp J,MOWEFR,11:35,12:25,BH,003
5655,SPH-R 388,LEC,OPEN,,65,24,0,IN_PERSON,Ren R,MOWE,14:20,15:35,PH,013
5656,SPH-R 497,LEC,OPEN,,15,12,0,,Allsop J,,,,ARR,
5657,SPH-R 497,LEC,OPEN,,65,60,0,,Knapp J,,,,ARR,
5658,SPH-M 426,LEC,CLOSED,,150,0,12,IN_PERSON,Benedek J,TUTH,11:10,12:25,ED,1120
5659,MUS-P 601,LEC,OPEN,,20,17,0,,Cartledge D,,,,ARR,
5660,SPH-I 127,LEC,OPEN,,22,7,0,IN_PERSON,Kelly P,TUTH,13:55,14:45,PH,163
5661,MUS-Z 111,LEC,CLOSED,,35,0,0,IN_PERSON,Guntren A; Tzvetkov A,MOWE,11:35,12:35,SM,340
5662,SPH-R 314,LEC,OPEN,,52,12,0,IN_PERSON,Ramly E,TUTH,08:00,09:15,GA,1112
5663,EDUC-G 375,LEC,OPEN,,28,3,0,IN_PERSON,Akers B,TUTH,12:45,14:00,ED,1230
5664,EURO-E 300,LEC,OPEN,,24,21,0,IN_PERSON,Hess F,TUTH,11:10,12:25,WH,008
5665,PSY-P 701,LEC,OPEN,,30,22,0,IN_PERSON,Fyfe E,FR,14:30,15:30,PY,128
5666,MUS-B 810,LEC,OPEN,,18,18,0,,Tryon D,,,,ARR,
5667,BIOC-B 530,LEC,OPEN,,25,21,0,IN_PERSON,Morais M,TUTH,10:45,12:00,SI,001
5669,CJUS-K 300,DIS,CLOSED,,25,0,0,IN_PERSON,Bowman R; Rodriguez A,FR,10:25,11:15,BH,146
5670,CJUS-K 300,DIS,CLOSED,,26,0,0,IN_PERSON,Bowman R; Rodriguez A,FR,11:35,12:25,BH,146
5671,CJUS-K 300,DIS,CLOSED,,25,0,1,IN_PERSON,Bowman R; Rodriguez A,FR,12:45,13:35,BH,146
5672,MUS-S 440,LEC,OPEN,,18,9,0,,Muroki K,,,,ARR,
5673,MUS-S 840,LEC,OPEN,,18,18,0,,Muroki K,,,,ARR,
5674,MUS-S 940,LEC,OPEN,,18,13,0,,Muroki K,,,,ARR,
5675,MUS-S 410,LEC,OPEN,,18,10,0,,Kalinovsky G,,,,ARR,
5676,MUS-S 810,LEC,OPEN,,18,18,0,,Kalinovsky G,,,,ARR,
5677,MUS-S 910,LEC,OPEN,,18,6,0,,Kalinovsky G,,,,ARR,
5678,MUS-X 420,LEC,OPEN,,25,25,0,IN_PERSON,Albanese C,SU,13:00,15:00,MA,452
5679,SPEA-H 124,LEC,CLOSED,,100,0,1,IN_PERSON,McCollam P,TUTH,14:20,15:35,PV,169
5680,MATH-M 531,LEC,OPEN,,10,6,0,IN_PERSON,Weber M,TUTH,12:45,14:00,RH,368
5687,AFRI-Y 501,LEC,OPEN,,24,1,0,IN_PERSON,Ajibade M,MOWE,11:35,12:25,IF,1104
5688,SPEA-H 466,LEC,OPEN,,50,49,0,,Seavey B,,,,ARR,
5689,STAT-S 520,LEC,OPEN,,50,47,0,IN_PERSON,Wang J,TH,08:15,09:45,HD,TBA
5691,MUS-I 612,LEC,OPEN,,20,17,0,,Cartledge D,,,,ARR,
5693,HISP-S 425,LEC,OPEN,,22,5,0,IN_PERSON,Willis E,TUTH,11:10,12:25,WH,203
5695,MUS-T 109,LEC,OPEN,,200,1,0,,Guntren A,,,,WB,WEB
5696,EDUC-C 690,LEC,OPEN,,10,9,0,,Walton A,,,,ARR,
5697,MUS-I 500,LEC,OPEN,,20,2,0,IN_PERSON,Stumpf P,TU,20:00,22:00,MA,452
5698,MUS-X 70,LEC,OPEN,,1,1,0,,DiOrio D; Graves G,,,,ARR,
5699,CHEM-C 341,DIS,CLOSED,,35,0,3,IN_PERSON,Anderson L,TH,11:35,12:25,BH,143
5700,THTR-T 334,LEC,CLOSED,,12,0,1,IN_PERSON,Milam H,TUTH,09:35,10:50,TH,A203
5701,CSCI-Y 790,LEC,OPEN,,10,10,0,,Sahinalp C,,,,ARR,
5702,MUS-P 110,LAB,CLOSED,,16,0,0,IN_PERSON,Yao E,TUTH,19:55,20:45,MU,101
5703,PSY-P 553,LEC,OPEN,,30,8,0,IN_PERSON,Nosofsky R,TUTH,12:45,14:00,PY,111
5706,INFO-Y 395,LEC,OPEN,,50,20,0,IN_PERSON,Gregoire D,WE,12:45,14:00,IF,0117
5707,OVST-A 494,LEC,OPEN,,10,10,0,,Carty S,,,,ARR,
5709,HISP-S 517,LEC,OPEN,,20,11,0,IN_PERSON,Gurzynski-Weiss L,TUTH,11:10,12:25,GA,0009
5710,SPEA-V 336,LEC,CLOSED,,30,0,1,IN_PERSON,Bell D,MOWE,12:45,14:00,WH,009
5713,SPH-R 598,LEC,OPEN,,5,5,0,,Allsop J,,,,ARR,
5716,SPH-R 792,LEC,OPEN,,5,5,0,,Allsop J,,,,ARR,
5721,SPH-R 799,LEC,OPEN,,10,10,0,,Allsop J,,,,ARR,
5723,EDUC-C 678,LEC,OPEN,,18,16,0,IN_PERSON,BrckaLorenz A,MO,14:20,16:50,ED,2271
5724,FOLK-F 399,LEC,OPEN,,3,1,0,,Orejuela F,,,,ARR,
5726,EDUC-G 690,LEC,OPEN,,15,15,0,,Perez-Rojas A,,,,ARR,
5727,THTR-T 120,LEC,CLOSED,,12,0,0,IN_PERSON,Weingast K,TH,11:10,12:25,AD,A060
5729,BIOT-T 500,LEC,OPEN,,20,8,0,,Bollivar D,,,,ARR,
5730,SPH-N 120,LAB,CLOSED,,15,0,0,IN_PERSON,Wang J,TU,09:10,12:10,PH,09
5731,HISP-S 105,LEC,CLOSED,,24,0,0,IN_PERSON,Rice A,MOTUWETH,16:20,17:10,BH,138
5732,ENG-W 697,LEC,OPEN,,30,30,0,,Jackson-Brown A,,,,ARR,
5733,CJUS-P 415,LEC,CLOSED,,30,0,4,IN_PERSON,Uliana S; Becker A,MO,17:30,20:00,BH,144
5734,OVST-C 498,LEC,OPEN,,10,10,0,,Carty S,,,,ARR,
5735,EALC-K 101,DRL,CLOSED,,13,0,0,IN_PERSON,Kim J,MOWEFR,13:55,14:45,BH,233
5736,EALC-K 101,DRL,CLOSED,,13,0,0,IN_PERSON,Kim J,MOWEFR,13:55,14:45,BH,233
5737,ECON-E 321,LEC,CLOSED,,100,0,19,IN_PERSON,Melo E,MOWE,14:20,15:35,PY,101
5738,FRIT-F 250,LEC,CLOSED,,20,0,5,IN_PERSON,Mazet C; Onsongo M,TUTH,11:10,12:25,WB,WEB
5756,PSY-P 690,LEC,OPEN,CBT: DIDACTICS,12,7,0,IN_PERSON,Hansen N,WE,11:00,13:00,PY,130
5757,SPEA-H 267,LEC,CLOSED,,45,0,0,IN_PERSON,Gregoire D,TUTH,18:40,19:30,PV,A335
5758,THTR-T 120,LEC,CLOSED,,12,0,1,IN_PERSON,Sayatovich N,MO,11:10,12:25,AD,A060
5759,MUS-M 510,LEC,OPEN,MUSIC AND DIGITAL COPYRIGHT,20,6,0,IN_PERSON,Blackmar M,MOWE,12:45,14:00,SM,005
5761,SPH-H 799,LEC,OPEN,,10,9,0,,Macy J,,,,ARR,
5763,EDUC-L 407,LEC,OPEN,,20,4,0,,Hines M; Sweeney E,,,,WB,WEB
5765,VSCI-V 768,LEC,OPEN,ANATOMY & PHYS OF THE EYE,10,10,0,,Himebaugh N,,,,ARR,
5766,ANTH-X 371,LEC,OPEN,,30,15,0,,Osterhoudt S,,,,ARR,
5767,AAAD-X 373,LEC,OPEN,,3,3,0,,Williams J,,,,ARR,
5770,SPH-R 391,LEC,OPEN,,5,5,0,,Allsop J,,,,ARR,
5773,MSCH-C 210,LEC,OPEN,,80,33,0,IN_PERSON,Emigh W,MOWE,15:55,17:10,SB,015
5774,MATH-M 212,LEC,CLOSED,,45,0,4,IN_PERSON,Levenberg N,MOWEFR,12:45,13:35,WY,015
5775,MATH-M 212,RCT,CLOSED,,22,0,3,IN_PERSON,Levenberg N; Ainslie N,TU,12:45,13:35,BH,141
5776,MATH-M 212,RCT,CLOSED,,23,0,1,IN_PERSON,Levenberg N; Nguyen T,TU,12:45,13:35,BH,134
5777,MATH-M 211,LEC,CLOSED,,58,0,11,IN_PERSON,Jenkins A,MOWEFR,10:25,11:15,BH,005
5778,MATH-M 211,RCT,CLOSED,,29,0,7,IN_PERSON,Jenkins A; Kashef G,TU,10:25,11:15,BH,143
5779,MATH-M 211,RCT,CLOSED,,29,0,4,IN_PERSON,Jenkins A; Doig C,TU,10:25,11:15,BH,243
5780,MATH-M 413,LEC,OPEN,,33,4,0,IN_PERSON,Ryou D,MOWEFR,10:25,11:15,JH,001
5781,INTL-I 305,LEC,OPEN,HUMAN RIGHTS & COMMUNICATION,35,3,0,IN_PERSON,Hunt K,TUTH,11:10,12:25,GA,1118
5782,INTL-I 702,LEC,OPEN,,10,6,0,,O'Reilly J,,,,ARR,
5783,GNDR-X 490,LEC,OPEN,,2,2,0,,Maher J,,,,ARR,
5784,LING-L 315,LEC,OPEN,,32,11,0,IN_PERSON,Carpenter M,TUTH,15:55,17:10,BH,307
5785,CSCI-A 592,LAB,OPEN,,1,1,0,IN_PERSON,Crotts J,FR,10:25,12:20,PV,151
5786,CSCI-C 212,LAB,OPEN,,29,8,0,IN_PERSON,Crotts J,FR,10:25,12:20,PV,151
5787,CSCI-Y 790,LEC,OPEN,,10,10,0,,Friedman D,,,,ARR,
5788,CSCI-Y 790,LEC,OPEN,,10,10,0,,Shan C,,,,ARR,
5789,SLAV-C 201,LEC,OPEN,,13,13,0,IN_PERSON,Cravens C,MOWEFR,16:30,17:20,GA,3018
5790,CSCI-Y 790,LEC,OPEN,,10,10,0,,Hahn M,,,,ARR,
5791,SLAV-C 503,LEC,OPEN,,2,2,0,IN_PERSON,Cravens C,MOWEFR,16:30,17:20,GA,3018
5792,CSCI-Y 790,LEC,OPEN,,10,9,0,,Wang Y,,,,ARR,
5793,CSCI-Y 790,LEC,OPEN,,10,10,0,,Siek J,,,,ARR,
5794,CSCI-Y 790,LEC,OPEN,,10,9,0,,Kapadia A,,,,ARR,
5795,CSCI-Y 790,LEC,OPEN,,10,9,0,,Leake D,,,,ARR,
5796,CSCI-Y 790,LEC,OPEN,,10,10,0,,Himebaugh B,,,,ARR,
5797,CSCI-Y 790,LEC,OPEN,,10,10,0,,Leivant D,,,,ARR,
5798,CSCI-Y 790,LEC,OPEN,,10,10,0,,Kaya Y,,,,ARR,
5799,CSCI-Y 790,LEC,OPEN,,10,10,0,,Ling C,,,,ARR,
5800,CSCI-Y 790,LEC,OPEN,,10,10,0,,Liu L,,,,ARR,
5801,CSCI-Y 790,LEC,OPEN,,10,9,0,,Guo H,,,,ARR,
5802,CSCI-Y 790,LEC,OPEN,,10,10,0,,Huang Y,,,,ARR,
5803,CSCI-Y 790,LEC,OPEN,,10,10,0,,Raphael C,,,,ARR,
5804,CSCI-Y 790,LEC,OPEN,,10,10,0,,Sabry A,,,,ARR,
5805,CSCI-Y 790,LEC,OPEN,,15,10,0,,Tiganj Z,,,,ARR,
5806,CSCI-Y 790,LEC,OPEN,,10,10,0,,Swany M,,,,ARR,
5807,CSCI-Y 790,LEC,OPEN,,10,5,0,,Tang H,,,,ARR,
5808,CSCI-Y 790,LEC,OPEN,,10,10,0,,Gan D,,,,ARR,
5809,CSCI-Y 790,LEC,OPEN,,10,8,0,,Ye Y,,,,ARR,
5810,CSCI-Y 790,LEC,OPEN,,10,10,0,,Zhang Q,,,,ARR,
5811,SPEA-V 236,LEC,CLOSED,,35,0,2,IN_PERSON,Bell D,MOWE,11:10,12:25,LI,026
5812,CSCI-Y 790,LEC,OPEN,,15,12,0,,Crandall D,,,,ARR,
5813,SPEA-V 236,LEC,OPEN,,35,1,0,IN_PERSON,Berg M,MOWE,09:35,10:50,WH,111
5814,CSCI-Y 790,LEC,OPEN,,10,8,0,,Dalkilic M,,,,ARR,
5815,BUS-D 271,LEC,CLOSED,D271 DOING BUSINESS IN GREECE,45,0,0,IN_PERSON,Kolovou T,MOWE,15:55,17:10,HH,2049
5816,SPEA-V 478,LEC,CLOSED,,30,0,2,IN_PERSON,Cimera K,MOWE,09:35,10:50,WH,106
5817,BUS-D 271,LEC,CLOSED,DOING BUSINESS IN CHINA,50,0,2,IN_PERSON,Jia Z,MOWE,15:55,17:10,HH,2000
5821,BUS-G 316,LEC,CLOSED,,30,0,0,IN_PERSON,Kreft S,MOWE,14:20,15:35,HH,3055
5826,PACE-C 250,LEC,CLOSED,,20,0,1,IN_PERSON,Fraley M,TUTH,14:20,15:35,BH,105
5827,BUS-L 375,LEC,CLOSED,,50,0,26,IN_PERSON,Hamilton C,MOWE,09:35,10:50,HH,1034
5829,BUS-L 375,LEC,CLOSED,,50,0,37,IN_PERSON,Moore S,TUTH,15:55,17:10,HH,1034
5830,BUS-L 375,LEC,CLOSED,,50,0,11,IN_PERSON,Clark R,MOWE,19:05,20:20,HH,1034
5831,BUS-L 375,LEC,CLOSED,,50,0,9,IN_PERSON,Altom K,TUTH,19:05,20:20,HH,1034
5832,BUS-L 376,LEC,OPEN,,45,1,0,IN_PERSON,Douglass K,TUTH,15:55,17:10,HH,3059
5833,BUS-M 346,LEC,CLOSED,,35,0,13,IN_PERSON,Lalwani A,MOWE,15:55,17:10,HH,2055
5834,BUS-M 346,LEC,CLOSED,,35,0,7,IN_PERSON,Lalwani A,MOWE,17:30,18:45,HH,2055
5835,BUS-M 346,LEC,CLOSED,,35,0,3,IN_PERSON,Kong X,TUTH,08:00,09:15,HH,1030
5836,ECON-E 672,LEC,OPEN,,10,2,0,IN_PERSON,Chang Y,TUTH,09:35,10:50,WY,329
5837,BUS-M 346,LEC,CLOSED,,35,0,11,IN_PERSON,Kong X,TUTH,09:35,10:50,HH,1038
5838,BUS-M 346,LEC,CLOSED,,35,0,14,IN_PERSON,Zhang W,MOWE,11:10,12:25,HH,1038
5839,EDUC-A 629,LEC,OPEN,,15,2,0,,Lochmiller C,,,,WB,WEB
5840,STAT-S 303,LEC,CLOSED,,100,0,1,IN_PERSON,Yang J,MOWE,15:55,17:10,FA,102
5841,BUS-M 346,LEC,CLOSED,,35,0,0,IN_PERSON,Zhang W,MOWE,08:00,09:15,HH,1038
5842,EDUC-G 622,LEC,OPEN,,12,4,0,IN_PERSON,Wong J,MO,11:10,13:40,ED,2271
5843,PSY-P 101,LEC,CLOSED,,255,0,1,IN_PERSON,Patton C,TH,14:20,15:35,PY,100
5844,GEOG-G 109,LEC,CLOSED,,108,0,1,IN_PERSON,Beray Armond N,TUTH,16:20,17:10,MO,007
5845,GEOG-G 185,LEC,OPEN,,96,1,0,IN_PERSON,Ficklin D,TUTH,12:45,14:00,SB,015
5847,INFO-I 552,LEC,OPEN,,10,10,0,,Wang Y,,,,ARR,
5848,INFO-I 552,LEC,OPEN,,5,5,0,,Wang Y,,,,ARR,
5849,BUS-M 300,LEC,CLOSED,,100,0,4,IN_PERSON,Lee S,MOWE,17:30,18:45,LU,1001
5850,BUS-T 375,LEC,CLOSED,,40,0,20,,Kutza D,,,,WB,WEB
5851,BUS-Z 370,LEC,CLOSED,,0,0,0,IN_PERSON,Pottgen W,TUTH,08:00,09:05,HH,2083
5852,BUS-Z 370,LEC,CLOSED,,0,0,0,IN_PERSON,Kratz J,MOWE,09:15,10:20,HH,1059
5853,BUS-Z 370,LEC,CLOSED,,0,0,0,IN_PERSON,Pottgen W,MOWE,08:00,09:05,HH,1055
5854,BUS-Z 370,LEC,CLOSED,,0,0,0,IN_PERSON,DeShano M,TUTH,11:50,12:55,HH,2083
5855,BUS-Z 370,LEC,CLOSED,,0,0,0,IN_PERSON,Pottgen W,MOWE,11:50,12:55,HH,1059
5856,BUS-Z 370,LEC,CLOSED,,0,0,0,IN_PERSON,Kratz J,MOWE,11:50,12:55,HH,1055
5857,CHEM-C 117,DIS,CLOSED,,45,0,6,IN_PERSON,Sheldon C,TU,12:45,13:35,JH,A100
5858,CHEM-C 117,DIS,CLOSED,,40,0,9,IN_PERSON,Nnamdi P,MO,15:10,16:00,WH,005
5859,CHEM-C 117,DIS,CLOSED,,45,0,3,IN_PERSON,Nnamdi P,MO,16:20,17:10,BH,005
5861,CJUS-K 300,DIS,CLOSED,,26,0,0,IN_PERSON,Bowman R; LaPradd D,TH,15:10,16:00,SW,218
5862,CJUS-K 300,DIS,CLOSED,,21,0,0,IN_PERSON,Bowman R; LaPradd D,TH,16:20,17:10,BH,142
5863,CJUS-K 300,DIS,CLOSED,,25,0,0,IN_PERSON,Bowman R; LaPradd D,TH,17:30,18:20,BH,246
5865,COLL-P 155,LEC,CLOSED,,240,0,21,,Zemlicka K,,,,WB,WEB
5866,COLL-P 155,LEC,CLOSED,,24,0,2,IN_PERSON,Riley S,MOFR,11:35,12:25,WB,WEB
5867,COLL-P 155,LEC,CLOSED,,24,0,2,IN_PERSON,Riley S,MOFR,12:45,13:35,WB,WEB
5868,COLL-P 155,LEC,CLOSED,,24,0,1,IN_PERSON,Zhang R,MOFR,13:55,14:45,WB,WEB
5870,COLL-P 155,LEC,CLOSED,,24,0,0,IN_PERSON,Riley S,MOFR,10:25,11:15,WB,WEB
5871,COLL-P 155,LEC,CLOSED,,24,0,8,IN_PERSON,Gad A,TUTH,12:45,13:35,WB,WEB
5873,COLL-P 155,LEC,CLOSED,,24,0,2,IN_PERSON,Lin E,TUTH,13:55,14:45,WB,WEB
5875,COLL-P 155,LEC,CLOSED,,24,0,2,IN_PERSON,Lin E,TUTH,15:10,16:00,WB,WEB
5876,COLL-P 155,LEC,CLOSED,,24,0,2,IN_PERSON,Zhang R,MOFR,15:10,16:00,WB,WEB
5879,CSCI-A 591,LAB,CLOSED,,2,0,0,IN_PERSON,Angiuli C,FR,12:45,14:40,BH,117
5880,CSCI-C 211,LAB,OPEN,,26,11,0,IN_PERSON,Angiuli C,FR,12:45,14:40,BH,117
5882,CSCI-C 241,LEC,OPEN,,90,42,0,IN_PERSON,Wennstrom E,TUTH,15:55,17:10,BH,310
5883,CSCI-P 438,DIS,CLOSED,,48,0,0,IN_PERSON,Musser J,FR,13:55,14:45,IF,1104
5885,EALC-K 101,LEC,CLOSED,,29,0,0,IN_PERSON,Kim J,TUTH,11:35,12:25,WH,106
5886,EALC-K 101,DRL,CLOSED,,0,0,0,IN_PERSON,Kim J,MOWEFR,15:10,16:00,PV,270
5890,SPEA-V 236,LEC,CLOSED,,35,0,4,IN_PERSON,Burgins R,TUTH,11:10,12:25,LI,028
5892,SPEA-P 710,LEC,OPEN,PUBLIC ORGANIZATION & MGMT,13,11,0,IN_PERSON,Malatesta D,TU,09:30,12:00,PV,270
5893,LING-L 615,LEC,OPEN,,10,5,0,IN_PERSON,Chelliah S,MOWE,15:55,17:10,BH,221
5894,LTAM-X 490,LEC,OPEN,,5,5,0,,Konwest E,,,,ARR,
5896,INFO-I 101,LAB,OPEN,,32,9,0,IN_PERSON,Paul L,TUTH,17:30,18:45,SB,221
5897,INFO-I 101,LAB,CLOSED,,32,0,0,IN_PERSON,Wood B; Wood S,MOWE,15:55,17:10,IF,1019
5898,INFO-I 101,LAB,CLOSED,,32,0,2,IN_PERSON,Paul L,TUTH,15:55,17:10,IF,1019
5899,INFO-I 101,LAB,OPEN,,32,15,0,IN_PERSON,Paul L,TUTH,08:00,09:15,I,109
5901,INFO-I 101,LAB,OPEN,,32,14,0,IN_PERSON,Paul L,TUTH,17:30,18:45,IF,1019
5902,INFO-I 101,LAB,OPEN,,32,7,0,IN_PERSON,Wood S; Wood B,TUTH,17:30,18:45,I,109
5903,INFO-I 101,LAB,CLOSED,,32,0,0,IN_PERSON,Wood S; Wood B,MOWE,11:10,12:25,BH,308
5904,INFO-I 201,LEC,OPEN,,75,19,0,IN_PERSON,Stewart A,TUTH,09:35,10:50,LU,1001
5905,INFO-I 201,DIS,OPEN,,25,6,0,IN_PERSON,Haghverdi E,TH,18:40,19:30,I,107
5906,INFO-I 201,DIS,CLOSED,,24,0,2,IN_PERSON,Haghverdi E,TH,12:45,13:35,I,107
5907,INFO-I 201,DIS,OPEN,,24,2,0,IN_PERSON,Haghverdi E,FR,12:45,13:35,I,107
5908,NURS-H 356,LEC,OPEN,,60,3,0,IN_PERSON,Eads S,WE,13:00,16:00,AH,C1001Z
5909,NURS-H 356,CLN,OPEN,,10,1,0,IN_PERSON,Eads S,TU,07:00,20:00,HD,TBA
5910,NURS-H 356,CLN,OPEN,,10,2,0,IN_PERSON,Baranko Lincoln S,TH,07:00,19:30,HD,TBA
5911,NURS-H 356,CLN,CLOSED,,10,0,0,IN_PERSON,Lupfer J,SASU,07:00,20:00,HD,TBA
5912,NURS-H 356,CLN,CLOSED,,10,0,0,IN_PERSON,O'Connor R,TH,07:00,20:00,HD,TBA
5913,NURS-H 360,LEC,OPEN,,60,3,0,IN_PERSON,Murray B,WE,09:00,12:00,AH,C1020Y
5914,NURS-H 360,CLN,OPEN,,10,1,0,IN_PERSON,Skram K,TU,07:00,17:00,HD,TBA
5915,NURS-H 360,CLN,CLOSED,,10,0,0,IN_PERSON,Baker B,TU,07:00,17:00,HD,TBA
5917,SPH-H 518,LEC,OPEN,,5,1,0,,Frederick A,,,,WB,WEB
5918,SPH-B 310,LEC,CLOSED,,60,0,5,,Greathouse L,,,,WB,WEB
5919,SPH-H 494,LEC,OPEN,,45,2,1,IN_PERSON,Mueller R,TUTH,14:20,15:35,BH,346
5931,SPH-K 150,LEC,CLOSED,,250,0,1,IN_PERSON,Cothran D,TU,09:35,10:50,BH,013
5932,SPH-M 211,LEC,CLOSED,,150,0,5,,Shelton J,,,,WB,WEB
5933,SPH-P 561,LEC,OPEN,,45,36,0,,Alter J,,,,WB,WEB
5934,NURS-H 360,CLN,CLOSED,,10,0,0,IN_PERSON,Lyakhovetsky E,TH,07:00,17:00,HD,TBA
5935,PHYS-P 551,LEC,OPEN,,9,2,0,IN_PERSON,Baxter D,TU,12:45,16:45,SW,125
5936,OVST-C 494,LEC,OPEN,,10,10,0,,Carty S,,,,ARR,
5938,PSY-P 304,LEC,OPEN,,106,1,5,IN_PERSON,Hugenberg K,TUTH,15:55,17:10,PY,101
5939,FRIT-M 100,LEC,CLOSED,,10,0,4,IN_PERSON,Pineda Nunez N,TU,09:35,10:50,WB,WEB
5940,BUS-G 350,LEC,CLOSED,,35,0,0,IN_PERSON,Cakirer K,MOWE,09:35,10:50,HH,3055
5941,BUS-D 271,LEC,CLOSED,DOING BUSINESS IN EUROPE,45,0,9,IN_PERSON,Davis J,MOWE,15:55,17:10,HH,2049
5942,BUS-D 271,LEC,OPEN,DOING BUSINESS IN CHINA,45,2,1,IN_PERSON,Jia Z,MOWE,14:20,15:35,HH,2049
5943,BUS-D 271,LEC,OPEN,DOING BUSINESS IN LATIN AMER,50,7,0,IN_PERSON,Garcia P,TUTH,17:30,18:45,HH,2000
5944,BUS-D 270,LEC,CLOSED,,175,0,60,IN_PERSON,Davis J,TUTH,14:20,15:35,HH,1000
5945,BIOL-M 315,LEC,CLOSED,,26,0,0,IN_PERSON,Kulow C,MO,12:45,17:10,JH,122A
5946,LATS-L 200,LEC,CLOSED,,65,0,1,IN_PERSON,Mora J,TUTH,12:45,14:00,JH,009
5948,BUS-S 310,LEC,OPEN,,38,8,0,IN_PERSON,Emmons T,MOWE,15:55,17:10,HH,4079
5949,BUS-J 375,LEC,CLOSED,,40,0,6,IN_PERSON,Dawson B,TU,11:10,12:25,HH,2057
5950,EDUC-D 640,LEC,OPEN,,20,15,0,,Treff M,,,,WB,WEB
5951,EDUC-G 625,LEC,OPEN,,20,18,0,,Laskowski L,,,,ARR,
5952,EDUC-G 699,LEC,OPEN,,20,20,0,,Perez-Rojas A,,,,ARR,
5953,EDUC-K 631,LEC,OPEN,,15,2,0,,Hurwitz S,,,,WB,WEB
5954,SPEA-V 275,LEC,CLOSED,,45,0,1,IN_PERSON,Henry D,MOWE,20:05,21:20,PV,A201
5955,EDUC-N 610,LEC,OPEN,,10,10,0,,Tillema E,,,,ARR,
5956,SPEA-V 100,LEC,OPEN,CIVIC LEADERSHIP DEVELOPMENT,109,7,0,IN_PERSON,Helmke P,MOWE,17:30,18:30,BQ,C110
5957,EDUC-K 352,LEC,CLOSED,,8,0,0,IN_PERSON,Klinker S,MOWE,08:00,09:15,ED,2025
5958,SPEA-V 373,LEC,CLOSED,,48,0,2,IN_PERSON,Hughes C,TUTH,14:20,15:35,PV,272
5959,SPEA-V 348,LEC,OPEN,,40,1,0,IN_PERSON,Alexeev A,TUTH,08:00,09:15,PV,A201
5960,SPEA-V 475,LEC,CLOSED,,30,0,1,IN_PERSON,Morris R,MOWE,14:20,15:35,PV,278
5961,LAW-B 534,LEC,OPEN,,140,67,0,IN_PERSON,Wallace S,MOTUWE,08:30,09:40,LW,121
5962,SPEA-V 252,LEC,CLOSED,,45,0,1,IN_PERSON,Gregoire D,TUTH,18:40,19:30,PV,A335
5963,HISP-S 105,LEC,CLOSED,,24,0,0,IN_PERSON,Ruiz Garcia C,MOTUWETH,08:00,08:50,BH,331
5964,SLHS-S 307,LEC,CLOSED,,49,0,1,IN_PERSON,Johnson R,MOWE,15:55,17:10,GA,1134
5965,SLHS-S 375,LEC,CLOSED,,46,0,6,IN_PERSON,Lynch E,TUTH,09:35,10:50,WY,125
5966,SPEA-I 519,LEC,OPEN,,30,20,0,IN_PERSON,Morris R,MOWE,11:10,12:25,PV,A335
5967,MUS-L 121,LEC,CLOSED,,10,0,0,IN_PERSON,Jankovic P,MOWE,15:10,16:00,MA,004
5968,MUS-L 121,LEC,CLOSED,,10,0,1,IN_PERSON,Jankovic P,MOWE,16:20,17:10,MU,204
5969,MUS-L 121,LEC,CLOSED,,10,0,0,IN_PERSON,Jankovic P,TUTH,16:20,17:10,SM,C113
5970,MUS-L 121,LEC,CLOSED,,10,0,0,IN_PERSON,Jankovic P,MOWE,18:40,19:30,SM,C113
5971,MUS-L 121,LEC,CLOSED,,10,0,0,IN_PERSON,Jankovic P,MOWE,16:20,17:10,SM,C113
5972,MUS-L 121,LEC,CLOSED,,10,0,0,IN_PERSON,Jankovic P,TUTH,15:10,16:00,MU,205
5973,MUS-L 121,LEC,CLOSED,,10,0,0,IN_PERSON,Jankovic P,TUTH,15:10,16:00,SM,C113
5974,MUS-L 121,LEC,OPEN,,10,1,0,IN_PERSON,Jankovic P,TUTH,17:30,18:20,SM,C113
5975,MUS-L 121,LEC,CLOSED,,10,0,0,IN_PERSON,Jankovic P,TUTH,16:20,17:10,SM,242
5976,MUS-L 121,LEC,CLOSED,,10,0,0,IN_PERSON,Jankovic P,TUTH,17:30,18:20,SM,149C
5977,MUS-L 121,LEC,CLOSED,,10,0,0,IN_PERSON,Jankovic P,MOWE,16:20,17:10,SM,149C
5978,MUS-L 121,LEC,CLOSED,,10,0,1,IN_PERSON,Jankovic P,MOWE,18:40,19:30,RE,D005
5979,MUS-L 121,LEC,CLOSED,,10,0,0,IN_PERSON,Jankovic P,TUTH,18:40,19:30,RE,D005
5980,MUS-L 121,LEC,CLOSED,,10,0,0,IN_PERSON,Jankovic P,TUTH,18:40,19:30,SM,C113
5981,MUS-L 121,LEC,CLOSED,,10,0,1,IN_PERSON,Jankovic P,TUTH,18:40,19:30,SM,149C
5982,MUS-A 201,LAB,OPEN,,10,1,0,IN_PERSON,Mazurek M,WE,16:20,17:50,MC,327
5983,MUS-K 361,LEC,CLOSED,,29,0,1,IN_PERSON,Kwapis O,MOWE,11:35,12:25,SM,373
5984,MUS-T 109,LEC,OPEN,,200,155,0,,Guntren A,,,,WB,WEB
5985,MUS-U 300,LEC,CLOSED,,20,0,4,IN_PERSON,Barker A,TUTH,09:35,10:50,MU,011
5986,MUS-X 1,LEC,OPEN,ALL-CAMPUS JAZZ ENSEMBLE,30,11,0,IN_PERSON,Walsh T,TH,20:30,22:00,MA,452
5987,MUS-Z 361,LEC,CLOSED,,29,0,3,IN_PERSON,Kwapis O,MOWE,11:35,12:25,SM,373
5988,BUS-P 481,LEC,CLOSED,,30,0,2,IN_PERSON,Helm J,MOWE,11:10,12:25,HH,4057
5989,MUS-K 710,LEC,OPEN,,14,14,0,,Travers A; Yoon J; Pacheco L; Makkonen J,,,,ARR,
5990,MUS-I 500,LEC,OPEN,,10,2,0,IN_PERSON,Brenner B,FR,15:00,16:30,MA,004
5991,AFRI-Y 201,LEC,CLOSED,,24,0,0,IN_PERSON,Ajibade M,TUTH,12:45,14:00,GA,0013
5992,AFRI-Y 601,LEC,CLOSED,,24,0,0,IN_PERSON,Ajibade M,TUTH,12:45,14:00,GA,0013
5993,BIOT-T 322,LEC,CLOSED,,21,0,0,IN_PERSON,Anderson H,MOWEFR,10:25,11:15,JH,440
5994,SPH-B 354,LEC,OPEN,,65,43,0,,Hunt E,,,,WB,WEB
5995,INFO-I 617,LEC,OPEN,,27,11,0,IN_PERSON,Ye Y,MOWE,14:20,15:35,LH,023
5996,INFO-I 617,LAB,OPEN,,27,11,0,IN_PERSON,Brendel V,FR,09:45,11:00,LH,023
5997,SLHS-S 517,LEC,OPEN,,5,4,0,IN_PERSON,Johnson R,MOWE,15:55,17:10,GA,1134
5998,MUS-X 40,DRL,OPEN,,30,8,0,IN_PERSON,Carbone V; Duarte D,MOWEFR,12:45,14:20,MA,B012
6000,EDUC-F 204,LEC,OPEN,,45,17,0,IN_PERSON,Cierniak K,FR,10:25,11:20,ED,1120
6001,SOAD-S 490,LEC,OPEN,PORTRAITURE,16,7,0,IN_PERSON,Nakagawa O,TUTH,11:10,13:55,FA,023
6002,SPH-R 396,LEC,OPEN,,5,5,0,,Allsop J,,,,ARR,
6003,MUS-X 40,DRL,OPEN,,15,11,0,,Carbone V,,,,ARR,
6004,CSCI-Y 790,LEC,OPEN,,10,9,0,,Tobin-Hochstadt S,,,,ARR,
6014,STAT-S 211,LEC,OPEN,,65,13,0,IN_PERSON,Hunt P,TUTH,15:55,17:10,BH,003
6023,CSCI-B 659,LEC,OPEN,ADV NATURAL LANGUAGE PROCCSNG,5,1,0,IN_PERSON,Cavar D,TUTH,15:55,17:10,IF,0119
6024,SPH-F 255,LEC,OPEN,,150,92,0,,Forrest G,,,,WB,WEB
6025,PSY-P 323,LEC,CLOSED,,30,0,22,,Nadler J,,,,WB,WEB
6026,MUS-M 669,LEC,OPEN,,24,20,0,IN_PERSON,Ganatra S,TU,12:45,14:00,JS,315
6027,SOAD-X 492,LEC,OPEN,,5,5,0,,Embry M,,,,ARR,
6031,OVST-S 396,LEC,OPEN,,20,20,0,,Carty S,,,,ARR,
6033,CHEM-C 483,DIS,CLOSED,,33,0,0,IN_PERSON,Ricketts W; Morrow A,WE,11:35,12:25,BH,243
6035,OVST-D 494,LEC,OPEN,,20,20,0,,Carty S,,,,ARR,
6037,BIOT-X 498,LEC,OPEN,,15,14,0,,Moczek A,,,,ARR,
6038,BIOT-T 590,LEC,OPEN,,20,19,0,,Bollivar D,,,,ARR,
6039,SPH-B 150,LEC,OPEN,,80,18,0,IN_PERSON,Cooperman E,TUTH,15:55,17:10,CH,001
6040,CHEM-C 243,DIS,OPEN,,2,1,0,IN_PERSON,,MO,09:10,10:00,BH,003
6043,SPH-B 150,LEC,OPEN,,120,20,0,IN_PERSON,Lawson T,TUTH,14:20,15:35,BH,110
6044,EDUC-P 699,LEC,OPEN,,20,19,0,,Maloy Shepley M,,,,ARR,
6048,SPH-E 799,LEC,OPEN,,10,9,0,,Bidulescu A,,,,ARR,
6050,MUS-F 520,LEC,CLOSED,STRING-PIANO DUO REPERTOIRE,8,0,0,IN_PERSON,Im S,FR,10:25,12:20,JS,315
6051,STAT-S 301,LEC,CLOSED,,80,0,56,IN_PERSON,Granger R,TUTH,14:20,15:35,SB,014
6052,STAT-S 301,LEC,CLOSED,,80,0,35,IN_PERSON,An H,MOWE,15:55,17:10,BH,003
6053,THTR-T 604,LEC,CLOSED,,4,0,0,,Sickmeier K,,,,HD,TBA
6056,LSTU-L 390,LEC,OPEN,STRIKE! LABOR REVOLT IN AMERIC,35,32,0,,,,,,ARR,
6057,SPH-B 150,LEC,OPEN,,10,6,0,IN_PERSON,Wang J,MOWEFR,10:25,11:15,WH,120
6058,SPH-H 318,LEC,OPEN,,10,5,0,,Frederick A,,,,WB,WEB
6060,EDUC-R 795,LEC,OPEN,,20,14,0,,Boling E,,,,WB,WEB
6061,PHYS-P 451,LEC,OPEN,,9,2,0,IN_PERSON,Baxter D,TU,12:45,16:45,SW,125
6062,OPT-V 782,LEC,OPEN,,5,5,0,,Perotti J,,,,ARR,
6065,BUS-D 270,LEC,CLOSED,,220,0,11,IN_PERSON,Kolovou T,MOWE,17:30,18:45,HH,2075
6066,MUS-N 561,LEC,CLOSED,,29,0,1,IN_PERSON,Kwapis O,MOWE,11:35,12:25,SM,373
6067,MUS-N 561,LEC,CLOSED,,29,0,0,IN_PERSON,Kwapis O,MOWE,10:25,11:15,SM,373
6069,EDUC-D 521,LEC,OPEN,,20,15,0,,Treff M,,,,WB,WEB
6072,MUS-I 500,LEC,OPEN,,18,5,0,IN_PERSON,Freund D,TH,20:00,21:00,SM,242
6073,INFO-Y 395,LEC,OPEN,,50,7,0,IN_PERSON,Gregoire D,WE,09:35,10:50,I,E130
6074,EDUC-J 795,LEC,OPEN,,12,12,0,,Barton K,,,,HD,TBA
6075,FRIT-F 250,LEC,CLOSED,,22,0,1,IN_PERSON,Mazet C; Tacinelli G,MOWEFR,10:25,11:15,BH,217
6077,MUS-B 601,LEC,OPEN,,5,5,0,,Cartledge D,,,,ARR,
6078,AFRI-A 500,LEC,OPEN,,8,7,0,,Martinez-Ruiz B,,,,ARR,
6079,STAT-G 901,LEC,OPEN,,5,4,0,,Xie F,,,,ARR,
6080,SPH-I 130,LEC,CLOSED,,25,0,0,IN_PERSON,Singleton B,MOWETH,06:00,07:00,GF,199
6082,HPSC-X 600,LEC,OPEN,,5,4,0,,Schickore J,,,,ARR,
6085,EALC-K 101,DRL,CLOSED,,0,0,0,IN_PERSON,Kim J,MOWEFR,15:10,16:00,PV,270
6086,SPH-I 137,LEC,OPEN,,20,15,0,IN_PERSON,Hathaway A,MO,11:00,13:00,HD,TBA
6087,SPH-I 137,LEC,OPEN,,20,16,0,IN_PERSON,Hathaway A,MO,13:00,15:00,HD,TBA
6088,SPH-I 137,LEC,OPEN,,20,12,0,IN_PERSON,Hathaway A,MO,15:00,17:00,HD,TBA
6089,SPH-I 137,LEC,OPEN,,20,18,0,IN_PERSON,Hathaway A,TU,09:00,11:00,HD,TBA
6090,SPH-I 137,LEC,OPEN,,20,18,0,IN_PERSON,Hathaway A,TU,13:00,15:00,HD,TBA
6091,SPH-I 137,LEC,OPEN,,20,17,0,IN_PERSON,Hathaway A,WE,11:00,13:00,HD,TBA
6092,SPH-I 137,LEC,OPEN,,20,17,0,IN_PERSON,Hathaway A,WE,13:00,15:00,HD,TBA
6093,SPH-I 137,LEC,OPEN,,20,16,0,IN_PERSON,Hathaway A,WE,15:00,17:00,HD,TBA
6094,SPH-I 137,LEC,OPEN,,20,16,0,IN_PERSON,Hathaway A,TH,11:00,13:00,HD,TBA
6095,SPH-I 137,LEC,OPEN,,20,20,0,IN_PERSON,Hathaway A,TH,13:00,15:00,HD,TBA
6096,SPH-I 137,LEC,OPEN,,20,17,0,IN_PERSON,Hathaway A,FR,09:00,11:00,HD,TBA
6097,SPH-I 137,LEC,OPEN,,20,12,0,IN_PERSON,Hathaway A,FR,11:00,13:00,HD,TBA
6098,SPH-I 137,LEC,OPEN,,20,16,0,IN_PERSON,Hathaway A,FR,13:00,15:00,HD,TBA
6099,SPH-I 137,LEC,OPEN,,20,14,0,IN_PERSON,Hathaway A,FR,15:00,17:00,HD,TBA
6100,SPH-I 137,LEC,OPEN,,20,20,0,IN_PERSON,Hathaway A,MO,11:00,13:00,HD,TBA
6101,SPH-I 137,LEC,OPEN,,20,19,0,IN_PERSON,Hathaway A,MO,13:00,15:00,HD,TBA
6102,SPH-I 137,LEC,OPEN,,20,20,0,IN_PERSON,Hathaway A,TU,09:00,11:00,HD,TBA
6103,SPH-I 137,LEC,OPEN,,20,19,0,IN_PERSON,Hathaway A,TU,13:00,15:00,HD,TBA
6104,SPH-I 137,LEC,OPEN,,20,19,0,IN_PERSON,Hathaway A,WE,09:00,11:00,HD,TBA
6105,SPH-I 137,LEC,OPEN,,20,19,0,IN_PERSON,Hathaway A,WE,11:00,13:00,HD,TBA
6106,SPH-I 137,LEC,OPEN,,20,20,0,IN_PERSON,Hathaway A,WE,13:00,15:00,HD,TBA
6107,SPH-I 137,LEC,OPEN,,20,20,0,IN_PERSON,Hathaway A,TH,11:00,13:00,HD,TBA
6108,SPH-I 137,LEC,OPEN,,20,20,0,IN_PERSON,Hathaway A,TH,13:00,15:00,HD,TBA
6109,SPH-I 137,LEC,OPEN,,20,20,0,IN_PERSON,Hathaway A,FR,09:00,11:00,HD,TBA
6110,SPH-I 137,LEC,OPEN,,20,18,0,IN_PERSON,Hathaway A,FR,11:00,13:00,HD,TBA
6111,SPH-I 137,LEC,OPEN,,20,14,0,IN_PERSON,Hathaway A,FR,13:00,15:00,HD,TBA
6112,SPH-I 138,LEC,OPEN,,20,20,0,IN_PERSON,Hathaway A,TU,15:00,17:00,HD,TBA
6113,SPH-I 138,LEC,OPEN,,20,9,0,IN_PERSON,Hathaway A,FR,15:00,17:00,HD,TBA
6114,EDUC-U 590,LEC,OPEN,,5,5,0,,DeSawal D,,,,WB,WEB
6115,EDUC-H 795,LEC,OPEN,,10,10,0,,Wheeler-Bell Q,,,,ARR,
6119,BUS-J 375,LEC,CLOSED,,40,0,8,IN_PERSON,Bow B,TU,12:45,14:00,HH,2057
6120,BUS-K 303,LEC,CLOSED,,40,0,11,IN_PERSON,Johnson K,TUTH,11:10,12:25,LI,402
6121,BUS-K 303,LEC,CLOSED,,40,0,5,IN_PERSON,Byrne II T,MOWE,15:55,17:10,CG,0030
6122,CEUS-T 703,LEC,OPEN,,5,2,0,IN_PERSON,Kivik P,MOWEFR,11:35,12:25,GA,4024
6123,BUS-K 303,LEC,CLOSED,,27,0,21,IN_PERSON,Collins M,MOWE,11:10,12:25,HH,4055
6125,EDUC-Q 405,LEC,OPEN,,18,12,0,IN_PERSON,Zhang M,TU,17:30,20:00,ED,3015
6126,BUS-K 303,LEC,CLOSED,,40,0,1,IN_PERSON,Esmaeilidouki A,TUTH,17:30,18:45,HH,4059
6127,CEUS-T 771,LEC,OPEN,,8,6,0,IN_PERSON,Rabsal G,MOWEFR,09:10,10:00,SE,009
6128,BUS-K 303,LEC,CLOSED,,40,0,12,IN_PERSON,Kinser J,MOWE,14:20,15:35,LI,402
6129,SPEA-V 236,LEC,CLOSED,,38,0,2,IN_PERSON,Hughes C,TUTH,11:10,12:25,PV,272
6130,CHEM-C 443,LEC,CLOSED,,30,0,0,IN_PERSON,Brown L; Malka D,MOWEFR,09:10,10:00,JH,065
6131,BUS-K 303,LEC,CLOSED,,40,0,4,IN_PERSON,Johnson K,TUTH,15:55,17:10,HH,4059
6132,SPEA-V 339,LEC,CLOSED,,35,0,5,IN_PERSON,Helmke P,MOWE,14:20,15:35,BQ,C105
6133,CHEM-C 503,LEC,OPEN,,30,13,0,IN_PERSON,Brown L; Malka D,MOWEFR,09:10,10:00,JH,065
6134,BUS-K 303,LEC,CLOSED,,40,0,1,IN_PERSON,Todd T,TUTH,17:30,18:45,LI,402
6135,SPEA-V 371,LEC,CLOSED,,64,0,4,IN_PERSON,Lehmkuhler P,MOWE,19:05,20:20,PV,169
6136,AADM-Y 502,LEC,OPEN,,30,4,0,IN_PERSON,Dessauer J,MOWE,09:35,10:50,PV,272
6137,BUS-K 303,LEC,CLOSED,,27,0,6,IN_PERSON,Baird J,MOWE,08:00,09:15,HH,4055
6138,BUS-K 303,LEC,CLOSED,,40,0,4,IN_PERSON,Johnson K,TUTH,09:35,10:50,LI,402
6139,BUS-K 303,LEC,CLOSED,,38,0,6,IN_PERSON,Malher T,TUTH,11:10,12:25,HH,4079
6140,SPEA-V 477,LEC,CLOSED,,40,0,6,IN_PERSON,Grundmann D,TUTH,14:20,15:35,PV,278
6141,SPEA-V 479,LEC,CLOSED,,45,0,5,IN_PERSON,Hughes C,MOWE,09:35,10:50,PV,A223
6142,BUS-K 303,LEC,CLOSED,,34,0,6,IN_PERSON,Naeem S,MOWE,15:55,17:10,HH,4057
6143,BUS-K 303,LEC,CLOSED,,40,0,14,IN_PERSON,Collins M,MOWE,14:20,15:35,HH,1049
6144,BUS-K 303,LEC,CLOSED,,40,0,6,IN_PERSON,Johnson K,TUTH,14:20,15:35,HH,4059
6145,BUS-K 303,LEC,CLOSED,,40,0,4,IN_PERSON,Kinser J,TUTH,11:10,12:25,CG,0030
6146,MUS-E 232,LEC,OPEN,,20,20,0,IN_PERSON,Draper A,TUTH,11:10,12:25,SM,350
6147,SPEA-D 573,LEC,OPEN,,22,8,0,IN_PERSON,Tran A,MOWE,12:45,14:00,PV,275
6148,BUS-K 303,LEC,CLOSED,,38,0,5,IN_PERSON,Malher T,TUTH,09:35,10:50,HH,4079
6149,BUS-K 303,LEC,CLOSED,,40,0,0,IN_PERSON,Briggs C,TUTH,17:30,18:45,HH,1049
6150,SPEA-D 577,LEC,OPEN,,35,7,0,IN_PERSON,Ryan Jr J; Tran A,MOWE,14:20,15:35,PV,A335
6151,BUS-K 303,LEC,CLOSED,,38,0,5,IN_PERSON,Votolato K,TUTH,14:20,15:35,CG,3075
6153,BUS-K 303,LEC,CLOSED,,40,0,3,IN_PERSON,Naldi S,TUTH,14:20,15:35,LI,402
6154,FRIT-M 100,LEC,CLOSED,,22,0,0,IN_PERSON,Fizer H,MOWEFR,12:45,13:35,BH,246
6156,BUS-K 303,LEC,CLOSED,,40,0,11,IN_PERSON,Puthanmari Murali A,MOWE,12:45,14:00,LI,402
6159,BUS-K 303,LEC,CLOSED,,40,0,1,IN_PERSON,Baird J,TUTH,08:00,09:15,HH,1049
6160,MUS-G 374,LEC,OPEN,,8,1,0,IN_PERSON,Kelly R,TUTH,10:25,12:20,MC,070
6161,SPH-F 430,LEC,OPEN,,35,21,0,IN_PERSON,Wong A,TUTH,09:35,10:50,GA,0003
6163,BUS-K 304,LEC,CLOSED,,35,0,28,IN_PERSON,Sherry S,MOWE,09:35,10:50,HH,1049
6164,MUS-L 122,LEC,OPEN,,10,3,0,IN_PERSON,Jankovic P; Duarte D,MOWE,17:30,18:20,SM,C113
6165,BUS-K 304,LEC,CLOSED,,35,0,21,IN_PERSON,Sherry S,TUTH,09:35,10:50,HH,1049
6166,MUS-L 122,LEC,CLOSED,,10,0,0,,Jankovic P; Duarte D,,,,WB,WEB
6167,MUS-L 122,LEC,CLOSED,,10,0,0,IN_PERSON,Jankovic P; Duarte D,MOWE,16:20,17:10,MA,006
6168,MUS-M 525,LEC,CLOSED,,20,0,2,IN_PERSON,Romey J,MOWE,11:10,12:25,MU,204
6169,MUS-M 527,LEC,CLOSED,,20,0,3,IN_PERSON,Sholes J,TUTH,12:45,14:00,SM,242
6170,BUS-M 300,LEC,CLOSED,,100,0,20,IN_PERSON,Raynak D,TUTH,14:20,15:35,WB,WEB
6172,MUS-Z 265,LEC,CLOSED,,37,0,2,IN_PERSON,Grieb S,MOWE,12:45,14:00,RA,B109
6175,INFO-I 210,LAB,OPEN,,30,2,0,IN_PERSON,Duncan J,TH,17:30,19:25,IF,4063
6176,INFO-I 211,LEC,OPEN,,60,4,0,IN_PERSON,Hayes A,TUTH,12:45,14:00,I,E150
6177,INFO-I 453,LEC,OPEN,,60,34,0,IN_PERSON,Peirce Caudell A,TUTH,17:30,18:45,I,E150
6178,NURS-B 331,LEC,OPEN,,25,16,0,,Rossin A,,,,WB,WEB
6179,NURS-B 331,LEC,OPEN,,15,15,0,,Grier T,,,,WB,WEB
6180,NURS-H 476,CLN,OPEN,,10,1,0,IN_PERSON,Barnes R,TU,07:00,20:30,HD,TBA
6181,NURS-H 476,CLN,CLOSED,,10,0,0,IN_PERSON,Neiswinger T,TH,07:00,20:30,HD,TBA
6182,CSCI-Y 390,LEC,OPEN,,25,19,0,,Thacker U,,,,ARR,
6183,SPEA-F 560,LEC,OPEN,,40,16,0,IN_PERSON,Johnson C,TUTH,14:20,15:35,PV,A223
6184,NURS-H 476,CLN,OPEN,,10,2,0,IN_PERSON,Black B,SASU,07:00,20:30,HD,TBA
6185,SPEA-F 610,LEC,OPEN,,20,10,0,IN_PERSON,Moldogaziev T,TUTH,09:35,10:50,PV,A205
6186,SPEA-H 365,LEC,OPEN,,40,28,0,IN_PERSON,Scallon J,FR,09:00,12:00,WB,WEB
6187,HISP-P 311,LEC,OPEN,,10,6,0,IN_PERSON,Luciano A,MOWE,11:10,12:25,BH,139
6188,NURS-R 470,LEC,OPEN,,15,11,0,,Klineline D,,,,WB,WEB
6190,NURS-R 470,LEC,OPEN,,15,5,0,,Barnes R,,,,WB,WEB
6191,SPEA-L 622,LEC,OPEN,,22,3,0,IN_PERSON,Berg M,TUTH,11:10,12:25,PV,275
6192,SPEA-M 547,LEC,OPEN,,28,1,0,IN_PERSON,Griffith D,TUTH,15:55,17:10,PV,273
6193,BUS-A 329,LEC,CLOSED,,52,0,3,IN_PERSON,Geisler G,MOWE,14:20,15:35,HH,3030
6194,HISP-S 105,LEC,OPEN,,24,10,0,IN_PERSON,Grimberg S,MOTUWETH,10:25,11:15,WH,007
6195,CEUS-T 303,LEC,OPEN,,5,2,0,IN_PERSON,Kivik P,MOWEFR,11:35,12:25,GA,4024
6197,CEUS-T 371,LEC,OPEN,,8,6,0,IN_PERSON,Rabsal G,MOWEFR,09:10,10:00,SE,009
6198,BUS-F 541,LEC,OPEN,,36,1,0,IN_PERSON,Torabi A,TUTH,11:05,12:30,CG,2077
6199,BUS-J 375,LEC,OPEN,,40,2,0,IN_PERSON,Dawson B,TU,08:00,09:15,HH,2057
6200,POLS-Y 381,LEC,CLOSED,,75,0,3,IN_PERSON,Craiutu A,MOWE,14:20,15:35,WY,005
6201,BUS-J 375,LEC,CLOSED,,40,0,10,IN_PERSON,Eibling D,MO,12:45,14:00,HH,2057
6202,BUS-J 375,LEC,CLOSED,,40,0,1,IN_PERSON,Hatton B,TU,12:45,14:00,WB,WEB
6203,SPEA-P 562,LEC,OPEN,,40,24,0,IN_PERSON,Liu A,MOWE,11:10,12:25,PV,A221
6204,MSCH-J 343,LEC,OPEN,,18,13,0,IN_PERSON,Lewis K,TUTH,11:10,12:25,FF,052
6205,MSCH-J 353,LEC,OPEN,,18,12,0,IN_PERSON,Lewis K,TUTH,14:20,15:35,FF,060
6206,MSCH-J 409,LEC,CLOSED,,22,0,0,IN_PERSON,Zaltsberg B,MOWE,15:55,17:10,FF,114
6207,MSCH-C 221,LEC,CLOSED,,18,0,2,IN_PERSON,Williams S,MOWE,09:35,10:50,BH,240
6208,MSCH-J 385,LEC,OPEN,,16,9,0,IN_PERSON,Lewis K,TUTH,12:45,14:15,FF,060
6209,MSCH-C 213,LEC,CLOSED,,40,0,17,IN_PERSON,Yu I,MOWE,14:20,15:35,FF,312
6210,MSCH-X 498,LEC,OPEN,,1,1,0,,Weaver A,,,,ARR,
6211,MSCH-J 496,LEC,OPEN,,15,15,0,,Major L,,,,ARR,
6212,SLAV-S 562,LEC,OPEN,ADV INTERMEDIATE RUSSIAN I,4,2,0,IN_PERSON,Melnyk S,MOWEFR,10:25,11:15,GA,0005
6213,CSCI-C 343,LAB,OPEN,,30,11,0,IN_PERSON,Siddiqui M,FR,11:30,13:25,BH,308
6214,EALC-K 101,LEC,CLOSED,,29,0,0,IN_PERSON,Kim J,TUTH,11:35,12:25,WH,106
6215,EALC-K 201,DRL,OPEN,,14,3,0,IN_PERSON,Lee J,MOWEFR,13:55,14:45,BH,333
6216,EALC-K 201,DRL,OPEN,,14,3,0,IN_PERSON,Lee J,MOWEFR,13:55,14:45,BH,333
6217,EDUC-X 150,LEC,OPEN,BECOMING THE BEST STUDENT,19,14,0,IN_PERSON,Guest-Scott A; Hamilton M,MOWE,12:45,14:00,CU,304
6218,EDUC-X 150,LEC,OPEN,BECOMING THE BEST STUDENT,19,14,0,IN_PERSON,Guest-Scott A; Hamilton M,MOWE,14:20,15:35,AC,C118
6219,MATH-V 118,LEC,CLOSED,FINITE MATH FOR SOC & BIOL SCI,57,0,1,IN_PERSON,Wheeler W,MOWEFR,13:55,14:45,WB,WEB
6220,BUS-G 202,LEC,CLOSED,,250,0,6,IN_PERSON,Mafi-Kreft E,TUTH,11:10,12:25,HH,2075
6221,BUS-G 492,LEC,CLOSED,,45,0,7,IN_PERSON,Seo B,MOWE,09:35,10:50,HH,3006
6222,BUS-J 375,LEC,OPEN,,40,6,0,IN_PERSON,Hatton B,TU,08:00,09:15,WB,WEB
6223,BUS-K 201,LEC,CLOSED,,34,0,0,IN_PERSON,Abshire S,TUTH,12:45,14:00,HH,4083
6224,BUS-K 201,LEC,CLOSED,,40,0,2,IN_PERSON,W W,TUTH,14:20,15:35,LI,503
6226,BUS-K 201,LEC,CLOSED,,40,0,0,IN_PERSON,Pranger M,TUTH,14:20,15:35,HH,1047
6227,BUS-K 201,LEC,CLOSED,,30,0,0,IN_PERSON,Lipare A,TUTH,09:35,10:50,LI,503
6228,BUS-K 201,LEC,OPEN,,40,9,0,IN_PERSON,Lipare A,TUTH,08:00,09:15,LI,503
6229,BUS-L 375,LEC,CLOSED,,50,0,54,IN_PERSON,Douglass K,TUTH,14:20,15:35,HH,4030
6230,BUS-L 376,LEC,CLOSED,,45,0,5,IN_PERSON,Grow L,MOWE,09:35,10:50,HH,3059
6231,BUS-M 344,LEC,CLOSED,,32,0,0,IN_PERSON,Riley Simone J,TUTH,12:45,14:00,CG,3044
6232,BUS-S 302,LEC,OPEN,,30,1,0,IN_PERSON,Akaiwa F,MOWE,14:20,15:35,CG,0030
6233,BUS-X 572,LEC,OPEN,ELEVATE VENTURES,30,10,0,IN_PERSON,Kuratko D,MOTUWETHFR,08:00,18:00,CG,2069
6234,BUS-Z 302,LEC,CLOSED,,60,0,5,IN_PERSON,Magjuka R,MOWE,14:20,15:35,WB,WEB
6235,CHEM-C 344,LEC,CLOSED,,24,0,8,IN_PERSON,Burlingham B,TH,12:45,13:35,BH,238
6236,CHEM-C 344,LAB,CLOSED,,12,0,6,IN_PERSON,Gutierrez Cruz L,MO,15:10,19:40,CH,141
6237,CHEM-C 344,LAB,CLOSED,,12,0,2,IN_PERSON,Doll K,TU,14:30,19:00,CH,141
6238,INFO-I 308,LEC,OPEN,,55,24,0,IN_PERSON,Gordon M,TUTH,11:10,12:25,I,E150
6239,FOLK-F 141,LEC,CLOSED,,150,0,5,IN_PERSON,Dobler R,MOWE,10:25,11:15,MY,130
6240,FOLK-F 141,DIS,CLOSED,,25,0,0,IN_PERSON,,FR,09:10,10:00,LH,125
6241,FOLK-F 141,DIS,CLOSED,,25,0,4,IN_PERSON,,TH,16:20,17:10,C2,203
6242,FOLK-F 141,DIS,CLOSED,,25,0,0,IN_PERSON,,TH,17:30,18:20,C2,203
6243,FOLK-F 141,DIS,OPEN,,25,1,0,IN_PERSON,,TH,18:40,19:30,C2,203
6244,FOLK-F 141,DIS,CLOSED,,25,0,0,IN_PERSON,,FR,11:35,12:25,LH,135
6245,FOLK-F 141,DIS,CLOSED,,25,0,4,IN_PERSON,,FR,10:25,11:15,LH,101
6246,MSCH-C 228,LEC,OPEN,,72,19,1,IN_PERSON,Hicks G,MO,17:30,18:20,TV,245
6247,MSCH-C 228,DIS,OPEN,,15,9,0,IN_PERSON,Robinson C,MO,08:30,11:00,FF,116
6249,MSCH-C 228,DIS,CLOSED,,15,0,0,IN_PERSON,Robinson C,TU,08:30,11:00,FF,116
6250,MSCH-C 228,DIS,OPEN,,14,7,0,IN_PERSON,Poortinga G,TH,08:30,11:00,FF,116
6251,MSCH-C 228,DIS,OPEN,,14,3,0,IN_PERSON,Bazler S,WE,08:30,11:00,FF,116
6252,MUS-K 550,LEC,OPEN,ADVANCED COMPUTER MUSIC,12,2,0,IN_PERSON,Kwapis O,TH,11:10,12:25,MC,302
6253,MUS-L 122,LEC,CLOSED,,10,0,1,IN_PERSON,Jankovic P; Duarte D,MOWE,15:10,16:00,MA,006
6254,INFO-I 201,LEC,CLOSED,,60,0,2,IN_PERSON,Haghverdi E,TUTH,11:10,12:25,IF,0117
6255,INFO-I 202,LEC,CLOSED,,60,0,0,IN_PERSON,Amon M,MOWE,17:30,18:45,IF,0117
6256,NURS-H 476,LEC,OPEN,,60,3,0,IN_PERSON,Barnes R,WE,08:00,11:00,AH,C1023Z
6258,LING-L 399,LEC,OPEN,,10,7,0,,Berkson K,,,,ARR,
6259,LING-X 490,LEC,OPEN,,10,9,0,,Berkson K,,,,ARR,
6260,LING-L 499,LEC,OPEN,,10,10,0,,Berkson K,,,,ARR,
6261,LING-L 690,LEC,OPEN,,10,10,0,,Berkson K,,,,ARR,
6263,SWK-S 423,LEC,OPEN,,31,4,0,,Toomer T,,,,WB,WEB
6264,MSCH-C 101,LEC,CLOSED,,250,0,3,IN_PERSON,Lenoir L,MOWE,15:55,17:10,FA,015
6265,MSCH-C 101,LEC,CLOSED,,300,0,0,IN_PERSON,Gruszczynski M,MOWE,14:20,15:35,WH,100
6266,BUS-C 104,BIDS,CLOSED,,32,0,0,IN_PERSON,Scott-Harmon S,MOWE,09:35,10:50,HH,3022
6267,MSCH-H 110,LEC,OPEN,,30,10,0,IN_PERSON,Lanosga G,MO,17:30,18:45,FF,312
6268,BUS-C 104,BIDS,OPEN,,32,2,0,IN_PERSON,Nussbaum K,MOWE,15:55,17:10,HH,3079
6269,BUS-C 204,LEC,CLOSED,,24,0,1,IN_PERSON,Shimek J,MOWE,17:30,18:45,HH,3046
6270,BUS-K 204,LEC,CLOSED,,30,0,2,IN_PERSON,Banks K,MOWE,11:10,12:25,MN,C018
6271,BUS-L 375,LEC,CLOSED,,50,0,18,IN_PERSON,Clark R,MOWE,17:30,18:45,HH,4030
6273,REL-R 799,LEC,OPEN,,20,20,0,,Imhoff S,,,,ARR,
6274,ANTH-A 122,LEC,CLOSED,,30,0,1,IN_PERSON,Robinson J; Fue K,MOWE,11:10,12:25,TE,F102
6275,ANTH-A 122,LEC,CLOSED,,30,0,0,IN_PERSON,Robinson J; Fue K,MOWE,09:35,10:50,TE,F102
6276,ANTH-A 122,LEC,CLOSED,,30,0,1,IN_PERSON,Robinson J; Leon L,MOWE,11:10,12:25,TE,F106
6277,ANTH-A 122,LEC,CLOSED,,30,0,2,IN_PERSON,Robinson J; Leon L,MOWE,12:45,14:00,TE,F102
6278,ANTH-A 122,LEC,CLOSED,,30,0,0,IN_PERSON,Robinson J; Oyelakin G,MOWE,14:20,15:35,TE,F102
6279,ANTH-A 122,LEC,CLOSED,,30,0,1,IN_PERSON,Robinson J; Oyelakin G,MOWE,15:55,17:10,TE,F102
6280,ANTH-A 122,LEC,CLOSED,,30,0,1,IN_PERSON,Robinson J; Boateng A,TUTH,11:10,12:25,TE,F102
6281,ANTH-A 122,LEC,CLOSED,,30,0,1,IN_PERSON,Robinson J; Laddapong K,TUTH,11:10,12:25,TE,F106
6282,ANTH-A 122,LEC,CLOSED,,30,0,0,IN_PERSON,Robinson J; Laddapong K,TUTH,12:45,14:00,TE,F102
6283,ANTH-A 122,LEC,CLOSED,,30,0,0,IN_PERSON,Robinson J; Song Z,TUTH,14:20,15:35,TE,F102
6284,INTL-I 406,LEC,CLOSED,,15,0,0,IN_PERSON,Banai H,WE,12:45,15:45,WH,002
6285,SPH-M 425,LEC,CLOSED,,150,0,0,IN_PERSON,Coble C,MOWEFR,10:25,11:15,EP,257
6286,SLHS-S 516,LEC,CLOSED,,12,0,0,IN_PERSON,Lentz J,MOWE,14:20,15:35,AH,C3053
6287,SLHS-S 520,LEC,OPEN,,45,13,0,IN_PERSON,Dowling M,TUTH,09:35,10:50,AH,C1001
6289,CTIH-T 700,LEC,OPEN,,15,15,0,,Chaouli M,,,,ARR,
6290,BIOL-M 445,LEC,CLOSED,,21,0,0,IN_PERSON,Dunn M,MOWE,13:50,16:50,JH,022
6291,LTAM-C 101,LEC,OPEN,,10,10,0,IN_PERSON,Carpenter M,TUTH,11:10,12:25,WB,WEB
6292,LTAM-C 501,LEC,OPEN,,10,10,0,IN_PERSON,Carpenter M,TUTH,11:10,12:25,WB,WEB
6293,BUS-F 303,LEC,CLOSED,,50,0,10,IN_PERSON,Durguner S,TUTH,14:20,15:35,HH,3000
6294,BUS-F 446,LEC,OPEN,,40,1,0,IN_PERSON,Rearick T,MOWE,17:30,18:45,HH,3006
6295,SOAD-N 130,LEC,CLOSED,,60,0,1,IN_PERSON,Stefaniak P,TUTH,09:35,10:50,GA,1118
6298,MUS-P 110,LEC,CLOSED,,480,0,7,,Yao E,,,,WB,WEB
6299,MUS-P 120,LEC,OPEN,,112,18,0,,Yao E,,,,WB,WEB
6300,POLS-Y 490,LEC,CLOSED,POLITICAL IDEOLOGY,22,0,5,IN_PERSON,Wu J,TU,12:45,15:15,AC,C107
6302,MUS-E 303,LEC,CLOSED,,10,0,2,IN_PERSON,Zweig M,WE,13:55,14:45,MU,204
6303,MUS-E 413,LEC,OPEN,,10,6,0,IN_PERSON,Szmyt E,WE,17:00,18:30,MA,003
6304,MUS-E 513,LEC,OPEN,,10,6,0,IN_PERSON,Szmyt E,WE,17:00,18:30,MA,003
6305,MUS-I 613,LEC,OPEN,,10,10,0,,Cartledge D,,,,ARR,
6306,MUS-M 401,DIS,CLOSED,,12,0,0,IN_PERSON,Saltzstein J,TUTH,11:35,12:25,MA,004
6307,MUS-M 501,LEC,CLOSED,,16,0,3,IN_PERSON,Saltzstein J; Westerduin K,MOWEFR,09:10,10:00,SM,340
6308,MUS-M 501,LEC,CLOSED,,14,0,0,IN_PERSON,Saltzstein J; Westerduin K,MOWEFR,08:00,08:50,SM,340
6309,MUS-M 501,LEC,CLOSED,,15,0,2,IN_PERSON,Saltzstein J; Hile E,MOWEFR,09:10,10:00,SM,294
6310,MUS-O 450,LEC,OPEN,,20,10,0,,Walsh T,,,,ARR,
6311,MUS-Z 130,LEC,OPEN,,60,16,0,IN_PERSON,Riedford A,TU,18:40,20:20,SM,015
6312,MUS-Z 204,LEC,OPEN,,35,18,0,IN_PERSON,Rigby M,MOWE,12:45,14:00,SM,242
6313,MUS-Z 280,LEC,CLOSED,,65,0,3,IN_PERSON,El Saffar D,TUTH,12:45,14:00,MC,036
6314,MUS-Z 315,LEC,OPEN,,50,29,0,IN_PERSON,Bishop D,MOWE,09:35,10:50,SM,C141
6315,SPEA-V 443,LEC,CLOSED,,48,0,5,IN_PERSON,Rayzor N,MOWE,15:55,17:10,PV,272
6316,CSCI-C 291,LEC,OPEN,,40,13,0,IN_PERSON,Seiffert K,TUTH,14:20,15:35,LH,035
6317,CHEM-C 383,LEC,OPEN,,200,12,0,IN_PERSON,Hollenbeck J,MOWEFR,13:55,14:45,FA,015
6318,CHEM-C 383,DIS,CLOSED,,40,0,0,IN_PERSON,Montgomery P; Brake M,WE,15:10,16:00,BH,346
6319,CHEM-C 383,DIS,CLOSED,,40,0,0,IN_PERSON,Brake M; Bracey A,WE,16:20,17:10,BH,005
6320,CHEM-C 383,DIS,OPEN,,40,4,0,IN_PERSON,Cullers C; Bracey A,WE,17:30,18:20,BH,005
6321,CHEM-C 383,DIS,OPEN,,40,2,0,IN_PERSON,Montgomery P; Rude M,TH,15:10,16:00,SE,140
6322,CHEM-C 483,DIS,OPEN,,29,2,1,IN_PERSON,Baisya R; Zollinger K,WE,12:45,13:35,BH,143
6323,OVST-D 498,LEC,OPEN,,5,5,0,,Carty S,,,,ARR,
6326,LAW-B 542,LEC,OPEN,,30,9,0,IN_PERSON,Goodman S,THFR,09:50,10:45,LW,122
6328,LAW-B 575,LEC,OPEN,,18,4,0,IN_PERSON,Mac Briedis R,THFR,10:25,11:50,HD,TBA
6330,SLAV-U 101,LEC,OPEN,,13,12,0,IN_PERSON,Asher S,MOTUWETH,10:25,11:15,WH,114
6331,EALC-K 301,LEC,OPEN,,28,13,0,IN_PERSON,Jeong W,TUTH,13:55,14:45,WH,203
6333,PSY-P 657,LEC,CLOSED,LAB IN MOLECULAR NEUROSCIENCE,1,0,0,IN_PERSON,Lai C,TUTH,15:00,20:00,PY,396
6335,MUS-S 920,LEC,OPEN,,1,1,0,,,,,,ARR,
6336,MUS-S 810,LEC,OPEN,,18,18,0,,Hartman A,,,,ARR,
6338,MELC-E 500,LEC,OPEN,,20,13,0,IN_PERSON,Vinson S,MOTUWETHFR,11:35,12:25,BH,142
6339,AFRI-Y 301,LEC,OPEN,,15,4,0,IN_PERSON,Ajibade M,MOWE,12:45,14:00,IF,0002
6341,MUS-A 100,LAB,CLOSED,,11,0,1,IN_PERSON,Wurst F,FR,09:10,10:00,MC,405
6342,MUS-A 100,LAB,CLOSED,,11,0,1,IN_PERSON,Wurst F,FR,10:25,11:15,MC,405
6343,MUS-A 100,LAB,CLOSED,,10,0,0,IN_PERSON,Wurst F,FR,11:35,12:25,MC,405
6344,MUS-A 100,LAB,CLOSED,,11,0,1,IN_PERSON,Wurst F,FR,16:20,17:10,MC,405
6345,EDUC-M 424,LEC,OPEN,,3,2,0,,Hunnicutt T; Walterman S,,,,ARR,
6346,BUS-T 175,LEC,OPEN,,45,1,0,IN_PERSON,Hamilton L,WE,11:10,12:25,HH,4034
6349,MUS-Z 190,LEC,CLOSED,,35,0,0,IN_PERSON,Nelson O,MOWE,12:45,14:00,MA,404
6350,MSCH-X 490,LEC,OPEN,,6,6,0,,Major L,,,,ARR,
6351,BUS-D 311,LEC,CLOSED,,50,0,2,IN_PERSON,Vodosek M,TUTH,08:00,09:15,HH,2000
6352,EDUC-X 156,LEC,OPEN,,18,3,0,IN_PERSON,Koke A; Smith B,TU,15:10,17:10,CU,304
6353,PHIL-P 500,LEC,OPEN,,10,6,0,IN_PERSON,Leite A,WE,16:45,19:15,SY,022
6355,MUS-O 323,LEC,OPEN,,25,11,0,IN_PERSON,Ward G,TUTH,11:10,12:25,MA,378
6356,MUS-O 523,LEC,OPEN,,25,11,0,IN_PERSON,Ward G,TUTH,11:10,12:25,MA,378
6357,MSCI-M 115,LEC,CLOSED,,150,0,16,,Riggins L,,,,WB,WEB
6358,MSCH-C 200,LEC,OPEN,,65,15,0,IN_PERSON,Stichter A,TUTH,11:10,12:25,FF,312
6359,BUS-J 375,LEC,CLOSED,,40,0,0,IN_PERSON,Cai M,MO,08:00,09:15,WB,WEB
6360,BUS-J 375,LEC,CLOSED,,40,0,0,IN_PERSON,Corbin M,MO,08:00,09:15,HH,2057
6361,BUS-D 271,LEC,CLOSED,DOING BUSINESS IN EUROPE,45,0,25,IN_PERSON,Davis J,MOWE,14:20,15:35,HH,2049
6362,INFO-I 300,LEC,OPEN,,60,2,0,IN_PERSON,Blevis S,TUTH,14:20,15:35,I,E150
6363,CMCL-C 810,LEC,OPEN,,35,35,0,,,,,,ARR,
6364,CMCL-G 901,LEC,OPEN,,25,25,0,,,,,,ARR,
6365,MSCH-G 410,LEC,OPEN,,30,30,0,IN_PERSON,Pizer P,TUTH,15:55,17:10,FF,310
6367,HISP-C 803,LEC,OPEN,,5,5,0,,Illas E,,,,ARR,
6368,BUS-S 302,LEC,CLOSED,,30,0,0,IN_PERSON,Akaiwa F,MOWE,11:10,12:25,CG,0030
6369,MUS-Z 110,LEC,CLOSED,VIOLIN UNDERGRAD ELECTIVE,10,0,4,,Ganatra S; Harris G,,,,ARR,
6370,MUS-F 401,LEC,OPEN,,8,3,0,IN_PERSON,Oddie J,TUTH,09:10,10:00,MU,205
6371,MATH-M 800,LEC,OPEN,,10,9,0,,Davis J,,,,ARR,
6373,MATH-M 800,LEC,OPEN,,10,8,0,,Snyder N,,,,ARR,
6374,MATH-M 800,LEC,OPEN,,10,10,0,,Jolly M,,,,ARR,
6375,MATH-M 800,LEC,OPEN,,10,10,0,,Zumbrun K,,,,ARR,
6376,BUS-X 520,LEC,OPEN,,30,20,0,,Stern E,,,,ARR,
6377,NURS-L 430,LEC,OPEN,,60,3,0,IN_PERSON,Klineline D,MO,09:00,12:00,AH,C1001Y
6378,NURS-L 430,CLN,CLOSED,,10,0,0,IN_PERSON,Reising D,TU,07:00,20:00,HD,TBA
6379,OVST-A 496,LEC,OPEN,,20,20,0,,Carty S,,,,ARR,
6380,OVST-L 497,LEC,OPEN,,15,15,0,,Carty S,,,,ARR,
6381,OVST-A 497,LEC,OPEN,,15,15,0,,Carty S,,,,ARR,
6383,OVST-D 494,LEC,OPEN,,10,10,0,,Carty S,,,,ARR,
6385,OVST-M 496,LEC,OPEN,,20,18,0,,Carty S,,,,ARR,
6386,OVST-I 498,LEC,OPEN,,20,20,0,,Carty S,,,,ARR,
6387,INFO-I 230,LEC,OPEN,,90,5,0,IN_PERSON,Holland A,TUTH,15:55,17:10,OP,111
6388,MSCH-J 804,LEC,OPEN,,10,9,0,,Shanahan J,,,,ARR,
6389,BUS-A 337,LEC,CLOSED,,45,0,15,IN_PERSON,Yang H,MOWE,14:20,15:35,HH,4006
6390,BUS-S 400,LEC,CLOSED,,5,0,0,IN_PERSON,Yang H,MOWE,14:20,15:35,HH,4006
6391,MSCH-J 700,LEC,OPEN,,10,10,0,,,,,,ARR,
6392,BUS-K 327,LEC,OPEN,,34,6,0,IN_PERSON,Serex P,TUTH,09:35,10:50,HH,4057
6393,CSCI-B 565,LEC,OPEN,,60,36,0,IN_PERSON,Raphael C,TUTH,12:45,14:00,AC,C002
6394,AST-X 399,LEC,OPEN,,10,10,0,,Deliyannis C,,,,ARR,
6395,BUS-C 205,LEC,CLOSED,,24,0,3,IN_PERSON,Heidewald J,TUTH,08:00,09:15,HH,3050
6396,BUS-D 270,LEC,CLOSED,,175,0,33,IN_PERSON,Garcia P,MOWE,14:20,15:35,HH,1000
6397,INFO-I 130,LEC,OPEN,,50,37,0,IN_PERSON,Asrari F,WE,14:20,15:35,I,E130
6398,GER-G 850,LEC,OPEN,,1,1,0,,Sapp C,,,,ARR,
6399,AFRI-Y 701,LEC,OPEN,,15,4,0,IN_PERSON,Ajibade M,MOWE,12:45,14:00,IF,0002
6404,NURS-B 245,LEC,CLOSED,,20,0,0,IN_PERSON,Raber H; Black B,TU,09:30,14:00,AH,C2034D
6405,NURS-B 245,LEC,CLOSED,,20,0,0,IN_PERSON,Degener C; Evans J,TU,09:30,14:00,AH,C2034C
6414,OVST-P 497,LEC,OPEN,,20,20,0,,Carty S,,,,ARR,
6415,STAT-X 498,LEC,OPEN,,12,7,0,IN_PERSON,Fukuyama J,TU,15:55,18:25,SE,220
6416,EDUC-F 204,LEC,OPEN,,10,9,0,,Cierniak K,,,,HD,TBA
6417,GRAD-G 806,LEC,OPEN,,100,100,0,,Lewis J,,,,ARR,
6418,MUS-S 140,LEC,OPEN,,1,1,0,,Muroki K,,,,ARR,
6419,COLL-P 155,LEC,CLOSED,,24,0,3,IN_PERSON,Dilts K,TUTH,16:20,17:10,WB,WEB
6420,BUS-C 106,LEC,CLOSED,,30,0,1,IN_PERSON,Land P,TUTH,09:35,10:50,HH,3016
6421,BUS-C 106,LEC,CLOSED,,24,0,0,IN_PERSON,Deeds A,TUTH,11:10,12:25,HH,3022
6422,BUS-C 106,LEC,CLOSED,,30,0,1,IN_PERSON,Wisher D,MOWE,09:35,10:50,HH,4075
6423,BUS-C 106,LEC,OPEN,,24,2,0,IN_PERSON,Deeds A,TUTH,09:35,10:50,HH,3022
6424,COLL-G 133,LEC,OPEN,,440,140,0,IN_PERSON,Young II S; Jenkins K,FR,11:35,12:25,MU,110
6476,MUS-P 715,LEC,OPEN,,16,7,0,IN_PERSON,Yao E,TUTH,11:35,12:25,MU,101
6477,BIOC-B 880,LEC,OPEN,,20,20,0,,Nicola C; Bochman M,,,,ARR,
6478,BIOC-B 880,LEC,OPEN,,20,20,0,,Bochman M; Nicola C,,,,ARR,
6479,BIOC-B 880,LEC,OPEN,,20,19,0,,Bochman M; Nicola C,,,,ARR,
6480,BIOC-B 880,LEC,OPEN,,20,20,0,,Bochman M; Nicola C,,,,ARR,
6481,BIOC-B 880,LEC,OPEN,,20,20,0,,Bochman M; Nicola C,,,,ARR,
6482,BIOC-B 880,LEC,OPEN,,20,17,0,,Bochman M; Nicola C,,,,ARR,
6483,BIOC-B 880,LEC,OPEN,,20,20,0,,Bochman M; Nicola C,,,,ARR,
6484,BIOC-B 880,LEC,OPEN,,20,20,0,,Bochman M; Nicola C,,,,ARR,
6485,BIOC-B 880,LEC,OPEN,,20,19,0,,Bochman M; Nicola C,,,,ARR,
6486,BIOC-B 880,LEC,OPEN,,20,19,0,,Bochman M; Nicola C,,,,ARR,
6487,BIOC-B 880,LEC,OPEN,,20,20,0,,Nicola C; Bochman M,,,,ARR,
6488,BUS-C 204,LEC,CLOSED,,24,0,1,IN_PERSON,Smith-Robbins S,TUTH,08:00,09:15,HH,3048
6489,HISP-S 250,LEC,CLOSED,,24,0,1,IN_PERSON,Cintra M,MOWETH,17:30,18:20,BH,215
6490,INTL-I 100,LEC,CLOSED,,131,0,0,IN_PERSON,Hulvey R,TUTH,10:25,11:15,RB,110
6491,MUS-V 800,LEC,OPEN,,8,7,0,,Gill B,,,,ARR,
6492,SPH-H 180,LEC,OPEN,,175,4,0,,Himel M,,,,WB,WEB
6493,BUS-P 300,LEC,CLOSED,,60,0,2,IN_PERSON,Mejias G,MOWE,09:35,10:50,WB,WEB
6494,BUS-K 303,LEC,CLOSED,,40,0,6,IN_PERSON,Puthanmari Murali A,MOWE,15:55,17:10,LI,402
6495,BUS-K 303,LEC,CLOSED,,40,0,2,IN_PERSON,Briggs C,TUTH,12:45,14:00,LI,402
6496,CEUS-R 890,LEC,OPEN,,5,4,0,,Ozcelik O,,,,ARR,
6497,CEUS-T 798,LEC,OPEN,POST ADV LANG STUDY-MONGOLIAN,2,2,0,,Legden T,,,,ARR,
6500,SPH-H 263,LEC,OPEN,,158,70,0,IN_PERSON,Holt A,TUTH,14:20,15:35,WH,101
6501,MUS-P 715,LEC,OPEN,,16,13,0,IN_PERSON,Yao E,MOWE,11:35,12:25,MU,101
6502,MUS-P 110,LAB,CLOSED,,16,0,1,IN_PERSON,Yao E,MOWE,12:45,13:35,MU,101
6503,LING-L 800,LEC,OPEN,,40,38,0,,Kuebler S,,,,ARR,
6505,MUS-H 400,LEC,OPEN,,15,2,0,,Szmyt E,,,,ARR,
6506,MSCH-M 899,LEC,OPEN,,30,15,0,,Peifer J,,,,ARR,
6507,OPT-V 554,LEC,OPEN,,100,7,0,IN_PERSON,Peabody T; Pence N,FR,10:00,10:50,OP,111
6508,SPH-R 697,LEC,OPEN,,5,4,0,,Allsop J,,,,ARR,
6509,BIOL-L 800,LEC,OPEN,,25,25,0,,Moczek A; Allen S,,,,ARR,
6510,BIOL-L 800,LEC,OPEN,,25,23,0,,Moczek A; Allen S,,,,ARR,
6511,BIOL-L 800,LEC,OPEN,,25,24,0,,Moczek A; Allen S,,,,ARR,
6512,BIOL-L 800,LEC,OPEN,,25,23,0,,Moczek A; Allen S,,,,ARR,
6513,BIOL-L 800,LEC,OPEN,,25,24,0,,Moczek A; Allen S,,,,ARR,
6514,BIOL-L 800,LEC,OPEN,,25,23,0,,Moczek A; Allen S,,,,ARR,
6515,BIOL-L 800,LEC,OPEN,,25,20,0,,Moczek A; Allen S,,,,ARR,
6516,BIOL-L 800,LEC,OPEN,,200,199,0,,Moczek A; Allen S,,,,ARR,
6517,BIOL-L 800,LEC,OPEN,,200,200,0,,Moczek A; Allen S,,,,ARR,
6518,BIOL-L 800,LEC,OPEN,,200,197,0,,Moczek A; Allen S,,,,ARR,
6519,BIOL-L 800,LEC,OPEN,,200,200,0,,Moczek A; Allen S,,,,ARR,
6520,BIOL-M 800,LEC,OPEN,,25,25,0,,Moczek A; Allen S,,,,ARR,
6521,BIOL-M 800,LEC,OPEN,,25,25,0,,Moczek A; Allen S,,,,ARR,
6522,BIOL-M 800,LEC,OPEN,,25,25,0,,Moczek A; Allen S,,,,ARR,
6523,BIOL-M 800,LEC,OPEN,,25,23,0,,Moczek A; Allen S,,,,ARR,
6524,BIOL-M 800,LEC,OPEN,,25,25,0,,Moczek A; Allen S,,,,ARR,
6525,BIOL-M 800,LEC,OPEN,,25,25,0,,Moczek A; Allen S,,,,ARR,
6526,BIOL-M 800,LEC,OPEN,,25,23,0,,Moczek A; Allen S,,,,ARR,
6527,BIOL-M 800,LEC,OPEN,,25,25,0,,Moczek A; Allen S,,,,ARR,
6528,BIOL-M 800,LEC,OPEN,,25,25,0,,Moczek A; Allen S,,,,ARR,
6529,BIOL-M 800,LEC,OPEN,,25,22,0,,Moczek A; Allen S,,,,ARR,
6530,BIOL-M 800,LEC,OPEN,,25,25,0,,Moczek A; Allen S,,,,ARR,
6531,MUS-S 810,LEC,OPEN,,5,4,0,,Brenner B,,,,ARR,
6532,PSY-P 895,LEC,OPEN,,10,10,0,,Lu H,,,,ARR,
6533,LAW-B 674,LEC,OPEN,,100,85,0,,,,,,ARR,
6534,VSCI-V 707,LEC,OPEN,,10,10,0,,Elsner A,,,,ARR,
6536,OPT-V 678,LEC,OPEN,,96,6,0,,Himebaugh N,,,,ARR,
6539,FRIT-M 200,LEC,CLOSED,,22,0,1,IN_PERSON,Pulcinella L,MOWEFR,11:35,12:25,BH,133
6540,HISP-S 280,LEC,CLOSED,,23,0,5,IN_PERSON,Poveda J,MOWE,14:20,15:35,SY,0013
6541,HISP-S 105,LEC,CLOSED,,24,0,2,IN_PERSON,Alsmadi A,MOTUWETH,10:25,11:15,BH,138
6543,REL-R 736,LEC,OPEN,,20,20,0,,Imhoff S,,,,ARR,
6544,PHYS-P 790,LEC,OPEN,,10,10,0,,Ortiz G,,,,ARR,
6546,HPSC-X 733,LEC,OPEN,,25,21,0,,Schickore J,,,,ARR,
6547,CSCI-B 551,LEC,OPEN,,160,117,0,IN_PERSON,Leake D,MOWE,19:05,20:20,IF,1106
6549,MUS-S 110,LEC,OPEN,,1,1,0,,Brenner B,,,,ARR,
6550,CSCI-H 343,LEC,OPEN,,20,5,0,IN_PERSON,Bahramian H,MOWE,09:35,10:50,BH,237
6551,ENG-W 697,LEC,OPEN,,30,30,0,,Molesworth J,,,,ARR,
6552,MUS-I 500,LEC,OPEN,,25,11,0,IN_PERSON,Hymel Jr B,WE,18:00,19:00,MC,066
6553,HUBI-B 400,LEC,OPEN,NEURONOTES,26,7,0,IN_PERSON,Kalinovsky A,TUTH,11:10,12:25,MO,103
6554,INFO-I 210,LEC,OPEN,,60,12,0,IN_PERSON,Kavousian S,MOWE,09:35,10:50,LU,1001
6555,INFO-I 210,LAB,OPEN,,35,18,0,IN_PERSON,Duncan J,FR,09:10,11:05,I,E130
6557,INFO-I 300,LEC,OPEN,,60,15,0,IN_PERSON,Clawson J,MOWE,09:35,10:50,I,E150
6559,INFO-I 453,LEC,CLOSED,,60,0,1,IN_PERSON,Paolillo J,MOWE,11:10,12:25,SB,015
6560,ECON-E 371,LEC,OPEN,,45,5,0,IN_PERSON,Chen Y,TUTH,09:35,10:50,AD,A152
6562,BUS-A 329,LEC,CLOSED,,52,0,3,IN_PERSON,Geisler G,MOWE,09:35,10:50,HH,2006
6563,SLHS-S 567,LEC,OPEN,,60,18,0,IN_PERSON,Sustarsic T; Elston A,TU,14:20,15:20,AH,C1021Z
6564,BUS-M 426,LEC,OPEN,,38,8,0,IN_PERSON,Ragland III C,MOWE,17:30,18:45,HH,1030
6566,BUS-S 307,LEC,CLOSED,,35,0,2,IN_PERSON,Brown N,MOWE,11:10,12:25,HH,4079
6567,BUS-L 201,LEC,CLOSED,,150,0,21,IN_PERSON,Sader E,TUTH,12:45,14:00,HH,1006
6568,BUS-L 375,LEC,CLOSED,,50,0,39,IN_PERSON,Eikenberry S,TUTH,12:45,14:00,HH,1034
6569,BUS-L 375,LEC,CLOSED,,50,0,33,IN_PERSON,Guevara A,TUTH,15:55,17:10,HH,4030
6570,BUS-L 375,LEC,CLOSED,,50,0,18,IN_PERSON,Sader E,FR,09:00,12:00,HH,1046
6571,BUS-L 375,LEC,CLOSED,,50,0,24,IN_PERSON,Altom K,MOWE,15:55,17:10,HH,4030
6572,BUS-L 375,LEC,CLOSED,,50,0,23,IN_PERSON,Dilts J,MOWE,17:30,18:45,HH,1034
6573,BUS-L 375,LEC,CLOSED,,50,0,22,IN_PERSON,Sader E,FR,12:20,15:20,HH,1046
6574,MUS-M 605,LEC,OPEN,,10,10,0,,Saltzstein J,,,,ARR,
6575,BUS-L 375,LEC,CLOSED,,50,0,17,IN_PERSON,Douglass K,TUTH,17:30,18:45,HH,1034
6576,BUS-C 104,BIDS,OPEN,,32,6,0,IN_PERSON,James K,TUTH,08:00,09:15,AC,C002
6578,BUS-C 104,BIDS,OPEN,,30,12,0,IN_PERSON,Erwin III J,MOWE,08:00,09:15,MN,C010
6579,BUS-J 375,LEC,CLOSED,,40,0,1,IN_PERSON,Hatton B,TU,11:10,12:25,WB,WEB
6580,BUS-J 375,LEC,CLOSED,,40,0,3,IN_PERSON,Sung H,MO,14:20,15:35,WB,WEB
6581,MUS-E 650,LEC,OPEN,,20,12,0,IN_PERSON,Richerme L,FR,14:45,16:00,SM,350
6582,BUS-D 271,LEC,CLOSED,DOING BUSINESS IN LATIN AMER,50,0,1,IN_PERSON,Garcia P,TUTH,15:55,17:10,HH,2000
6584,MUS-T 658,LEC,OPEN,ANALYSIS OF POPULAR MUSIC,12,2,0,IN_PERSON,Manabe N,MOWE,12:45,14:00,SM,263
6585,MUS-M 510,LEC,CLOSED,BEETHOVEN IN HISTORY,20,0,4,IN_PERSON,Muxfeldt K,TUTH,11:10,12:25,MA,404
6586,CMLT-C 147,LEC,OPEN,,19,1,0,IN_PERSON,Acaron-Padilla E,TUTH,15:35,16:50,BH,333
6587,MUS-M 653,LEC,CLOSED,,20,0,1,IN_PERSON,Romey J,MOWE,12:45,14:00,SM,C141
6588,CSCI-H 343,LAB,OPEN,,20,5,0,IN_PERSON,Bahramian H,FR,10:20,12:15,LH,120
6590,MATH-M 521,LEC,OPEN,,20,9,0,IN_PERSON,Touraev V,MOWEFR,09:10,10:00,SY,103
6591,MATH-M 800,LEC,OPEN,,10,9,0,,Bercovici H,,,,ARR,
6592,MATH-M 800,LEC,OPEN,,10,8,0,,Larsen M,,,,ARR,
6593,MATH-M 800,LEC,OPEN,,10,10,0,,Sternberg P,,,,ARR,
6594,MATH-M 800,LEC,OPEN,,10,10,0,,Wang S,,,,ARR,
6595,AFRI-K 201,LEC,OPEN,,25,22,0,IN_PERSON,Ofori S,TUTH,12:45,14:00,BH,306
6596,AFRI-K 601,LEC,OPEN,,25,22,0,IN_PERSON,Ofori S,TUTH,12:45,14:00,BH,306
6598,SPH-P 680,LEC,OPEN,,40,22,0,,Levy P,,,,WB,WEB
6602,BUS-P 429,LEC,OPEN,,40,1,0,IN_PERSON,Zhou Y,TUTH,11:10,12:25,HH,4006
6603,SPH-I 371,LAB,OPEN,,10,6,0,IN_PERSON,Hand N,TH,13:10,14:40,GF,194
6604,SPH-K 409,LAB,CLOSED,,15,0,0,IN_PERSON,Chapman R,TH,15:00,16:50,PH,046
6605,ECON-E 809,LEC,CLOSED,,0,0,0,,Lugovskyy V,,,,ARR,
6606,BUS-K 303,LEC,CLOSED,,27,0,11,IN_PERSON,Baird J,MOWE,09:35,10:50,HH,4055
6607,BUS-K 303,LEC,CLOSED,,40,0,1,IN_PERSON,Puthanmari Murali A,MOWE,17:30,18:45,LI,402
6608,BUS-S 302,LEC,OPEN,,30,2,0,IN_PERSON,Akaiwa F,MOWE,12:45,14:00,CG,0030
6609,CEUS-G 901,LEC,OPEN,,5,5,0,,Ozcelik O,,,,ARR,
6610,CEUS-T 203,LEC,OPEN,,5,2,0,IN_PERSON,Kivik P,MOWEFR,11:35,12:25,GA,4024
6611,CEUS-T 603,LEC,OPEN,,5,2,0,IN_PERSON,Kivik P,MOWEFR,11:35,12:25,GA,4024
6612,GER-Y 100,LEC,OPEN,,5,4,0,IN_PERSON,Kerler D,MOWEFR,09:35,10:50,GA,3125
6613,GER-Y 501,LEC,OPEN,,5,4,0,IN_PERSON,Kerler D,MOWEFR,09:35,10:50,GA,3125
6614,INFO-I 368,LEC,CLOSED,,45,0,0,IN_PERSON,Menczer F,TUTH,14:20,15:35,IF,1104
6615,EDUC-M 301,LEC,OPEN,LABORATORY-FIELD EXPERIENCE,20,20,0,,Gault B,,,,ARR,
6616,MUS-E 695,LEC,CLOSED,,13,0,0,IN_PERSON,Gill B,TUTH,11:10,12:25,SM,267
6617,HISP-P 805,LEC,OPEN,,3,3,0,,Namorato L,,,,ARR,
6618,GEOG-G 860,LEC,OPEN,,5,5,0,,Ficklin D; Loyal T,,,,ARR,
6619,CJUS-P 855,LEC,OPEN,,10,10,0,,,,,,ARR,
6620,CSCI-C 335,LEC,OPEN,,50,13,1,IN_PERSON,Musser J,MOWE,15:55,17:10,TV,251
6621,CSCI-C 335,LAB,OPEN,,25,13,0,IN_PERSON,Musser J,FR,09:10,11:10,IF,3111
6622,CSCI-C 335,LAB,CLOSED,,25,0,1,IN_PERSON,Musser J,FR,11:30,13:30,IF,3111
6623,CSCI-A 593,LEC,OPEN,,2,1,0,IN_PERSON,Musser J,MOWE,15:55,17:10,TV,251
6624,CSCI-A 593,LAB,OPEN,,2,1,0,IN_PERSON,Musser J,FR,09:10,11:10,IF,3111
6625,EAS-E 144,LEC,CLOSED,,144,0,0,IN_PERSON,Kirkpatrick C,TUTH,14:20,15:35,BH,310
6626,FOLK-E 151,LEC,CLOSED,,150,0,3,IN_PERSON,Graper J,MOWE,11:35,12:25,SW,007
6627,FOLK-E 151,DIS,CLOSED,,25,0,1,IN_PERSON,Solomon A,TH,16:20,17:10,LH,135
6628,FOLK-E 151,DIS,CLOSED,,25,0,2,IN_PERSON,Solomon A,TH,17:30,18:20,LH,135
6629,FOLK-E 151,DIS,CLOSED,,25,0,0,IN_PERSON,Solomon A,TH,18:40,19:30,PH,10
6630,FOLK-E 151,DIS,CLOSED,,25,0,1,IN_PERSON,Hesoun J,FR,11:35,12:25,LH,101
6631,FOLK-E 151,DIS,CLOSED,,25,0,0,IN_PERSON,Hesoun J,FR,09:10,10:00,LH,101
6632,FOLK-E 151,DIS,CLOSED,,25,0,0,IN_PERSON,Hesoun J,FR,10:25,11:15,SW,219
6633,ILS-Z 510,LEC,OPEN,,22,14,0,IN_PERSON,Rosenbaum H,MO,13:55,16:25,IF,3111
6634,ILS-Z 605,MLS,OPEN,,20,18,0,,Choksy C,,,,ARR,
6635,GNDR-G 899,LEC,OPEN,,25,12,0,,Allen S,,,,ARR,
6637,HISP-S 805,LEC,OPEN,,20,18,0,,Willis E,,,,ARR,
6638,PSY-P 318,LEC,CLOSED,,64,0,7,IN_PERSON,Schiestl E,MOWE,12:45,14:00,PY,226
6639,HISP-G 901,LEC,OPEN,,20,16,0,,Willis E,,,,ARR,
6640,ENG-W 501,LEC,OPEN,PROSEMINAR-COMPOSITION,30,12,0,IN_PERSON,Silvester K,TUTH,12:45,14:00,LH,004
6641,EALC-J 101,DRL,CLOSED,,14,0,0,IN_PERSON,Akiyama Y; Ueda S,MOWEFR,09:10,10:00,BH,214
6642,LTAM-X 800,LEC,OPEN,,5,5,0,,Konwest E,,,,ARR,
6643,LTAM-X 800,LEC,OPEN,,5,5,0,,Konwest E,,,,ARR,
6644,EALC-J 101,DRL,CLOSED,,14,0,0,IN_PERSON,Akiyama Y; Ueda S,MOWEFR,10:25,11:15,WH,112
6645,EALC-J 101,DRL,CLOSED,,14,0,0,IN_PERSON,Akiyama Y; Ueda S,MOWEFR,11:35,12:25,ED,2280
6646,EALC-J 101,DRL,CLOSED,,14,0,0,IN_PERSON,Akiyama Y; Ueda S,MOWEFR,12:45,13:35,LI,851
6647,EALC-J 101,DRL,OPEN,,14,1,0,IN_PERSON,Akiyama Y; Ueda S,MOWEFR,13:55,14:45,BH,336
6648,HISP-S 324,LEC,CLOSED,,22,0,0,IN_PERSON,Namorato L,MOWE,11:10,12:25,SY,200
6649,EALC-J 101,DRL,OPEN,,14,3,0,IN_PERSON,Akiyama Y; Ueda S,MOWEFR,15:10,16:00,JH,A107
6650,EALC-J 101,DRL,OPEN,,14,8,0,IN_PERSON,Akiyama Y; Ueda S,MOWEFR,15:10,16:00,PH,012
6651,NEUS-G 901,LEC,OPEN,,2,2,0,,Bradshaw H,,,,ARR,
6652,NEUS-G 901,LEC,OPEN,,4,4,0,,Hetrick W,,,,ARR,
6653,NEUS-G 901,LEC,OPEN,,3,2,0,,Lu H,,,,ARR,
6654,NEUS-G 901,LEC,OPEN,,3,3,0,,Hohmann A,,,,ARR,
6656,NEUS-G 901,LEC,OPEN,,2,2,0,,Puce A,,,,ARR,
6657,NEUS-G 901,LEC,OPEN,,5,5,0,,Beggs J,,,,ARR,
6658,NEUS-G 901,LEC,OPEN,,2,2,0,,Kawata K,,,,ARR,
6659,EALC-J 101,DRL,CLOSED,,14,0,0,IN_PERSON,Akiyama Y; Ueda S,MOWEFR,09:10,10:00,BH,214
6660,EALC-J 101,DRL,CLOSED,,14,0,0,IN_PERSON,Akiyama Y; Ueda S,MOWEFR,10:25,11:15,WH,112
6661,EALC-J 101,DRL,CLOSED,,14,0,0,IN_PERSON,Akiyama Y; Ueda S,MOWEFR,11:35,12:25,ED,2280
6662,EALC-J 101,DRL,CLOSED,,14,0,0,IN_PERSON,Akiyama Y; Ueda S,MOWEFR,12:45,13:35,LI,851
6663,EALC-J 101,DRL,OPEN,,14,1,0,IN_PERSON,Akiyama Y; Ueda S,MOWEFR,13:55,14:45,BH,336
6664,EALC-J 101,DRL,OPEN,,14,3,0,IN_PERSON,Akiyama Y; Ueda S,MOWEFR,15:10,16:00,JH,A107
6665,EALC-J 101,DRL,OPEN,,14,8,0,IN_PERSON,Akiyama Y; Ueda S,MOWEFR,15:10,16:00,PH,012
6667,SPEA-H 352,LEC,OPEN,,40,18,0,IN_PERSON,Renner T,MOWE,12:45,14:00,PV,278
6668,EALC-J 201,LEC,OPEN,,33,1,0,IN_PERSON,Matsubara M,TUTH,11:35,12:25,WI,C111
6669,SPEA-V 379,LEC,CLOSED,,45,0,8,IN_PERSON,Wakhungu P,TUTH,11:10,12:25,WY,125
6670,EALC-J 201,LEC,OPEN,,33,1,0,IN_PERSON,Matsubara M,TUTH,11:35,12:25,WI,C111
6671,CMLT-X 490,LEC,OPEN,,15,15,0,,Emery J,,,,ARR,
6672,CMLT-X 491,LEC,OPEN,,15,15,0,,Emery J,,,,ARR,
6673,MATH-S 211,LEC,CLOSED,,37,0,0,IN_PERSON,Kirk P,MOTUWETHFR,12:45,13:35,LH,008
6674,SPH-F 458,LEC,OPEN,,45,11,0,IN_PERSON,Cooperman E,MOWE,09:35,10:50,GA,1134
6675,ECON-E 115,LEC,CLOSED,,108,0,0,IN_PERSON,Walker T,MOWE,14:20,15:35,TH,A201
6676,ECON-X 398,LEC,OPEN,,15,15,0,,Lugovskyy V,,,,ARR,
6677,BUS-M 407,LEC,CLOSED,,50,0,2,IN_PERSON,Threlkeld J,MOWE,14:20,15:35,HH,2000
6678,ANTH-X 477,LEC,OPEN,,5,5,0,,King S,,,,ARR,
6679,ANTH-X 476,LEC,OPEN,,15,10,0,,Arakawa F,,,,ARR,
6680,ANTH-X 490,LEC,OPEN,,50,49,0,,King S,,,,ARR,
6681,ANTH-X 490,LEC,OPEN,,30,30,0,,King S,,,,ARR,
6682,ANTH-X 490,LEC,OPEN,,30,30,0,,King S,,,,ARR,
6683,ANTH-X 478,LEC,OPEN,,10,10,0,,King S,,,,ARR,
6684,ANTH-A 576,LEC,OPEN,,10,10,0,,Arakawa F,,,,ARR,
6685,INFO-I 430,LEC,OPEN,,135,24,2,IN_PERSON,Zhang H,MOWE,11:35,12:25,BH,110
6686,INFO-I 430,LAB,CLOSED,,25,0,1,IN_PERSON,Zhang H,TH,09:35,10:50,IF,3115
6687,INTL-I 304,LEC,OPEN,BODIES UNDER FIRE-GDR/VLNCE/HR,35,6,0,IN_PERSON,Kousaleos N,TUTH,15:55,17:10,WH,009
6688,INTL-X 390,LEC,OPEN,,10,9,0,,De Groot M,,,,ARR,
6689,MSCH-G 400,LEC,OPEN,,35,35,0,IN_PERSON,Emigh W,TUTH,14:20,15:35,FF,310
6690,SOAD-A 100,LEC,CLOSED,,20,0,3,IN_PERSON,Alunei A,FR,09:10,10:00,FA,145
6691,SOAD-A 100,LEC,CLOSED,,20,0,1,IN_PERSON,Mahabadi H,FR,09:10,10:00,KH,216
6692,SOAD-A 100,LEC,CLOSED,,20,0,1,IN_PERSON,Lian A,FR,09:10,10:00,KH,318
6694,INTL-I 100,DIS,CLOSED,,26,0,0,IN_PERSON,Lima Ribeiro B,FR,10:25,11:15,GA,1122
6695,INTL-I 100,DIS,CLOSED,,27,0,2,IN_PERSON,Lima Ribeiro B,FR,12:45,13:35,BH,145
6696,INTL-I 100,DIS,CLOSED,,27,0,0,IN_PERSON,Lima Ribeiro B,FR,13:55,14:45,SW,217
6697,INTL-I 100,DIS,CLOSED,,22,0,0,IN_PERSON,Xu M,FR,10:25,11:15,GA,0003
6698,BUS-A 310,LEC,CLOSED,,52,0,4,IN_PERSON,Sharpe A,MOWE,19:05,20:20,HH,2050
6699,BUS-K 327,LEC,CLOSED,,34,0,1,IN_PERSON,Serex P,TUTH,12:45,14:00,HH,4057
6700,BUS-P 481,LEC,OPEN,,30,9,0,IN_PERSON,Helm J,MOWE,09:35,10:50,HH,4057
6701,BUS-D 270,LEC,CLOSED,,220,0,6,IN_PERSON,Kolovou T,MOWE,19:05,20:20,HH,2075
6702,BUS-D 312,LEC,CLOSED,,45,0,0,IN_PERSON,Kovacs E,MOWE,12:45,14:00,HH,3057
6703,MSCH-G 901,LEC,OPEN,,25,18,0,,Peifer J,,,,ARR,
6704,EDUC-G 203,LEC,OPEN,,28,4,0,IN_PERSON,Saroya T,TUTH,09:35,10:50,ED,1210
6706,EDUC-G 510,LEC,OPEN,,20,2,0,IN_PERSON,Vaughan E,WE,11:10,13:55,ED,1204
6707,SPH-V 496,LEC,OPEN,,5,5,0,,Rodriguez R,,,,ARR,
6708,CLAS-X 490,LEC,OPEN,,5,5,0,,Bannon C,,,,ARR,
6709,CLAS-X 491,LEC,OPEN,,5,5,0,,Bannon C,,,,ARR,
6710,CLAS-X 492,LEC,OPEN,,5,5,0,,Bannon C,,,,ARR,
6712,NURS-B 334,LEC,OPEN,,60,3,0,IN_PERSON,Hendricks R,MO,13:00,16:00,AH,C1001Y
6713,NURS-B 444,LEC,CLOSED,,60,0,0,IN_PERSON,Decker K,FR,08:00,12:05,AH,C1001X
6714,MSCI-M 550,LEC,OPEN,,25,19,0,IN_PERSON,Carpenter R,TU,10:25,11:15,JH,102
6715,INFO-I 501,LEC,OPEN,,30,17,0,IN_PERSON,Milojevic S,WE,11:35,14:10,M2,100
6716,SPH-T 302,LEC,CLOSED,,50,0,15,IN_PERSON,Howell B,MOWEFR,11:35,12:25,GA,1122
6717,SPH-R 414,LEC,CLOSED,,55,0,2,IN_PERSON,Pickett D,TUTH,09:35,10:50,PH,013
6718,BIOL-X 490,LEC,OPEN,,85,64,0,,Moczek A,,,,ARR,
6719,BIOL-L 112,LEC,OPEN,,294,1,9,IN_PERSON,Chooi Y,TUTH,12:45,14:00,JH,124
6720,ARTH-A 101,LEC,OPEN,,75,2,2,IN_PERSON,Reilly D,MOWE,10:25,11:15,WH,003
6721,ARTH-A 101,DIS,CLOSED,,25,0,0,IN_PERSON,,FR,12:45,13:35,TE,F102
6722,ARTH-A 101,DIS,CLOSED,,25,0,1,IN_PERSON,,FR,10:25,11:15,SB,220
6723,ARTH-A 101,DIS,OPEN,,25,2,1,IN_PERSON,,FR,11:35,12:25,BH,147
6724,ARTH-A 102,LEC,CLOSED,,75,0,0,IN_PERSON,Domene-Danes M,MOWE,10:25,11:15,BH,104
6727,SOAD-A 101,LEC,CLOSED,,18,0,2,IN_PERSON,Koch A,MOWE,09:10,11:55,FA,174
6728,SOAD-A 101,LEC,CLOSED,,18,0,2,IN_PERSON,Fleming C,MOWE,12:45,15:30,FA,174
6729,EDUC-A 515,LEC,OPEN,,18,4,0,,Finley C,,,,WB,WEB
6730,GEOG-X 473,LEC,OPEN,,5,5,0,,Ficklin D; Loyal T,,,,ARR,
6731,BUS-K 353,LEC,CLOSED,,45,0,0,IN_PERSON,Xie T,MOWE,09:35,10:50,HH,4059
6732,GEOG-X 490,LEC,OPEN,,6,4,0,,Ficklin D; Loyal T,,,,ARR,
6733,BUS-K 353,LEC,CLOSED,,45,0,2,IN_PERSON,Xie T,MOWE,14:20,15:35,HH,4059
6734,SOAD-A 101,LEC,CLOSED,,18,0,3,IN_PERSON,Pines B,MOWE,15:55,18:40,FA,174
6735,SOAD-A 101,LEC,CLOSED,,18,0,0,IN_PERSON,Sukay A,TUTH,08:00,10:45,FA,174
6736,SOAD-A 101,LEC,CLOSED,,18,0,3,IN_PERSON,Smith M,TUTH,11:10,13:55,FA,174
6737,SOAD-A 101,LEC,CLOSED,,18,0,3,IN_PERSON,Smith M,TUTH,14:20,17:05,FA,174
6738,SOAD-A 101,LEC,CLOSED,,18,0,1,IN_PERSON,Millard L,TUTH,17:30,20:15,FA,174
6739,EDUC-X 156,LEC,OPEN,,18,1,0,IN_PERSON,Koke A; Miao D,WE,15:10,17:10,CU,304
6740,EDUC-X 156,LEC,OPEN,,18,14,0,IN_PERSON,Koke A; Miao D,WE,15:10,17:10,CU,304
6741,EDUC-X 156,LEC,OPEN,,18,13,0,IN_PERSON,Koke A; Burk J,MO,15:10,17:10,CU,304
6742,ARTH-X 491,LEC,OPEN,,10,9,0,,Knox G,,,,ARR,
6743,ARTH-G 901,LEC,OPEN,,10,6,0,,Saletnik J,,,,ARR,
6745,INFO-I 390,LEC,OPEN,,25,25,0,,Ensmenger N,,,,ARR,
6746,BUS-T 375,LEC,CLOSED,,40,0,19,,Kutza D,,,,WB,WEB
6747,INTL-I 100,DIS,CLOSED,,22,0,0,IN_PERSON,Xu M,FR,11:35,12:25,TE,F106
6748,INTL-I 100,DIS,CLOSED,,22,0,0,IN_PERSON,Xu M,FR,13:55,14:45,RE,C110
6749,BUS-T 375,LEC,CLOSED,,40,0,20,,Kutza D,,,,WB,WEB
6750,BUS-T 375,LEC,CLOSED,,40,0,19,,Kutza D,,,,WB,WEB
6751,BUS-T 375,LEC,CLOSED,,40,0,19,,Kutza D,,,,WB,WEB
6752,BUS-T 375,LEC,CLOSED,,40,0,18,,Kutza D,,,,WB,WEB
6753,BIOL-L 307,LEC,CLOSED,,24,0,7,IN_PERSON,Mojonnier L,MO,13:00,17:00,HD,TBA
6754,BUS-T 375,LEC,CLOSED,,40,0,17,,Kutza D,,,,WB,WEB
6755,BUS-T 375,LEC,CLOSED,,40,0,18,,Kutza D,,,,WB,WEB
6756,BUS-T 375,LEC,CLOSED,,40,0,19,,Kutza D,,,,WB,WEB
6757,BUS-T 375,LEC,CLOSED,,40,0,18,,McNellen B,,,,WB,WEB
6758,BIOL-X 371,LEC,OPEN,,50,20,0,,Whitworth K,,,,ARR,
6759,BUS-T 375,LEC,CLOSED,,40,0,18,,McNellen B,,,,WB,WEB
6760,BUS-T 375,LEC,CLOSED,,40,0,16,,McNellen B,,,,WB,WEB
6761,BUS-T 375,LEC,CLOSED,,40,0,19,,McNellen B,,,,WB,WEB
6762,BUS-T 375,LEC,CLOSED,,40,0,19,,McNellen B,,,,WB,WEB
6763,BUS-T 375,LEC,CLOSED,,40,0,18,,McNellen B,,,,WB,WEB
6764,BUS-T 375,LEC,CLOSED,,40,0,18,,McNellen B,,,,WB,WEB
6765,BUS-T 375,LEC,CLOSED,,40,0,18,,McNellen B,,,,WB,WEB
6766,BUS-T 375,LEC,CLOSED,,40,0,19,,McNellen B,,,,WB,WEB
6767,BUS-T 375,LEC,CLOSED,,40,0,28,,Dutton E,,,,WB,WEB
6768,BUS-T 375,LEC,CLOSED,,40,0,32,,Dutton E,,,,WB,WEB
6769,BUS-T 375,LEC,CLOSED,,40,0,19,,Walton C,,,,WB,WEB
6770,BUS-T 375,LEC,CLOSED,,40,0,20,,Evans N,,,,WB,WEB
6771,BUS-T 375,LEC,CLOSED,,40,0,19,,Walton C,,,,WB,WEB
6772,BUS-T 375,LEC,CLOSED,,40,0,28,,Dutton E,,,,WB,WEB
6773,BUS-T 375,LEC,CLOSED,,40,0,18,,Landis R,,,,WB,WEB
6774,INFO-I 500,LEC,OPEN,,10,10,0,IN_PERSON,Qaaidi S,TUTH,19:05,20:20,IF,1106
6776,GER-E 122,LEC,CLOSED,,60,0,8,IN_PERSON,Even S; Spafford A,TUTH,12:45,14:00,GA,1122
6780,FOLK-X 476,LEC,OPEN,,5,5,0,,Shukla P,,,,ARR,
6781,SPEA-H 267,LEC,OPEN,,45,3,0,IN_PERSON,Schepers J,TUTH,08:25,09:15,PV,272
6782,SPEA-V 252,LEC,OPEN,,45,3,0,IN_PERSON,Schepers J,TUTH,08:25,09:15,PV,272
6783,SPEA-H 324,LEC,OPEN,,63,1,0,IN_PERSON,McGuire C,MOWE,11:10,12:25,PV,277
6784,SPEA-V 252,LEC,CLOSED,,45,0,7,IN_PERSON,Gregoire D,TUTH,17:30,18:20,PV,A335
6785,SPEA-H 267,LEC,CLOSED,,45,0,1,IN_PERSON,Gregoire D,TUTH,17:30,18:20,PV,A335
6786,MUS-Z 120,LEC,CLOSED,,40,0,0,IN_PERSON,Lindsay E,TUTH,12:45,14:00,WB,WEB
6787,SPH-T 203,LEC,CLOSED,,50,0,23,IN_PERSON,Brown K,MO,17:30,20:00,GA,1118
6788,HON-X 298,LEC,OPEN,HONORS INDEPENDENT RESEARCH,5,5,0,,Venkataraman R,,,,ARR,
6789,CSCI-B 363,LEC,OPEN,,60,29,0,IN_PERSON,Tao C,MOWE,12:45,14:00,GA,1106
6790,CSCI-B 363,LAB,OPEN,,25,14,0,IN_PERSON,Tao C,FR,09:45,11:00,TV,186
6791,CSCI-B 365,LEC,OPEN,,100,20,0,IN_PERSON,Lu G,MOWE,14:20,15:35,LU,1001
6792,BUS-F 419,LEC,OPEN,,40,13,0,IN_PERSON,Trzcinka C,MOWE,09:35,10:50,HH,3000
6793,SLAV-C 101,LEC,OPEN,,16,10,0,IN_PERSON,Holdeman J,MOTUWETH,13:55,14:45,WB,WEB
6794,AAAD-A 113,LEC,OPEN,,22,10,0,IN_PERSON,Wilson L,MO,19:05,20:20,FR,C230
6795,AAAD-A 337,LEC,OPEN,,40,34,0,IN_PERSON,Strong Jr J,TUTH,16:20,18:20,TH,A111
6796,AAAD-A 339,LEC,OPEN,,40,33,0,IN_PERSON,Wise R,MOWE,15:10,16:40,HD,TBA
6797,ENG-L 799,LEC,OPEN,,125,125,0,,Kreilkamp I,,,,ARR,
6798,MUS-S 830,LEC,CLOSED,,1,0,0,,Vamos B,,,,ARR,
6799,SLAV-C 501,LEC,OPEN,,16,10,0,IN_PERSON,Holdeman J,MOTUWETH,13:55,14:45,WB,WEB
6800,MUS-H 900,LEC,OPEN,,18,13,0,,Szmyt E,,,,ARR,
6801,ENG-X 471,LEC,OPEN,,15,14,0,,Brown J,,,,ARR,
6802,NURS-B 444,CLN,CLOSED,,10,0,0,IN_PERSON,Olson A,TU,06:45,19:15,HD,TBA
6803,NURS-B 444,CLN,CLOSED,,10,0,0,IN_PERSON,Decker K,TU,07:00,21:00,HD,TBA
6804,NURS-B 444,CLN,CLOSED,,10,0,0,IN_PERSON,Smith D,TH,06:45,19:30,HD,TBA
6805,NURS-B 334,CLN,OPEN,,10,1,0,IN_PERSON,Olson A,FR,06:45,19:00,HD,TBA
6806,NURS-B 334,CLN,CLOSED,,10,0,0,IN_PERSON,Hendricks R,TH,06:45,19:00,HD,TBA
6807,NURS-B 334,CLN,OPEN,,10,1,0,IN_PERSON,Arce B,TU,06:45,19:00,HD,TBA
6808,FOLK-X 490,LEC,OPEN,,3,3,0,,Shukla P,,,,ARR,
6809,PHIL-X 490,LEC,OPEN,,20,20,0,,Ebbs G,,,,ARR,
6810,PHIL-X 490,LEC,OPEN,,10,9,0,,Ebbs G,,,,ARR,
6811,THTR-X 490,LEC,OPEN,,15,15,0,,Valentine A,,,,ARR,
6812,AAAD-X 490,LEC,CLOSED,RDGS IN AFRO AM SECULAR MUSIC,1,0,0,,Williams J,,,,ARR,
6813,AAAD-X 490,LEC,OPEN,RDGS IN AFRO AM FICTION,1,1,0,,Williams J,,,,ARR,
6814,AAAD-X 490,LEC,OPEN,RDGS IN AFRO AM NON-FICTION,1,1,0,,Williams J,,,,ARR,
6815,AAAD-X 490,LEC,OPEN,RDGS IN AFRO AM SOCIAL ISSUES,1,1,0,,Williams J,,,,ARR,
6816,AAAD-X 490,LEC,OPEN,RDGS IN AFRO AM THTR & DRAMA,1,1,0,,Williams J,,,,ARR,
6817,AAAD-X 490,LEC,OPEN,RDGS IN AFRO AM HISTORY,1,1,0,,Williams J,,,,ARR,
6818,AAAD-X 490,LEC,OPEN,RDGS IN AFRO AM FOLKLORE,1,1,0,,Williams J,,,,ARR,
6819,AAAD-X 490,LEC,OPEN,RDGS IN AFRO AM SACRED MUSIC,1,1,0,,Williams J,,,,ARR,
6820,AAAD-X 490,LEC,OPEN,RDGS IN AFRO AM POETRY,1,1,0,,Williams J,,,,ARR,
6821,ARTH-A 779,LEC,OPEN,,5,5,0,,Saletnik J,,,,ARR,
6822,SLAV-X 490,LEC,OPEN,,5,5,0,,Valentino R,,,,ARR,
6823,REL-X 498,LEC,OPEN,,10,9,0,,Imhoff S,,,,ARR,
6824,ENG-X 473,LEC,OPEN,,15,9,0,,Brown J,,,,ARR,
6825,ANTH-A 595,LEC,OPEN,,30,26,0,,King S,,,,ARR,
6826,PHYS-X 498,LEC,OPEN,,10,8,0,,Messier M,,,,ARR,
6827,PHYS-X 490,LEC,OPEN,,10,10,0,,Messier M,,,,ARR,
6828,ANTH-A 595,LEC,OPEN,,30,30,0,,King S,,,,ARR,
6829,ANTH-A 595,LEC,OPEN,,30,30,0,,King S,,,,ARR,
6830,ARTH-A 400,LEC,CLOSED,ART AND HISTORY OF ART HISTORY,10,0,0,IN_PERSON,Gleisser F,TUTH,14:20,15:35,WH,006
6831,ENG-X 373,LEC,OPEN,,15,15,0,,Brown J,,,,ARR,
6832,ENG-X 490,LEC,OPEN,,15,13,0,,Brown J,,,,ARR,
6833,CHEM-X 399,LEC,OPEN,,50,40,0,,Williams D,,,,ARR,
6834,CHEM-X 373,LEC,OPEN,,10,10,0,,Oakley M,,,,ARR,
6835,IMP-X 473,LEC,OPEN,,25,25,0,,Ranard M,,,,ARR,
6836,IMP-X 490,LEC,OPEN,,50,48,0,,Ranard M,,,,ARR,
6837,BUS-F 420,LEC,CLOSED,,45,0,1,IN_PERSON,Woeppel M,TUTH,11:10,12:25,HH,2049
6838,POLS-X 477,LEC,OPEN,,17,17,0,,Dalecki J,,,,ARR,
6839,FOLK-X 477,LEC,OPEN,,1,1,0,,Shukla P,,,,ARR,
6840,PHIL-X 473,LEC,OPEN,,3,3,0,,Ebbs G,,,,ARR,
6841,OPT-V 655,LEC,OPEN,,96,7,0,IN_PERSON,Peabody T; Pence N,FR,09:00,09:50,OP,111
6842,GEOG-X 490,LEC,OPEN,,6,6,0,,Ficklin D; Loyal T,,,,ARR,
6843,GEOG-X 490,LEC,OPEN,,3,3,0,,Ficklin D; Loyal T,,,,ARR,
6844,MSCH-A 441,LEC,CLOSED,,30,0,0,IN_PERSON,Khan T,TUTH,14:20,15:35,FF,210
6846,SOC-X 477,LEC,OPEN,,20,20,0,,Headworth S,,,,ARR,
6847,SOC-X 490,LEC,OPEN,,10,10,0,,Headworth S,,,,ARR,
6849,PSY-P 426,LEC,CLOSED,,20,0,0,IN_PERSON,Newman E,MOWE,09:35,10:50,PY,286
6850,PHYS-H 221,LAB,OPEN,,48,24,0,,Palatchi C,,,,ARR,
6851,PHYS-H 221,DIS,OPEN,,48,24,0,IN_PERSON,Palatchi C,TUTH,10:25,11:15,SW,208
6852,PHYS-H 221,LEC,OPEN,,48,24,0,IN_PERSON,Palatchi C,MOWEFR,13:55,14:45,SW,208
6853,PSY-X 397,LEC,OPEN,,20,20,0,,Alberts J,,,,ARR,
6854,PSY-X 397,LEC,OPEN,,20,20,0,,Bates J,,,,ARR,
6855,PSY-X 397,LEC,OPEN,,20,20,0,,Bertenthal B,,,,ARR,
6856,PSY-X 397,LEC,OPEN,,20,20,0,,Bingham G,,,,ARR,
6857,PSY-X 397,LEC,OPEN,,20,20,0,,Bradshaw H,,,,ARR,
6858,PSY-X 397,LEC,OPEN,,20,20,0,,Brown J,,,,ARR,
6859,PSY-X 397,LEC,OPEN,,20,20,0,,Busemeyer J,,,,ARR,
6860,PSY-X 397,LEC,OPEN,,20,20,0,,Busey T,,,,ARR,
6861,PSY-X 397,LEC,OPEN,,20,20,0,,Crystal J,,,,ARR,
6862,PSY-X 397,LEC,OPEN,,20,18,0,,D'Onofrio B,,,,ARR,
6863,PSY-X 397,LEC,OPEN,,20,19,0,,Farley J,,,,ARR,
6864,PSY-X 397,LEC,OPEN,,20,20,0,,Finn D,,,,ARR,
6865,PSY-X 397,LEC,OPEN,,20,20,0,,Garraghty P,,,,ARR,
6866,PSY-X 397,LEC,OPEN,,20,20,0,,Gold J,,,,ARR,
6867,PSY-X 397,LEC,OPEN,,20,19,0,,Goldstone R,,,,ARR,
6868,PSY-X 397,LEC,OPEN,,20,20,0,,Hetrick W,,,,ARR,
6869,PSY-X 397,LEC,OPEN,,20,18,0,,Hirt E,,,,ARR,
6870,PSY-X 397,LEC,OPEN,,20,20,0,,Hohmann A,,,,ARR,
6871,PSY-X 397,LEC,OPEN,,20,20,0,,Holtzworth-Munroe A,,,,ARR,
6872,PSY-X 397,LEC,OPEN,,20,20,0,,James K,,,,ARR,
6873,PSY-X 397,LEC,OPEN,,20,20,0,,James T,,,,ARR,
6874,PSY-X 397,LEC,OPEN,,20,20,0,,Jones M,,,,ARR,
6875,PSY-X 397,LEC,OPEN,,20,20,0,,Kennedy D,,,,ARR,
6876,PSY-X 397,LEC,OPEN,,20,20,0,,Krendl A,,,,ARR,
6877,PSY-X 397,LEC,OPEN,,20,20,0,,Lai C,,,,ARR,
6878,PSY-X 397,LEC,OPEN,,20,20,0,,Lu H,,,,ARR,
6879,PSY-X 397,LEC,OPEN,,20,20,0,,Mackie K,,,,ARR,
6880,PSY-X 397,LEC,OPEN,,20,20,0,,Murphy M,,,,ARR,
6881,PSY-X 397,LEC,OPEN,,20,20,0,,Newman E,,,,ARR,
6882,BUS-L 201,LEC,CLOSED,,150,0,13,IN_PERSON,Holden J,TUTH,14:20,15:35,HH,1006
6883,PSY-X 397,LEC,OPEN,,20,20,0,,Nosofsky R,,,,ARR,
6884,PSY-X 397,LEC,OPEN,,20,20,0,,Pisoni D,,,,ARR,
6885,PSY-X 397,LEC,OPEN,,20,20,0,,Prieto A,,,,ARR,
6886,PSY-X 397,LEC,OPEN,,20,20,0,,Puce A,,,,ARR,
6887,PSY-X 397,LEC,OPEN,,20,19,0,,Rydell R,,,,ARR,
6888,PSY-X 397,LEC,OPEN,,20,20,0,,Sengelaub D,,,,ARR,
6889,PSY-X 397,LEC,OPEN,,20,20,0,,Shiffrin R,,,,ARR,
6890,PSY-X 397,LEC,OPEN,,20,20,0,,Smith L,,,,ARR,
6891,PSY-X 397,LEC,OPEN,,20,20,0,,Sporns O,,,,ARR,
6892,PSY-X 397,LEC,OPEN,,20,20,0,,Todd P,,,,ARR,
6893,PSY-X 397,LEC,OPEN,,20,20,0,,Viken R,,,,ARR,
6894,MSCH-B 332,LEC,CLOSED,,18,0,0,IN_PERSON,Wells M,MOWE,14:20,15:35,FF,058
6895,MUS-M 604,LEC,OPEN,,10,7,0,,Saltzstein J,,,,ARR,
6896,PSY-X 397,LEC,OPEN,,20,20,0,,Wellman C,,,,ARR,
6897,PSY-X 397,LEC,OPEN,,20,20,0,,Yu C,,,,ARR,
6898,MUS-M 410,LEC,OPEN,MUSIC AND DIGITAL COPYRIGHT,20,7,0,IN_PERSON,Blackmar M,MOWE,09:35,10:50,SM,344
6899,PSY-X 398,LEC,OPEN,,20,20,0,,Alberts J,,,,ARR,
6900,PSY-X 398,LEC,OPEN,,20,20,0,,Bates J,,,,ARR,
6901,PSY-X 398,LEC,OPEN,,20,20,0,,Bertenthal B,,,,ARR,
6902,PSY-X 398,LEC,OPEN,,20,20,0,,Bingham G,,,,ARR,
6903,PSY-X 398,LEC,OPEN,,20,20,0,,Bradshaw H,,,,ARR,
6904,PSY-X 398,LEC,OPEN,,20,20,0,,Brown J,,,,ARR,
6905,PSY-X 398,LEC,OPEN,,20,20,0,,Busemeyer J,,,,ARR,
6906,GER-X 490,LEC,OPEN,,5,5,0,,Langjahr N,,,,ARR,
6907,PSY-X 398,LEC,OPEN,,20,20,0,,Busey T,,,,ARR,
6908,PSY-X 398,LEC,OPEN,,20,19,0,,Crystal J,,,,ARR,
6909,PSY-X 398,LEC,OPEN,,20,17,0,,D'Onofrio B,,,,ARR,
6910,PSY-X 398,LEC,OPEN,,20,20,0,,Farley J,,,,ARR,
6911,PSY-X 398,LEC,OPEN,,20,20,0,,Finn D,,,,ARR,
6912,PSY-X 398,LEC,OPEN,,20,20,0,,Garraghty P,,,,ARR,
6913,PSY-X 398,LEC,OPEN,,20,20,0,,Gold J,,,,ARR,
6914,PSY-X 398,LEC,OPEN,,20,20,0,,Goldstone R,,,,ARR,
6915,PSY-X 398,LEC,OPEN,,20,20,0,,Hetrick W,,,,ARR,
6916,PSY-X 398,LEC,OPEN,,20,19,0,,Hirt E,,,,ARR,
6917,PSY-X 398,LEC,OPEN,,20,20,0,,Hohmann A,,,,ARR,
6918,PSY-X 398,LEC,OPEN,,20,20,0,,Holtzworth-Munroe A,,,,ARR,
6919,PSY-X 398,LEC,OPEN,,20,20,0,,James K,,,,ARR,
6920,BUS-A 324,LEC,CLOSED,,52,0,8,IN_PERSON,Ruiz C,MOWE,08:00,09:15,HH,1030
6921,PSY-X 398,LEC,OPEN,,20,20,0,,James T,,,,ARR,
6922,PSY-X 398,LEC,OPEN,,20,20,0,,Jones M,,,,ARR,
6923,PSY-X 398,LEC,OPEN,,20,20,0,,Kennedy D,,,,ARR,
6924,PSY-X 398,LEC,OPEN,,20,20,0,,Krendl A,,,,ARR,
6925,BUS-A 324,LEC,CLOSED,,52,0,23,IN_PERSON,Lunsford T,MOWE,15:55,17:10,HH,3034
6926,PSY-X 398,LEC,OPEN,,20,20,0,,Lai C,,,,ARR,
6927,PSY-X 398,LEC,OPEN,,20,20,0,,Lu H,,,,ARR,
6928,PSY-X 398,LEC,OPEN,,20,19,0,,Mackie K,,,,ARR,
6929,PSY-X 398,LEC,OPEN,,20,20,0,,Murphy M,,,,ARR,
6930,PSY-X 398,LEC,OPEN,,20,19,0,,Newman E,,,,ARR,
6931,PSY-X 398,LEC,OPEN,,20,20,0,,Nosofsky R,,,,ARR,
6932,PSY-X 398,LEC,OPEN,,20,20,0,,Pisoni D,,,,ARR,
6933,PSY-X 398,LEC,OPEN,,20,20,0,,Prieto A,,,,ARR,
6934,PSY-X 398,LEC,OPEN,,20,20,0,,Puce A,,,,ARR,
6935,PSY-X 398,LEC,OPEN,,20,20,0,,Rydell R,,,,ARR,
6936,PSY-X 398,LEC,OPEN,,20,20,0,,Sengelaub D,,,,ARR,
6937,PSY-X 398,LEC,OPEN,,20,20,0,,Shiffrin R,,,,ARR,
6938,PSY-X 398,LEC,OPEN,,20,19,0,,Smith L,,,,ARR,
6939,PSY-X 398,LEC,OPEN,,20,20,0,,Sporns O,,,,ARR,
6940,PSY-X 398,LEC,OPEN,,20,20,0,,Todd P,,,,ARR,
6941,PSY-X 398,LEC,OPEN,,20,20,0,,Viken R,,,,ARR,
6942,PSY-X 398,LEC,OPEN,,20,20,0,,Wellman C,,,,ARR,
6943,SOAD-S 411,LEC,OPEN,,18,6,0,IN_PERSON,Emin H,MOWE,15:55,18:40,WY,101
6944,PSY-X 497,LEC,OPEN,,20,20,0,,Alberts J,,,,ARR,
6945,PSY-X 497,LEC,OPEN,,20,20,0,,Bates J,,,,ARR,
6946,PSY-X 497,LEC,OPEN,,20,20,0,,Bertenthal B,,,,ARR,
6947,PSY-X 497,LEC,OPEN,,20,20,0,,Bingham G,,,,ARR,
6948,PSY-X 497,LEC,OPEN,,20,20,0,,Bradshaw H,,,,ARR,
6949,PSY-X 497,LEC,OPEN,,20,20,0,,Brown J,,,,ARR,
6950,PSY-X 497,LEC,OPEN,,20,20,0,,Busemeyer J,,,,ARR,
6951,PSY-X 497,LEC,OPEN,,20,20,0,,Busey T,,,,ARR,
6952,PSY-X 497,LEC,OPEN,,20,20,0,,Crystal J,,,,ARR,
6953,PSY-X 497,LEC,OPEN,,20,20,0,,D'Onofrio B,,,,ARR,
6954,PSY-X 497,LEC,OPEN,,20,20,0,,Farley J,,,,ARR,
6955,PSY-X 497,LEC,OPEN,,20,20,0,,Finn D,,,,ARR,
6956,PSY-X 497,LEC,OPEN,,20,20,0,,Garraghty P,,,,ARR,
6957,PSY-X 497,LEC,OPEN,,20,20,0,,Gold J,,,,ARR,
6958,PSY-X 497,LEC,OPEN,,20,20,0,,Goldstone R,,,,ARR,
6959,PSY-X 497,LEC,OPEN,,20,20,0,,Hetrick W,,,,ARR,
6960,PSY-X 497,LEC,OPEN,,20,20,0,,Hirt E,,,,ARR,
6961,PSY-X 497,LEC,OPEN,,20,20,0,,Hohmann A,,,,ARR,
6962,PSY-X 497,LEC,OPEN,,20,20,0,,Holtzworth-Munroe A,,,,ARR,
6963,PSY-X 497,LEC,OPEN,,20,20,0,,James K,,,,ARR,
6964,PSY-X 497,LEC,OPEN,,20,20,0,,James T,,,,ARR,
6965,PSY-X 497,LEC,OPEN,,20,20,0,,Jones M,,,,ARR,
6966,PSY-X 497,LEC,OPEN,,20,20,0,,Kennedy D,,,,ARR,
6967,PSY-X 497,LEC,OPEN,,20,20,0,,Krendl A,,,,ARR,
6968,PSY-X 497,LEC,OPEN,,20,20,0,,Lai C,,,,ARR,
6969,PSY-X 497,LEC,OPEN,,20,20,0,,Lu H,,,,ARR,
6970,PSY-X 497,LEC,OPEN,,20,20,0,,Mackie K,,,,ARR,
6971,PSY-X 497,LEC,OPEN,,20,20,0,,Murphy M,,,,ARR,
6972,PSY-X 497,LEC,OPEN,,20,20,0,,Newman E,,,,ARR,
6973,PSY-X 497,LEC,OPEN,,20,20,0,,Nosofsky R,,,,ARR,
6974,PSY-X 497,LEC,OPEN,,20,20,0,,Pisoni D,,,,ARR,
6975,PSY-X 497,LEC,OPEN,,20,19,0,,Prieto A,,,,ARR,
6976,PSY-X 497,LEC,OPEN,,20,20,0,,Puce A,,,,ARR,
6977,EDUC-G 625,LEC,OPEN,,20,18,0,,Wong J,,,,ARR,
6978,PSY-X 497,LEC,OPEN,,20,20,0,,Rydell R,,,,ARR,
6979,PSY-X 497,LEC,OPEN,,20,20,0,,Sengelaub D,,,,ARR,
6980,PSY-X 497,LEC,OPEN,,20,20,0,,Shiffrin R,,,,ARR,
6981,PSY-X 497,LEC,OPEN,,20,20,0,,Smith L,,,,ARR,
6982,PSY-X 497,LEC,OPEN,,20,20,0,,Sporns O,,,,ARR,
6983,PSY-X 497,LEC,OPEN,,20,20,0,,Todd P,,,,ARR,
6984,PSY-X 497,LEC,OPEN,,20,20,0,,Viken R,,,,ARR,
6985,PSY-X 497,LEC,OPEN,,20,20,0,,Wellman C,,,,ARR,
6986,PSY-X 498,LEC,OPEN,,20,20,0,,Alberts J,,,,ARR,
6987,PSY-X 498,LEC,OPEN,,20,20,0,,Bates J,,,,ARR,
6988,PSY-X 498,LEC,OPEN,,20,20,0,,Bertenthal B,,,,ARR,
6989,PSY-X 498,LEC,OPEN,,20,20,0,,Bingham G,,,,ARR,
6990,PSY-X 498,LEC,OPEN,,20,18,0,,Bradshaw H,,,,ARR,
6991,PSY-X 498,LEC,OPEN,,20,20,0,,Brown J,,,,ARR,
6992,PSY-X 498,LEC,OPEN,,20,20,0,,Busemeyer J,,,,ARR,
6993,PSY-X 498,LEC,OPEN,,20,20,0,,Busey T,,,,ARR,
6994,PSY-X 498,LEC,OPEN,,20,20,0,,Crystal J,,,,ARR,
6995,PSY-X 498,LEC,OPEN,,20,20,0,,D'Onofrio B,,,,ARR,
6996,PSY-X 498,LEC,OPEN,,20,20,0,,Farley J,,,,ARR,
6997,PSY-X 498,LEC,OPEN,,20,20,0,,Finn D,,,,ARR,
6998,PSY-X 498,LEC,OPEN,,20,20,0,,Garraghty P,,,,ARR,
6999,PSY-X 498,LEC,OPEN,,20,20,0,,Gold J,,,,ARR,
7000,PSY-X 498,LEC,OPEN,,20,20,0,,Goldstone R,,,,ARR,
7001,PSY-X 498,LEC,OPEN,,20,20,0,,Hetrick W,,,,ARR,
7002,PSY-X 498,LEC,OPEN,,20,20,0,,Hirt E,,,,ARR,
7003,PSY-X 498,LEC,OPEN,,20,20,0,,Hohmann A,,,,ARR,
7004,PSY-X 498,LEC,OPEN,,20,20,0,,Holtzworth-Munroe A,,,,ARR,
7005,PSY-X 498,LEC,OPEN,,20,20,0,,James K,,,,ARR,
7006,PSY-X 498,LEC,OPEN,,20,20,0,,James T,,,,ARR,
7007,PSY-X 498,LEC,OPEN,,20,20,0,,Jones M,,,,ARR,
7008,PSY-X 498,LEC,OPEN,,20,20,0,,Kennedy D,,,,ARR,
7009,PSY-X 498,LEC,OPEN,,20,20,0,,Krendl A,,,,ARR,
7010,PSY-X 498,LEC,OPEN,,20,20,0,,Lai C,,,,ARR,
7011,PSY-X 498,LEC,OPEN,,20,20,0,,Lu H,,,,ARR,
7012,PSY-X 498,LEC,OPEN,,20,17,0,,Mackie K,,,,ARR,
7013,CSCI-C 200,LEC,OPEN,,193,42,1,IN_PERSON,Hmeljak M,TUTH,14:20,15:35,MO,007
7014,CSCI-C 200,LAB,OPEN,,22,6,0,IN_PERSON,Dalkilic M,FR,11:35,13:30,SB,230
7015,CSCI-C 200,LAB,CLOSED,,20,0,1,IN_PERSON,Dalkilic M,FR,09:10,11:05,IF,1019
7016,CSCI-C 200,LAB,OPEN,,23,9,0,IN_PERSON,Dalkilic M,FR,13:55,15:50,IF,1019
7017,PSY-X 498,LEC,OPEN,,20,20,0,,Murphy M,,,,ARR,
7018,PSY-X 498,LEC,OPEN,,20,20,0,,Newman E,,,,ARR,
7019,PSY-X 498,LEC,OPEN,,20,20,0,,Nosofsky R,,,,ARR,
7020,PSY-X 498,LEC,OPEN,,20,20,0,,Pisoni D,,,,ARR,
7021,PSY-X 498,LEC,OPEN,,20,19,0,,Prieto A,,,,ARR,
7022,PSY-X 498,LEC,OPEN,,20,20,0,,Puce A,,,,ARR,
7023,PSY-X 498,LEC,OPEN,,20,20,0,,Rydell R,,,,ARR,
7024,PSY-X 498,LEC,OPEN,,20,20,0,,Sengelaub D,,,,ARR,
7025,PSY-X 498,LEC,OPEN,,20,20,0,,Shiffrin R,,,,ARR,
7026,PSY-X 498,LEC,OPEN,,20,20,0,,Smith L,,,,ARR,
7027,PSY-X 498,LEC,OPEN,,20,20,0,,Sporns O,,,,ARR,
7028,PSY-X 498,LEC,OPEN,,20,20,0,,Todd P,,,,ARR,
7029,PSY-X 498,LEC,OPEN,,20,20,0,,Viken R,,,,ARR,
7030,PSY-X 498,LEC,OPEN,,20,20,0,,Wellman C,,,,ARR,
7031,SPEA-E 556,LEC,CLOSED,,30,0,0,IN_PERSON,Powers S,TUTH,09:35,10:50,PV,272
7032,SPEA-E 556,LAB,CLOSED,,15,0,0,IN_PERSON,Powers S,FR,08:00,12:00,PV,272
7034,SPEA-E 556,LAB,CLOSED,,15,0,0,IN_PERSON,Powers S,FR,13:00,17:00,PV,272
7035,CJUS-X 477,LEC,OPEN,,40,13,0,,Block M,,,,ARR,
7036,CJUS-X 490,LEC,OPEN,,15,15,0,,Henry T,,,,ARR,
7037,CJUS-X 498,LEC,OPEN,,5,5,0,,Henry T,,,,ARR,
7038,MATH-G 901,LEC,OPEN,,5,5,0,,Moss L,,,,ARR,
7039,MATH-G 901,LEC,OPEN,,5,4,0,,Pilgrim K,,,,ARR,
7040,MATH-G 901,LEC,OPEN,,5,4,0,,Sternberg P,,,,ARR,
7042,MUS-F 650,LEC,OPEN,,10,4,0,IN_PERSON,Warren J,WE,16:20,18:20,JS,315
7043,BUS-S 375,LEC,CLOSED,,32,0,0,IN_PERSON,Emmons T,TH,15:55,18:25,CG,0030
7044,ENGR-E 101,LEC,OPEN,,60,9,0,IN_PERSON,Loveless M,MO,13:55,14:45,GY,1050
7045,ENGR-E 101,LAB,OPEN,,30,8,0,IN_PERSON,Loveless M,TUTH,09:35,10:50,IF,4010
7046,EDUC-M 424,LEC,OPEN,,10,10,0,,Stachowski L,,,,ARR,
7047,POLS-X 490,LEC,OPEN,,15,15,0,,Dalecki J,,,,ARR,
7048,THTR-T 350,LEC,CLOSED,,14,0,0,IN_PERSON,Dumm S,MOWE,09:35,10:50,AD,A151
7049,BUS-A 312,LEC,CLOSED,,52,0,35,IN_PERSON,Moore A,TUTH,11:10,12:25,CG,2061
7050,BUS-M 346,LEC,CLOSED,,35,0,7,IN_PERSON,Zhang W,MOWE,09:35,10:50,HH,1038
7051,AAAD-X 490,LEC,OPEN,RDGS IN AFRO-AM FILM STUDIES,1,1,0,,Williams J,,,,ARR,
7052,CSCI-P 423,LEC,OPEN,,15,10,0,IN_PERSON,Siek J,TUTH,14:20,15:35,I,107
7053,CSCI-P 523,LEC,OPEN,,8,4,0,IN_PERSON,Siek J,TUTH,14:20,15:35,I,107
7054,EDUC-L 600,LEC,OPEN,,15,8,0,,Daley S,,,,WB,WEB
7055,OVST-F 498,LEC,OPEN,,20,19,0,,Carty S,,,,ARR,
7056,CEUS-T 798,LEC,OPEN,POST ADV LANG STUDY-HUNGARIAN,4,2,0,,Varga V,,,,ARR,
7057,SWK-S 141,LEC,CLOSED,,30,0,0,IN_PERSON,Guthrie S,TUTH,11:10,12:25,AC,C102
7060,OVST-C 497,LEC,OPEN,,25,25,0,,Carty S,,,,ARR,
7061,SOAD-A 100,LEC,CLOSED,,20,0,3,IN_PERSON,Alunei A,FR,10:25,11:15,FA,145
7062,SOAD-A 100,LEC,CLOSED,,20,0,1,IN_PERSON,Mahabadi H,FR,10:25,11:15,KH,216
7063,GNDR-G 499,LEC,OPEN,,2,2,0,,Maher J,,,,ARR,
7064,BUS-C 106,LEC,CLOSED,,30,0,0,IN_PERSON,Wisher D,MOWE,11:10,12:25,HH,4075
7065,BIOL-X 473,LEC,OPEN,,25,24,0,,Schlegel W,,,,ARR,
7066,BUS-C 204,LEC,CLOSED,,24,0,3,IN_PERSON,Chance B,TUTH,12:45,14:00,HH,3050
7067,BUS-C 204,LEC,CLOSED,,24,0,1,IN_PERSON,Chance B,TUTH,15:55,17:10,HH,3050
7068,INFO-I 520,LEC,CLOSED,,20,0,3,ONLINE,Huang Y,,,,OL,ONLINE
7069,SPH-F 150,LEC,OPEN,,50,4,0,IN_PERSON,Lawson T,TUTH,16:20,18:50,GA,1106
7070,MSCH-G 300,LEC,OPEN,,25,20,0,IN_PERSON,Mishler N,MOWE,15:55,17:10,FF,073
7071,OVST-X 497,LEC,OPEN,,20,20,0,,Carty S,,,,ARR,
7072,OVST-Q 496,LEC,OPEN,,20,19,0,,Carty S,,,,ARR,
7073,SPH-E 759,LEC,OPEN,,14,10,0,IN_PERSON,Li M,MOWE,12:45,14:00,WH,112
7074,MUS-I 614,LEC,OPEN,,10,8,0,,Cartledge D,,,,ARR,
7075,MUS-P 901,LEC,OPEN,,10,6,0,,Epperson A,,,,ARR,
7076,MUS-K 302,LEC,OPEN,,8,8,0,,Groupe L; Thomas S,,,,ARR,
7077,MUS-K 502,LEC,OPEN,,8,4,0,,Thomas S,,,,ARR,
7078,MSCI-M 800,LEC,OPEN,,40,30,0,,O'Hagan H,,,,ARR,
7079,SPH-F 258,LEC,OPEN,,48,12,0,IN_PERSON,Willis-Grossmann E,TUTH,11:10,12:25,PV,274
7086,MUS-X 601,LEC,OPEN,,100,79,0,,Cartledge D,,,,ARR,
7088,MATH-D 117,LEC,CLOSED,,58,0,1,IN_PERSON,Lahiri A; Bilas R,MOWEFR,12:45,13:35,BH,006
7133,MUS-P 901,LEC,OPEN,,10,8,0,,Murphy K,,,,ARR,
7134,HISP-P 491,LEC,OPEN,,1,1,0,IN_PERSON,Sales de Barros F,MOTUWETH,09:10,10:00,WH,119
7135,SWK-S 204,LEC,OPEN,,32,1,0,,Chang J,,,,WB,WEB
7136,EDUC-X 156,LEC,CLOSED,,18,0,0,IN_PERSON,Koke A; Smith B,TU,15:10,17:10,CU,304
7137,HISP-G 901,LEC,OPEN,,40,39,0,,Willis E,,,,ARR,
7138,FRIT-M 150,LEC,CLOSED,,22,0,1,IN_PERSON,Serafin K; Lucchese A,MOWEFR,11:35,12:25,BH,240
7139,BUS-K 303,LEC,CLOSED,,40,0,12,IN_PERSON,Malher T,MOWE,12:45,14:00,HH,1049
7140,BUS-K 201,LEC,OPEN,,40,7,0,IN_PERSON,Abbott DeMoss M,MOWE,19:05,20:20,HH,1049
7141,MATH-D 116,LEC,CLOSED,,60,0,0,IN_PERSON,Lahiri A; Luttbeg H,MOWEFR,10:25,11:15,BH,304
7142,MUS-E 663,LEC,OPEN,,15,15,0,,Richerme L,,,,ARR,
7143,HISP-S 324,LEC,CLOSED,,22,0,1,IN_PERSON,Dinverno M,TUTH,14:20,15:35,GA,0005
7146,SPH-L 102,LEC,OPEN,,70,13,0,,Getz D,,,,ARR,
7147,CSCI-Y 395,LEC,CLOSED,,50,0,0,IN_PERSON,Thompson C,TU,14:20,15:35,TE,F160
7149,SGIS-X 373,LEC,OPEN,,15,9,0,,Nti Asare I,,,,ARR,
7150,EDUC-M 550,LEC,OPEN,STUDENT TEACHING: ALL GRADE,10,10,0,,Kramer K,,,,ARR,
7151,EDUC-K 207,LEC,OPEN,,20,20,0,,Yadav P,,,,WB,WEB
7152,NURS-S 410,LEC,OPEN,,15,13,0,,Hines M,,,,WB,WEB
7154,REL-R 750,LEC,OPEN,,10,8,0,,Imhoff S,,,,ARR,
7159,PHYS-P 221,LAB,OPEN,,24,2,1,IN_PERSON,Lammers S; Lunghi E,TH,15:10,17:05,SW,109
7160,ANAT-A 620,LEC,OPEN,,10,8,0,IN_PERSON,Husmann P; O'Loughlin V,MOTUWETHFR,12:50,16:50,HD,TBA
7161,MSCI-M 630,LEC,OPEN,,10,10,0,IN_PERSON,Forrester W,FR,08:00,12:00,AH,C3061
7163,MUS-P 110,LAB,CLOSED,,16,0,0,IN_PERSON,Yao E,MOWE,08:00,08:50,MU,101
7164,SLAV-C 201,LEC,OPEN,,4,2,0,IN_PERSON,Cravens C,MOWEFR,16:30,17:20,WB,WEB
7165,BUS-D 270,LEC,CLOSED,,175,0,16,IN_PERSON,Kovacs E,TUTH,14:20,15:35,HH,1000
7166,BUS-D 270,LEC,CLOSED,,175,0,11,IN_PERSON,Kovacs E,TUTH,15:55,17:10,HH,1000
7167,EAS-G 901,LEC,OPEN,,30,19,0,,Polly P,,,,ARR,
7168,EDUC-P 697,LEC,OPEN,,16,9,0,IN_PERSON,Merrill A,MO,16:30,18:00,ED,0020
7169,SLAV-S 801,LEC,OPEN,,6,6,0,,Fowler G,,,,ARR,
7172,EDUC-M 323,LEC,CLOSED,,20,0,0,IN_PERSON,Gault B,MOWE,08:00,08:50,SM,350
7173,COGS-X 497,LEC,OPEN,,10,10,0,,Cartmill E,,,,ARR,
7174,EDUC-Y 611,LEC,OPEN,,20,8,0,IN_PERSON,Hatt B,TU,12:45,15:30,ED,2275
7175,SWK-S 490,LEC,OPEN,,2,2,0,IN_PERSON,Ross M,MO,11:00,12:30,AH,C3164
7177,CEUS-T 203,LEC,OPEN,,5,5,0,IN_PERSON,Kivik P,MOWEFR,11:35,12:25,WB,WEB
7178,CEUS-T 341,LEC,OPEN,,5,3,0,IN_PERSON,Varga V,MOWETHFR,11:35,12:25,WB,WEB
7179,CSCI-Y 798,LEC,OPEN,,70,70,0,,Chen F; Sinders R,,,,ARR,
7180,LSTU-L 380,LEC,OPEN,,20,16,0,,Takahashi B,,,,WB,WEB
7181,MUS-Z 110,LEC,OPEN,HARP UNDERGRAD ELECTIVE,10,7,0,,Tai F,,,,ARR,
7182,MUS-H 100,LEC,OPEN,,10,7,0,,Tai F,,,,ARR,
7183,MUS-I 500,LEC,OPEN,,20,6,0,IN_PERSON,Krieger N,FR,16:30,18:20,MA,405
7184,MUS-I 500,LEC,OPEN,,5,4,0,,Blendulf J,,,,ARR,
7185,ARTH-A 879,LEC,OPEN,,5,5,0,,Saletnik J,,,,ARR,
7186,SPH-K 496,LEC,OPEN,,6,3,0,,Kessler R,,,,ARR,
7187,EDUC-K 590,LEC,OPEN,,7,6,0,,Hurwitz S,,,,ARR,
7188,MSCH-J 804,LEC,OPEN,,10,10,0,,,,,,ARR,
7189,MELC-X 394,LEC,OPEN,,10,9,0,,Morkus N; Alsaleh A,,,,ARR,
7191,NURS-S 420,LEC,OPEN,,15,14,0,,Plough S,,,,WB,WEB
7193,SOAD-F 207,LEC,OPEN,,16,3,0,IN_PERSON,Frye L,MOWE,09:10,11:55,KH,305
7194,SOAD-F 207,LEC,CLOSED,,16,0,1,IN_PERSON,Frye L,MOWE,12:45,15:30,KH,305
7195,SOAD-F 340,LEC,CLOSED,,30,0,5,IN_PERSON,Akou H,FR,11:00,13:30,KH,116
7196,NURS-B 334,CLN,CLOSED,,10,0,0,IN_PERSON,Hendricks R,TU,06:45,19:00,HD,TBA
7197,NURS-H 360,CLN,CLOSED,,10,0,0,IN_PERSON,McNew B,TH,07:00,17:00,HD,TBA
7198,INTL-I 206,LEC,OPEN,,90,6,0,IN_PERSON,Pinaud C,MOWE,16:20,17:10,GA,0001
7199,SLHS-X 471,LEC,OPEN,,20,9,0,IN_PERSON,Gangopadhyay I,MO,17:30,18:45,MO,420
7200,REL-R 791,LEC,OPEN,,20,16,0,,Imhoff S,,,,ARR,
7201,THTR-T 447,LEC,OPEN,,10,6,0,IN_PERSON,Hopson A,TUTH,09:35,10:50,TH,A002
7202,SOAD-D 170,LEC,CLOSED,,18,0,1,IN_PERSON,Murteza N,MOWE,12:45,15:30,KH,215
7203,SOAD-D 271,LEC,CLOSED,,30,0,1,IN_PERSON,Murteza N; Dutkosky K,MOWE,09:10,11:55,KH,202
7204,INFO-I 210,LAB,OPEN,,30,2,0,IN_PERSON,Duncan J,FR,12:45,14:40,SE,010
7205,INFO-I 210,LAB,OPEN,,30,17,0,IN_PERSON,Duncan J,FR,14:20,16:15,IF,4063
7206,SOAD-D 374,LEC,CLOSED,,13,0,0,IN_PERSON,Hill J,TUTH,08:00,10:45,KH,202
7208,SOAD-X 476,LEC,OPEN,,5,5,0,,Richardson K,,,,ARR,
7209,SOAD-X 490,LEC,OPEN,,5,5,0,,Dutkosky K,,,,ARR,
7210,SOAD-X 491,LEC,OPEN,,5,4,0,,Frye L,,,,ARR,
7211,NURS-S 474,LEC,OPEN,,60,3,0,IN_PERSON,Marte A,MO,13:00,16:00,AH,C1001X
7212,NURS-L 430,CLN,CLOSED,,10,0,0,IN_PERSON,Reising D,TU,07:00,20:00,HD,TBA
7213,NURS-L 430,CLN,CLOSED,,10,0,0,IN_PERSON,Degener C,TH,07:00,20:00,HD,TBA
7214,NURS-L 430,CLN,OPEN,,10,1,0,IN_PERSON,Raber H,TH,07:00,20:00,HD,TBA
7215,AST-A 100,LEC,CLOSED,,150,0,0,IN_PERSON,Martin A,TUTH,09:35,10:50,SW,007
7216,ECON-E 370,LEC,CLOSED,,35,0,2,IN_PERSON,Han C,MOWE,15:55,17:10,BH,143
7217,ECON-E 370,LEC,CLOSED,,35,0,2,IN_PERSON,Lee Y,TUTH,12:45,14:00,BH,242
7218,ECON-E 370,LEC,OPEN,,180,2,0,IN_PERSON,Krukava N,TUTH,09:35,10:50,MO,007
7219,CSCI-Y 395,LEC,OPEN,,50,3,0,IN_PERSON,Gregoire D,TU,12:45,14:00,GY,1043
7220,MUS-E 658,LEC,OPEN,,10,8,0,IN_PERSON,Miksza P,TH,15:10,17:10,SM,263
7223,MUS-M 401,DIS,CLOSED,,10,0,0,IN_PERSON,Saltzstein J,TUTH,09:10,10:00,SM,263
7224,MUS-M 510,LEC,OPEN,JAZZ AROUND THE WORLD,20,2,0,IN_PERSON,Ospina Romero S,MOWE,12:45,14:00,MU,205
7225,HISP-S 326,LEC,OPEN,,24,4,0,IN_PERSON,Diaz-Campos M,TUTH,12:45,14:00,GA,0007
7226,SPH-R 235,LEC,OPEN,,65,54,0,,Hritz N,,,,WB,WEB
7227,SLHS-A 250,LEC,OPEN,,24,2,0,IN_PERSON,,MOWE,11:10,12:25,LH,035
7233,SPH-S 590,LEC,OPEN,,20,9,0,,Smith T,,,,WB,WEB
7234,BUS-F 305,LEC,CLOSED,,50,0,20,IN_PERSON,Piccolo A,TUTH,17:30,18:45,HH,1046
7235,BUS-F 305,LEC,CLOSED,,50,0,1,IN_PERSON,Piccolo A,TUTH,19:05,20:20,HH,1046
7236,BUS-A 311,LEC,CLOSED,,52,0,11,IN_PERSON,Merkley K,TUTH,14:20,15:35,HH,1046
7237,FRIT-M 100,LEC,CLOSED,,22,0,0,IN_PERSON,Serafin K; Sims J,TUTH,18:40,20:10,BH,141
7238,CSCI-P 465,LEC,OPEN,,40,5,0,IN_PERSON,Seiffert K,MOWE,11:10,12:25,IF,1106
7239,CSCI-B 505,LEC,OPEN,,50,39,0,IN_PERSON,Qaaidi S,TUTH,19:05,20:20,IF,1106
7242,SOAD-M 219,LEC,CLOSED,,20,0,0,IN_PERSON,White S,MOWE,09:35,10:50,KH,112
7243,SOAD-M 109,LEC,OPEN,,140,26,0,IN_PERSON,Behar E,TUTH,15:55,17:10,MY,130
7244,CSCI-P 565,LEC,OPEN,,40,25,0,IN_PERSON,Seiffert K,MOWE,11:10,12:25,IF,1106
7245,SLAV-C 503,LEC,OPEN,,5,5,0,IN_PERSON,Cravens C,MOWEFR,16:30,17:20,WB,WEB
7246,MUS-Z 710,LEC,OPEN,HARP GRAD ELECTIVE,10,7,0,,Tai F,,,,ARR,
7247,MUS-M 627,LEC,OPEN,,10,10,0,,Jankovic P,,,,ARR,
7249,CSCI-P 556,LEC,OPEN,,250,211,0,IN_PERSON,Tiganj Z,MOWE,11:10,12:25,FA,015
7250,MUS-Z 213,LEC,CLOSED,,30,0,0,IN_PERSON,Garza L,TUTH,15:55,17:10,SM,344
7251,EDUC-G 625,LEC,OPEN,,15,13,0,,Vaughan E,,,,ARR,
7252,MUS-I 301,LEC,OPEN,COMPOSITION SEMINAR,24,24,0,IN_PERSON,Travers A; Yoon J,MO,19:55,20:45,SM,267
7253,MUS-I 301,LEC,OPEN,GUITAR,29,2,0,IN_PERSON,Jankovic P,MO,20:30,22:00,SM,015
7254,MUS-I 301,LEC,OPEN,JAZZ PERCUSSION,15,6,0,IN_PERSON,Dobbins S,WE,16:20,17:20,JS,031
7255,MUS-I 301,LEC,OPEN,JAZZ SAXOPHONE,20,13,0,IN_PERSON,Walsh T; Ward G,MO,16:20,17:20,MA,007
7256,MUS-I 301,LEC,OPEN,OBOE,30,7,0,IN_PERSON,Strommen L,TH,20:00,22:00,SM,340
7257,MUS-I 301,LEC,OPEN,ENGLISH HORN,15,6,0,IN_PERSON,Warren J,MO,20:50,22:00,SM,344
7259,MUS-I 301,LEC,OPEN,BASSOON,25,10,0,IN_PERSON,McLean K,MO,19:00,20:30,SM,344
7260,MUS-I 501,LEC,OPEN,GUITAR,29,2,0,IN_PERSON,Jankovic P,MO,20:30,22:00,SM,015
7261,MUS-I 501,LEC,OPEN,JAZZ PERCUSSION,15,6,0,IN_PERSON,Dobbins S,WE,16:20,17:20,JS,031
7262,MUS-I 501,LEC,OPEN,JAZZ SAXOPHONE,20,13,0,IN_PERSON,Walsh T; Ward G,MO,16:20,17:20,MA,007
7263,MUS-I 501,LEC,OPEN,OBOE,30,7,0,IN_PERSON,Strommen L,TH,20:00,22:00,SM,340
7264,MUS-I 501,LEC,OPEN,ENGLISH HORN,15,6,0,IN_PERSON,Warren J,MO,20:50,22:00,SM,344
7266,MUS-I 501,LEC,OPEN,BASSOON,25,10,0,IN_PERSON,McLean K,MO,19:00,20:30,SM,344
7267,MUS-I 300,LEC,OPEN,,18,5,0,IN_PERSON,Arad A,FR,12:45,14:35,MA,404
7268,MUS-I 300,LEC,OPEN,,10,2,0,IN_PERSON,Brenner B,FR,15:00,16:30,MA,004
7270,MUS-I 300,LEC,OPEN,,18,9,0,IN_PERSON,Barker E,TU,12:45,14:15,MA,404
7271,MUS-I 300,LEC,OPEN,,18,5,0,IN_PERSON,Freund D,TH,20:00,21:00,SM,242
7273,MUS-I 300,LEC,OPEN,,18,3,0,IN_PERSON,Colon E,TU,19:00,21:00,MC,036
7274,MUS-I 300,LEC,OPEN,,25,11,0,IN_PERSON,Fishell J,TU,12:20,14:00,SM,215
7275,MUS-I 300,LEC,OPEN,,16,4,0,IN_PERSON,Chang L,TU,20:15,21:45,MA,454
7277,MUS-I 300,LEC,CLOSED,,20,0,0,IN_PERSON,Dutton J,TU,19:00,21:00,MC,040
7278,MUS-I 300,LEC,OPEN,,18,5,0,IN_PERSON,Hopper A,TU,20:30,22:00,MA,004
7279,MUS-I 300,LEC,OPEN,,12,7,0,IN_PERSON,Horne B,WE,17:30,19:30,MA,007
7280,MUS-I 300,LEC,OPEN,,25,8,0,IN_PERSON,Kalinovsky G,TH,18:45,20:35,SM,015
7281,MUS-I 300,LEC,OPEN,,22,12,0,IN_PERSON,Kim E,FR,13:30,15:00,MA,452
7282,MUS-I 300,LEC,OPEN,,20,6,0,IN_PERSON,Krieger N,FR,16:30,18:20,MA,405
7283,MUS-I 300,LEC,OPEN,,25,13,0,,McLean K,,,,ARR,
7284,MUS-I 300,LEC,OPEN,,18,13,0,IN_PERSON,Ehnes J,MO,19:00,20:30,SM,015
7285,MUS-I 300,LEC,OPEN,,25,10,0,IN_PERSON,Muroki K,TU,12:45,14:15,MA,452
7286,MUS-I 300,LEC,OPEN,,25,14,0,IN_PERSON,Murphy Jr O,TH,19:00,21:00,MC,066
7287,MUS-I 300,LEC,OPEN,,25,11,0,IN_PERSON,Naoumoff E,TU,20:30,22:00,SM,015
7288,MUS-I 300,LEC,OPEN,,25,14,0,IN_PERSON,Gill B,WE,18:00,20:00,SM,015
7289,MUS-I 300,LEC,OPEN,,25,5,0,IN_PERSON,Hightower M,WE,20:00,22:00,MC,040
7290,MUS-I 300,LEC,OPEN,,25,16,0,IN_PERSON,Seraphinoff R,TH,19:00,20:30,SM,350
7291,MUS-I 300,LEC,OPEN,,25,11,0,IN_PERSON,Hymel Jr B,WE,18:00,19:00,MC,066
7292,MUS-I 300,LEC,OPEN,,25,9,0,IN_PERSON,Markgraf K,WE,19:00,20:30,SM,005
7293,MUS-I 300,LEC,OPEN,,20,2,0,IN_PERSON,Stumpf P,TU,20:00,22:00,MA,452
7294,MUS-I 300,LEC,OPEN,,25,16,0,IN_PERSON,Volpe P,WE,18:00,20:00,MC,040
7295,MUS-I 300,LEC,OPEN,,5,4,0,,Oddie J,,,,ARR,
7296,MUS-I 300,LEC,OPEN,,22,9,0,IN_PERSON,Wyrczynski S,FR,14:20,16:10,MC,036
7297,MUS-I 300,LEC,OPEN,,16,9,0,IN_PERSON,Zweig M,FR,14:00,16:00,MU,204
7298,MUS-I 300,LEC,OPEN,,100,29,0,,Bush A,,,,ARR,
7299,OVST-R 396,LEC,OPEN,,25,25,0,,Carty S,,,,ARR,
7300,BUS-K 353,LEC,OPEN,,45,2,0,IN_PERSON,Yoo E,TUTH,09:35,10:50,HH,4059
7301,BUS-K 353,LEC,CLOSED,,45,0,4,IN_PERSON,Yoo E,TUTH,12:45,14:00,HH,4059
7302,BUS-K 204,LEC,CLOSED,,30,0,1,IN_PERSON,Jewell J,TUTH,09:35,10:50,MN,C018
7303,BUS-K 303,LEC,CLOSED,,40,0,6,IN_PERSON,Collins M,MOWE,15:55,17:10,HH,1049
7304,BUS-K 303,LEC,CLOSED,,40,0,2,IN_PERSON,Kinser J,TUTH,12:45,14:00,CG,0030
7306,INTL-I 203,LEC,OPEN,,89,21,0,IN_PERSON,Zhang H,MOWE,09:10,10:00,WH,003
7307,INTL-I 203,DIS,OPEN,,30,1,0,IN_PERSON,Baradaran Amini S,FR,10:25,11:15,LH,130
7308,INTL-I 203,DIS,OPEN,,29,9,0,IN_PERSON,Baradaran Amini S,FR,12:45,13:35,LH,135
7309,INTL-I 203,DIS,OPEN,,30,11,0,IN_PERSON,Baradaran Amini S,FR,13:55,14:45,LH,130
7310,PACE-C 100,LEC,OPEN,,25,1,0,IN_PERSON,Volan S,TUTH,15:55,17:10,BH,246
7312,STAT-S 470,LEC,OPEN,,35,14,0,IN_PERSON,Luen B,TUTH,14:20,15:35,GA,1106
7313,STAT-S 670,LEC,OPEN,,25,15,0,IN_PERSON,Luen B,TUTH,14:20,15:35,GA,1106
7314,NEUS-N 800,LEC,OPEN,,4,1,0,,Bradshaw H,,,,ARR,
7315,NEUS-N 800,LEC,OPEN,,2,2,0,,Brown J,,,,ARR,
7316,NEUS-N 800,LEC,CLOSED,,2,0,0,,Candy T,,,,ARR,
7317,NEUS-N 800,LEC,OPEN,,3,2,0,,Crystal J,,,,ARR,
7318,NEUS-N 800,LEC,OPEN,,2,2,0,,Demas G,,,,ARR,
7319,NEUS-N 800,LEC,OPEN,,4,4,0,,Farley J,,,,ARR,
7320,NEUS-N 800,LEC,OPEN,,5,5,0,,Hetrick W,,,,ARR,
7321,NEUS-N 800,LEC,OPEN,,4,2,0,,Hohmann A,,,,ARR,
7322,NEUS-N 800,LEC,OPEN,,2,1,0,,James T,,,,ARR,
7323,NEUS-N 800,LEC,OPEN,,4,4,0,,Lu H,,,,ARR,
7324,NEUS-N 800,LEC,OPEN,,3,2,0,,Mackie K,,,,ARR,
7325,EALC-K 401,LEC,OPEN,,15,9,0,IN_PERSON,Lee J,MOWEFR,13:55,14:45,WY,111
7326,EALC-K 501,LEC,OPEN,,15,9,0,IN_PERSON,Lee J,MOWEFR,13:55,14:45,WY,111
7327,NEUS-N 800,LEC,OPEN,,6,6,0,,Newman E,,,,ARR,
7328,NEUS-N 800,LEC,OPEN,,2,2,0,,Wellman C,,,,ARR,
7329,SOAD-S 210,LEC,CLOSED,,18,0,1,IN_PERSON,Emin H,TUTH,17:30,20:15,WY,101
7330,SOAD-S 210,LEC,CLOSED,,18,0,0,IN_PERSON,Stefaniak P,MOWE,09:10,11:55,WY,101
7331,SOAD-S 210,LEC,CLOSED,,18,0,0,IN_PERSON,Arnold O,TUTH,08:00,10:45,WY,101
7332,SOAD-S 210,LEC,OPEN,,18,1,1,IN_PERSON,Roh J,MOWE,12:45,15:30,WY,101
7333,SOAD-S 310,LEC,OPEN,,18,9,0,IN_PERSON,Young M,TUTH,11:10,13:55,WY,101
7334,SOAD-S 311,LEC,OPEN,,18,6,0,IN_PERSON,Emin H,MOWE,15:55,18:40,WY,101
7335,SOAD-S 250,LEC,CLOSED,,18,0,0,IN_PERSON,Lee T,MOWE,15:55,18:40,FA,137
7336,SOAD-S 250,LEC,CLOSED,,18,0,1,IN_PERSON,Prisbrey E,TUTH,08:00,10:45,FA,137
7337,SOAD-S 351,LEC,CLOSED,,16,0,0,IN_PERSON,Landerman A,MOWE,12:45,15:30,FA,137
7338,SOAD-S 452,LEC,CLOSED,,18,0,0,IN_PERSON,Hott C,MOWE,12:45,15:30,FA,240
7340,STAT-X 490,LEC,OPEN,,5,5,0,,Valdivia A,,,,ARR,
7341,SPEA-V 407,LEC,OPEN,,48,13,3,IN_PERSON,Goodney T,MOWE,15:55,17:10,PV,277
7342,BUS-S 310,LEC,CLOSED,,38,0,1,IN_PERSON,Emmons T,MOWE,14:20,15:35,HH,4079
7343,NURS-R 375,LEC,OPEN,,15,6,0,,Murray B,,,,WB,WEB
7344,AFRI-S 101,LEC,OPEN,,22,5,0,IN_PERSON,Okelo B,MOWE,11:35,12:25,BH,229
7345,AFRI-S 201,LEC,OPEN,,22,4,0,IN_PERSON,Okelo B,MOWEFR,12:45,13:35,BH,240
7346,SOAD-U 400,LEC,OPEN,,20,12,0,,MacLeish M,,,,ARR,
7347,LTAM-X 850,LEC,CLOSED,,1,0,0,,Konwest E,,,,ARR,
7348,LTAM-X 850,LEC,OPEN,,1,1,0,,Konwest E,,,,ARR,
7349,LTAM-X 890,LEC,OPEN,,1,1,0,,Konwest E,,,,ARR,
7350,LTAM-X 890,LEC,OPEN,,1,1,0,,Konwest E,,,,ARR,
7351,BUS-K 303,LEC,CLOSED,,40,0,2,IN_PERSON,Warnes X,TUTH,12:45,14:00,HH,1049
7352,BUS-K 529,LEC,OPEN,,30,5,0,IN_PERSON,Kinser J,MOWE,11:05,12:30,CG,2069
7353,BUS-A 422,LEC,CLOSED,,30,0,3,IN_PERSON,Sinha R,TUTH,12:45,14:00,HH,2050
7354,BUS-C 104,BIDS,OPEN,,32,6,0,IN_PERSON,Beaver A,TUTH,17:30,18:45,HH,3055
7355,BUS-T 175,LEC,OPEN,,45,4,0,IN_PERSON,Dayton K,WE,15:55,17:10,HH,1043
7356,CMLT-G 901,LEC,OPEN,,1,1,0,,Emery J,,,,ARR,
7357,BUS-K 204,LEC,CLOSED,,30,0,1,IN_PERSON,Banks K,MOWE,12:45,14:00,MN,C018
7358,BUS-K 201,LEC,CLOSED,,34,0,0,IN_PERSON,Oh H,MOWE,08:00,09:15,HH,4083
7360,BUS-K 201,LEC,CLOSED,,40,0,1,IN_PERSON,Pranger M,TUTH,11:10,12:25,HH,1047
7362,BUS-K 201,LEC,OPEN,,34,9,0,IN_PERSON,Anderson J,TUTH,08:00,09:15,HH,4083
7363,BUS-K 201,LEC,OPEN,,40,14,0,IN_PERSON,Robbins C,TUTH,17:30,18:45,HH,1047
7364,BUS-K 201,LEC,OPEN,,40,8,0,IN_PERSON,Jeon D,MOWE,19:05,20:20,LI,503
7366,BUS-S 523,LEC,OPEN,,38,3,0,IN_PERSON,Perry A,TUTH,12:45,14:10,CG,2069
7367,EAS-E 225,LEC,OPEN,,30,1,1,IN_PERSON,Rader S,TUTH,11:10,12:25,GY,2064
7368,EAS-E 225,LAB,OPEN,,15,1,0,IN_PERSON,Rader S,TH,13:45,15:45,GY,2064
7369,EAS-E 225,LAB,CLOSED,,15,0,1,IN_PERSON,Rader S,TH,16:10,18:10,GY,2064
7370,POLS-Y 499,LEC,OPEN,,15,7,0,IN_PERSON,Cruz Nichols V,WE,11:10,13:10,WH,108
7371,SOAD-M 413,LEC,CLOSED,,30,0,2,IN_PERSON,Addington M,TUTH,14:20,15:35,KH,116
7372,HISP-X 272,LEC,OPEN,,10,10,0,,Herrera I; Namorato L,,,,ARR,
7373,HISP-X 370,LEC,OPEN,,50,42,0,,Risner J; Herrera I,,,,ARR,
7374,PSY-P 690,LEC,OPEN,PROFESSION WIDE COMPETENCIES,10,9,0,,Lorenzo-Luaces L,,,,ARR,
7375,CHEM-C 501,LEC,OPEN,,10,4,0,IN_PERSON,Brown Q,TUTH,10:25,11:15,CH,127
7376,BUS-T 375,LEC,CLOSED,,40,0,19,,Landis R,,,,WB,WEB
7377,BUS-T 375,LEC,CLOSED,,40,0,19,,Landis R,,,,WB,WEB
7378,BUS-T 375,LEC,CLOSED,,40,0,18,,Ryan K,,,,WB,WEB
7379,BUS-T 375,LEC,CLOSED,,40,0,17,,Ryan K,,,,WB,WEB
7380,BUS-T 375,LEC,CLOSED,,40,0,17,,Ryan K,,,,WB,WEB
7381,SLHS-S 350,LEC,OPEN,,48,9,0,IN_PERSON,Lulich S,MOWE,11:10,12:25,AC,C114
7383,CMLT-C 110,LEC,CLOSED,,25,0,3,IN_PERSON,Johnson J,TUTH,14:20,15:35,BH,344
7384,AST-X 299,LEC,OPEN,,10,10,0,,Deliyannis C,,,,ARR,
7385,AST-X 299,LEC,OPEN,,10,10,0,,Deliyannis C,,,,ARR,
7386,ENGR-E 390,LEC,OPEN,,25,25,0,,Ensmenger N,,,,ARR,
7387,HISP-S 250,LEC,CLOSED,,24,0,1,IN_PERSON,Gastelum M,MOWETH,19:55,20:45,WB,WEB
7388,HISP-S 280,LEC,CLOSED,,24,0,2,IN_PERSON,Poveda J,MOWE,09:35,10:50,BH,332
7389,HISP-S 328,LEC,OPEN,,22,10,0,IN_PERSON,Dove P,MOWE,15:55,17:10,BH,145
7390,SPH-N 431,LEC,OPEN,,35,16,0,IN_PERSON,Greives M,TUTH,14:20,15:35,GY,1043
7391,AAAD-A 100,LEC,OPEN,,20,17,0,IN_PERSON,Berry Jr S,TUTH,16:20,19:20,TH,A217
7392,AAAD-A 338,LEC,OPEN,,10,5,0,IN_PERSON,Berry Jr S,TUTH,16:20,19:20,TH,A217
7393,BIOT-X 371,LEC,OPEN,,15,12,0,,Whitworth K,,,,ARR,
7394,BIOT-X 499,LEC,OPEN,,15,13,0,,Moczek A,,,,ARR,
7395,BIOL-L 311,DIS,CLOSED,,21,0,0,IN_PERSON,Forrester W,MO,15:10,16:00,JH,A105
7396,BIOL-L 311,DIS,CLOSED,,21,0,0,IN_PERSON,Forrester W,MO,11:35,12:25,JH,A105
7397,BIOL-L 311,DIS,OPEN,,21,1,0,IN_PERSON,Forrester W,WE,11:35,12:25,JH,A105
7398,BIOL-L 311,DIS,CLOSED,,21,0,0,IN_PERSON,Forrester W,MO,10:25,11:15,JH,A105
7399,BIOL-L 311,DIS,CLOSED,,22,0,0,IN_PERSON,Forrester W,WE,10:25,11:15,JH,A105
7400,BIOL-L 112,DIS,CLOSED,,26,0,1,IN_PERSON,Chooi Y,TU,18:40,19:30,JH,A106
7401,BIOL-L 112,DIS,CLOSED,,26,0,0,IN_PERSON,Chooi Y,TU,16:20,17:10,JH,A106
7402,BIOL-L 112,DIS,CLOSED,,26,0,1,IN_PERSON,Chooi Y,TU,17:30,18:20,JH,A106
7403,BIOL-L 112,DIS,CLOSED,,26,0,0,IN_PERSON,Chooi Y,WE,08:00,08:50,JH,A106
7404,BIOL-L 112,DIS,CLOSED,,22,0,2,IN_PERSON,Chooi Y,TU,15:10,16:00,JH,A105
7405,SPH-H 180,LEC,OPEN,,175,27,0,,Liu X,,,,WB,WEB
7406,BIOL-M 315,LEC,CLOSED,,26,0,0,IN_PERSON,Kulow C,MO,17:30,21:30,JH,122A
7407,BIOL-M 315,LEC,CLOSED,,26,0,2,IN_PERSON,Kulow C,TU,12:45,17:10,JH,122A
7408,BIOL-M 315,LEC,CLOSED,,26,0,0,IN_PERSON,Kulow C,TU,08:00,12:25,JH,122A
7409,BIOL-M 315,LEC,OPEN,,26,2,1,IN_PERSON,Kulow C,WE,17:30,21:30,JH,122A
7410,BIOL-M 315,LEC,CLOSED,,26,0,0,IN_PERSON,Kulow C,TH,08:00,12:25,JH,122A
7411,BIOL-M 315,LEC,CLOSED,,26,0,0,IN_PERSON,Kulow C,TH,12:45,17:10,JH,122A
7412,PHYS-P 221,LAB,CLOSED,,24,0,3,IN_PERSON,Lammers S; Lunghi E,TH,12:45,14:40,SW,108
7413,PHYS-P 221,DIS,OPEN,,48,3,1,IN_PERSON,Lammers S; Lunghi E,TUTH,16:20,17:10,SW,208
7414,PHYS-P 221,LAB,CLOSED,,24,0,1,IN_PERSON,Lammers S; Lunghi E,TH,12:45,14:40,SW,109
7415,BIOL-L 112,DIS,CLOSED,,24,0,1,IN_PERSON,Chooi Y,WE,09:10,10:00,JH,A106
7416,BIOL-L 112,DIS,CLOSED,,24,0,0,IN_PERSON,Chooi Y,WE,10:25,11:15,JH,A106
7417,BIOL-L 112,DIS,CLOSED,,24,0,3,IN_PERSON,Chooi Y,WE,15:10,16:00,JH,440
7418,BIOL-L 112,DIS,CLOSED,,24,0,1,IN_PERSON,Chooi Y,WE,16:20,17:10,JH,440
7419,BIOL-L 112,DIS,CLOSED,,24,0,0,IN_PERSON,Chooi Y,TH,15:10,16:00,JH,A106
7420,MUS-P 110,LAB,CLOSED,,16,0,0,IN_PERSON,Yao E,TUTH,18:40,19:30,MU,101
7421,MUS-P 110,LAB,CLOSED,,8,0,1,IN_PERSON,Yao E,MOWE,13:55,14:45,MA,318
7422,BIOL-L 112,DIS,OPEN,,24,1,0,IN_PERSON,Chooi Y,TH,08:00,08:50,JH,001
7426,EDUC-M 401,LEC,OPEN,FIELD EXP: SOC STDS ELEM. SCHL,20,20,0,IN_PERSON,Kelsheimer J,TUTH,11:35,15:50,HD,TBA
7427,EDUC-E 325,LEC,OPEN,,20,20,0,IN_PERSON,Kelsheimer J,MOWE,09:35,10:50,ED,3275
7428,AFRI-X 491,LEC,OPEN,,7,4,0,,Okelo B,,,,ARR,
7429,BUS-S 326,LEC,OPEN,,32,14,0,IN_PERSON,Brown N,TUTH,17:30,18:45,HH,4057
7430,FOLK-F 806,LEC,OPEN,,2,2,0,,Shukla P,,,,ARR,
7431,CEUS-T 103,LEC,OPEN,,5,5,0,IN_PERSON,Kivik P,MOWEFR,12:45,13:35,WB,WEB
7432,CEUS-T 303,LEC,OPEN,,5,5,0,IN_PERSON,Kivik P,MOWEFR,11:35,12:25,WB,WEB
7433,CEUS-T 503,LEC,OPEN,,5,5,0,IN_PERSON,Kivik P,MOWEFR,12:45,13:35,WB,WEB
7434,CEUS-T 603,LEC,OPEN,,5,5,0,IN_PERSON,Kivik P,MOWEFR,11:35,12:25,WB,WEB
7435,CEUS-T 703,LEC,OPEN,,5,5,0,IN_PERSON,Kivik P,MOWEFR,11:35,12:25,WB,WEB
7437,CEUS-T 141,LEC,OPEN,,5,5,0,IN_PERSON,Varga V,MOTUWETHFR,10:25,11:15,WB,WEB
7438,CEUS-T 241,LEC,OPEN,,5,3,0,IN_PERSON,Varga V,MOWETHFR,11:35,12:25,WB,WEB
7439,CEUS-T 541,LEC,OPEN,,5,5,0,IN_PERSON,Varga V,MOTUWETHFR,10:25,11:15,WB,WEB
7440,CEUS-T 641,LEC,OPEN,,5,3,0,IN_PERSON,Varga V,MOWETHFR,11:35,12:25,WB,WEB
7441,CEUS-T 741,LEC,OPEN,,5,3,0,IN_PERSON,Varga V,MOWETHFR,11:35,12:25,WB,WEB
7442,CEUS-T 161,LEC,OPEN,,5,5,0,IN_PERSON,Legden T,MOWEFR,10:25,11:15,WB,WEB
7443,CEUS-T 261,LEC,OPEN,,5,2,0,IN_PERSON,Legden T,MOWEFR,11:35,12:25,WB,WEB
7444,CEUS-T 361,LEC,OPEN,,5,2,0,IN_PERSON,Legden T,MOWEFR,11:35,12:25,WB,WEB
7445,CEUS-T 561,LEC,OPEN,,5,5,0,IN_PERSON,Legden T,MOWEFR,10:25,11:15,WB,WEB
7446,CEUS-T 661,LEC,OPEN,,5,2,0,IN_PERSON,Legden T,MOWEFR,11:35,12:25,WB,WEB
7447,CEUS-T 761,LEC,OPEN,,5,2,0,IN_PERSON,Legden T,MOWEFR,11:35,12:25,WB,WEB
7448,CEUS-T 171,LEC,OPEN,,5,5,0,IN_PERSON,Rabsal G,MOWEFR,08:00,08:50,WB,WEB
7449,CEUS-T 271,LEC,OPEN,,5,5,0,IN_PERSON,Rabsal G,MOWEFR,09:10,10:00,WB,WEB
7450,CEUS-T 371,LEC,OPEN,,5,5,0,IN_PERSON,Rabsal G,MOWEFR,09:10,10:00,WB,WEB
7451,CEUS-T 571,LEC,OPEN,,5,5,0,IN_PERSON,Rabsal G,MOWEFR,08:00,08:50,WB,WEB
7452,CEUS-T 671,LEC,OPEN,,5,5,0,IN_PERSON,Rabsal G,MOWEFR,09:10,10:00,WB,WEB
7453,CEUS-T 771,LEC,OPEN,,5,5,0,IN_PERSON,Rabsal G,MOWEFR,09:10,10:00,WB,WEB
7458,CEUS-T 111,LEC,OPEN,,5,4,0,IN_PERSON,Hodjaev M,MOWEFR,10:25,11:15,WB,WEB
7459,CEUS-T 211,LEC,OPEN,,5,5,0,IN_PERSON,Hodjaev M,MOWEFR,11:35,12:25,WB,WEB
7460,CEUS-T 311,LEC,OPEN,,5,5,0,IN_PERSON,Hodjaev M,MOWEFR,11:35,12:25,WB,WEB
7461,CEUS-T 511,LEC,OPEN,,5,4,0,IN_PERSON,Hodjaev M,MOWEFR,10:25,11:15,WB,WEB
7462,CEUS-T 611,LEC,OPEN,,5,5,0,IN_PERSON,Hodjaev M,MOWEFR,11:35,12:25,WB,WEB
7463,CEUS-T 711,LEC,OPEN,,5,5,0,IN_PERSON,Hodjaev M,MOWEFR,11:35,12:25,WB,WEB
7464,OPT-V 550,LAB,CLOSED,,24,0,0,IN_PERSON,Peabody T; Mc Veigh M,WE,16:00,17:50,OP,112
7465,INTL-I 204,LEC,OPEN,,90,1,0,IN_PERSON,Gilligan E,MOWE,09:10,10:00,WH,120
7466,INTL-I 204,DIS,CLOSED,,30,0,0,IN_PERSON,Karkoutli A,FR,10:25,11:15,WI,C109
7467,INTL-I 204,DIS,OPEN,,30,1,0,IN_PERSON,Karkoutli A,FR,11:35,12:25,WI,C109
7468,INTL-I 204,DIS,CLOSED,,30,0,0,IN_PERSON,Karkoutli A,FR,12:45,13:35,WI,C109
7469,EALC-C 457,LEC,OPEN,"CHINESE CULTURE THRU LIT, FILM",10,3,0,IN_PERSON,Chen Y,TUTH,09:35,10:50,WH,112
7470,EALC-C 567,LEC,OPEN,,10,4,0,IN_PERSON,Bao Y,TUTH,15:55,17:10,ED,2280
7471,ENGR-E 201,LEC,OPEN,,70,33,0,IN_PERSON,Musser J,MOWE,15:55,17:10,TV,251
7472,ENGR-E 201,LAB,OPEN,,25,17,0,IN_PERSON,Musser J,TH,15:00,16:15,IF,4111
7473,ENGR-E 221,LEC,OPEN,,63,16,0,IN_PERSON,Anousheh N,MOWE,10:25,11:15,JH,065
7474,ENGR-E 221,LAB,OPEN,,31,9,0,IN_PERSON,Anousheh N,FR,09:45,11:00,IF,4063
7475,SEAS-X 373,LEC,OPEN,,6,6,0,,Goodlander J,,,,ARR,
7476,SEAS-X 373,LEC,OPEN,,6,6,0,,Goodlander J,,,,ARR,
7477,SEAS-X 490,LEC,OPEN,,5,4,0,,Goodlander J,,,,ARR,
7478,SPEA-V 585,LEC,OPEN,,150,139,0,,Nicholson-Crotty J,,,,ARR,
7479,ILS-Z 515,LEC,OPEN,,25,15,0,IN_PERSON,Wehner K,TU,18:40,21:10,IF,4063
7480,SWK-S 251,LEC,OPEN,,30,5,0,,Haver D,,,,WB,WEB
7481,SWK-S 331,LEC,CLOSED,,25,0,1,IN_PERSON,Nelson T,MO,10:25,13:10,AH,C1020B
7482,SWK-S 423,LEC,OPEN,,30,5,0,IN_PERSON,Ross M,TH,12:45,15:30,AH,C1023A
7483,MUS-X 1,LEC,OPEN,ALL-CAMPUS GUITAR ENSEMBLE,23,17,0,IN_PERSON,Duarte D,TU,19:15,20:30,MA,B012
7484,INFO-I 360,LEC,OPEN,,44,3,0,IN_PERSON,Lee E,MOWE,14:20,15:35,AC,C102
7485,LAW-B 542,LEC,OPEN,,30,8,0,IN_PERSON,Reagan K,THFR,09:50,10:45,LW,124
7486,LAW-B 542,LEC,OPEN,,30,7,0,IN_PERSON,Reagan K,THFR,10:55,11:50,LW,124
7487,CSCI-B 430,LEC,OPEN,,135,24,2,IN_PERSON,Zhang H,MOWE,11:35,12:25,BH,110
7488,CSCI-B 430,LAB,CLOSED,,25,0,0,IN_PERSON,Zhang H,TH,09:35,10:50,IF,3115
7489,EDUC-M 403,LEC,OPEN,LAB/FIELD EXPS: SOCIAL STUDIES,25,25,0,,Reardon S,,,,ARR,
7490,OPT-V 631,LAB,CLOSED,,24,0,0,IN_PERSON,Himebaugh N,WE,16:00,17:50,OP,108
7491,THTR-T 528,LEC,OPEN,CAREER DEVELOPMENT,10,7,0,IN_PERSON,Lucas R,MOWE,09:35,10:50,AD,A262
7492,SOAD-S 412,LEC,OPEN,,8,4,0,IN_PERSON,Young M,TUTH,14:20,17:05,FA,235
7493,SOAD-S 410,LEC,OPEN,,18,9,0,IN_PERSON,Young M,TUTH,11:10,13:55,WY,101
7494,SOAD-A 100,LEC,CLOSED,,20,0,1,IN_PERSON,Lian A,FR,10:25,11:15,KH,318
7495,SOAD-S 320,LEC,CLOSED,DIGITAL WEAVING,11,0,2,IN_PERSON,Ricketts R,TUTH,14:20,17:05,FA,230
7496,SOAD-S 200,LEC,CLOSED,,16,0,4,IN_PERSON,Johnson D,TUTH,14:20,17:05,FA,310
7497,SOAD-S 300,LEC,CLOSED,DRAWING: THE FIGURE,16,0,2,IN_PERSON,Reeves M,MOWE,15:55,18:40,FA,310
7498,SOAD-S 300,LEC,CLOSED,OBSERVATIONAL DRAWING,16,0,0,IN_PERSON,Smith A,TUTH,11:10,13:55,FA,310
7499,SOAD-S 400,LEC,CLOSED,DRAWING: THE FIGURE,16,0,1,IN_PERSON,Reeves M,MOWE,15:55,18:40,FA,310
7500,SOAD-S 400,LEC,CLOSED,OBSERVATIONAL DRAWING,16,0,0,IN_PERSON,Smith A,TUTH,11:10,13:55,FA,310
7501,SOAD-S 432,LEC,OPEN,,12,6,0,IN_PERSON,Weintraub C,TUTH,11:10,13:55,HD,TBA
7502,SOAD-S 230,LEC,CLOSED,,18,0,0,IN_PERSON,Mangila D,MOWE,09:10,11:55,FA,318
7503,SOAD-S 230,LEC,CLOSED,,18,0,1,IN_PERSON,Weintraub C,TUTH,08:00,10:45,FA,318
7504,SOAD-S 330,LEC,CLOSED,PAINTING: THE NARRATIVE,18,0,2,IN_PERSON,Reeves M,MOWE,12:45,15:30,FA,318
7505,SOAD-S 330,LEC,OPEN,PAINTING: THE LANDSCAPE,18,2,0,IN_PERSON,Smith A,TUTH,14:20,17:05,FA,318
7506,SOAD-S 430,LEC,CLOSED,PAINTING: THE NARRATIVE,18,0,2,IN_PERSON,Reeves M,MOWE,12:45,15:30,FA,318
7507,SOAD-S 430,LEC,OPEN,PAINTING: THE LANDSCAPE,18,2,0,IN_PERSON,Smith A,TUTH,14:20,17:05,FA,318
7508,SOAD-S 260,LEC,CLOSED,,16,0,1,IN_PERSON,Truong H,MOWE,12:45,15:30,FA,152
7509,SOAD-S 260,LEC,CLOSED,,16,0,3,IN_PERSON,Clapp V,MOWE,15:55,18:40,FA,152
7510,SOAD-S 260,LEC,CLOSED,,16,0,1,IN_PERSON,Kleckner E,TUTH,11:10,13:55,FA,152
7511,SOAD-S 260,LEC,CLOSED,,16,0,2,IN_PERSON,Robinson J,TUTH,17:30,20:15,FA,152
7512,SOAD-S 360,LEC,CLOSED,HAND BUILDING,8,0,3,IN_PERSON,Kleckner E,MOWE,09:10,11:55,FA,152
7513,SOAD-S 360,LEC,CLOSED,THROWING,11,0,3,IN_PERSON,Gamblin J,TUTH,14:20,17:05,FA,152
7514,SOAD-S 460,LEC,CLOSED,HAND BUILDING,6,0,2,IN_PERSON,Kleckner E,MOWE,09:10,11:55,FA,152
7515,SOAD-S 460,LEC,CLOSED,ADVANCED THROWING,4,0,2,IN_PERSON,Gamblin J,TUTH,14:20,17:05,FA,152
7516,SOAD-S 462,LEC,OPEN,,15,5,0,IN_PERSON,Gamblin J,TUTH,11:10,13:55,AZ,A024
7517,SOAD-S 280,LEC,CLOSED,,16,0,2,IN_PERSON,Klingbeil G,MOWE,15:55,18:40,FA,210
7518,SOAD-S 280,LEC,OPEN,,16,1,1,IN_PERSON,Caldwell A,MOWE,09:10,11:55,FA,210
7519,SOAD-S 480,LEC,OPEN,CONSTRUCTION + FABRICATION,16,5,0,IN_PERSON,Caldwell A,TUTH,11:10,13:55,FA,210
7520,SOAD-S 290,LEC,OPEN,,18,1,0,IN_PERSON,Castillo J,MOWE,09:10,11:55,FA,004
7521,SOAD-S 290,LEC,OPEN,,18,1,0,IN_PERSON,Sosnowska D,MOWE,12:45,15:30,FA,004
7522,SOAD-S 290,LEC,OPEN,,18,1,1,IN_PERSON,Sosnowska D,MOWE,15:55,18:40,FA,004
7523,SOAD-S 290,LEC,CLOSED,,18,0,2,IN_PERSON,Helland L,TUTH,11:10,13:55,FA,004
7524,SOAD-S 390,LEC,OPEN,COLOR/PHOTOSHOP,16,1,0,IN_PERSON,Ondrik D,MOWE,12:45,15:30,FA,023
7525,SOAD-S 240,LEC,CLOSED,,16,0,0,IN_PERSON,Eickelberg L,TUTH,17:30,20:15,AZ,130
7526,SOAD-S 240,LEC,CLOSED,,16,0,0,IN_PERSON,Johnson J,MOWE,15:55,18:40,AZ,130
7527,SOAD-S 270,LEC,CLOSED,,10,0,0,IN_PERSON,Lloyd J,MOWE,12:45,15:30,CO,100
7528,SOAD-S 270,LEC,CLOSED,,10,0,0,IN_PERSON,Woerner D,TUTH,11:10,13:55,CO,100
7529,SOAD-S 271,LEC,OPEN,,12,2,0,IN_PERSON,Pennington M,MOWE,09:10,11:55,AZ,A102
7530,ABEH-A 200,LEC,OPEN,,36,1,0,IN_PERSON,Leuner L,MOWE,14:20,15:35,JH,065
7531,ABEH-A 400,LEC,OPEN,,24,23,0,IN_PERSON,Leuner L,MOWE,14:20,15:35,JH,065
7535,ENG-W 131,LEC,CLOSED,,23,0,1,IN_PERSON,Boulanger G; Rivera A,MOWEFR,12:45,13:35,BH,238
7536,SLAV-S 505,LEC,OPEN,,5,5,0,IN_PERSON,Ozcelik T,TUTH,11:10,12:25,WB,WEB
7537,MUS-T 650,LEC,OPEN,,10,8,0,,Manabe N,,,,WB,WEB
7538,BIOL-L 112,DIS,CLOSED,,30,0,0,IN_PERSON,Matlack D,WE,17:30,18:20,JH,001
7539,SLAV-U 201,LEC,OPEN,,7,5,0,IN_PERSON,Melnyk S,MOWEFR,09:10,10:00,GA,3018
7540,SOAD-S 442,LEC,OPEN,,10,3,0,IN_PERSON,Templeton T,TUTH,14:20,17:05,AZ,134
7541,SOAD-S 472,LEC,OPEN,,15,7,0,IN_PERSON,Stanislav A,TUTH,14:20,17:05,AZ,A107
7542,SOAD-U 450,LEC,OPEN,,15,11,0,,MacLeish M,,,,ARR,
7543,SOAD-X 373,LEC,OPEN,,10,10,0,,MacLeish M,,,,ARR,
7544,SOAD-A 102,LEC,CLOSED,,18,0,0,IN_PERSON,Alunei A,MOWE,09:10,11:55,FA,176
7545,SOAD-A 102,LEC,CLOSED,,18,0,2,IN_PERSON,MacLeish M,MOWE,12:45,15:30,FA,176
7546,SOAD-A 102,LEC,CLOSED,,18,0,3,IN_PERSON,Blacklock K,MOWE,15:55,18:40,FA,176
7547,SOAD-A 102,LEC,CLOSED,,18,0,0,IN_PERSON,Lesnewich M,MOWE,19:05,21:50,FA,176
7548,SOAD-A 102,LEC,CLOSED,,18,0,3,IN_PERSON,van Strien S,TUTH,11:10,13:55,FA,176
7549,SOAD-A 102,LEC,CLOSED,,18,0,6,IN_PERSON,Trumpower M,TUTH,14:20,17:05,FA,176
7550,SOAD-A 102,LEC,CLOSED,,18,0,0,IN_PERSON,Mann E,TUTH,17:30,20:15,FA,176
7551,SOAD-A 103,LEC,CLOSED,,18,0,2,IN_PERSON,Ozsever A,MOWE,09:10,11:55,FA,173
7552,SOAD-A 103,LEC,CLOSED,,18,0,1,IN_PERSON,Rasure K,MOWE,12:45,15:30,FA,173
7553,SOAD-A 103,LEC,CLOSED,,18,0,2,IN_PERSON,Ofori S,TUTH,11:10,13:55,FA,173
7554,SOAD-A 103,LEC,CLOSED,,18,0,0,IN_PERSON,Scott M,TUTH,14:20,17:05,FA,173
7555,SOAD-A 103,LEC,CLOSED,,18,0,0,IN_PERSON,Shelley N,TUTH,17:30,20:15,FA,173
7556,SOAD-N 110,LEC,CLOSED,,16,0,1,IN_PERSON,Robinson J,MOWE,09:10,11:55,FA,145
7557,SOAD-N 110,LEC,CLOSED,,16,0,1,IN_PERSON,Ray C,TUTH,11:10,13:55,FA,145
7558,SOAD-N 110,LEC,CLOSED,,16,0,0,IN_PERSON,Che J,TUTH,14:20,17:05,FA,145
7559,BIOL-L 112,DIS,OPEN,,30,1,0,IN_PERSON,Matlack D,WE,18:40,19:30,JH,001
7562,INFO-I 601,LEC,OPEN,,16,5,0,IN_PERSON,Lerman K,TUTH,09:35,10:50,I,105
7563,SOAD-X 371,LEC,OPEN,,20,14,0,,Smith K,,,,ARR,
7565,PSY-P 483,LEC,OPEN,,30,10,0,IN_PERSON,Schiestl E,TUTH,15:55,17:10,PY,120A
7566,PSY-P 337,LEC,CLOSED,,90,0,0,IN_PERSON,Wisner K,WE,16:00,17:15,PY,101
7567,BUS-P 300,LEC,CLOSED,,60,0,7,IN_PERSON,Mejias G,MOWE,12:45,14:00,WB,WEB
7568,SPEA-V 506,LEC,OPEN,,40,10,0,IN_PERSON,Scogin S,MOWE,11:10,12:25,PV,A223
7569,SPH-K 492,LEC,OPEN,,5,5,0,,Kawata K,,,,ARR,
7571,PSY-X 397,LEC,OPEN,,20,16,0,,Fyfe E,,,,ARR,
7572,PSY-X 398,LEC,OPEN,,20,18,0,,Fyfe E,,,,ARR,
7573,CSCI-C 102,LEC,OPEN,,23,3,0,IN_PERSON,Lee S,TUTH,14:20,15:35,SE,245
7574,SWK-S 312,LEC,OPEN,,30,10,0,,Adhami A,,,,WB,WEB
7578,OVST-Z 497,LEC,OPEN,,25,25,0,,Carty S,,,,ARR,
7580,OVST-H 498,LEC,OPEN,,25,24,0,,Carty S,,,,ARR,
7582,MUS-F 561,LEC,OPEN,,5,5,0,,Cartledge D,,,,ARR,
7583,OVST-P 396,LEC,OPEN,,15,15,0,,Carty S,,,,ARR,
7584,OVST-D 396,LEC,OPEN,,15,14,0,,Carty S,,,,ARR,
7585,STAT-S 350,LEC,CLOSED,,70,0,4,IN_PERSON,Xu M,TUTH,11:10,12:25,SE,105
7586,MUS-M 413,LEC,OPEN,HST & PERF OF LAT JAZZ & SALSA,15,8,0,IN_PERSON,Wallace W,MOWEFR,10:25,11:15,SM,C113
7587,EDUC-J 799,LEC,OPEN,,50,46,0,,Brannan A,,,,ARR,
7588,SEAS-S 761,LEC,OPEN,,5,5,0,,Goodlander J,,,,ARR,
7589,SPH-M 211,LEC,CLOSED,,250,0,3,IN_PERSON,Shelton J,TUTH,09:35,10:50,FA,015
7590,MSCH-X 490,LEC,OPEN,,1,1,0,,Herber N,,,,ARR,
7592,MUS-Z 111,LEC,CLOSED,,35,0,0,IN_PERSON,Guntren A; Podgursky J,MOWE,14:20,15:20,SM,344
7593,INFO-I 430,LAB,CLOSED,,25,0,2,IN_PERSON,Zhang H,TH,11:10,12:25,IF,3115
7594,CSCI-B 430,LAB,CLOSED,,25,0,2,IN_PERSON,Zhang H,TH,11:10,12:25,IF,3115
7595,EDUC-G 203,LEC,CLOSED,,28,0,0,IN_PERSON,Donnelly C,TUTH,14:20,15:35,ED,1250
7596,BUS-T 375,LEC,CLOSED,,40,0,18,,Evans N,,,,WB,WEB
7597,BUS-T 375,LEC,CLOSED,,40,0,19,,Evans N,,,,WB,WEB
7598,BUS-T 375,LEC,CLOSED,,40,0,18,,Walton C,,,,WB,WEB
7599,BUS-F 370,LEC,CLOSED,,0,0,0,IN_PERSON,Adair T,MOWE,14:25,15:30,HH,2083
7600,BUS-P 370,LEC,CLOSED,,0,0,0,IN_PERSON,Pittsford B,TUTH,13:10,14:15,HH,2083
7601,BUS-M 370,LEC,CLOSED,,0,0,0,IN_PERSON,Marek B,TUTH,14:25,15:30,HH,2083
7602,BUS-Z 370,LEC,CLOSED,,0,0,0,IN_PERSON,Kratz J,MOWE,13:10,14:15,HH,2083
7603,OVST-F 494,LEC,OPEN,,20,18,0,,Carty S,,,,ARR,
7604,MUS-F 200,LEC,OPEN,,18,18,0,IN_PERSON,Diaz F,FR,12:45,14:00,MC,036
7605,EDUC-G 355,LEC,OPEN,,40,29,0,,Wolf J; Zaisberger V,,,,WB,WEB
7606,CSCI-C 343,LAB,OPEN,,30,15,0,IN_PERSON,Siddiqui M,FR,13:50,15:45,BH,118
7607,SPH-R 142,LEC,OPEN,,39,2,0,IN_PERSON,Wiatrowski M,MOWE,19:05,20:20,RA,B111
7608,CLAS-C 875,LEC,OPEN,RESEARCH IN GREEK OR LATIN,10,10,0,,Bannon C,,,,ARR,
7609,BUS-A 310,LEC,CLOSED,,52,0,20,IN_PERSON,Andrews A,MOWE,09:35,10:50,HH,3034
7610,MSCH-M 699,LEC,OPEN,,12,8,0,,Peifer J,,,,ARR,
7611,SWK-S 502,LEC,OPEN,,30,4,0,IN_PERSON,Johnson K,TU,15:55,18:40,AH,C2038
7612,MUS-D 601,LEC,OPEN,,5,5,0,,Cartledge D,,,,ARR,
7613,LLLC-Y 101,LEC,OPEN,,72,42,0,IN_PERSON,Karum K,MO,11:10,12:25,TE,F160
7614,SGIS-S 150,LEC,OPEN,,90,53,0,IN_PERSON,Mitchell K,WE,19:00,20:15,GY,1045
7615,EDUC-G 206,LEC,OPEN,,30,8,0,,Russell R,,,,WB,WEB
7616,THTR-T 646,LEC,OPEN,THE ROBUST LIGHT PLOT,6,3,0,IN_PERSON,Hahn A,WE,09:00,11:00,TH,A009
7617,MUS-I 500,LEC,OPEN,,20,5,0,IN_PERSON,Ganatra S,FR,12:45,14:45,SM,015
7618,MUS-I 300,LEC,OPEN,,20,5,0,IN_PERSON,Ganatra S,FR,12:45,14:45,SM,015
7619,MUS-I 500,LEC,OPEN,,20,9,0,IN_PERSON,Vamos B,FR,12:45,14:35,MA,405
7620,MUS-I 300,LEC,OPEN,,20,9,0,IN_PERSON,Vamos B,FR,12:45,14:35,MA,405
7644,MSCI-M 507,LEC,OPEN,,8,8,0,,O'Hagan H,,,,ARR,
7654,OVST-I 497,LEC,OPEN,,15,13,0,,Carty S,,,,ARR,
7655,PSY-P 895,LEC,OPEN,,10,6,0,,Fyfe E,,,,ARR,
7656,ENGR-E 101,LAB,OPEN,,30,1,0,IN_PERSON,Loveless M,TUTH,11:10,12:25,IF,4010
7661,SWK-S 442,LEC,OPEN,PUBLIC CHILD WELFARE,30,27,0,IN_PERSON,Engle M,TU,18:00,20:40,WB,WEB
7662,PSY-P 700,LEC,OPEN,,30,29,0,IN_PERSON,Hirt E,FR,12:30,13:45,PY,128
7663,MUS-P 610,LEC,OPEN,,15,11,0,,Cartledge D,,,,ARR,
7664,MUS-P 610,LEC,OPEN,,10,8,0,,Cartledge D,,,,ARR,
7665,MUS-P 610,LEC,OPEN,,10,9,0,,Cartledge D,,,,ARR,
7666,MUS-P 610,LEC,OPEN,,10,10,0,,Cartledge D,,,,ARR,
7668,MUS-P 131,LEC,OPEN,,8,7,0,IN_PERSON,Yao E,TUTH,12:45,13:35,MA,318
7672,NEUS-G 901,LEC,OPEN,,2,2,0,,Block H,,,,ARR,
7673,HIST-H 270,LEC,CLOSED,,35,0,2,IN_PERSON,McGraw J,TUTH,09:35,10:50,BH,343
7675,MUS-S 820,LEC,OPEN,,9,9,0,,Holloway M,,,,ARR,
7676,MUS-V 900,LEC,OPEN,,18,12,0,,Volpe P,,,,ARR,
7677,EDUC-N 518,LEC,OPEN,,1,1,0,IN_PERSON,Burch L,MOWE,16:05,17:20,ED,3017
7678,SPH-H 180,LEC,CLOSED,,100,0,14,,Reynolds D,,,,WB,WEB
7679,SPH-H 180,LEC,OPEN,,120,64,0,,Im D,,,,WB,WEB
7681,MUS-P 901,LEC,OPEN,,10,5,0,,Epperson A; Murphy K,,,,ARR,
7682,BIOL-L 800,LEC,OPEN,,200,185,0,,Moczek A; Allen S,,,,ARR,
7686,ENGR-E 687,LEC,OPEN,,15,15,0,,Kim Y,,,,ARR,
7687,NEUS-G 901,LEC,OPEN,,2,1,0,,Crystal J,,,,ARR,
7688,SPH-K 693,LEC,OPEN,,28,27,0,,Kawata K,,,,ARR,
7689,SPH-K 599,LEC,OPEN,,10,10,0,,Kawata K,,,,ARR,
7690,SPH-N 531,LEC,OPEN,,5,4,0,IN_PERSON,Greives M,TUTH,14:20,15:35,GY,1043
7691,MUS-O 550,LEC,OPEN,,5,5,0,,Walsh T,,,,ARR,
7692,MUS-I 300,LEC,OPEN,,7,7,0,IN_PERSON,Caswell R,TU,18:30,20:30,SM,340
7693,MUS-I 500,LEC,OPEN,,7,7,0,IN_PERSON,Caswell R,TU,18:30,20:30,SM,340
7694,CEUS-T 493,LEC,OPEN,POST ADV LANG STUDY-ESTONIAN,2,2,0,,Kivik P,,,,ARR,
7695,CEUS-T 798,LEC,OPEN,POST ADV LANG STUDY-ESTONIAN,2,2,0,,Kivik P,,,,ARR,
7696,CEUS-T 161,LEC,OPEN,,5,5,0,IN_PERSON,Legden T,MOWEFR,10:25,11:15,WB,WEB
7697,CEUS-T 561,LEC,OPEN,,5,5,0,IN_PERSON,Legden T,MOWEFR,10:25,11:15,WB,WEB
7698,NEUS-G 901,LEC,OPEN,,5,4,0,,Bidelman G,,,,ARR,
7699,SOAD-S 500,LEC,CLOSED,DRAWING: THE FIGURE,16,0,0,IN_PERSON,Reeves M,MOWE,15:55,18:40,FA,310
7700,SOAD-S 500,LEC,CLOSED,OBSERVATIONAL DRAWING,16,0,0,IN_PERSON,Smith A,TUTH,11:10,13:55,FA,310
7701,SOAD-S 509,LEC,CLOSED,,15,0,0,IN_PERSON,Smith M,TUTH,09:35,10:50,AZ,130
7702,SOAD-S 510,LEC,OPEN,,18,9,0,IN_PERSON,Young M,TUTH,11:10,13:55,WY,101
7703,SOAD-S 510,LEC,OPEN,,18,6,0,IN_PERSON,Emin H,MOWE,15:55,18:40,WY,101
7704,SOAD-S 510,LEC,OPEN,,18,10,0,IN_PERSON,Stefaniak P,TUTH,14:20,17:05,WY,101
7705,SOAD-S 511,LEC,OPEN,,6,3,0,IN_PERSON,Young M,TUTH,14:20,17:05,FA,235
7706,SOAD-S 519,LEC,CLOSED,,15,0,0,IN_PERSON,Smith M,TUTH,09:35,10:50,AZ,130
7707,SOAD-S 520,LEC,CLOSED,DIGITAL WEAVING,11,0,0,IN_PERSON,Ricketts R,TUTH,14:20,17:05,FA,230
7708,SOAD-S 529,LEC,CLOSED,,15,0,0,IN_PERSON,Smith M,TUTH,09:35,10:50,AZ,130
7709,SOAD-S 530,LEC,CLOSED,PAINTING: THE NARRATIVE,18,0,0,IN_PERSON,Reeves M,MOWE,12:45,15:30,FA,318
7710,SOAD-S 530,LEC,OPEN,PAINTING: THE LANDSCAPE,18,2,0,IN_PERSON,Smith A,TUTH,14:20,17:05,FA,318
7711,SOAD-S 531,LEC,OPEN,,5,2,0,IN_PERSON,Weintraub C,TUTH,11:10,13:55,HD,TBA
7712,SOAD-S 549,LEC,CLOSED,,15,0,0,IN_PERSON,Smith M,TUTH,09:35,10:50,AZ,130
7713,SOAD-S 559,LEC,CLOSED,,15,0,0,IN_PERSON,Smith M,TUTH,09:35,10:50,AZ,130
7714,SOAD-S 750,LEC,OPEN,,10,9,0,,Lee T,,,,ARR,
7715,SOAD-S 710,LEC,OPEN,,10,10,0,,Young M,,,,ARR,
7716,SOAD-S 720,LEC,OPEN,,10,8,0,,Ricketts R,,,,ARR,
7717,SOAD-S 730,LEC,OPEN,,10,9,0,,Weintraub C,,,,ARR,
7718,SOAD-S 740,LEC,OPEN,,10,9,0,,Templeton T,,,,ARR,
7719,SOAD-S 760,LEC,OPEN,,10,10,0,,Gamblin J,,,,ARR,
7720,SOAD-S 770,LEC,OPEN,,10,10,0,,Pennington M,,,,ARR,
7721,SOAD-S 780,LEC,OPEN,,10,10,0,,Jacquard N,,,,ARR,
7722,SOAD-S 790,LEC,OPEN,,10,10,0,,Nakagawa O,,,,ARR,
7723,SOAD-S 569,LEC,CLOSED,,15,0,0,IN_PERSON,Smith M,TUTH,09:35,10:50,AZ,130
7724,SOAD-S 571,LEC,OPEN,,15,7,0,IN_PERSON,Stanislav A,TUTH,14:20,17:05,AZ,A107
7725,SOAD-S 579,LEC,CLOSED,,15,0,0,IN_PERSON,Smith M,TUTH,09:35,10:50,AZ,130
7726,SOAD-S 580,LEC,OPEN,,16,5,0,IN_PERSON,Caldwell A,TUTH,11:10,13:55,FA,210
7727,SOAD-S 581,LEC,OPEN,,15,11,0,IN_PERSON,Caldwell A,MOWE,12:45,15:30,FA,210
7728,SOAD-S 589,LEC,CLOSED,,15,0,0,IN_PERSON,Smith M,TUTH,09:35,10:50,AZ,130
7729,SOAD-S 591,LEC,OPEN,,15,7,0,IN_PERSON,Nakagawa O,TUTH,14:20,17:05,FA,020
7730,SOAD-S 599,LEC,CLOSED,,15,0,0,IN_PERSON,Smith M,TUTH,09:35,10:50,AZ,130
7731,SOAD-U 700,LEC,OPEN,,20,19,0,,Smith M,,,,ARR,
7732,MUS-P 131,LEC,OPEN,,8,3,0,IN_PERSON,Yao E,MOWE,12:45,13:35,MA,318
7733,HISP-S 200,LEC,CLOSED,,24,0,0,IN_PERSON,Alsmadi A,MOWEFR,15:10,16:00,GA,0009
7734,MUS-O 411,LEC,OPEN,,12,4,0,,Allen J,,,,ARR,
7735,MUS-O 412,LEC,OPEN,,10,4,0,,Williams A,,,,ARR,
7736,MUS-O 413,LEC,CLOSED,,10,0,0,,Dobbins S,,,,ARR,
7737,MUS-O 414,LEC,OPEN,,10,8,0,,Gillespie L,,,,ARR,
7738,MUS-O 421,LEC,OPEN,,10,3,0,,Walsh T,,,,ARR,
7739,MUS-O 431,LEC,OPEN,,12,2,0,,Raymond J,,,,ARR,
7740,MUS-O 432,LEC,OPEN,,12,5,0,,Wallace W,,,,ARR,
7741,MUS-O 441,LEC,OPEN,,18,11,0,,Caswell R,,,,ARR,
7742,SPH-K 212,LEC,CLOSED,,144,0,11,IN_PERSON,Mooradian E,TUTH,09:35,10:50,WH,120
7743,SPH-N 120,LAB,CLOSED,,15,0,0,IN_PERSON,Getty V,MO,15:30,18:30,PH,09
7744,SOAD-S 541,LEC,OPEN,,10,3,0,IN_PERSON,Templeton T,TUTH,14:20,17:05,AZ,134
7745,SOAD-S 551,LEC,OPEN,,6,4,0,IN_PERSON,Hott C,MOWE,12:45,15:30,FA,240
7746,SOAD-S 561,LEC,OPEN,,15,5,0,IN_PERSON,Gamblin J,TUTH,11:10,13:55,AZ,A024
7748,SOAD-S 560,LEC,OPEN,HAND BUILDING,4,4,0,IN_PERSON,Kleckner E,MOWE,09:10,11:55,FA,152
7749,SOAD-S 560,LEC,OPEN,ADVANCED THROWING,1,1,0,IN_PERSON,Gamblin J,TUTH,14:20,17:05,FA,152
7750,SOAD-S 590,LEC,OPEN,PORTRAITURE,16,7,0,IN_PERSON,Nakagawa O,TUTH,11:10,13:55,FA,023
7751,SOAD-M 599,LEC,OPEN,,6,6,0,,Christiansen D,,,,ARR,
7752,HPSC-X 533,LEC,OPEN,,10,10,0,,Schickore J,,,,ARR,
7753,CEUS-T 111,LEC,OPEN,,5,5,0,IN_PERSON,Hodjaev M,MOWEFR,10:25,11:15,WB,WEB
7754,CEUS-T 511,LEC,OPEN,,5,5,0,IN_PERSON,Hodjaev M,MOWEFR,10:25,11:15,WB,WEB
7755,FOLK-F 800,LEC,OPEN,,1,1,0,,Shukla P,,,,ARR,
7756,MUS-M 513,LEC,OPEN,HST & PERF OF LAT JAZZ & SALSA,15,8,0,IN_PERSON,Wallace W,MOWEFR,10:25,11:15,SM,C113
7757,EDUC-R 590,LEC,OPEN,,20,20,0,,Ozogul G,,,,WB,WEB
7758,CEUS-T 798,LEC,OPEN,POST ADV LANG STUDY-HUNGARIAN,4,4,0,,Varga V,,,,WB,WEB
7759,EDUC-L 600,LEC,OPEN,,15,7,0,,Hines M,,,,WB,WEB
7760,SLAV-U 503,LEC,OPEN,,5,3,0,IN_PERSON,Melnyk S,MOWEFR,09:10,10:00,GA,3018
7761,MUS-P 110,LAB,CLOSED,,8,0,0,IN_PERSON,Yao E,TUTH,13:55,14:45,MA,315
7763,INFO-I 699,LEC,OPEN,,20,20,0,,Guidi G; Kemp J,,,,ARR,
7765,NEUS-G 901,LEC,OPEN,,3,3,0,,Mackie K,,,,ARR,
7766,MSCH-X 498,LEC,OPEN,,1,1,0,,,,,,ARR,
7767,PHIL-P 804,LEC,OPEN,,10,10,0,,Ebbs G,,,,ARR,
7768,PHYS-P 802,LEC,OPEN,,5,5,0,,Messier M; Campbell J,,,,ARR,
7771,SPH-I 272,LEC,OPEN,,50,47,0,,Noel A,,,,WB,WEB
7772,INTL-I 680,LEC,OPEN,,10,10,0,,O'Reilly J,,,,ARR,
7773,DSCI-D 591,LEC,OPEN,,80,72,0,,Shih P; Sinders R; Anderson D,,,,ARR,
7774,DSCI-D 699,LEC,OPEN,,25,21,0,,Shih P; Sinders R; Anderson D,,,,ARR,
7775,DSCI-D 699,LEC,OPEN,,10,10,0,,Shih P; Sinders R; Anderson D,,,,ARR,
7794,NURS-B 444,CLN,CLOSED,,10,0,0,IN_PERSON,Eads S,TH,06:45,19:15,HD,TBA
7796,NURS-H 476,CLN,CLOSED,,10,0,0,IN_PERSON,Harden D,SASU,07:00,20:30,HD,TBA
7802,SLHS-S 555,LEC,OPEN,,60,18,0,IN_PERSON,Spencer C,TUTH,12:45,14:00,AH,C1021Z
7803,BUS-G 202,LEC,CLOSED,,250,0,9,IN_PERSON,Kreft S,TUTH,15:55,17:10,HH,2075
7804,BUS-L 375,LEC,CLOSED,,50,0,46,IN_PERSON,Keller L,MOWE,12:45,14:00,HH,4030
7805,BUS-L 375,LEC,CLOSED,,50,0,25,IN_PERSON,Fort T,TUTH,09:35,10:50,HH,1034
7806,BUS-L 293,LEC,CLOSED,,40,0,29,IN_PERSON,Guevara A,TUTH,14:20,15:35,HH,3059
7807,BUS-M 346,LEC,CLOSED,,35,0,16,IN_PERSON,Kong X,TUTH,12:45,14:00,HH,1038
7808,SLAV-R 366,LEC,OPEN,,30,10,0,IN_PERSON,Shrager M,MOWE,15:55,17:10,WH,008
7809,ECON-E 370,LEC,CLOSED,,35,0,2,IN_PERSON,Jo M,MOWE,14:20,15:35,BH,242
7810,ECON-E 370,LEC,CLOSED,,180,0,2,IN_PERSON,Krukava N,TUTH,11:10,12:25,FA,015
7811,BUS-A 537,LEC,CLOSED,,38,0,0,IN_PERSON,Stomberg B,MOWE,09:25,10:50,CG,2069
7812,BUS-A 537,LEC,OPEN,,32,1,0,IN_PERSON,Stomberg B,MOWE,11:05,12:30,CG,2069
7816,SPH-B 634,LEC,OPEN,,30,25,0,,Eastman-Mueller H,,,,WB,WEB
7817,SPH-B 675,LEC,OPEN,,10,10,0,,Sherwood-Laughlin C,,,,WB,WEB
7818,ECON-E 530,LEC,OPEN,,15,5,0,IN_PERSON,Beshkar M,TUTH,11:10,12:25,WY,111
7820,SPH-H 710,LEC,OPEN,,20,12,0,IN_PERSON,Sherwood-Laughlin C,TU,11:30,14:00,LH,328
7821,CLAS-C 209,LEC,CLOSED,,60,0,13,IN_PERSON,Smith L,MOWE,09:10,10:00,GA,1118
7822,SPH-K 327,LEC,CLOSED,,40,0,3,IN_PERSON,Kercher K,TUTH,14:20,15:35,WB,WEB
7824,MELC-A 500,LEC,OPEN,,20,7,0,IN_PERSON,Oduncu R,MOWE,13:55,14:45,BH,318
7825,MHO-M 301,LEC,CLOSED,,35,0,3,IN_PERSON,Harvey P,TUTH,12:45,14:00,LI,028
7826,CSCI-C 200,LAB,OPEN,,20,1,0,IN_PERSON,Dalkilic M,FR,12:45,14:40,IF,0119
7827,CSCI-C 323,LEC,OPEN,,62,15,0,IN_PERSON,Qaaidi S,MO,12:45,14:00,IF,0117
7830,EDUC-G 206,LEC,OPEN,,30,17,0,,Ealum M,,,,WB,WEB
7831,EDUC-G 207,LEC,CLOSED,,20,0,0,,Steinfeldt J,,,,WB,WEB
7832,EDUC-G 355,LEC,OPEN,,20,16,0,,Jeon M,,,,WB,WEB
7833,SPH-V 235,LEC,CLOSED,,85,0,0,,Hocevar B,,,,WB,WEB
7834,ILS-Z 331,LEC,CLOSED,,45,0,3,IN_PERSON,Choksy C,MOWE,12:45,14:00,IF,1104
7835,ILS-Z 555,LEC,CLOSED,,3,0,0,IN_PERSON,Choksy C,MOWE,12:45,14:00,IF,1104
7839,EDUC-P 696,LEC,CLOSED,,12,0,0,IN_PERSON,Maloy Shepley M,TU,14:20,16:50,ED,1235
7840,LING-L 431,LEC,OPEN,,12,1,0,IN_PERSON,Berkson K,TUTH,11:10,12:25,BH,240
7841,HISP-S 326,LEC,OPEN,,24,4,0,IN_PERSON,Jurado Eraso J,TUTH,14:20,15:35,GA,0009
7842,ENGR-E 201,LAB,CLOSED,,20,0,0,IN_PERSON,Musser J,TH,16:45,18:00,IF,4111
7843,THTR-T 547,LEC,OPEN,,10,6,0,IN_PERSON,Hopson A,TUTH,09:35,10:50,TH,A002
7846,ENGR-E 500,LEC,OPEN,,50,21,0,IN_PERSON,Lasassmeh S,MO,15:10,16:00,BH,346
7847,ENGR-E 503,LEC,OPEN,,50,32,0,IN_PERSON,Acharya R,TUTH,12:45,14:00,I,E130
7848,ENGR-E 504,LEC,OPEN,,21,5,0,IN_PERSON,Glazier J,TUTH,09:35,10:50,IF,4012
7849,ENGR-E 506,LEC,OPEN,,16,8,0,IN_PERSON,Garyfallidis E,MOWE,11:10,12:25,I,105
7850,INFO-I 360,LEC,OPEN,,44,15,0,IN_PERSON,Lee E,MOWE,11:10,12:25,AC,C102
7851,INFO-I 399,LEC,OPEN,PROBLEM SOLVING,25,11,0,IN_PERSON,Pierz D,MOWE,12:45,15:15,I,232
7852,CLAS-X 473,LEC,OPEN,,5,5,0,,Bannon C,,,,ARR,
7853,CLAS-X 476,LEC,OPEN,,5,5,0,,Bannon C,,,,ARR,
7854,OPT-V 758,LEC,OPEN,,88,18,0,IN_PERSON,Lyon D,WE,10:30,12:20,OP,111
7855,OPT-V 758,LAB,OPEN,,22,3,0,IN_PERSON,Lyon D,TH,08:00,09:50,OP,106
7856,OPT-V 758,LAB,OPEN,,22,5,0,IN_PERSON,Lyon D,TH,10:00,11:50,OP,106
7857,OPT-V 758,LAB,OPEN,,22,4,0,IN_PERSON,Lyon D,TH,13:00,14:50,OP,106
7858,OPT-V 758,LAB,OPEN,,22,6,0,IN_PERSON,Lyon D,TH,15:00,16:50,OP,106
7860,PSY-P 324,LEC,CLOSED,,106,0,5,IN_PERSON,Vlachos-Weber I,MOWEFR,12:45,13:35,PY,101
7861,PSY-P 324,LEC,CLOSED,,106,0,4,IN_PERSON,Viken R,TUTH,14:20,15:35,PY,101
7863,PSY-X 397,LEC,OPEN,,20,20,0,,Lorenzo-Luaces L,,,,ARR,
7864,PSY-X 398,LEC,OPEN,,20,20,0,,Lorenzo-Luaces L,,,,ARR,
7865,PSY-X 497,LEC,OPEN,,20,20,0,,Lorenzo-Luaces L,,,,ARR,
7866,PSY-X 498,LEC,OPEN,,20,20,0,,Lorenzo-Luaces L,,,,ARR,
7867,EDUC-L 539,LEC,OPEN,,6,3,0,IN_PERSON,Samuelson B,MOWE,12:45,14:00,ED,2275
7868,EDUC-L 540,LEC,OPEN,,15,7,0,,Samuelson B,,,,WB,WEB
7869,MUS-T 410,LEC,OPEN,MUSIC AND MIND,15,5,0,IN_PERSON,Goldman A,TUTH,11:10,12:25,MA,006
7870,PHYS-P 201,DIS,CLOSED,,30,0,5,IN_PERSON,Liao J; Beggs J; Govin R,TU,15:10,16:00,SW,219
7871,PHYS-P 201,DIS,CLOSED,,30,0,3,IN_PERSON,Beggs J; Liao J; Govin R,TH,08:00,08:50,SW,219
7872,MUS-M 435,LEC,OPEN,,12,7,0,IN_PERSON,Blendulf J,MOWE,10:10,11:00,MU,204
7873,BIOT-T 590,LEC,OPEN,,20,20,0,,Bollivar D,,,,ARR,
7874,BIOT-T 590,LEC,OPEN,,20,20,0,,Bollivar D,,,,ARR,
7875,MUS-E 524,LEC,OPEN,,20,15,0,IN_PERSON,Gault B,MOWEFR,09:10,11:05,SM,005
7876,SLST-S 302,LEC,OPEN,,24,14,0,IN_PERSON,Yilmaz Y,TUTH,11:10,12:25,BH,314
7877,SLST-S 112,LEC,OPEN,,80,14,0,IN_PERSON,Iverson M; Yang L,TUTH,12:45,14:00,BH,104
7878,MUS-Z 101,LEC,CLOSED,,45,0,0,IN_PERSON,Cook C; Roosma M,MOWE,15:10,16:40,WB,WEB
7879,JSTU-H 150,LEC,OPEN,,12,2,0,IN_PERSON,Weiss A,MOWE,10:25,11:15,BH,105
7880,EALC-E 100,LEC,OPEN,,120,1,0,IN_PERSON,O'Bryan S,MOWE,09:10,10:00,BH,110
7881,EURO-E 100,LEC,OPEN,,15,5,0,IN_PERSON,Hess F,MOWE,17:30,18:20,BH,219
7882,BUS-M 300,LEC,CLOSED,,100,0,6,IN_PERSON,Dong G,TUTH,08:00,09:15,GY,1045
7883,BUS-M 300,LEC,CLOSED,,100,0,10,IN_PERSON,Palmer Jr P,MOWE,15:55,17:10,WB,WEB
7884,SPEA-E 183,LEC,CLOSED,,64,0,4,IN_PERSON,Jo S,MOWE,15:55,17:10,PV,276
7885,SPEA-E 183,LEC,CLOSED,,64,0,11,IN_PERSON,Vera D,MOWE,12:45,14:00,TV,245
7887,SPEA-V 186,LEC,CLOSED,,102,0,10,IN_PERSON,Duncan D,MOWE,14:20,15:35,PV,167
7888,SPEA-V 202,LEC,OPEN,,100,25,4,IN_PERSON,Lee S,MOWE,17:30,18:45,PV,167
7889,SPEA-V 361,LEC,OPEN,,64,37,0,IN_PERSON,Renner T,MOWE,09:35,10:50,PV,A201
7891,BUS-K 507,LEC,OPEN,,48,2,0,IN_PERSON,Baird J,MOWE,11:05,12:30,CG,1022
7893,GNDR-G 101,LEC,CLOSED,,25,0,0,IN_PERSON,Johnson C; Hunsicker R,MOWE,15:10,16:00,LH,025
7894,GNDR-G 101,LEC,CLOSED,,25,0,0,IN_PERSON,Johnson C; Blundell Osorio M,MOWE,16:20,17:10,LH,101
7895,SOAD-S 250,LEC,CLOSED,,18,0,0,IN_PERSON,Irvin R,TUTH,11:10,13:55,FA,137
7896,SOAD-S 351,LEC,CLOSED,,16,0,1,IN_PERSON,Viramontes J,TUTH,14:20,17:05,FA,137
7897,MUS-T 351,LEC,CLOSED,,25,0,2,IN_PERSON,Tabak L,MOWEFR,09:35,10:50,MA,454
7916,SWK-S 683,LEC,OPEN,,15,1,0,IN_PERSON,Thomas S,TH,09:10,11:55,AH,C3053A
7917,SPH-E 496,LEC,OPEN,,20,19,0,,Finley K,,,,ARR,
7918,MSCH-G 310,LEC,OPEN,,36,24,1,IN_PERSON,Castronova E,MOWE,09:35,10:50,FF,310
7919,EDUC-U 208,LEC,OPEN,,30,30,0,,DeSawal D,,,,HD,TBA
7920,EDUC-X 156,LEC,OPEN,,18,9,0,IN_PERSON,Koke A; Burk J,MO,15:10,17:10,CU,304
7921,SPH-Y 560,LEC,OPEN,,30,6,0,,McKissock B,,,,WB,WEB
7922,ILS-Z 639,LEC,OPEN,,25,12,0,IN_PERSON,Ghazinejad A,TU,12:45,15:15,WH,109
7923,SPH-F 417,LEC,OPEN,,40,29,0,IN_PERSON,Murray M,TUTH,08:00,09:15,BH,340
7924,SPH-S 650,LEC,OPEN,METRICS IN SAFETY MANAGEMENT,20,10,0,,Seo D,,,,WB,WEB
7925,SPH-V 241,LEC,CLOSED,,85,0,1,,Rodriguez R,,,,WB,WEB
7928,BUS-A 310,LEC,CLOSED,,52,0,34,IN_PERSON,Andrews A,MOWE,11:10,12:25,HH,3034
7929,SPEA-E 183,LEC,OPEN,,34,1,0,IN_PERSON,Venier M,TUTH,11:10,12:25,BQ,C129
7930,SPH-M 415,LEC,CLOSED,,150,0,13,IN_PERSON,Chen P,TUTH,14:20,15:35,ED,1120
7931,MUS-I 300,LEC,OPEN,,15,4,0,IN_PERSON,Raymond J,MO,16:20,17:20,SM,340
7932,SPEA-E 183,LEC,CLOSED,,64,0,5,IN_PERSON,Anthony E,MOWE,14:20,15:35,SE,105
7933,MUS-I 500,LEC,OPEN,,15,4,0,IN_PERSON,Raymond J,MO,16:20,17:20,SM,340
7934,SPEA-E 363,LEC,CLOSED,,35,0,2,IN_PERSON,Willett M,MOWE,12:45,14:00,PV,A223
7935,SPEA-V 181,LEC,CLOSED,,100,0,7,IN_PERSON,Carpenter R,MOWE,11:10,12:25,PV,167
7936,SPEA-V 181,LEC,CLOSED,,100,0,5,IN_PERSON,Graham J,MOWE,11:10,12:25,PV,169
7937,SPEA-V 182,LEC,CLOSED,,100,0,6,IN_PERSON,Siena S,TUTH,09:35,10:50,PV,169
7938,SPEA-V 182,LEC,CLOSED,,100,0,4,IN_PERSON,Karaagac J,MOWE,09:35,10:50,PV,169
7939,SPEA-V 182,LEC,CLOSED,,100,0,2,IN_PERSON,Preston D,MOWE,15:55,17:10,PV,167
7941,SPEA-V 182,LEC,OPEN,,34,1,0,IN_PERSON,Karaagac J,MOWE,12:45,14:00,BQ,C129
7942,SPH-V 235,LEC,OPEN,,50,21,0,IN_PERSON,Ximenes E,TUTH,15:55,17:10,BH,330
7943,SPEA-V 373,LEC,CLOSED,,55,0,1,IN_PERSON,Grundmann D,MOWE,12:45,14:00,WH,111
7944,SPEA-V 435,LEC,CLOSED,,45,0,4,IN_PERSON,Griffith D,TUTH,14:20,15:35,PV,A335
7946,AADM-Y 550,LEC,OPEN,,48,41,0,,Starnes M,,,,ARR,
7947,AADM-Y 562,LEC,OPEN,,24,7,0,IN_PERSON,Wylie R,TU,08:00,10:30,BH,338
7948,SPEA-V 478,LEC,CLOSED,,30,0,16,IN_PERSON,O'Guinn D,MOWE,14:20,15:35,PV,A221
7949,BUS-C 104,BIDS,CLOSED,,32,0,0,IN_PERSON,Smith A,TUTH,12:45,14:00,HH,3022
7950,SPEA-E 400,LEC,OPEN,PERMACULTURE,30,5,0,IN_PERSON,Baird R,TUTH,12:45,14:00,LH,135
7951,EDUC-L 239,LEC,OPEN,,18,6,0,IN_PERSON,Samuelson B,MOWE,12:45,14:00,ED,2275
7952,ILS-Z 115,LEC,CLOSED,,30,0,0,IN_PERSON,Choksy C,MOWE,15:55,17:10,IF,1104
7953,AAAD-A 156,LEC,CLOSED,,40,0,0,IN_PERSON,Clarkson A,TUTH,11:10,12:25,LI,026
7954,PHYS-P 500,LEC,OPEN,,70,68,0,IN_PERSON,Snow W,WE,16:00,17:00,SW,119
7955,SPEA-V 476,LEC,OPEN,,48,16,0,IN_PERSON,Stedman K,TUTH,15:55,17:10,LH,130
7956,ENGR-E 537,LEC,CLOSED,,15,0,0,IN_PERSON,Gumennik A,TUTH,11:10,12:25,HD,TBA
7957,ANTH-A 122,LEC,CLOSED,,30,0,1,IN_PERSON,Robinson J; Song Z,TUTH,15:55,17:10,TE,F102
7958,CSCI-A 541,LEC,CLOSED,,0,0,0,,Holland A,,,,WB,WEB
7959,MSCI-M 512,LEC,OPEN,GRANT WRITING,7,4,0,IN_PERSON,Innes R; O'Hagan H,TH,13:30,16:30,MY,209
7960,SWK-S 141,LEC,CLOSED,,30,0,0,IN_PERSON,Guthrie S,TUTH,12:45,14:00,ED,2101
7961,EDUC-M 425,LEC,OPEN,,100,78,0,,Hunnicutt T; Walterman S,,,,ARR,
7962,FRIT-M 100,LEC,CLOSED,,22,0,1,IN_PERSON,Avallone C,MOWEFR,13:55,14:45,SB,140
7964,SLHS-S 571,LEC,OPEN,,20,6,0,IN_PERSON,Bidelman G,MOWE,09:35,10:50,AH,C3051Z
7965,SOAD-F 305,LEC,OPEN,,22,3,0,IN_PERSON,Christiansen D,MOWE,12:45,15:30,KH,313
7966,SOAD-M 327,LEC,OPEN,,24,5,0,IN_PERSON,Pearson D,MOWE,09:35,10:50,KH,116
7969,INFO-I 370,LEC,OPEN,,50,32,0,IN_PERSON,Siek K,TUTH,11:10,12:25,AC,C002
7971,CJUS-P 100,LEC,CLOSED,,60,0,1,IN_PERSON,O'Neill J,TUTH,14:20,15:35,JH,065
7972,CJUS-P 100,LEC,CLOSED,,60,0,0,IN_PERSON,Haring J,TUTH,09:35,10:50,WH,004
7973,CJUS-P 100,LEC,CLOSED,,60,0,1,IN_PERSON,Ridner H,MOWE,09:35,10:50,WH,004
7974,SOAD-C 381,LEC,OPEN,OBJECT AND PRODUCT DESIGN,15,10,0,IN_PERSON,Fertik M,MOWE,09:10,11:55,TV,139
7975,SOAD-S 290,LEC,CLOSED,,18,0,0,IN_PERSON,Castillo J,TUTH,14:20,17:05,FA,004
7976,LAW-B 554,LEC,CLOSED,,19,0,1,IN_PERSON,Popkin W,MOTUWE,08:45,09:40,LW,214
7977,LAW-B 680,LEC,OPEN,,38,15,0,IN_PERSON,Widiss D,MOTUWE,10:55,11:50,LW,213
7979,LAW-L 766,LEC,CLOSED,,18,0,0,IN_PERSON,Levesque R,TH,12:45,14:45,LW,203
7984,MSCH-A 305,LEC,CLOSED,,25,0,2,IN_PERSON,Osterman A,MOWE,12:45,14:00,FF,114
7992,MLS-M 410,LEC,OPEN,,20,5,0,IN_PERSON,Chen L,MOWE,15:15,16:30,SI,001
7993,EDUC-R 799,LEC,OPEN,,90,77,0,,Ozogul G,,,,WB,WEB
7994,MUS-O 912,LEC,OPEN,,10,4,0,,Williams A,,,,ARR,
7995,MUS-O 914,LEC,OPEN,,10,9,0,,Gillespie L,,,,ARR,
7996,MUS-O 913,LEC,OPEN,,10,10,0,,Dobbins S,,,,ARR,
7997,MUS-O 921,LEC,OPEN,,10,10,0,,Walsh T,,,,ARR,
7998,MUS-O 911,LEC,OPEN,,12,4,0,,Allen J,,,,ARR,
7999,MUS-O 932,LEC,OPEN,,10,9,0,,Wallace W,,,,ARR,
8000,MUS-O 941,LEC,OPEN,,18,11,0,,Caswell R,,,,ARR,
8001,MUS-O 921,LEC,OPEN,,10,9,0,,Ward G,,,,ARR,
8002,MUS-O 931,LEC,OPEN,,10,9,0,,Raymond J,,,,ARR,
8003,BUS-K 327,LEC,CLOSED,,34,0,1,IN_PERSON,Serex P,TUTH,14:20,15:35,HH,4057
8004,HISP-S 250,LEC,CLOSED,,24,0,2,IN_PERSON,Ahearn-Wood D,MOWETH,16:20,17:10,GA,0013
8005,MUS-L 121,LEC,CLOSED,,10,0,1,,Jankovic P,,,,WB,WEB
8006,MUS-L 121,LEC,CLOSED,,10,0,0,IN_PERSON,Jankovic P,MOWE,17:30,18:20,SM,149C
8007,MUS-L 121,LEC,CLOSED,,10,0,0,,Jankovic P,,,,WB,WEB
8008,MUS-L 121,LEC,OPEN,,10,1,0,IN_PERSON,Jankovic P,TUTH,15:10,16:00,SM,242
8009,MUS-L 121,LEC,CLOSED,,10,0,0,IN_PERSON,Jankovic P,WEFR,16:20,17:10,RE,D005
8010,MUS-L 121,LEC,CLOSED,,10,0,0,IN_PERSON,Jankovic P,WEFR,15:10,16:00,SM,C113
8011,SPH-X 650,LEC,OPEN,,80,66,0,,Nelson E,,,,WB,WEB
8012,SPH-X 660,LEC,OPEN,,83,59,0,,Guerra Reyes L,,,,WB,WEB
8013,SPEA-V 439,LEC,CLOSED,,24,0,15,IN_PERSON,Shassberger J,MOWE,15:55,17:10,PV,A205
8014,MUS-Z 120,LEC,OPEN,,30,1,0,IN_PERSON,Renk C,TUTH,09:35,10:50,SM,373
8016,SPEA-E 457,LEC,CLOSED,,24,0,0,IN_PERSON,Primack A,TUTH,11:10,12:25,BH,338
8017,MUS-Z 283,LEC,CLOSED,,50,0,16,IN_PERSON,Finchum-Sung H,TUTH,15:55,17:10,WB,WEB
8018,MSCH-A 301,LEC,CLOSED,,125,0,12,IN_PERSON,Blotkamp J,MOWE,14:20,15:35,TV,251
8021,MSCH-C 209,LEC,CLOSED,,140,0,0,IN_PERSON,Jamison-Koenig T,MOWE,14:20,15:35,BH,310
8024,THTR-T 491,LEC,OPEN,,30,12,0,IN_PERSON,Valentine A,MOWE,12:45,14:00,TH,A201
8025,EAS-G 810,LEC,OPEN,,5,5,0,,Brassell S,,,,ARR,
8026,EAS-G 810,LEC,CLOSED,,5,0,1,,Rader S,,,,ARR,
8027,EAS-G 810,LEC,OPEN,,7,2,0,,Edmonds D,,,,ARR,
8028,EAS-G 810,LEC,OPEN,,5,5,0,,Elswick E,,,,ARR,
8029,EAS-G 810,LEC,OPEN,,5,5,0,,Hamburger M,,,,ARR,
8030,EAS-G 810,LEC,OPEN,,5,5,0,,Herrmann E,,,,ARR,
8031,EAS-G 810,LEC,OPEN,,5,5,0,,Johnson C,,,,ARR,
8032,EAS-G 810,LEC,OPEN,,5,4,0,,Johnson K,,,,ARR,
8033,EAS-G 810,LEC,OPEN,,5,4,0,,Kieu C,,,,ARR,
8034,EAS-G 810,LEC,OPEN,,5,5,0,,Kirkpatrick C,,,,ARR,
8035,EAS-G 810,LEC,OPEN,,5,5,0,,Li C,,,,ARR,
8036,EAS-G 810,LEC,OPEN,,5,4,0,,Njau J,,,,ARR,
8037,EAS-G 810,LEC,OPEN,,5,3,0,,Polly P,,,,ARR,
8038,EAS-G 810,LEC,OPEN,,5,1,0,,Kravitz B,,,,ARR,
8039,EAS-G 810,LEC,OPEN,,5,3,0,,Stevens Goddard A,,,,ARR,
8040,EAS-G 810,LEC,OPEN,,5,5,0,,Sauer P,,,,ARR,
8041,EAS-G 810,LEC,OPEN,,10,8,0,,Schieber J,,,,ARR,
8042,EAS-G 810,LEC,OPEN,,5,5,0,,Schimmelmann A,,,,ARR,
8043,EAS-G 810,LEC,OPEN,,5,5,0,,Staten P,,,,ARR,
8044,EAS-G 810,LEC,OPEN,,5,5,0,,Zhu C,,,,ARR,
8045,EAS-G 810,LEC,OPEN,,5,4,0,,Yanites B,,,,ARR,
8046,EAS-G 810,LEC,OPEN,,5,2,0,,O'Brien T,,,,ARR,
8047,SPEA-E 340,LEC,CLOSED,,48,0,3,IN_PERSON,Zirogiannis N,MOWE,12:45,14:00,PV,277
8049,SPEA-V 412,LEC,CLOSED,,48,0,4,IN_PERSON,White K,MOWE,19:05,20:20,PV,A335
8052,ENGR-E 313,LEC,OPEN,,5,3,0,IN_PERSON,Siek J,TUTH,14:20,15:35,I,107
8053,ENGR-E 318,LEC,OPEN,,8,2,0,IN_PERSON,Musser J,TUTH,12:45,14:00,IF,1106
8054,ENGR-E 318,DIS,OPEN,,8,2,0,IN_PERSON,,FR,13:55,14:45,GY,1043
8055,SPEA-E 536,LEC,OPEN,,64,20,0,IN_PERSON,Raff J,MOWE,12:45,14:00,PV,A201
8056,CSCI-C 231,LEC,OPEN,,67,2,0,IN_PERSON,Bahramian H,TUTH,09:35,10:50,BH,203
8057,SPEA-A 450,LEC,OPEN,SEM RURAL & GRASSROOTS ARTS,18,5,0,IN_PERSON,Starnes A,TUTH,11:10,12:25,PV,273
8058,AADM-Y 500,LEC,OPEN,SEM RURAL & GRASSROOTS ARTS,18,5,0,IN_PERSON,Starnes A,TUTH,11:10,12:25,PV,273
8060,BUS-X 519,LEC,OPEN,,35,18,0,IN_PERSON,Telthorst G,TU,18:15,21:15,CG,1040
8061,NURS-S 488,LEC,CLOSED,,60,0,0,IN_PERSON,Watts P,FR,13:00,15:00,AH,C1001X
8063,PHYS-P 804,LEC,OPEN,,1,1,0,,Messier M; Campbell J,,,,ARR,
8064,SPEA-V 339,LEC,CLOSED,,35,0,4,IN_PERSON,Hansen R,MOWE,09:35,10:50,GA,0003
8065,HIST-G 901,LEC,OPEN,,100,86,0,,Shopkow L,,,,ARR,
8066,HIST-H 543,LEC,CLOSED,,1,0,0,,Shopkow L,,,,ARR,
8067,HIST-H 575,LEC,OPEN,,50,48,0,,Shopkow L,,,,ARR,
8068,HIST-H 575,LEC,OPEN,,50,50,0,,Shopkow L,,,,ARR,
8069,HIST-H 575,LEC,OPEN,,50,50,0,,Shopkow L,,,,ARR,
8070,HIST-H 898,LEC,OPEN,,1,1,0,,Shopkow L,,,,ARR,
8071,HIST-H 899,LEC,OPEN,,99,74,0,,Shopkow L,,,,ARR,
8073,EDUC-X 150,LEC,OPEN,BECOMING THE BEST STUDENT,19,14,0,IN_PERSON,Guest-Scott A; Mathews H,TUTH,11:10,12:25,AC,C118
8074,EDUC-X 150,LEC,OPEN,BECOMING THE BEST STUDENT,19,9,0,IN_PERSON,Guest-Scott A; Mathews H,TUTH,12:45,14:00,AC,C118
8076,OVST-D 396,LEC,OPEN,,15,10,0,,Carty S,,,,ARR,
8077,LTAM-Q 201,LEC,OPEN,,2,2,0,IN_PERSON,Konwest E,MOWE,10:00,12:00,WB,WEB
8078,LTAM-Q 601,LEC,OPEN,,2,2,0,IN_PERSON,Konwest E,MOWE,10:00,12:00,WB,WEB
8079,SLAV-P 301,LEC,OPEN,,4,4,0,IN_PERSON,Sicinski L,TUTH,11:10,12:25,WB,WEB
8080,SOAD-S 492,LEC,OPEN,,15,7,0,IN_PERSON,Nakagawa O,TUTH,14:20,17:05,FA,020
8081,PSY-X 497,LEC,OPEN,,20,20,0,,Fyfe E,,,,ARR,
8082,PSY-X 498,LEC,OPEN,,20,20,0,,Fyfe E,,,,ARR,
8084,BUS-F 365,LEC,CLOSED,,52,0,37,IN_PERSON,Renn G,TUTH,11:10,12:25,MN,C210
8085,EDUC-N 717,LEC,OPEN,,24,15,0,IN_PERSON,Tillema E,FR,14:20,16:50,ED,3017
8086,OVST-F 498,LEC,OPEN,,20,18,0,,Carty S,,,,ARR,
8087,OVST-Q 496,LEC,OPEN,,20,20,0,,Carty S,,,,ARR,
8088,OVST-D 396,LEC,OPEN,,20,20,0,,Carty S,,,,ARR,
8089,MUS-O 132,LEC,OPEN,,5,3,0,,Wallace W,,,,ARR,
8090,GER-V 605,LEC,OPEN,,16,3,0,IN_PERSON,King T,MOWE,09:10,10:00,MA,004
8092,BUS-G 350,LEC,CLOSED,,35,0,10,IN_PERSON,Rice J,TUTH,11:10,12:25,HH,3006
8093,CHEM-C 343,LAB,CLOSED,,20,0,0,IN_PERSON,Christopher T,TH,17:20,21:20,CH,149
8094,CHEM-C 343,LAB,CLOSED,,20,0,2,IN_PERSON,Ramirez de Arellano Rosario I,WE,12:40,16:40,CH,149
8095,EALC-J 201,LEC,OPEN,,33,2,1,IN_PERSON,Matsubara M,TUTH,10:25,11:15,WI,C109
8096,EALC-J 201,LEC,CLOSED,,33,0,0,IN_PERSON,Matsubara M,TUTH,10:25,11:15,WI,C109
8098,NURS-H 403,LEC,CLOSED,,10,0,0,IN_PERSON,Allen M,TU,07:00,20:30,HD,TBA
8099,NURS-H 403,LEC,CLOSED,,10,0,0,IN_PERSON,Allen M,TU,07:00,20:30,HD,TBA
8100,NURS-H 403,LEC,CLOSED,,10,0,0,IN_PERSON,Mattox K,TH,07:00,20:30,HD,TBA
8101,NURS-H 403,LEC,CLOSED,,10,0,0,IN_PERSON,Mattox K,TH,07:00,20:30,HD,TBA
8102,MUS-E 459,LEC,CLOSED,BRASS PEDAGOGY,6,0,1,IN_PERSON,Tartell J,TUTH,09:10,10:00,SM,005
8103,BUS-A 324,LEC,CLOSED,,52,0,17,IN_PERSON,Ruiz C,MOWE,09:35,10:50,HH,1030
8104,BUS-A 324,LEC,CLOSED,,52,0,4,IN_PERSON,Lunsford T,MOWE,19:05,20:20,HH,3034
8105,BUS-A 324,LEC,CLOSED,,52,0,29,IN_PERSON,Ruiz C,MOWE,11:10,12:25,HH,1030
8106,BUS-A 327,LEC,CLOSED,,52,0,5,IN_PERSON,Coleman F,MOWE,15:55,17:10,HH,2050
8107,SWK-S 204,LEC,CLOSED,,30,0,0,,Chang J,,,,WB,WEB
8108,INFO-I 399,LEC,OPEN,CEWIT U-GRAD RESEARCH METHODS,66,14,0,,Simms J; Horton A,,,,WB,WEB
8109,HPSC-X 433,LEC,OPEN,,10,10,0,,Schickore J,,,,ARR,
8112,MUS-M 368,LEC,OPEN,,30,12,0,IN_PERSON,Wroth S,MOWE,10:25,11:15,MA,452
8113,EDUC-J 705,LEC,OPEN,,12,10,0,IN_PERSON,Barton K,FR,11:10,13:40,ED,3115
8115,SPH-C 329,LEC,CLOSED,,125,0,16,IN_PERSON,Kramper M,MOWE,12:45,14:00,RB,110
8116,LAW-B 707,LEC,OPEN,,50,39,0,,,,,,ARR,
8117,MELC-X 490,LEC,OPEN,,1,1,0,,Alsaleh A,,,,ARR,
8118,SOAD-M 404,LEC,CLOSED,,30,0,2,IN_PERSON,Robertson C,MOWE,14:20,15:35,KH,116
8119,MATH-E 449,LEC,OPEN,,40,1,0,IN_PERSON,Neese B,TUTH,17:30,18:45,BH,340
8129,MUS-P 400,LEC,OPEN,,18,14,0,,Klinton D,,,,ARR,
8130,MUS-P 800,LEC,OPEN,,5,5,0,,Naoumoff E,,,,ARR,
8131,MUS-P 900,LEC,OPEN,,18,6,0,,Naoumoff E,,,,ARR,
8132,ABEH-X 491,LEC,OPEN,,10,10,0,,Wellman C,,,,ARR,
8135,MUS-P 111,LEC,CLOSED,,8,0,0,IN_PERSON,Yao E,MOWE,10:25,11:15,MA,315
8136,SLHS-S 532,LEC,OPEN,,47,14,0,IN_PERSON,Mesa C,TUTH,14:20,15:35,AH,C1020Y
8137,EDUC-Y 520,LEC,CLOSED,,20,0,2,,Rutkowski D,,,,WB,WEB
8140,HPSC-X 102,LEC,CLOSED,,35,0,1,IN_PERSON,Sun Y,MOWE,11:10,12:25,I,107
8142,INFO-I 590,LEC,OPEN,CYBER DEFENSE COMPETITIONS,26,19,0,IN_PERSON,Guo H,TU,12:45,15:15,IF,3115
8143,CSCI-B 649,LEC,OPEN,CYBER DEFENSE COMPETITIONS,26,19,0,IN_PERSON,Guo H,TU,12:45,15:15,IF,3115
8144,EDUC-G 625,LEC,OPEN,,10,9,0,,Peterson Z,,,,ARR,
8145,GRAD-G 806,LEC,OPEN,,3,3,0,,Hugenberg K,,,,ARR,
8146,MUS-F 419,LEC,CLOSED,CELLO ORCHESTRAL REPERTOIRE,10,0,0,IN_PERSON,Kim E,TU,10:25,11:15,JS,315
8147,MUS-F 519,LEC,CLOSED,CELLO ORCHESTRA REPERTOIRE,10,0,0,IN_PERSON,Kim E,TU,10:25,11:15,JS,315
8148,SOAD-Z 501,LEC,OPEN,,15,6,0,IN_PERSON,Acosta S,MOTH,13:00,18:00,HD,TBA
8149,SOAD-Z 511,LEC,OPEN,,15,5,0,IN_PERSON,Wilson T,TUWE,13:00,18:00,HD,TBA
8150,SPH-M 404,LEC,CLOSED,HIGH SCHOOL ATHLETIC ADMIN,100,0,4,,Shelton J,,,,WB,WEB
8151,SOAD-N 198,LEC,OPEN,,60,1,1,IN_PERSON,Ondrik D,MOWE,09:10,10:00,FA,102
8152,SOAD-N 198,LAB,CLOSED,,20,0,1,IN_PERSON,Raikow S,FR,09:10,10:00,FA,004
8153,SOAD-N 198,LAB,CLOSED,,20,0,0,IN_PERSON,Raikow S,FR,10:25,11:15,FA,004
8154,SOAD-N 198,LAB,OPEN,,20,1,0,IN_PERSON,Raikow S,FR,11:35,12:25,FA,004
8156,SPH-R 799,LEC,OPEN,,10,10,0,,Allsop J,,,,ARR,
8157,SPH-R 791,LEC,OPEN,,10,10,0,,Allsop J,,,,ARR,
8158,SPH-R 792,LEC,OPEN,,10,10,0,,Allsop J,,,,ARR,
8159,MUS-V 580,LEC,OPEN,,14,1,0,IN_PERSON,King T,TUTH,09:10,10:00,MA,004
8160,SOAD-X 373,LEC,OPEN,,10,10,0,,Smith K,,,,ARR,
8161,PHYS-P 804,LEC,OPEN,,1,1,0,,Klein S; Campbell J,,,,ARR,
8162,SLAV-U 503,LEC,OPEN,,5,4,0,IN_PERSON,Melnyk S,MOWEFR,09:10,10:00,WB,WEB
8164,MUS-P 111,LEC,OPEN,,8,3,0,IN_PERSON,Yao E,TUTH,10:25,11:15,MA,315
8165,SPH-K 599,LEC,OPEN,,5,5,0,,Madsen L,,,,ARR,
8166,ENGR-E 687,LEC,OPEN,,10,5,0,,Guo F,,,,ARR,
8167,CSCI-Y 790,LEC,OPEN,,10,10,0,,Khardon R,,,,ARR,
8168,CSCI-Y 790,LEC,OPEN,,10,10,0,,Lu G,,,,ARR,
8171,SLST-S 690,LEC,OPEN,,10,8,0,,Sprouse R,,,,ARR,
8172,CSCI-P 538,LEC,CLOSED,,35,0,3,IN_PERSON,Musser J,TUTH,12:45,14:00,IF,1106
8173,CSCI-P 538,DIS,CLOSED,,35,0,3,IN_PERSON,Musser J,FR,15:10,16:00,IF,1104
8175,FRIT-M 250,LEC,OPEN,,22,3,0,IN_PERSON,Salvo D,MOWEFR,11:35,12:25,BH,141
8177,SPH-R 142,LEC,OPEN,,250,109,0,,McKissock B,,,,WB,WEB
8178,MUS-M 501,LEC,CLOSED,,15,0,0,IN_PERSON,Saltzstein J; Hile E,MOWEFR,08:00,08:50,SM,294
8179,SPH-K 799,LEC,OPEN,,10,10,0,,Carter S,,,,ARR,
8180,EDUC-R 505,LEC,OPEN,,20,20,0,,Boling E,,,,HD,TBA
8181,GRAD-G 806,LEC,OPEN,,3,3,0,,Yanites B,,,,ARR,
8182,MUS-O 814,LEC,OPEN,,1,1,0,,Gillespie L,,,,ARR,
8183,MUS-I 300,LEC,OPEN,,23,10,0,IN_PERSON,Gulyak S,WE,19:00,21:00,JS,315
8184,MUS-I 500,LEC,OPEN,,23,10,0,IN_PERSON,Gulyak S,WE,19:00,21:00,JS,315
8185,MUS-P 131,LEC,OPEN,,2,1,0,,Yao E,,,,ARR,
8186,PSY-X 397,LEC,OPEN,,20,14,0,,Hugenberg K,,,,ARR,
8187,PSY-X 397,LEC,OPEN,,20,20,0,,Diekman A,,,,ARR,
8188,PSY-X 397,LEC,OPEN,,20,20,0,,Betzel R,,,,ARR,
8189,PSY-X 398,LEC,OPEN,,20,20,0,,Hugenberg K,,,,ARR,
8190,PSY-X 398,LEC,OPEN,,20,19,0,,Diekman A,,,,ARR,
8191,PSY-X 398,LEC,OPEN,,20,20,0,,Betzel R,,,,ARR,
8192,PSY-X 497,LEC,OPEN,,20,20,0,,Katona I,,,,ARR,
8193,PSY-X 497,LEC,OPEN,,20,20,0,,Diekman A,,,,ARR,
8194,PSY-X 497,LEC,OPEN,,20,20,0,,Betzel R,,,,ARR,
8195,PSY-X 498,LEC,OPEN,,20,19,0,,Hugenberg K,,,,ARR,
8196,PSY-X 498,LEC,OPEN,,20,20,0,,Diekman A,,,,ARR,
8197,PSY-X 498,LEC,OPEN,,20,20,0,,Betzel R,,,,ARR,
8198,CEUS-T 111,LEC,OPEN,,5,4,0,IN_PERSON,Hodjaev M,MOWEFR,10:25,11:15,GA,3032
8199,CEUS-T 511,LEC,OPEN,,5,4,0,IN_PERSON,Hodjaev M,MOWEFR,10:25,11:15,GA,3032
8200,PHYS-P 802,LEC,OPEN,,5,5,0,,Messier M; Campbell J,,,,ARR,
8201,ARTH-A 207,LEC,CLOSED,,90,0,0,IN_PERSON,Gleisser F,TUTH,11:10,12:25,FA,102
8202,BUS-BE 304,LEC,OPEN,,50,4,0,IN_PERSON,Fairchild A; Martel J; Fossen B; Niewoehner R; Landis R,MOWE,11:20,12:35,HH,4000
8203,BUS-BE 304,LEC,OPEN,,50,5,0,IN_PERSON,Monaco S; Petersen F; Godfrey Z; Evans N,MOWE,14:20,15:35,HH,4000
8204,BUS-BE 375,LEC,CLOSED,,239,0,0,IN_PERSON,McManus K; Clark R; Pottgen W; Mole D,MOWE,08:00,09:05,HH,2083
8205,MSCH-BE 400,LEC,OPEN,,34,11,0,IN_PERSON,Emigh W; Pizer P,TUTH,14:20,15:35,FF,310
8206,BUS-BE 375,LEC,OPEN,,171,11,0,IN_PERSON,Mole D; Kratz J; McManus K; Kalish J,MOWE,08:00,09:05,HH,1059
8207,BUS-BE 375,LEC,OPEN,,175,2,0,IN_PERSON,Pottgen W; Mole D; Kalish J; McManus K,MOWE,08:00,09:05,HH,1055
8208,MUS-BE 131,LEC,OPEN,,50,12,0,IN_PERSON,Diaz F,TUTH,10:25,11:15,MC,036
8209,MUS-BE 232,LEC,OPEN,,20,5,0,IN_PERSON,Draper A,TUTH,11:10,12:25,SM,350
8210,MUS-BE 281,LEC,OPEN,,18,1,0,IN_PERSON,Diaz F,MOTUWETH,09:10,10:00,MC,070
8211,MUS-BE 301,LEC,OPEN,,14,3,0,IN_PERSON,Travers A,MO,19:55,20:45,SM,267
8212,MUS-BE 337,LEC,CLOSED,,22,0,0,IN_PERSON,Diaz F,MOTUWETH,12:45,13:35,MA,454
8213,BUS-BE 375,LEC,CLOSED,,235,0,0,IN_PERSON,Clark R; Blair III J; Mole D; DeShano M,MOWE,10:35,11:40,HH,2083
8214,BUS-BE 375,LEC,CLOSED,,170,0,0,IN_PERSON,Fitter J; Pottgen W; Marek B; Pittsford B,MOWE,10:35,11:40,HH,1059
8215,BUS-BE 375,LEC,CLOSED,,170,0,0,IN_PERSON,McManus K; Kratz J; Fitter J; Kalish J,MOWE,10:35,11:40,HH,1055
8216,BUS-BE 375,LEC,CLOSED,,235,0,0,IN_PERSON,Kratz J; Adair T; Pittsford B; Marek B,MOWE,13:10,14:15,HH,2083
8218,EDUC-BE 445,LEC,OPEN,,18,11,0,IN_PERSON,Nyikos M,MOWE,17:30,18:45,ED,1250
8219,EDUC-BE 502,LEC,CLOSED,,20,0,0,,Rutkowski L; Qiu Y,,,,WB,WEB
8223,EDUC-BE 604,LEC,OPEN,,18,5,0,IN_PERSON,Qiu Y; Huang S,TU,09:10,10:00,ED,1204
8224,EDUC-BG 416,LEC,CLOSED,,18,0,0,IN_PERSON,Hylton R; McNeill E,TH,11:10,13:40,ED,1225
8225,EDUC-BG 421,LEC,OPEN,,25,2,0,IN_PERSON,Reardon S; Paulson A,TH,09:10,10:00,ED,3115
8226,EDUC-BG 422,LEC,OPEN,,19,12,0,IN_PERSON,Burch L; Crissman A,MOWE,16:05,17:20,ED,3017
8227,EDUC-BG 446,LEC,OPEN,,20,15,0,IN_PERSON,Maltese A; Dolino L,MOWE,15:55,17:10,ED,3105
8228,ENG-W 131,LEC,CLOSED,,23,0,0,IN_PERSON,Baek S; Rivera A,MOWEFR,09:10,10:00,SE,245
8229,ENG-W 131,LEC,CLOSED,,23,0,1,IN_PERSON,Masanek J; Rivera A,MOWEFR,09:10,10:00,BH,215
8230,MSCI-M 335,LEC,CLOSED,,25,0,0,,Riggins L,,,,WB,WEB
8231,MSCI-M 535,LEC,OPEN,,3,2,0,,Riggins L,,,,WB,WEB
8234,BUS-A 591,LEC,CLOSED,,38,0,8,IN_PERSON,Andrews A,TUTH,11:05,12:30,CG,1022
8236,MUS-T 261,LEC,CLOSED,,0,0,0,IN_PERSON,Ivanovitch R,MOTUWETHFR,10:25,11:15,SM,340
8237,ENGR-E 490,LEC,OPEN,,45,17,0,IN_PERSON,Lasassmeh S,TUTH,14:20,15:35,GY,4068
8238,HISP-S 308,LEC,CLOSED,,4,0,0,IN_PERSON,Davis K,TUTH,12:45,14:00,BH,231
8239,SPH-R 220,LEC,CLOSED,,60,0,1,IN_PERSON,Knapp J,MOWEFR,10:25,11:15,AC,C002
8240,SPH-B 310,LEC,OPEN,,50,20,0,IN_PERSON,Rotich J,MOWE,09:35,12:05,WB,WEB
8241,SPH-H 180,LEC,OPEN,,63,48,0,IN_PERSON,Yuan C,TU,15:55,17:10,PH,013
8242,ILS-Z 503,LEC,CLOSED,,25,0,2,IN_PERSON,Martell A,TU,16:20,18:50,IF,1104
8243,SPH-B 315,LEC,OPEN,,60,10,0,,Johnston J,,,,WB,WEB
8244,SPH-I 119,LAB,OPEN,,35,7,0,IN_PERSON,Miller R; Bowdoin B,TUTH,09:10,10:00,GF,199
8245,NURS-K 301,LEC,OPEN,,15,10,0,,Hill C,,,,WB,WEB
8246,ECON-S 370,LEC,OPEN,,30,6,0,IN_PERSON,Krukava N,TUTH,14:20,15:35,SB,221
8247,SPH-T 323,LEC,OPEN,,50,13,0,IN_PERSON,Thomas C,TUTH,11:10,12:25,GA,1100
8248,SPH-T 425,LEC,OPEN,,60,21,0,IN_PERSON,Thomas C,TUTH,09:35,10:50,GA,1128
8249,SPH-W 113,LEC,CLOSED,,16,0,1,IN_PERSON,Brown N; Kivland T,TU,18:40,21:10,EG,020
8250,SPH-W 113,LEC,CLOSED,,16,0,0,IN_PERSON,Brown N; Kivland T,MO,18:40,21:10,EG,020
8251,SPH-W 116,LEC,OPEN,,20,9,0,IN_PERSON,Brown N; Laun T; Green D; Kivland T,SASU,08:30,17:00,HD,TBA
8252,SPH-W 132,LEC,CLOSED,,16,0,0,IN_PERSON,Brown N; Kivland T,TU,18:40,21:10,EG,020
8253,SPH-W 144,LEC,CLOSED,,16,0,1,IN_PERSON,Brown N; Kivland T,MO,18:40,21:10,EG,020
8254,SPH-W 144,LEC,CLOSED,,16,0,0,IN_PERSON,Brown N; Kivland T,MO,18:40,21:10,EG,020
8255,SPH-W 305,LEC,OPEN,,22,8,0,IN_PERSON,Brown N; Street T; Kivland T,TUTH,15:55,17:55,EG,020
8256,SPH-W 331,LEC,OPEN,,20,8,0,IN_PERSON,Calvin D; Brown N; Kivland T,TUTH,15:55,19:55,HD,TBA
8257,ABEH-A 350,LEC,CLOSED,,24,0,3,IN_PERSON,Fudickar A,WE,09:00,12:00,JH,061
8258,AFRI-L 232,LEC,OPEN,,35,5,0,IN_PERSON,Odugbemi I,TUTH,14:20,15:35,LI,028
8259,INTL-I 206,DIS,OPEN,,30,2,0,IN_PERSON,Lee H,FR,11:35,12:25,ED,1230
8261,INTL-I 206,DIS,OPEN,,30,4,0,IN_PERSON,Lee H,FR,10:25,11:15,ED,1230
8263,INTL-I 206,DIS,CLOSED,,30,0,0,IN_PERSON,Lee H,FR,12:45,13:35,ED,1230
8264,EALC-C 101,LEC,OPEN,,22,13,0,IN_PERSON,Catalano S; Lyu X,TUTH,13:55,14:45,SY,106
8265,EALC-C 101,LEC,OPEN,,22,13,0,IN_PERSON,Catalano S; Lyu X,TUTH,13:55,14:45,SY,106
8266,EALC-C 101,LEC,OPEN,,25,10,0,IN_PERSON,Catalano S; Lyu X,TUTH,12:45,13:35,JH,A106
8267,EALC-C 101,LEC,OPEN,,25,10,0,IN_PERSON,Catalano S; Lyu X,TUTH,12:45,13:35,JH,A106
8268,EALC-C 201,LEC,OPEN,,28,3,0,IN_PERSON,Liles X,TUTH,11:35,12:25,BH,208
8269,EALC-C 201,LEC,OPEN,,28,3,0,IN_PERSON,Liles X,TUTH,11:35,12:25,BH,208
8270,EALC-C 201,DRL,CLOSED,,14,0,0,IN_PERSON,Liles X,MOWEFR,11:35,12:25,WH,002
8271,EALC-C 201,DRL,CLOSED,,14,0,0,IN_PERSON,Liles X,MOWEFR,11:35,12:25,WH,002
8272,EALC-C 301,LEC,OPEN,,35,1,1,IN_PERSON,Lu Y; Liu X,TUTH,11:35,12:25,BH,242
8273,EALC-C 533,LEC,CLOSED,,35,0,0,IN_PERSON,Lu Y; Liu X,TUTH,11:35,12:25,BH,242
8274,EALC-C 301,DRL,CLOSED,,13,0,0,IN_PERSON,Lu Y,MOWEFR,12:45,13:35,BH,333
8275,EALC-C 301,DRL,OPEN,,13,3,0,IN_PERSON,Lu Y,MOWEFR,13:55,14:45,JH,A107
8276,EALC-C 533,DRL,OPEN,,13,3,0,IN_PERSON,Lu Y,MOWEFR,13:55,14:45,JH,A107
8277,ENGR-E 299,LEC,OPEN,,84,34,0,IN_PERSON,Sadik O,WE,19:05,20:20,LU,1001
8280,FRIT-M 200,LEC,CLOSED,,22,0,2,IN_PERSON,Cani S,MOWEFR,12:45,13:35,BH,229
8282,CSCI-C 200,LAB,OPEN,,20,8,0,IN_PERSON,Dalkilic M,TH,17:30,19:20,BH,107
8283,EDUC-P 250,LEC,OPEN,,30,1,0,,Little T,,,,WB,WEB
8284,EDUC-G 310,LEC,OPEN,,25,1,0,,Donnelly C,,,,WB,WEB
8286,EDUC-P 670,LEC,OPEN,,18,4,0,IN_PERSON,Bellini S,WE,09:35,12:10,ED,1220
8287,CSCI-B 363,LAB,OPEN,,25,5,0,IN_PERSON,Tao C,FR,11:30,12:45,LH,030
8288,EDUC-L 750,LEC,CLOSED,TRANSLANGUAGING,9,0,0,,Lemrow E,,,,WB,WEB
8290,BIOL-L 485,LEC,OPEN,,8,7,0,IN_PERSON,Calvi B; Hollenhorst P; Nikolov L,TUTH,12:45,14:00,JH,440
8293,JSTU-H 250,LEC,OPEN,,8,3,0,IN_PERSON,Weiss A,MOWE,12:45,13:35,BH,216
8295,MSCH-C 220,LEC,OPEN,,50,18,0,IN_PERSON,Mishler N,TUTH,14:20,15:35,TV,245
8298,MUS-Z 111,LEC,CLOSED,,40,0,0,IN_PERSON,Guntren A; DiPaolo N,TUTH,09:35,10:50,WB,WEB
8300,ENGR-E 518,LEC,OPEN,,8,7,0,IN_PERSON,Musser J,TUTH,12:45,14:00,IF,1106
8301,ENGR-E 518,DIS,OPEN,,8,7,0,IN_PERSON,Musser J,FR,15:10,16:00,IF,1104
8302,CJUS-K 300,LEC,CLOSED,,300,0,1,IN_PERSON,Bowman R; Owens S; Cohen G; LaPradd D; Rodriguez A,MOWE,12:45,13:35,BH,013
8303,STAT-S 426,LEC,OPEN,,15,7,0,IN_PERSON,Manrique-Vallier D,MOWE,09:35,10:50,ED,2101
8304,STAT-S 626,LEC,OPEN,,20,7,0,IN_PERSON,Manrique-Vallier D,MOWE,09:35,10:50,ED,2101
8305,BIOL-L 112,DIS,CLOSED,,24,0,1,IN_PERSON,Chooi Y,TU,19:55,20:45,JH,A106
8306,LAMP-X 491,LEC,OPEN,,10,10,0,,Benard S,,,,ARR,
8307,MSCH-P 354,LEC,CLOSED,,15,0,1,IN_PERSON,Poortinga G,TUTH,12:45,14:00,TV,250
8309,STAT-S 352,LEC,OPEN,,50,4,0,IN_PERSON,Wang J,MOWEFR,10:25,11:15,BH,006
8310,EDUC-N 101,LEC,CLOSED,,24,0,1,IN_PERSON,Shojaei L,MOWE,09:35,10:50,ED,3115
8311,EDUC-M 334,LEC,CLOSED,,20,0,1,IN_PERSON,Perez B,TU,09:35,11:10,ED,3115
8312,EDUC-M 334,LEC,CLOSED,,20,0,0,IN_PERSON,Perez B,WE,11:10,12:45,ED,3115
8313,PHYS-P 222,DIS,CLOSED,,36,0,3,IN_PERSON,Mitchell R,TUTH,09:10,10:00,SW,214
8314,PHYS-P 222,LAB,OPEN,,18,4,1,IN_PERSON,Mitchell R,TH,08:00,09:55,SW,113
8315,PHYS-P 222,LAB,CLOSED,,22,0,2,IN_PERSON,Mitchell R,TH,10:25,12:20,SW,113
8316,PACE-X 473,LEC,OPEN,,5,5,0,,Fraley M,,,,ARR,
8317,COGS-Q 370,LEC,CLOSED,,25,0,1,IN_PERSON,Goldstone R,TUTH,09:35,10:50,PY,120A
8318,GNDR-X 474,LEC,OPEN,,2,2,0,,Maher J,,,,ARR,
8319,SOAD-A 100,LEC,CLOSED,,20,0,6,IN_PERSON,Blacklock K,WE,13:55,14:45,FA,145
8320,COGS-Q 370,LAB,CLOSED,,25,0,1,IN_PERSON,Goldstone R,WE,13:50,14:40,GY,2053
8322,BUS-J 375,LEC,CLOSED,,40,0,3,IN_PERSON,Eibling D,MO,14:20,15:35,HH,2057
8324,BUS-D 411,LEC,CLOSED,,35,0,6,IN_PERSON,Bu J,TUTH,09:35,10:50,HH,2049
8326,SEAS-T 201,LEC,OPEN,,10,5,0,IN_PERSON,Khadee K,MOWEFR,10:25,11:15,BH,134
8327,BUS-S 305,LEC,OPEN,,35,11,0,IN_PERSON,Dennis A,MOWE,09:35,10:50,HH,4006
8328,BUS-K 353,LEC,CLOSED,,45,0,0,IN_PERSON,Xie T,MOWE,12:45,14:00,HH,4059
8329,SGIS-S 150,LEC,OPEN,,64,1,0,IN_PERSON,Lotven S,FR,12:45,13:35,GA,1118
8331,EALC-J 201,LEC,OPEN,,32,1,1,IN_PERSON,Matsubara M,TUTH,09:10,10:00,WI,C109
8332,ENGR-E 890,LEC,OPEN,,40,28,0,,Kim Y,,,,ARR,
8333,ENGR-E 788,LEC,OPEN,,20,20,0,,Kim Y,,,,ARR,
8334,ENGR-G 901,LEC,OPEN,,30,26,0,,,,,,ARR,
8335,SWK-S 505,LEC,OPEN,,25,2,0,IN_PERSON,Boys S,TU,12:45,15:30,AH,C1023
8336,SPH-H 319,LEC,OPEN,,48,33,0,IN_PERSON,Sherry J,MOWE,14:20,15:35,GA,1134
8337,HISP-X 270,LEC,OPEN,,5,5,0,,Risner J; Herrera I,,,,ARR,
8339,SPH-R 230,LEC,CLOSED,,55,0,3,IN_PERSON,Fitzgerald R,TUTH,12:45,14:00,GA,1100
8340,SOAD-A 100,LEC,CLOSED,,20,0,3,IN_PERSON,Alunei A,WE,15:10,16:00,FA,145
8341,EDUC-N 101,LEC,CLOSED,,24,0,2,IN_PERSON,Shojaei L,MOWE,11:10,12:25,ED,2275
8342,HUBI-B 400,LEC,OPEN,THE ANATOMY OF A PANDEMIC,26,12,0,IN_PERSON,Hardy R,WE,09:10,12:00,MO,107
8343,AMST-A 100,LEC,CLOSED,BORDER NATION,70,0,4,IN_PERSON,Barajas A,TUTH,11:10,12:25,BH,203
8344,MSCI-M 553,LEC,OPEN,,8,8,0,,,,,,ARR,
8345,NEUS-G 901,LEC,OPEN,,5,5,0,,Candy T,,,,ARR,
8346,NEUS-G 901,LEC,OPEN,,5,5,0,,Farley J,,,,ARR,
8347,EDUC-G 625,LEC,OPEN,,15,12,0,,Martinez R,,,,ARR,
8348,ENGR-E 399,LEC,CLOSED,RAPID PROTOTYPING,15,0,0,IN_PERSON,Gumennik A,TUTH,11:10,12:25,HD,TBA
8350,ENGR-E 687,LEC,OPEN,,10,9,0,,Sharma P,,,,ARR,
8351,EDUC-G 204,LEC,OPEN,,30,3,0,,Gu S,,,,WB,WEB
8352,CHEM-C 681,LEC,OPEN,,34,15,0,IN_PERSON,Park Y; Singh D,MOWEFR,11:10,12:25,CX,A400
8353,CHEM-C 682,LEC,OPEN,,23,7,0,IN_PERSON,Park Y; Singh D,MOWEFR,11:10,12:25,CX,A400
8354,SPH-M 518,LEC,OPEN,,20,9,0,IN_PERSON,Lovell D,MOWE,14:20,15:35,SY,210
8355,SPH-M 428,LEC,OPEN,,150,89,0,IN_PERSON,Renshler E,TUTH,09:35,10:50,WH,101
8356,SPH-I 119,LAB,CLOSED,,35,0,0,IN_PERSON,Boyer M; Teipen K,TUTH,13:55,14:45,GF,199
8357,SPH-V 241,LEC,OPEN,,85,20,0,,Greaves J,,,,WB,WEB
8358,EDUC-G 203,LEC,CLOSED,,28,0,0,IN_PERSON,Gately R,MOWE,15:55,17:10,ED,1230
8361,EDUC-R 641,LEC,OPEN,,7,7,0,IN_PERSON,Boling E,TU,12:45,15:30,ED,3002
8362,CHEM-C 362,LEC,OPEN,,30,3,0,IN_PERSON,Iyengar S,MOWEFR,11:35,12:25,BH,206
8363,CHEM-C 362,DIS,OPEN,,30,3,0,IN_PERSON,Singh S,FR,13:55,14:45,JH,001
8364,EDUC-W 200,LEC,CLOSED,,24,0,0,IN_PERSON,Elbarbary A; Kale U,TUTH,14:20,15:35,ED,2015
8365,SPH-K 212,LEC,OPEN,,159,1,3,IN_PERSON,Mooradian E,TUTH,15:55,17:10,WH,101
8366,SPH-K 305,LEC,OPEN,,50,18,0,IN_PERSON,Moscicki B,TUTH,12:45,14:00,BH,005
8367,SPH-A 510,LEC,OPEN,,20,8,0,,Sage B,,,,ARR,
8368,SPH-A 511,LEC,OPEN,,20,8,0,,Means W,,,,ARR,
8369,SPH-A 512,LEC,OPEN,,20,8,0,,Sage B,,,,ARR,
8370,SPH-I 370,LEC,OPEN,,24,8,0,IN_PERSON,Beeker C,MO,09:10,10:00,PH,012
8371,SPH-I 370,LEC,OPEN,,24,11,0,IN_PERSON,Beeker C,MO,13:55,14:45,PH,10
8372,SPH-I 370,LEC,OPEN,,24,4,0,IN_PERSON,Baelz J,TU,11:35,12:25,PH,012
8373,SPH-I 370,LEC,OPEN,,24,13,0,IN_PERSON,Kessler R,TU,13:55,14:45,PH,012
8374,SPH-I 370,LAB,OPEN,,8,3,0,IN_PERSON,Muckerheide S,WE,09:40,11:10,GF,194
8375,SPH-I 370,LAB,OPEN,,8,2,0,IN_PERSON,Wadzinski L,WE,11:30,13:00,GF,194
8376,SPH-I 370,LAB,OPEN,,8,2,0,IN_PERSON,Wadzinski L,WE,13:10,14:40,GF,194
8377,BUS-C 204,LEC,CLOSED,,24,0,1,IN_PERSON,Nikolova A,TUTH,17:30,18:45,HH,3046
8378,EDUC-L 799,LEC,OPEN,,15,2,0,,Daley S,,,,WB,WEB
8379,EALC-K 301,DRL,OPEN,,14,4,0,IN_PERSON,Jeong W,MOWEFR,10:25,11:15,EP,256
8380,BUS-C 104,LEC,CLOSED,,30,0,0,IN_PERSON,Butters R,MOWE,08:00,09:15,HH,3016
8381,BUS-C 104,BIDS,CLOSED,,32,0,0,IN_PERSON,Prange K,TUTH,08:00,09:15,WT,C115
8382,SWK-S 683,LEC,OPEN,,24,7,0,IN_PERSON,Holle L,TH,09:10,11:55,AH,C3051Z
8384,SPEA-A 163,LEC,OPEN,,48,19,0,IN_PERSON,Hatcher S,TUTH,09:35,10:50,PV,278
8385,BUS-C 204,LEC,CLOSED,,24,0,0,IN_PERSON,Graham P,MOWE,08:00,09:15,HH,3052
8386,MSCH-C 213,LEC,CLOSED,,40,0,15,IN_PERSON,Lin Y,TUTH,15:55,17:10,WH,004
8387,SPEA-E 422,LEC,CLOSED,,20,0,10,IN_PERSON,Mincey S,TUTH,11:10,12:25,HD,TBA
8388,SPEA-E 522,LEC,OPEN,,10,2,0,IN_PERSON,Mincey S,TUTH,11:10,12:25,HD,TBA
8389,SPEA-H 354,LEC,OPEN,,60,16,0,IN_PERSON,Simon K,MOWE,09:35,10:50,PV,277
8390,SPEA-V 202,LEC,CLOSED,,100,0,6,IN_PERSON,Simon D,TUTH,11:10,12:25,PV,169
8391,SPEA-V 409,LEC,OPEN,,24,15,0,IN_PERSON,Volsky B,FR,09:00,12:00,HD,TBA
8392,SPEA-V 424,LEC,CLOSED,,40,0,11,IN_PERSON,Helmke-Long L,TUTH,15:55,17:10,PV,A201
8394,BUS-C 104,BIDS,CLOSED,,32,0,0,IN_PERSON,Nevitt J,TUTH,15:55,17:10,HH,3016
8395,SPEA-V 499,LEC,OPEN,,15,8,0,IN_PERSON,Baggetta M,TUTH,09:35,10:50,PV,A203
8396,SPEA-V 425,LEC,OPEN,,48,3,0,IN_PERSON,Henry D,MOWE,18:30,19:45,PV,A201
8397,BUS-C 104,BIDS,CLOSED,,32,0,0,IN_PERSON,Yoder S,TUTH,12:45,14:00,CG,0001
8398,SPEA-E 332,LEC,OPEN,,28,2,0,IN_PERSON,Farmer J,FR,12:30,15:00,PV,274
8399,SOAD-F 202,LEC,OPEN,,16,8,0,IN_PERSON,Krienitz C,TU,10:25,11:15,KH,318
8400,CEUS-T 493,LEC,OPEN,POST-ADVANCED TIBETAN,2,2,0,,Rabsal G,,,,ARR,
8401,CEUS-T 798,LEC,OPEN,POST ADVANCED TIBETAN,2,2,0,,Rabsal G,,,,ARR,
8404,SPEA-V 506,LEC,OPEN,,40,26,0,IN_PERSON,Suttles S,TUTH,18:30,19:45,PV,A221
8405,SPCN-N 557,LEC,CLOSED,,30,0,7,,Tygret H,,,,WB,WEB
8406,SPCN-P 541,LEC,OPEN,,30,18,0,,Krutilla K,,,,WB,WEB
8407,SPCN-P 562,LEC,OPEN,,25,9,0,,Nelson A,,,,WB,WEB
8408,PSY-C 109,LEC,CLOSED,,250,0,18,,Ross K,,,,WB,WEB
8409,PSY-C 209,LEC,CLOSED,,125,0,17,,Ross K,,,,WB,WEB
8410,PSY-C 309,LEC,CLOSED,,125,0,14,,Ross K,,,,WB,WEB
8411,INFO-I 535,LEC,OPEN,,70,28,3,,Leykin A,,,,WB,WEB
8412,PHIL-P 242,LEC,CLOSED,,40,0,1,IN_PERSON,Walker E,MOWE,08:00,09:15,WY,125
8413,MHO-M 201,LEC,CLOSED,,35,0,7,IN_PERSON,Esola E,TUTH,09:35,10:50,LI,028
8415,EDUC-L 650,LEC,OPEN,,2,1,0,,Samuelson B,,,,ARR,
8416,MUS-Z 264,LEC,CLOSED,,42,0,0,IN_PERSON,Ostergard A,MOWE,18:40,19:55,WB,WEB
8418,ENGR-E 687,LEC,OPEN,,10,8,0,,Borner K,,,,ARR,
8419,ENGR-E 687,LEC,OPEN,,10,5,0,,Garyfallidis E,,,,ARR,
8420,ENGR-E 687,LEC,OPEN,,10,9,0,,Glazier J,,,,ARR,
8421,ENGR-E 687,LEC,OPEN,,10,10,0,,Gumennik A,,,,ARR,
8422,ENGR-E 687,LEC,OPEN,,15,14,0,,Jadhao V,,,,ARR,
8423,ENGR-E 687,LEC,OPEN,,10,8,0,,Jiang L,,,,ARR,
8424,ENGR-E 687,LEC,OPEN,,10,9,0,,Lewis G,,,,ARR,
8425,ENGR-E 687,LEC,OPEN,,10,6,0,,Liu L,,,,ARR,
8426,ENGR-E 687,LEC,OPEN,,10,9,0,,Lukefahr A,,,,ARR,
8428,ENGR-E 687,LEC,OPEN,,10,8,0,,Dantsker O,,,,ARR,
8430,MUS-P 110,LAB,CLOSED,,8,0,0,IN_PERSON,Yao E,MOWE,09:10,10:00,MA,315
8433,MUS-J 208,LEC,OPEN,,100,45,0,IN_PERSON,Janes R; McPherson A; Wroth S,TUTH,11:10,11:40,MC,305
8434,BUS-A 310,LEC,CLOSED,,52,0,18,IN_PERSON,Lee J,TUTH,15:55,17:10,HH,2050
8435,BUS-A 310,LEC,CLOSED,,52,0,11,IN_PERSON,Lee J,TUTH,17:30,18:45,HH,2050
8436,BUS-X 170,LEC,OPEN,,2600,323,0,,Bow B; Rerko K; Heidewald J; Arave G; Fitter J; Talbott J,,,,WB,WEB
8437,SPEA-V 456,LEC,OPEN,INTERNATIONAL LAW & POLICY,70,23,0,IN_PERSON,Waters T,TU,16:00,18:00,LW,125
8438,SPEA-V 456,LEC,CLOSED,POLITICS & THE ROLE OF COURTS,75,0,2,IN_PERSON,Almendares N,MOWE,09:35,10:50,LW,123
8439,SPEA-V 339,LEC,CLOSED,,35,0,4,IN_PERSON,Walsh C,TUTH,11:10,12:25,PV,163
8440,CSCI-H 200,LEC,OPEN,,18,9,0,IN_PERSON,Dalkilic M,MOWE,15:55,17:10,BH,241
8441,CSCI-H 200,LAB,OPEN,,18,9,0,IN_PERSON,Dalkilic M,FR,13:45,15:40,IF,0006
8443,BUS-F 600,LEC,OPEN,,10,3,0,IN_PERSON,Da R,MOWE,12:45,14:00,HH,6103
8444,SPEA-V 326,LEC,CLOSED,,35,0,1,IN_PERSON,Erwin III J,TUTH,11:10,12:25,BH,340
8445,MELC-M 696,LEC,OPEN,,16,15,0,IN_PERSON,Krueger F,WE,15:10,17:40,WH,114
8446,BUS-F 306,LEC,CLOSED,,60,0,10,IN_PERSON,Musumeci B,TUTH,12:45,14:00,WB,WEB
8447,LAW-B 645,LEC,OPEN,,65,26,0,IN_PERSON,Gjerdingen D,MOTUWE,09:50,10:45,LW,121
8448,POLS-Y 570,LEC,OPEN,,10,4,0,IN_PERSON,Webster S,TH,11:10,13:40,AC,C103
8450,COGS-Q 260,LEC,OPEN,,25,9,1,IN_PERSON,Eberle R,MOWE,11:00,12:15,GY,3060
8451,COGS-Q 260,LAB,OPEN,,25,9,1,IN_PERSON,Eberle R,FR,15:00,16:15,SB,131
8452,MUS-F 461,LEC,OPEN,,11,4,0,IN_PERSON,DiOrio D,MOFR,09:10,10:00,MA,405
8453,MUS-F 531,LEC,OPEN,,11,4,0,IN_PERSON,DiOrio D,MOFR,09:10,10:00,MA,405
8454,CSCI-C 322,LEC,OPEN,,75,46,0,IN_PERSON,German D,MOWE,11:10,12:25,SE,105
8455,CSCI-C 322,LAB,OPEN,,25,8,0,IN_PERSON,German D,TU,17:30,18:45,PH,154
8456,SPH-Y 378,LEC,OPEN,,50,12,0,IN_PERSON,Stanojevic C,TUTH,08:00,09:15,BH,227
8457,SPH-Y 378,LAB,OPEN,,25,12,0,IN_PERSON,McKissock B,TU,11:30,12:45,I,232
8458,MSCH-B 340,LEC,OPEN,,16,1,0,IN_PERSON,Whitaker P,MOWE,14:20,16:50,FF,215
8459,CLLC-X 273,LEC,OPEN,,10,10,0,,Kriegel L,,,,ARR,
8460,SPH-O 305,LEC,OPEN,,30,15,0,IN_PERSON,Forist B,FR,08:00,10:30,ARR,
8461,LING-X 477,LEC,OPEN,,20,20,0,,Bunger A,,,,ARR,
8462,EDUC-P 795,LEC,OPEN,,10,10,0,,Agger C,,,,WB,WEB
8463,ENGR-E 513,LEC,OPEN,,7,7,0,IN_PERSON,Siek J,TUTH,14:20,15:35,I,107
8464,CSCI-C 292,LEC,OPEN,,72,55,0,IN_PERSON,Holland A,MO,15:55,17:10,BH,008
8465,CSCI-C 292,LAB,OPEN,,36,19,0,IN_PERSON,Holland A,TUTH,17:30,18:50,FF,073
8466,MSCH-P 356,LEC,CLOSED,,12,0,0,IN_PERSON,Wrigley N,TH,11:45,15:15,FF,116
8468,CSCI-C 200,LAB,CLOSED,,20,0,0,IN_PERSON,Dalkilic M,TH,10:25,12:20,BH,117
8469,INFO-I 590,LEC,CLOSED,PROTOTYPING WITH ARDUINO TOOLS,7,0,1,IN_PERSON,Francisco M,MOWE,12:45,14:00,IF,4010
8470,EDUC-P 799,LEC,OPEN,,10,10,0,,,,,,WB,WEB
8471,EDUC-P 799,LEC,OPEN,,10,10,0,,,,,,WB,WEB
8472,SOAD-M 412,LEC,OPEN,,20,1,0,IN_PERSON,Pearson D,MOWE,11:10,12:25,KH,112
8473,SOAD-M 416,LEC,CLOSED,,30,0,1,IN_PERSON,Embry M,TUTH,12:45,14:00,VD,200
8474,PSY-P 895,LEC,OPEN,,10,8,0,,Hugenberg K,,,,ARR,
8475,PSY-P 895,LEC,OPEN,,10,8,0,,Diekman A,,,,ARR,
8476,AERO-A 151,LEC,OPEN,,80,16,0,IN_PERSON,Warner N; Harman T; Jenkins M,WE,06:30,08:30,HD,TBA
8477,EALC-C 467,LEC,OPEN,CONTMPRARY CHINA AND THE WORLD,10,4,0,IN_PERSON,Bao Y,TUTH,15:55,17:10,ED,2280
8478,ENGR-E 591,LEC,OPEN,,25,24,0,,Jiang L,,,,ARR,
8479,CSCI-Y 799,LEC,OPEN,,50,45,0,IN_PERSON,Heidari Khoozani M,FR,14:30,16:15,IF,1106
8480,ENGR-E 533,LEC,OPEN,,60,34,0,IN_PERSON,Acharya R,TUTH,09:35,10:50,I,E150
8481,ENGR-E 533,LEC,OPEN,,50,24,0,,Acharya R,,,,WB,WEB
8482,BUS-F 540,LEC,OPEN,,50,5,0,IN_PERSON,Sibley S,TUTH,12:45,14:10,CG,1026
8483,LAW-L 730,LEC,OPEN,INTL INTELLECTUAL PROPERTY,18,11,0,IN_PERSON,Leaffer M,TH,14:55,16:55,LW,214
8484,EDUC-G 207,LEC,CLOSED,,28,0,0,,Winsick N,,,,WB,WEB
8486,CEUS-T 798,LEC,OPEN,POST ADVANCED LANG-UYGHUR,4,4,0,,Nazarova G,,,,ARR,
8487,CSCI-C 291,LEC,OPEN,,40,18,0,IN_PERSON,Qaaidi S,TUTH,09:35,10:50,IF,1104
8488,MUS-X 40,DRL,OPEN,,14,14,0,IN_PERSON,Duarte D; Carbone V,MOWE,15:00,17:05,MA,B012
8490,OVST-F 498,LEC,OPEN,,10,10,0,,Carty S,,,,ARR,
8491,MSCH-J 365,LEC,CLOSED,,18,0,2,IN_PERSON,Paul C,TUTH,11:10,12:25,FF,003
8492,CHEM-J 117,LEC,CLOSED,,75,0,9,IN_PERSON,Porter M,MOWEFR,10:25,11:15,LH,102
8493,CHEM-J 117,DIS,CLOSED,,25,0,4,IN_PERSON,Santra S,MO,17:30,18:20,WH,203
8494,CHEM-J 117,DIS,CLOSED,,25,0,2,IN_PERSON,Kashyap S,MO,18:40,19:30,WH,203
8495,SOAD-M 519,LEC,OPEN,,2,1,0,,Christiansen D,,,,ARR,
8496,NEUS-G 901,LEC,OPEN,,5,5,0,,Garyfallidis E,,,,ARR,
8497,NEUS-G 901,LEC,OPEN,,5,4,0,,Port N,,,,ARR,
8498,NEUS-G 901,LEC,OPEN,,5,4,0,,Stark B,,,,ARR,
8499,LAW-B 658,LEC,OPEN,LEGAL ASPECTS OF HIGHER EDUC,8,1,0,,Rippner J; Decker J,,,,WB,WEB
8501,SPH-K 492,LEC,OPEN,,5,4,0,,Pangelinan M,,,,ARR,
8502,MUS-Z 110,LEC,OPEN,VIOLA UNDERGRAD ELECTIVE,1,1,0,,Wyrczynski S,,,,ARR,
8505,SPEA-V 450,LEC,OPEN,HR INFORMATION SYSTEMS,40,5,0,IN_PERSON,Hughes C,MOWE,12:45,14:00,LI,028
8506,EDUC-X 105,LEC,CLOSED,,20,0,6,IN_PERSON,Koke A; Raab C,TUTH,17:30,18:20,SY,037
8507,EDUC-X 105,LEC,CLOSED,,20,0,6,IN_PERSON,Koke A; Raab C,TUTH,18:40,19:30,SY,037
8508,EDUC-X 105,LEC,CLOSED,,20,0,7,IN_PERSON,Koke A; Thakuri N,TUTH,16:20,17:10,SY,210
8509,EDUC-X 105,LEC,CLOSED,,20,0,11,IN_PERSON,Koke A; Raab C,TUTH,17:30,18:20,ED,3115
8510,EDUC-X 105,LEC,CLOSED,,20,0,6,IN_PERSON,Koke A; Thakuri N,TUTH,16:20,17:10,SY,137
8511,EDUC-A 799,LEC,OPEN,,50,50,0,,Perrone F,,,,ARR,
8512,EDUC-A 799,LEC,OPEN,,50,47,0,,Perrone F,,,,ARR,
8513,AMST-G 805,LEC,OPEN,,10,6,0,,Lee S,,,,ARR,
8514,SPH-X 610,LEC,OPEN,,20,12,0,IN_PERSON,Kercher V,TU,09:35,10:50,PH,012
8515,SPH-X 610,LEC,OPEN,,77,55,0,,Johnston J,,,,WB,WEB
8516,BIOL-X 371,LEC,OPEN,,10,6,0,,Whitworth K,,,,ARR,
8517,BUS-K 204,LEC,CLOSED,,30,0,0,IN_PERSON,Jewell J,TUTH,08:00,09:15,MN,C018
8522,SPH-R 599,LEC,OPEN,,5,5,0,,Allsop J,,,,ARR,
8524,SPH-R 691,LEC,OPEN,,5,5,0,,Allsop J,,,,ARR,
8527,SPH-R 693,LEC,OPEN,,5,5,0,,Allsop J,,,,ARR,
8528,EDUC-P 656,LEC,OPEN,,19,6,0,IN_PERSON,Shriberg D,TU,12:45,15:15,ED,1201
8529,EDUC-G 625,LEC,OPEN,,15,10,0,,Steinfeldt J,,,,ARR,
8532,SPH-R 695,LEC,OPEN,,5,5,0,,Allsop J,,,,ARR,
8534,SPH-R 697,LEC,OPEN,,5,5,0,,Knapp J,,,,ARR,
8539,EDUC-N 103,LEC,CLOSED,,20,0,1,IN_PERSON,Leonis N,TUTH,12:45,14:00,ED,3017
8540,SPH-K 412,LEC,OPEN,,150,30,0,IN_PERSON,Carter S,TUTH,09:35,10:50,ED,1120
8541,MUS-Z 111,LEC,CLOSED,,40,0,0,IN_PERSON,Guntren A; DiPaolo N,TUTH,11:10,12:25,WB,WEB
8542,SWK-S 102,LEC,CLOSED,,20,0,0,,Taylor K,,,,WB,WEB
8543,POLS-Y 105,DIS,CLOSED,,27,0,0,IN_PERSON,Failer J,FR,11:35,12:35,BH,216
8544,POLS-Y 105,DIS,CLOSED,,27,0,0,IN_PERSON,Failer J,FR,12:45,13:35,SE,245
8545,MUS-O 421,LEC,OPEN,,10,6,0,,Ward G,,,,ARR,
8546,ANAT-A 515,LEC,OPEN,,10,10,0,,Dunham S; O'Loughlin V; Propst K; Hanson D,,,,ARR,
8547,LAW-B 705,LEC,OPEN,,50,44,0,,,,,,ARR,
8548,LAW-B 704,LEC,OPEN,,50,50,0,,,,,,ARR,
8549,SPH-E 358,LEC,OPEN,,37,20,0,IN_PERSON,Klopack E,MOWE,12:45,14:00,LI,026
8550,ENGR-E 591,LEC,OPEN,,25,24,0,,Jiang L,,,,ARR,
8567,OVST-S 499,LEC,OPEN,,10,10,0,,Carty S,,,,ARR,
8585,MUS-P 901,LEC,OPEN,,5,5,0,,Chen C,,,,ARR,
8608,BIOL-L 113,LEC,CLOSED,,24,0,5,IN_PERSON,Anderson A; Matlack D,TH,13:00,16:00,JH,A110
8611,MSCH-X 490,LEC,OPEN,,5,5,0,,Emigh W,,,,ARR,
8613,MUS-O 811,LEC,OPEN,,12,4,0,,Allen J,,,,ARR,
8615,MUS-O 821,LEC,OPEN,,2,2,0,,Ward G,,,,ARR,
8620,MUS-Y 822,LEC,OPEN,,18,12,0,,Stewart K,,,,ARR,
8622,MUS-Y 854,LEC,OPEN,,8,7,0,,Chang Kitano H; Marsh D,,,,ARR,
8623,MUS-Y 853,LEC,OPEN,,4,4,0,,Chang Kitano H; Marsh D,,,,ARR,
8624,MUS-Y 944,LEC,OPEN,,18,18,0,,Blendulf J,,,,ARR,
8625,MUS-Y 943,LEC,OPEN,,10,9,0,,Blendulf J,,,,ARR,
8628,SLAV-P 505,LEC,OPEN,,5,5,0,IN_PERSON,Sicinski L,TUTH,11:10,12:25,WB,WEB
8629,EALC-C 408,LEC,CLOSED,,10,0,0,IN_PERSON,Bao Y,WE,15:10,16:00,ED,2280
8630,CHEM-C 505,LEC,OPEN,,99,56,0,IN_PERSON,Bloch E,TH,08:00,09:15,CH,001
8631,SOAD-Z 601,LEC,OPEN,,15,11,0,IN_PERSON,Reinhart C,MOTH,13:00,18:00,HD,TBA
8632,SOAD-Z 611,LEC,OPEN,,15,7,0,IN_PERSON,Pardo Rojo L,TUWE,13:00,18:00,HD,TBA
8634,SPH-K 492,LEC,OPEN,,5,5,0,,Ryder R,,,,ARR,
8635,LTAM-L 727,LEC,OPEN,ADVANCED HAITIAN CREOLE,3,3,0,IN_PERSON,,MOWE,14:20,15:35,WH,006
8636,EALC-C 301,DRL,OPEN,,13,1,0,IN_PERSON,Lu Y,MOWEFR,10:25,11:15,BH,233
8637,EALC-C 533,DRL,OPEN,,13,1,0,IN_PERSON,Lu Y,MOWEFR,10:25,11:15,BH,233
8640,CSCI-C 295,LEC,OPEN,,5,2,0,IN_PERSON,Sadik O,WE,15:55,18:25,IF,4063
8641,CSCI-B 599,LEC,OPEN,,5,5,0,IN_PERSON,Sadik O,WE,15:55,18:25,IF,4063
8642,SPH-K 799,LEC,OPEN,,10,10,0,,Johnson B,,,,ARR,
8643,OPT-V 607,LEC,OPEN,,2,2,0,,Pence N; Peabody T,,,,WB,WEB
8644,LAW-B 504,LEC,OPEN,,50,45,0,,Ahlbrand A; Tomain J,,,,WB,WEB
8645,MUS-O 112,LEC,OPEN,,10,4,0,,Williams A,,,,ARR,
8646,MUS-O 812,LEC,OPEN,,10,4,0,,Williams A,,,,ARR,
8648,MUS-K 400,LEC,OPEN,,18,18,0,,Kim T,,,,ARR,
8649,MUS-K 810,LEC,OPEN,,18,18,0,,Kim T,,,,ARR,
8650,ENGR-E 484,LEC,OPEN,,50,38,0,IN_PERSON,Wernert E,TUTH,15:55,17:10,HD,TBA
8651,ENGR-E 584,LEC,OPEN,,50,38,0,IN_PERSON,Wernert E,TUTH,15:55,17:10,HD,TBA
8652,SPH-K 693,LEC,OPEN,,25,25,0,,Kawata K,,,,ARR,
8654,PSY-P 895,LEC,OPEN,,10,8,0,,Lorenzo-Luaces L,,,,ARR,
8655,ENG-W 131,LEC,CLOSED,,23,0,0,IN_PERSON,MacRitchie R; Rivera A,MOWEFR,09:10,10:00,BH,245
8656,CHEM-C 501,LAB,OPEN,,5,3,0,IN_PERSON,Jonas Z,TH,12:45,16:30,CH,208
8657,MUS-X 90,LEC,OPEN,,20,2,0,IN_PERSON,Wesenberg B,MO,17:30,18:20,MA,454
8659,SPH-K 492,LEC,OPEN,,10,10,0,,Gruber A,,,,ARR,
8660,SPH-F 255,LEC,OPEN,,150,137,0,,Promei N,,,,WB,WEB
8661,AMST-G 753,LEC,CLOSED,,0,0,0,,Lepselter S,,,,ARR,
8662,MATH-M 800,LEC,OPEN,,10,9,0,,Plavnik J,,,,ARR,
8667,MUS-Y 722,LEC,OPEN,,5,5,0,,Stewart K,,,,ARR,
8668,MUS-Y 743,LEC,OPEN,,5,5,0,,Blendulf J,,,,ARR,
8669,MUS-Y 753,LEC,OPEN,,8,8,0,,Oddie J,,,,ARR,
8670,MUS-Y 744,LEC,OPEN,,5,5,0,,Blendulf J,,,,ARR,
8671,MSCH-J 804,LEC,OPEN,,10,10,0,,,,,,ARR,
8672,MSCH-T 540,LEC,OPEN,,10,10,0,,,,,,ARR,
8673,SPH-K 492,LEC,OPEN,,5,5,0,,Moscicki B,,,,ARR,
8674,MSCH-T 540,LEC,OPEN,,10,10,0,,,,,,ARR,
8675,MUS-Y 111,LEC,OPEN,,5,5,0,,Marsh D; Cooley T,,,,ARR,
8676,MUS-O 114,LEC,OPEN,,5,5,0,,Gillespie L,,,,ARR,
8677,PHSL-P 537,LEC,OPEN,,10,8,0,,Davis J,,,,ARR,
8681,SPH-I 100,LEC,CLOSED,WALKING FOR PHYSICAL ACTIVITY,50,0,1,,Miller K,,,,WB,WEB
8682,LLLC-Y 101,LEC,OPEN,,72,45,0,IN_PERSON,Weida S,TU,09:35,10:50,TE,F160
8683,SOC-S 869,LEC,OPEN,,30,28,0,,Alderson A,,,,ARR,
8684,PSY-P 101,LEC,CLOSED,,250,0,7,,Ratajack E,,,,WB,WEB
8685,NEUS-G 901,LEC,OPEN,,5,4,0,,Tracey D,,,,ARR,
8686,NEUS-G 901,LEC,OPEN,,5,5,0,,Wellman C,,,,ARR,
8687,NEUS-G 901,LEC,OPEN,,5,5,0,,Wisner K,,,,ARR,
8688,NEUS-G 901,LEC,OPEN,,5,4,0,,Wood J,,,,ARR,
8691,SPH-Q 400,LEC,OPEN,,20,15,0,IN_PERSON,Cruz R,TUTH,12:45,14:00,PH,10
8692,CHEM-C 127,LEC,OPEN,,252,2,35,IN_PERSON,Parobek A; Mata S; Vanderkamp J,TH,09:10,10:00,CH,122
8693,SPH-E 350,LEC,OPEN,,40,24,0,IN_PERSON,Wilke A,TUTH,15:55,17:10,GA,0003
8694,SPH-A 531,LEC,OPEN,,20,10,0,,Lueken J,,,,HD,TBA
8695,SPH-A 532,LEC,OPEN,,20,10,0,,Sage B,,,,HD,TBA
8696,SPH-A 530,LEC,OPEN,,20,10,0,,Sage B,,,,HD,TBA
8697,SPH-A 540,LEC,OPEN,,20,8,0,,Madsen L,,,,HD,TBA
8698,CHEM-C 127,LAB,CLOSED,,27,0,6,IN_PERSON,Dioum F,WE,16:10,19:10,CH,049
8699,PHSL-P 515,LEC,OPEN,,286,4,0,IN_PERSON,Davis J,MOWEFR,08:00,09:15,WH,100
8700,SPH-T 389,LEC,CLOSED,,40,0,5,IN_PERSON,Miller M,MOWEFR,13:55,14:45,GA,0003
8701,SPH-R 512,LEC,OPEN,,40,16,0,,Simic Stanojevic I,,,,WB,WEB
8704,SPH-W 136,LEC,CLOSED,,11,0,2,IN_PERSON,Brown N; Kivland T,MO,18:40,21:10,EG,020
8708,CEUS-R 290,LEC,OPEN,,60,21,0,IN_PERSON,Brose M,TUTH,14:20,15:35,GA,1112
8709,SOC-S 554,LEC,OPEN,,15,9,0,IN_PERSON,Barber J,TUTH,14:20,15:35,BH,317
8710,SOC-S 554,LAB,OPEN,,15,9,0,IN_PERSON,Kim E,TUTH,17:30,19:30,BH,117
8711,SOC-S 100,LEC,CLOSED,,240,0,2,,Miller J,,,,WB,WEB
8712,INTL-I 202,LEC,CLOSED,,90,0,4,IN_PERSON,Hassoun N,TUTH,16:20,17:10,JH,124
8713,INTL-I 202,DIS,CLOSED,,30,0,2,IN_PERSON,Alnakhli A,FR,10:25,11:15,ED,1220
8714,INTL-I 202,DIS,CLOSED,,30,0,1,IN_PERSON,Alnakhli A,FR,11:35,12:25,ED,1220
8715,INTL-I 202,DIS,CLOSED,,30,0,2,IN_PERSON,Alnakhli A,FR,13:55,14:45,ED,1220
8716,INTL-I 205,LEC,CLOSED,,90,0,1,IN_PERSON,Nemes P,MOWE,12:45,13:35,LH,102
8717,INTL-I 205,DIS,CLOSED,,30,0,0,IN_PERSON,Day D,FR,10:25,11:15,WH,009
8718,INTL-I 205,DIS,CLOSED,,30,0,1,IN_PERSON,Day D,FR,11:35,12:25,WH,009
8719,INTL-I 205,DIS,CLOSED,,30,0,0,IN_PERSON,Day D,FR,13:55,14:45,WH,009
8720,INTL-I 210,LEC,CLOSED,,90,0,1,IN_PERSON,Macekura S,MOWE,09:10,10:00,SW,007
8721,INTL-I 210,DIS,CLOSED,,30,0,0,IN_PERSON,Rumiantsev A,FR,10:25,11:15,WI,C111
8722,INTL-I 210,DIS,CLOSED,,30,0,1,IN_PERSON,Rumiantsev A,FR,12:45,13:35,TE,F104
8723,INTL-I 210,DIS,CLOSED,,30,0,0,IN_PERSON,Rumiantsev A,FR,13:55,14:45,TE,F104
8724,INTL-I 305,LEC,CLOSED,GLOBAL BEAUTY REGIMES,35,0,0,IN_PERSON,Kousaleos N,TUTH,12:45,14:00,WH,009
8725,MELC-M 339,LEC,OPEN,,55,40,0,IN_PERSON,Gemeah I,MOWE,12:45,14:00,GA,1112
8726,PHIL-P 240,LEC,CLOSED,,40,0,9,IN_PERSON,Hoene A,MOWE,17:30,18:45,BH,340
8727,DSCI-D 590,LEC,OPEN,APPLIED DATA SCIENCE,40,21,0,,Scrivner O,,,,WB,WEB
8728,DSCI-D 590,LEC,OPEN,INTRO TO NLP FOR DATA SCIENCE,40,16,1,,Scrivner O,,,,WB,WEB
8729,MATH-D 116,LEC,CLOSED,,60,0,0,IN_PERSON,Lahiri A; Arkhipova Z,MOWEFR,09:10,10:00,BH,304
8730,MATH-D 117,LEC,OPEN,,60,33,0,IN_PERSON,Lahiri A; Yoo J,MOWEFR,09:10,10:00,AC,C002
8731,ECON-M 500,LEC,OPEN,,15,9,0,IN_PERSON,Valdivia D,TUTH,11:10,12:25,WY,329
8732,ECON-M 504,LEC,OPEN,,20,14,0,IN_PERSON,Hu B,TUTH,12:45,14:00,WY,329
8733,ECON-M 501,LEC,OPEN,,10,3,0,IN_PERSON,Torrens G,MOWE,09:35,10:50,BH,208
8734,ECON-E 471,LEC,CLOSED,,10,0,0,IN_PERSON,Hu B,TUTH,12:45,14:00,WY,329
8735,MELC-A 660,LEC,OPEN,,20,6,0,IN_PERSON,Dasan B,MOTUWETH,08:00,08:50,BH,229
8737,SPH-N 305,LEC,OPEN,,40,6,0,IN_PERSON,Greives M,TUTH,11:10,12:25,LH,008
8738,SPH-B 250,LEC,CLOSED,,67,0,7,IN_PERSON,de Siqueira A,TUTH,11:10,12:25,WH,003
8739,SPH-N 231,LEC,OPEN,,15,12,0,IN_PERSON,Thiagarajah K; Adewoye A,MOWE,17:30,18:45,CH,033
8740,SPH-F 458,LEC,OPEN,,10,9,0,IN_PERSON,Cooperman E,MOWE,09:35,10:50,GA,1134
8741,SPH-H 263,LEC,OPEN,,15,10,0,IN_PERSON,Finley K,MOWE,10:25,11:15,SB,150
8742,SPH-H 318,LEC,OPEN,,10,9,0,IN_PERSON,Finley K,MOWE,12:45,14:00,WY,005
8743,POLS-X 299,LEC,OPEN,DC INTERNSHIP STUDENTS,24,7,0,IN_PERSON,Barbour C,TH,18:00,19:30,WH,320
8744,POLS-Y 212,LEC,CLOSED,,50,0,1,IN_PERSON,Isaac J,TUTH,14:20,15:35,SE,105
8745,INFO-I 399,LEC,OPEN,PROBLEM SOLVING,25,22,0,IN_PERSON,Pierz D,MOWE,12:45,15:15,I,232
8746,EDUC-M 200,LEC,CLOSED,,20,0,1,IN_PERSON,Won J,MOWE,12:45,14:00,ED,3125
8747,FRIT-M 250,LEC,CLOSED,,10,0,0,IN_PERSON,Salvo D,WE,09:35,10:50,WB,WEB
8748,EDUC-M 300,LEC,CLOSED,,20,0,1,IN_PERSON,Bienz M,TUTH,12:45,14:00,ED,3275
8750,INFO-I 341,LEC,CLOSED,,25,0,1,IN_PERSON,Francisco M,MOWE,12:45,14:00,IF,4010
8751,INFO-I 440,LEC,OPEN,,17,6,0,IN_PERSON,Gordon G,TUTH,14:20,15:35,I,E130
8752,INFO-I 540,LEC,OPEN,,31,13,0,IN_PERSON,Gordon G,TUTH,14:20,15:35,I,E130
8753,POLS-Y 575,LEC,OPEN,,15,10,0,IN_PERSON,Wu J,MO,10:00,12:30,WH,108
8754,THTR-T 430,LEC,OPEN,,12,7,0,IN_PERSON,Milam H,TUTH,11:10,12:25,TH,A203
8755,THTR-T 531,LEC,OPEN,,12,7,0,IN_PERSON,Milam H,TUTH,11:10,12:25,TH,A203
8756,HISP-S 328,LEC,OPEN,,22,1,0,IN_PERSON,Dove P,MOWE,11:10,12:25,BH,337
8757,BIOT-T 105,LEC,OPEN,,63,1,0,IN_PERSON,Bollivar D,TUTH,09:35,10:50,GA,1100
8759,SPH-M 423,LEC,OPEN,,5,1,0,IN_PERSON,Brummett K,TUTH,14:20,15:35,SW,007
8765,CHEM-C 127,LAB,CLOSED,,28,0,4,IN_PERSON,Sandrick G,MO,16:10,19:10,CH,049
8766,CHEM-C 127,LAB,OPEN,,28,1,1,IN_PERSON,Datta S,MO,09:10,12:10,CH,049
8771,MSCH-P 352,LEC,OPEN,,72,18,1,IN_PERSON,Weaver K,TU,11:10,12:25,TV,245
8773,MSCH-P 362,LEC,OPEN,,12,8,0,IN_PERSON,Garland Jr J,MO,11:00,15:00,TV,127
8774,MSCH-P 422,LEC,CLOSED,,14,0,4,IN_PERSON,Carmichael S,TU,16:45,20:15,TV,157L
8775,CHEM-X 325,LEC,OPEN,,20,5,0,IN_PERSON,Brown L,TU,12:45,14:00,CX,A500
8776,CHEM-X 325,DIS,OPEN,,20,5,0,IN_PERSON,Dasmahanta M,TH,12:45,14:00,CX,A500
8777,CHEM-X 325,LAB,OPEN,,10,2,0,IN_PERSON,Dasmahanta M,TUTH,15:00,18:00,CX,A701
8778,MUS-E 508,LEC,OPEN,,25,25,0,,Tartell J,,,,ARR,
8779,SPH-K 200,LEC,CLOSED,,15,0,0,IN_PERSON,Lion M,MOWE,11:10,12:25,PH,154
8781,SPH-K 398,LAB,CLOSED,,2,0,2,IN_PERSON,Frey G,TH,17:00,19:00,PH,169
8782,BUS-G 350,LEC,CLOSED,,35,0,1,IN_PERSON,Dias De Sousa T,TUTH,15:55,17:10,HH,3006
8783,BUS-G 350,LEC,CLOSED,,35,0,1,IN_PERSON,Lin H,TUTH,12:45,14:00,HH,3055
8784,MSCH-C 241,LEC,CLOSED,,80,0,3,IN_PERSON,Bell T,TUTH,09:35,10:50,TV,245
8785,PACE-S 250,LEC,OPEN,,5,2,0,IN_PERSON,Fraley M,TUTH,14:20,15:35,BH,105
8786,PACE-C 440,LEC,OPEN,,24,23,0,IN_PERSON,Boveja R,MO,17:30,19:00,WH,009
8787,PACE-C 200,LEC,OPEN,,102,62,0,IN_PERSON,Boveja R,SA,11:00,16:30,WH,101
8788,SLAV-R 101,LEC,OPEN,,21,3,0,IN_PERSON,Shardakova M; Hardy E,MOTUWETH,13:55,14:45,BH,142
8789,HIST-W 203,LEC,CLOSED,,200,0,0,IN_PERSON,Hsia K,TUTH,12:45,14:00,SW,119
8790,BUS-K 201,LEC,CLOSED,,34,0,0,IN_PERSON,Hostetler K,TUTH,09:35,10:50,HH,4083
8791,BUS-K 201,LEC,CLOSED,,34,0,0,IN_PERSON,James C,TUTH,15:55,17:10,HH,4083
8792,BUS-K 201,LEC,CLOSED,,34,0,2,IN_PERSON,Oh H,MOWE,11:10,12:25,HH,4083
8793,SLAV-R 425,LEC,OPEN,,15,6,0,IN_PERSON,Shardakova M,WE,16:20,17:10,GA,0009
8794,MUS-A 111,LEC,OPEN,,40,8,0,,Zaman T,,,,WB,WEB
8795,SLAV-C 223,LEC,OPEN,,50,34,0,IN_PERSON,Cravens C,TUTH,18:40,21:10,WH,121
8797,CMLT-C 151,LEC,CLOSED,,35,0,5,IN_PERSON,Zeldenrust B,MOWE,09:35,10:50,WH,005
8798,CSCI-C 460,LEC,OPEN,,36,11,0,IN_PERSON,Pizer P,TUTH,12:45,14:00,FF,073
8800,THTR-T 120,LEC,CLOSED,,12,0,0,IN_PERSON,Rose S,TU,11:10,12:25,AD,A060
8801,STAT-S 350,LEC,OPEN,,70,2,0,IN_PERSON,Valdivia A,TUTH,12:45,14:00,SE,105
8802,CSCI-B 544,LEC,OPEN,,51,47,0,IN_PERSON,Huang Y,MOWE,12:45,14:00,SE,140
8803,INFO-I 520,LEC,OPEN,,21,15,0,IN_PERSON,Huang Y,MOWE,12:45,14:00,SE,140
8804,BUS-F 303,LEC,CLOSED,,50,0,30,IN_PERSON,Rearick T,MOWE,14:20,15:35,HH,1046
8805,STAT-S 301,LEC,CLOSED,,80,0,57,IN_PERSON,An H,MOWE,12:45,14:00,BH,104
8806,BUS-F 303,LEC,CLOSED,,50,0,26,IN_PERSON,Rearick T,MOWE,12:45,14:00,HH,3000
8807,NEUS-N 700,LEC,OPEN,,1,1,0,,Bradshaw H,,,,ARR,
8808,BUS-F 305,LEC,CLOSED,,50,0,23,IN_PERSON,Khoei S,TUTH,17:30,18:45,CG,2061
8809,BUS-F 365,LEC,CLOSED,,52,0,34,IN_PERSON,Renn G,TUTH,09:35,10:50,MN,C210
8810,BUS-F 260,LEC,CLOSED,,60,0,6,IN_PERSON,Musumeci B,TUTH,14:20,15:35,WB,WEB
8811,BUS-F 300,LEC,CLOSED,,60,0,25,IN_PERSON,Meng Y,MOWE,19:05,20:20,WB,WEB
8812,BUS-F 369,LEC,CLOSED,,50,0,16,IN_PERSON,Benrud E,MOWE,11:10,12:25,MN,C210
8813,MUS-M 523,LEC,OPEN,,10,7,0,IN_PERSON,Marsh D,TUTH,10:25,11:15,MU,204
8814,SPEA-V 161,LEC,CLOSED,,80,0,3,IN_PERSON,Berg M,TUTH,14:20,15:35,BH,203
8816,SPH-F 410,LEC,OPEN,,35,13,0,IN_PERSON,Turpin S,TUTH,09:35,10:50,WB,WEB
8817,SPH-F 180,LEC,OPEN,,75,54,0,IN_PERSON,McKinley J,FR,09:10,12:10,BH,203
8818,SPEA-V 182,LEC,OPEN,,100,3,0,IN_PERSON,Afoaku O,MOWE,17:30,18:45,MY,130
8819,SPEA-V 185,LEC,CLOSED,,100,0,8,IN_PERSON,Rabovsky T,MOWE,12:45,14:00,PV,167
8820,SPEA-V 186,LEC,CLOSED,,102,0,4,IN_PERSON,Lehmkuhler P,TUTH,19:05,20:20,PV,169
8821,SPEA-V 374,LEC,CLOSED,,62,0,18,IN_PERSON,Shassberger J,MOWE,12:45,14:00,GA,1100
8822,SOAD-M 404,LEC,CLOSED,,20,0,2,IN_PERSON,Behar E,TUTH,12:45,14:00,KH,112
8823,SPEA-V 512,LEC,OPEN,,40,11,0,IN_PERSON,Adams J,TUTH,12:45,14:00,PV,A223
8824,SPH-H 334,LEC,OPEN,,20,19,0,IN_PERSON,Aguree S,TUTH,15:10,17:40,PH,10
8827,EALC-C 467,DRL,OPEN,CONTMPRARY CHINA AND THE WORLD,10,5,0,,Bao Y,,,,ARR,
8828,SLST-S 632,LEC,OPEN,THE BILINGUAL MENTAL LEXICON,20,15,0,IN_PERSON,Sprouse R,TUTH,17:30,18:45,BH,015
8830,GNDR-G 695,LEC,OPEN,,2,2,0,,Friedman S,,,,ARR,
8831,EALC-J 201,DRL,OPEN,,14,2,1,IN_PERSON,Matsubara M,MOWEFR,15:10,16:00,BH,016
8832,EALC-J 201,DRL,OPEN,,14,2,0,IN_PERSON,Matsubara M,MOWEFR,15:10,16:00,BH,016
8834,PSY-K 300,LEC,CLOSED,,90,0,0,IN_PERSON,Hullinger R,FR,13:55,15:10,PY,101
8835,EDUC-X 105,LEC,CLOSED,,20,0,6,IN_PERSON,Koke A; Thakuri N,TUTH,15:10,16:00,BH,229
8836,EDUC-X 105,LEC,CLOSED,,20,0,7,IN_PERSON,Koke A; Thakuri N,TUTH,15:10,16:00,BH,138
8837,HISP-X 398,LEC,OPEN,,5,5,0,,Risner J,,,,ARR,
8838,CHEM-H 117,LEC,CLOSED,,40,0,7,IN_PERSON,De Souza R,MOWEFR,09:10,10:00,CH,001
8839,CHEM-H 117,DIS,CLOSED,,20,0,2,IN_PERSON,Samol J,MO,17:30,18:20,WH,111
8840,CHEM-H 117,DIS,CLOSED,,20,0,5,IN_PERSON,Samol J,MO,18:40,19:30,BH,304
8842,CHEM-H 127,LAB,CLOSED,,18,0,1,IN_PERSON,Robinson M,MO,10:30,13:30,CH,027
8843,CHEM-H 127,LAB,OPEN,,18,1,0,IN_PERSON,Sobel B,MO,14:00,17:00,CH,027
8844,BUS-F 369,LEC,CLOSED,,50,0,5,IN_PERSON,Benrud E,MOWE,09:35,10:50,MN,C210
8846,SWK-S 251,LEC,OPEN,,30,1,0,,Casey M,,,,WB,WEB
8848,MSCH-L 322,LEC,OPEN,,25,15,0,IN_PERSON,Pierce M,MOWE,14:20,15:35,TV,186
8849,BUS-A 312,LEC,CLOSED,,52,0,9,IN_PERSON,Li C,TUTH,17:30,18:45,HH,2057
8850,SPH-B 250,LEC,CLOSED,,75,0,1,IN_PERSON,Eastman-Mueller H,TUTH,12:45,14:00,SE,140
8851,SPH-B 630,LEC,OPEN,,16,8,0,,Sherwood-Laughlin C,,,,WB,WEB
8852,SPH-H 180,LEC,OPEN,,110,66,0,IN_PERSON,Lee S,MOWE,09:35,10:50,RB,110
8853,CHEM-N 331,LEC,OPEN,,190,19,0,IN_PERSON,Van Stappen C,MOWEFR,12:45,13:35,CH,122
8854,CHEM-N 331,DIS,OPEN,,40,7,0,IN_PERSON,Aljuboori Z,TH,09:10,10:00,JH,001
8855,CHEM-N 331,DIS,OPEN,,40,7,0,IN_PERSON,Aljuboori Z,TH,10:25,11:15,JH,001
8856,CHEM-N 331,DIS,OPEN,,41,4,0,IN_PERSON,Aljuboori Z,TH,11:35,12:25,WH,004
8857,CHEM-N 337,LEC,OPEN,,60,4,5,IN_PERSON,Dean N,TU,12:45,13:35,CH,122
8858,CHEM-N 337,LAB,OPEN,,20,3,0,IN_PERSON,Zoll J,WE,09:10,12:10,CH,027
8859,CHEM-N 337,LAB,CLOSED,,20,0,5,IN_PERSON,Yu S,WE,13:55,16:55,CH,027
8861,CHEM-N 337,LAB,OPEN,,20,1,0,IN_PERSON,Cheung K,WE,18:00,21:00,CH,027
8862,ECON-E 251,LEC,CLOSED,,315,0,45,IN_PERSON,Schwendel J,TUTH,14:20,15:35,WH,100
8863,ECON-E 251,LEC,CLOSED,,65,0,46,IN_PERSON,Valdivia D,TUTH,12:45,14:00,WH,004
8864,CHEM-P 360,LEC,OPEN,,40,6,0,IN_PERSON,Hill S,MOWEFR,11:35,12:25,JH,065
8865,CHEM-P 360,DIS,CLOSED,,22,0,0,IN_PERSON,Leon-Jaramillo A,FR,13:55,14:45,BH,227
8866,ECON-B 251,LEC,OPEN,,299,174,0,IN_PERSON,Glomm G,MOWE,14:20,15:35,JH,124
8867,ECON-B 251,LEC,CLOSED,,300,0,0,IN_PERSON,Graf P,TUTH,11:10,12:25,BH,013
8868,ECON-B 251,LEC,OPEN,,35,4,0,IN_PERSON,Mahmood K,TUTH,08:00,09:15,WH,111
8869,ECON-B 251,LEC,CLOSED,,60,0,0,IN_PERSON,Chang H,TUTH,14:20,15:35,AC,C002
8870,ECON-B 251,LEC,OPEN,,300,162,0,IN_PERSON,Raghav M,TUTH,17:30,18:45,WH,100
8871,ECON-B 251,LEC,OPEN,,300,13,0,IN_PERSON,Graf P,TUTH,12:45,14:00,BH,013
8872,BUS-A 310,LEC,CLOSED,,52,0,7,IN_PERSON,Andrews A,MOWE,08:00,09:15,HH,3034
8873,MUS-E 414,LEC,OPEN,,10,9,0,,Szmyt E,,,,ARR,
8874,BUS-M 432,LEC,CLOSED,,32,0,3,IN_PERSON,Wight K,MOWE,11:10,12:25,HH,2047
8875,MUS-E 514,LEC,OPEN,,10,9,0,,Szmyt E,,,,ARR,
8876,MUS-A 100,LAB,CLOSED,,11,0,2,IN_PERSON,Wurst F,TH,17:30,18:20,MC,405
8877,EDUC-L 442,LEC,OPEN,,18,18,0,IN_PERSON,Nyikos M,FR,11:10,13:40,ED,3025
8881,CEUS-T 171,LEC,OPEN,,10,9,0,IN_PERSON,Rabsal G,MOWEFR,08:00,08:50,WB,WEB
8882,CEUS-T 571,LEC,OPEN,,10,7,0,IN_PERSON,Rabsal G,MOWEFR,08:00,08:50,BH,015
8883,CEUS-T 271,LEC,OPEN,,5,5,0,IN_PERSON,Rabsal G,MOWEFR,09:10,10:00,WB,WEB
8884,CEUS-T 671,LEC,OPEN,,5,5,0,IN_PERSON,Rabsal G,MOWEFR,09:10,10:00,WB,WEB
8885,BUS-A 327,LEC,CLOSED,,52,0,7,IN_PERSON,Hagerty A,TUTH,12:45,14:00,HH,1030
8886,BUS-A 327,LEC,CLOSED,,52,0,3,IN_PERSON,Hagerty A,TUTH,11:10,12:25,HH,1030
8888,BUS-S 326,LEC,CLOSED,,32,0,1,IN_PERSON,Brown N,TUTH,15:55,17:10,HH,4057
8889,BUS-K 353,LEC,CLOSED,,45,0,2,IN_PERSON,Kan R,MOWE,11:10,12:25,HH,4059
8890,BUS-K 507,LEC,OPEN,,48,3,0,IN_PERSON,Baird J,TUTH,14:25,15:50,CG,1026
8891,BUS-S 364,LEC,OPEN,,32,7,0,IN_PERSON,Seo E,TUTH,09:35,10:50,CG,3075
8892,MSCH-T 311,LEC,CLOSED,,25,0,5,IN_PERSON,Pierce M,MOWE,12:45,14:00,TV,186
8893,EDUC-G 647,LEC,CLOSED,,8,0,1,IN_PERSON,Donovan T,TU,09:35,12:05,ED,0020
8894,BUS-K 303,LEC,CLOSED,,40,0,2,IN_PERSON,Naldi S,TUTH,15:55,17:10,LI,402
8895,BUS-K 303,LEC,CLOSED,,40,0,1,IN_PERSON,Briggs C,TUTH,15:55,17:10,HH,1049
8896,CHEM-C 103,LEC,OPEN,,312,3,27,IN_PERSON,Hill S; Oakley M; Scurek E,MOWEFR,09:10,10:00,BH,013
8897,CHEM-C 103,DIS,CLOSED,,42,0,9,IN_PERSON,Smith L,MOWE,10:25,11:15,BH,340
8898,CHEM-C 103,DIS,CLOSED,,42,0,5,IN_PERSON,Shosanya D,MOWE,11:35,12:25,BH,340
8899,CHEM-C 103,DIS,CLOSED,,42,0,1,IN_PERSON,Enciso N; Rosa G,MOWE,15:10,16:00,BH,340
8900,CHEM-C 103,DIS,CLOSED,,47,0,1,IN_PERSON,Rumon M,TUTH,08:00,08:50,BH,346
8901,CHEM-C 103,DIS,CLOSED,,44,0,3,IN_PERSON,Harmon A; Rosa G,TUTH,10:25,11:15,PH,019
8902,CHEM-C 103,DIS,OPEN,,47,1,3,IN_PERSON,Anderson M; Harmon A,TUTH,11:35,12:25,SE,140
8903,CHEM-C 103,DIS,OPEN,,48,1,5,IN_PERSON,Juarez D,TUTH,13:55,14:45,AC,C112
8904,CHEM-C 103,LAB,CLOSED,,26,0,3,IN_PERSON,Ducat N,MO,12:40,14:10,CH,045
8905,CHEM-C 103,LAB,CLOSED,,26,0,2,IN_PERSON,Ducat N,MO,14:25,15:55,CH,045
8906,CHEM-C 103,LAB,CLOSED,,26,0,2,IN_PERSON,Mehnert A,TU,11:30,13:00,CH,045
8907,CHEM-C 103,LAB,OPEN,,26,2,3,IN_PERSON,Mehnert A,TU,13:15,14:45,CH,045
8908,CHEM-C 103,LAB,CLOSED,,26,0,3,IN_PERSON,Ducat N,TU,15:00,16:30,CH,045
8909,CHEM-C 103,LAB,CLOSED,,26,0,0,IN_PERSON,Ducat N,TU,16:45,18:15,CH,045
8910,CHEM-C 103,LAB,CLOSED,,26,0,3,IN_PERSON,Thennakoon S,WE,12:40,14:10,CH,045
8911,CHEM-C 103,LAB,CLOSED,,26,0,4,IN_PERSON,Thennakoon S,WE,14:25,15:55,CH,045
8912,CHEM-C 103,LAB,CLOSED,,26,0,2,IN_PERSON,Mehnert A,TH,11:30,13:00,CH,045
8913,CHEM-C 103,LAB,CLOSED,,26,0,2,IN_PERSON,Mehnert A,TH,13:15,14:45,CH,045
8914,CHEM-C 103,LAB,CLOSED,,26,0,1,IN_PERSON,Thennakoon S,TH,15:00,16:30,CH,045
8915,CHEM-C 103,LAB,CLOSED,,26,0,2,IN_PERSON,Thennakoon S,TH,16:45,18:15,CH,045
8916,BUS-K 303,LEC,CLOSED,,38,0,2,IN_PERSON,Pal A,TUTH,15:55,17:10,CG,3075
8917,BUS-F 421,LEC,OPEN,,50,3,2,IN_PERSON,Teluja S,TUTH,09:35,10:50,HH,3000
8918,CHEM-C 341,LEC,CLOSED,,299,0,9,IN_PERSON,Reck C; Wood A; Manley J,MOWEFR,11:35,12:25,CH,122
8919,CHEM-C 341,DIS,CLOSED,,46,0,3,IN_PERSON,Donner E; Anderson L,WE,12:45,13:35,BH,346
8920,CHEM-C 341,DIS,CLOSED,,42,0,0,IN_PERSON,Wellik A,WE,16:20,17:10,BH,330
8921,CHEM-C 341,DIS,CLOSED,,41,0,1,IN_PERSON,Dover L,WE,18:40,19:30,BH,330
8922,CHEM-C 341,DIS,CLOSED,,42,0,2,IN_PERSON,Dover L,TH,12:45,13:35,BH,340
8923,CHEM-C 341,DIS,CLOSED,,43,0,1,IN_PERSON,Dugger D,TH,12:45,13:35,BH,346
8924,ENG-L 260,LEC,CLOSED,,30,0,1,IN_PERSON,McMullen J,MOWE,11:10,12:25,WH,008
8925,MSCH-C 229,LEC,OPEN,,90,10,0,IN_PERSON,Brown B,MO,17:30,18:20,TV,251
8926,MSCH-C 229,LAB,OPEN,,15,1,0,IN_PERSON,Robinson C,WE,14:00,16:30,TV,127
8927,MSCH-C 229,LAB,OPEN,,15,7,0,IN_PERSON,Poortinga G,TH,18:00,20:30,TV,127
8928,MSCH-C 229,LAB,CLOSED,,15,0,0,IN_PERSON,Poortinga G,TU,15:00,17:30,TV,127
8929,MSCH-C 229,LAB,OPEN,,15,1,0,IN_PERSON,Carroll A,TU,18:00,20:30,TV,127
8930,JSTU-H 502,LEC,OPEN,,12,2,0,IN_PERSON,Weiss A,MOWE,10:25,11:15,BH,105
8932,JSTU-H 504,LEC,OPEN,,8,3,0,IN_PERSON,Weiss A,MOWE,12:45,13:35,BH,216
8933,JSTU-H 505,LEC,OPEN,,8,2,0,IN_PERSON,Maoz-Levy M,MOWE,12:45,13:35,BH,215
8934,JSTU-H 501,LEC,OPEN,,14,4,0,IN_PERSON,Maoz-Levy M,MOWE,10:25,11:15,BH,306
8935,JSTU-H 501,LEC,OPEN,,14,2,0,IN_PERSON,Romashov D,MOWE,11:35,12:25,BH,306
8936,EDUC-M 401,LEC,OPEN,,18,18,0,,Nyikos M,,,,ARR,
8937,EDUC-BE 442,LEC,OPEN,,18,12,0,IN_PERSON,Nyikos M,FR,11:10,13:40,ED,3025
8938,SOAD-D 374,LEC,CLOSED,,15,0,0,IN_PERSON,Kane E,TUTH,11:10,13:55,KH,202
8939,SOAD-W 300,LEC,OPEN,,55,34,0,IN_PERSON,Mohammed H,TUTH,12:45,14:00,FA,102
8940,CHEM-J 343,LEC,OPEN,,80,13,0,IN_PERSON,Wentz K,TUTH,11:35,12:25,CH,033
8941,CHEM-J 343,LAB,CLOSED,,16,0,0,IN_PERSON,Nguyen N,MO,17:20,21:20,CH,145
8942,CHEM-J 343,LAB,OPEN,,16,1,0,IN_PERSON,Bickford S,TU,12:40,16:40,CH,145
8943,CHEM-J 343,LAB,CLOSED,,16,0,0,IN_PERSON,Dutta T,WE,17:20,21:20,CH,145
8944,CHEM-J 343,LAB,OPEN,,16,8,0,IN_PERSON,Napier S,WE,12:40,16:40,CH,145
8945,CHEM-J 343,LAB,OPEN,,16,4,0,IN_PERSON,Bandyopadhyay A,TH,12:40,16:40,CH,145
8946,BUS-C 204,LEC,CLOSED,,24,0,7,IN_PERSON,Johnson M,MOWE,14:20,15:35,HH,3050
8947,BUS-C 204,LEC,CLOSED,,24,0,0,IN_PERSON,Winston S,TUTH,19:05,20:20,HH,3052
8948,BUS-C 204,LEC,CLOSED,,24,0,17,IN_PERSON,Bunger A,TUTH,09:35,10:50,BQ,C232
8949,BUS-T 275,LEC,CLOSED,,45,0,20,IN_PERSON,Frank A,TU,11:10,12:25,HH,1043
8950,BUS-T 275,LEC,CLOSED,,45,0,9,IN_PERSON,Ratwatte T,TU,11:10,12:25,HH,4075
8951,MUS-L 400,LEC,OPEN,,18,10,0,,Bush A,,,,ARR,
8952,SOAD-M 308,LEC,CLOSED,,20,0,9,IN_PERSON,Behar E,TUTH,11:10,12:25,KH,112
8953,BUS-M 303,LEC,CLOSED,,34,0,7,IN_PERSON,Cosguner K,TUTH,14:20,15:35,HH,2055
8954,PHIL-P 106,LEC,CLOSED,,82,0,1,IN_PERSON,O'Connor T,TUTH,11:35,12:25,BH,104
8955,PHIL-P 106,DIS,OPEN,,20,1,0,IN_PERSON,Foss S,FR,09:10,10:00,SY,004
8956,PHIL-P 106,DIS,CLOSED,,21,0,1,IN_PERSON,Foss S,FR,10:25,11:15,SY,004
8957,PHIL-P 106,DIS,CLOSED,,20,0,0,IN_PERSON,Smith D,FR,13:55,14:45,SY,004
8958,PHIL-P 106,DIS,CLOSED,,21,0,0,IN_PERSON,Smith D,FR,15:10,16:00,SY,004
8959,PHIL-P 106,LEC,OPEN,,80,1,0,IN_PERSON,O'Connor T,TUTH,16:20,17:10,TV,245
8960,PHIL-P 106,DIS,CLOSED,,20,0,0,IN_PERSON,Goossens E,FR,10:25,11:15,SY,106
8961,PHIL-P 106,DIS,CLOSED,,20,0,0,IN_PERSON,Goossens E,FR,11:35,12:25,SY,106
8962,PHIL-P 106,DIS,CLOSED,,20,0,0,IN_PERSON,Chada K,FR,12:45,13:35,SY,106
8963,PHIL-P 106,DIS,OPEN,,20,1,0,IN_PERSON,Chada K,FR,13:55,14:45,SY,106
8964,PHIL-P 141,LEC,CLOSED,,90,0,1,IN_PERSON,Robison J,MOWE,11:35,12:25,WH,120
8965,PHIL-P 141,DIS,CLOSED,,22,0,1,IN_PERSON,Palencia J,FR,09:10,10:00,SY,0009
8966,PHIL-P 141,DIS,CLOSED,,23,0,0,IN_PERSON,Palencia J,FR,10:25,11:15,SY,0009
8967,PHIL-P 141,DIS,CLOSED,,22,0,0,IN_PERSON,Xie L,FR,13:55,14:45,SY,0009
8968,PHIL-P 141,DIS,CLOSED,,23,0,0,IN_PERSON,Xie L,FR,15:10,16:00,SY,0009
8969,PHIL-P 141,LEC,CLOSED,,88,0,1,IN_PERSON,Robison J,MOWE,12:45,13:35,SB,150
8970,PHIL-P 141,DIS,CLOSED,,22,0,0,IN_PERSON,Yip V,FR,10:25,11:15,SY,0013
8971,PHIL-P 141,DIS,CLOSED,,22,0,2,IN_PERSON,Yip V,FR,11:35,12:25,SY,0013
8972,PHIL-P 141,DIS,CLOSED,,22,0,0,IN_PERSON,Gaines II D,FR,12:45,13:35,SY,0013
8973,PHIL-P 141,DIS,CLOSED,,22,0,0,IN_PERSON,Gaines II D,FR,13:55,14:45,SY,0013
8974,BUS-A 547,LEC,CLOSED,,43,0,0,IN_PERSON,Lunsford T,TUTH,12:45,14:10,CG,1026
8975,BUS-A 547,LEC,OPEN,,42,1,0,IN_PERSON,Lunsford T,TUTH,14:25,15:50,CG,1022
8976,BUS-L 201,LEC,CLOSED,,150,0,68,IN_PERSON,Hamilton C,MOWE,11:10,12:25,HH,1006
8977,BUS-L 304,LEC,CLOSED,,40,0,2,IN_PERSON,Rubin J,MOWE,12:45,14:00,HH,3059
8978,MUS-O 213,LEC,OPEN,,28,11,0,IN_PERSON,Gillespie L,TUTH,15:00,16:15,SM,340
8979,SPEA-A 236,LEC,OPEN,,40,19,0,IN_PERSON,Nelson O,MOWE,09:35,10:50,PH,019
8981,SOAD-A 100,LEC,CLOSED,,20,0,1,IN_PERSON,Mahabadi H,FR,11:35,12:25,KH,216
8982,SPH-K 199,LEC,CLOSED,,35,0,0,,Nielsen K,,,,WB,WEB
8983,SPH-K 199,LEC,OPEN,,35,14,0,,Coleman J,,,,WB,WEB
8984,EDUC-M 135,LEC,OPEN,,18,13,0,IN_PERSON,Maxwell C,TH,17:30,18:45,WB,WEB
8985,EDUC-M 135,LEC,OPEN,,18,15,0,IN_PERSON,,TH,17:30,18:45,WB,WEB
8989,MUS-J 100,LEC,OPEN,,25,12,0,IN_PERSON,Allen R; Wroth S,TUTH,10:15,11:15,MC,309
8990,MUS-J 700,LEC,OPEN,,25,12,0,IN_PERSON,Allen R; Wroth S,TUTH,10:15,11:15,MC,309
8991,LAW-L 713,LEC,OPEN,,21,1,0,IN_PERSON,Dau-Schmidt K,TU,12:45,14:45,LW,216
8993,LAW-B 601,LEC,OPEN,,105,62,0,IN_PERSON,Thusi I,MOWE,13:20,14:45,LW,125
8994,POLS-X 477,LEC,OPEN,,20,6,0,,Barbour C,,,,ARR,
8995,SLAV-U 501,LEC,OPEN,,5,5,0,IN_PERSON,Asher S,MOTUWETH,10:25,11:15,WH,114
8996,BUS-L 360,LEC,CLOSED,WHITE COLLAR CRIME,40,0,1,IN_PERSON,Haugh T,TUTH,17:30,18:45,HH,3059
8997,MUS-Z 290,LEC,CLOSED,,35,0,0,IN_PERSON,Lindsay E,TUTH,15:10,16:40,WB,WEB
8999,LSTU-L 203,LEC,OPEN,,20,11,0,,Jones D,,,,WB,WEB
9000,LSTU-L 230,LEC,OPEN,,35,17,0,,Yaudes C,,,,WB,WEB
9001,EDUC-P 682,LEC,OPEN,,20,6,0,IN_PERSON,Bellini S,WE,12:45,15:30,ED,1225
9002,BUS-L 376,LEC,CLOSED,,45,0,15,IN_PERSON,Grow L,MOWE,11:10,12:25,HH,1034
9004,MUS-O 513,LEC,OPEN,,28,11,0,IN_PERSON,Gillespie L,TUTH,15:00,16:15,SM,340
9005,CSCI-A 595,LEC,OPEN,,2,1,0,IN_PERSON,Leivant D,MOWE,14:20,15:35,IF,0117
9006,CSCI-A 595,DIS,OPEN,,2,1,0,IN_PERSON,Leivant D,FR,12:45,14:00,IF,0117
9007,MUS-Y 711,LEC,OPEN,,5,5,0,,Marsh D,,,,ARR,
9009,MUS-Y 724,LEC,OPEN,,5,5,0,,Marsh D; Northover K,,,,ARR,
9010,MUS-Y 732,LEC,OPEN,,16,8,0,,Kwapis K; Marsh D,,,,ARR,
9011,MUS-Y 733,LEC,OPEN,,5,5,0,,Seraphinoff R,,,,ARR,
9015,EDUC-U 549,LEC,OPEN,,30,14,0,IN_PERSON,LePeau L,TU,11:10,13:40,TE,F104
9016,EDUC-L 700,LEC,OPEN,,8,1,0,IN_PERSON,Coronel-Molina S,TU,17:30,20:00,ED,1235
9017,MUS-K 611,LEC,OPEN,,20,20,0,,Cartledge D,,,,ARR,
9018,MUS-K 612,LEC,OPEN,,20,19,0,,Cartledge D,,,,ARR,
9019,SOC-S 864,LEC,OPEN,,30,30,0,,Alderson A,,,,ARR,
9020,HISP-S 308,LEC,CLOSED,,16,0,0,IN_PERSON,Davis K,TUTH,12:45,14:00,BH,231
9028,MUS-P 801,LEC,OPEN,,6,6,0,,Epperson A,,,,ARR,
9036,PSY-P 335,LEC,CLOSED,,110,0,3,IN_PERSON,Narwal A,TUTH,15:55,17:10,WH,120
9037,BIOL-Z 620,LEC,OPEN,MED MICROBIO & MED IMUNOLOGY,5,5,0,IN_PERSON,Winkler M,MOWEFR,09:10,10:00,JH,001
9038,MUS-O 151,LEC,OPEN,,5,4,0,,Wallace W,,,,ARR,
9042,MSCH-H 497,LEC,OPEN,,10,10,0,,Layton B,,,,ARR,
9043,MATH-E 265,LEC,OPEN,,44,1,1,IN_PERSON,Neese B,TUTH,15:55,17:10,LI,026
9044,CHEM-C 343,LAB,CLOSED,,20,0,0,IN_PERSON,Williams H,MO,12:40,16:40,CH,149
9045,CHEM-C 343,LAB,OPEN,,20,1,1,IN_PERSON,Carlos C,FR,12:40,16:40,CH,149
9046,NEUS-N 800,LEC,OPEN,,2,2,0,,Prieto A,,,,ARR,
9047,NEUS-N 800,LEC,OPEN,,3,2,0,,Shea J,,,,ARR,
9048,BUS-P 319,LEC,CLOSED,,40,0,1,IN_PERSON,Manhart P,MOWE,12:45,14:00,HH,3079
9049,SOAD-D 264,LEC,OPEN,,24,3,0,IN_PERSON,Wu J,MOWE,15:55,17:10,KH,216
9051,MUS-E 505,LEC,OPEN,,15,12,0,IN_PERSON,Zweig M,TU,09:10,10:00,HD,TBA
9052,SPEA-E 183,LEC,CLOSED,,64,0,6,IN_PERSON,Leuthner T,TUTH,12:45,14:00,PV,276
9054,NEUS-N 800,LEC,OPEN,,2,2,0,,Sporns O,,,,ARR,
9055,NEUS-N 800,LEC,OPEN,,2,2,0,,Katona I,,,,ARR,
9056,NEUS-N 800,LEC,OPEN,,3,2,0,,Stark B,,,,ARR,
9057,NEUS-N 800,LEC,OPEN,,2,2,0,,Sengelaub D,,,,ARR,
9058,NEUS-N 800,LEC,OPEN,,2,2,0,,Port N,,,,ARR,
9059,NEUS-N 800,LEC,OPEN,,3,3,0,,Beggs J,,,,ARR,
9060,MUS-O 111,LEC,OPEN,,12,4,0,,Allen J,,,,ARR,
9061,SPH-K 290,LEC,OPEN,,25,1,0,IN_PERSON,Huntoon A,MO,12:45,13:35,PH,163
9062,SPH-K 290,LEC,CLOSED,,25,0,0,IN_PERSON,Huntoon A,TU,12:45,13:35,PH,163
9063,MUS-Z 110,LEC,OPEN,JAZZ BASS UNDERGRAD ELECTIVE,12,4,0,,Allen J,,,,ARR,
9065,ENG-W 131,LEC,CLOSED,,23,0,1,IN_PERSON,McDonald R; Rivera A,MOWEFR,16:20,17:10,BH,332
9066,THTR-T 108,LEC,CLOSED,LEONARDO DICAPRIO,100,0,4,IN_PERSON,Michaelsen J,TUTH,16:50,18:20,WB,WEB
9073,SEAS-T 101,LEC,OPEN,,15,10,0,IN_PERSON,Khadee K,MOWEFR,09:10,10:10,WH,112
9074,SEAS-T 501,LEC,OPEN,,15,10,0,IN_PERSON,Khadee K,MOWEFR,09:10,10:10,WH,112
9075,INFO-I 587,LEC,OPEN,,25,13,0,IN_PERSON,Guidi G,TUTH,11:10,12:25,IF,1019
9076,INFO-I 487,LEC,OPEN,,25,13,0,IN_PERSON,Guidi G,TUTH,11:10,12:25,IF,1019
9077,MUS-Q 110,LEC,OPEN,,8,1,0,,Fishell J; Buerk E,,,,ARR,
9078,MUS-Q 710,LEC,OPEN,,8,1,0,,Fishell J; Buerk E,,,,ARR,
9079,MUS-Z 110,LEC,OPEN,CARILLON UNDERGRAD ELECTIVE,8,1,0,,Fishell J; Buerk E,,,,ARR,
9080,MUS-Z 710,LEC,OPEN,CARILLON GRAD ELECTIVE,8,1,0,,Fishell J; Buerk E,,,,ARR,
9082,AFRI-X 773,LEC,OPEN,,5,4,0,,Martinez-Ruiz B,,,,ARR,
9083,EDUC-L 700,LEC,OPEN,,15,3,0,,Hines M,,,,WB,WEB
9085,HISP-S 200,LEC,CLOSED,,24,0,0,IN_PERSON,Renda Kajdacsy-Balla Amaral L,MOWEFR,15:10,16:00,GA,0011
9086,SLAV-S 101,LEC,OPEN,,4,3,0,IN_PERSON,Ozcelik T,MOTUWETH,09:10,10:00,WB,WEB
9087,OVST-Q 498,LEC,OPEN,,25,24,0,,Carty S,,,,ARR,
9088,OVST-U 498,LEC,OPEN,,25,23,0,,Carty S,,,,ARR,
9089,MUS-P 901,LEC,OPEN,,5,2,0,,Prestinari C,,,,ARR,
9097,SPH-C 213,LEC,CLOSED,,225,0,3,,Pedersen P,,,,WB,WEB
9100,SPH-R 142,LEC,OPEN,,250,107,0,,Rodriguez M,,,,WB,WEB
9102,MUS-U 540,LEC,CLOSED,,20,0,2,IN_PERSON,Barker A,TUTH,09:35,10:50,MU,011
9103,SOC-S 864,LEC,OPEN,,30,30,0,,Alderson A,,,,ARR,
9105,MUS-Z 101,LEC,CLOSED,,45,0,1,IN_PERSON,Cook C; Roosma M,MOWE,15:10,16:40,WB,WEB
9106,SLAV-P 201,LEC,OPEN,,9,8,0,IN_PERSON,Sicinski L,MOWEFR,10:25,11:15,WB,WEB
9108,SPEA-V 373,LEC,CLOSED,,55,0,0,IN_PERSON,Schrader C,TUTH,15:55,17:10,PV,277
9110,SPEA-V 585,LEC,OPEN,,15,15,0,,Lersch M,,,,ARR,
9111,BUS-C 204,LEC,CLOSED,,24,0,17,IN_PERSON,Leppert M,MOWE,11:10,12:25,HH,3048
9112,BUS-C 204,LEC,CLOSED,,24,0,5,IN_PERSON,Fisher D,MOWE,09:35,10:50,HH,3046
9113,BUS-K 201,LEC,OPEN,,40,3,0,IN_PERSON,Abbott DeMoss M,MOWE,17:30,18:45,HH,1049
9114,BUS-K 201,LEC,OPEN,,40,19,0,IN_PERSON,Robbins C,TUTH,19:05,20:20,HH,1047
9116,MUS-P 111,LEC,OPEN,,8,1,0,IN_PERSON,Yao E,MOWE,11:35,12:25,MA,318
9118,MUS-O 813,LEC,OPEN,,1,1,0,,Dobbins S,,,,ARR,
9119,MUS-V 400,LEC,OPEN,,12,2,0,,Thomas R,,,,ARR,
9120,MUS-V 900,LEC,OPEN,,12,2,0,,Thomas R,,,,ARR,
9121,SPH-I 100,LEC,OPEN,STRENGTH & CARDIO FITNESS,30,1,0,,Boyer M,,,,WB,WEB
9122,SPH-I 100,LEC,CLOSED,MIND BODY FITNESS,30,0,0,,Kleinlein L,,,,WB,WEB
9126,SPH-I 190,LEC,OPEN,,12,4,0,IN_PERSON,Taylor S,TUTH,10:25,11:15,WB,WEB
9128,SPH-I 190,LEC,OPEN,,12,3,0,IN_PERSON,DeCastro V,MOWE,11:35,12:25,WB,WEB
9129,SOAD-Z 701,LEC,OPEN,,15,10,0,IN_PERSON,Yuan Y,MOTH,13:00,18:00,HD,TBA
9130,PHYS-P 609,LEC,OPEN,,16,5,0,IN_PERSON,Boettcher T,MOWEFR,10:15,11:05,SW,246A
9131,EDUC-P 404,LEC,OPEN,,30,5,0,,Steuer R,,,,WB,WEB
9132,PHYS-P 410,LEC,OPEN,,16,5,0,IN_PERSON,Boettcher T,MOWEFR,10:15,11:05,SW,246A
9133,SPH-M 520,LEC,OPEN,,20,11,0,IN_PERSON,Jang W,MOWE,11:10,12:25,SY,137
9134,SPH-C 580,LEC,OPEN,,20,10,0,,Pedersen P,,,,ARR,
9135,INFO-G 901,LEC,OPEN,,20,20,0,,Guidi G; Kemp J,,,,WB,WEB
9136,CSCI-G 901,LEC,OPEN,,20,19,0,,Chen F,,,,ARR,
9137,ENGR-G 901,LEC,OPEN,,20,19,0,,,,,,ARR,
9138,ILS-G 901,LEC,OPEN,,15,15,0,,Hara N,,,,ARR,
9140,SPH-H 263,LEC,OPEN,,125,56,0,,Forrest G,,,,WB,WEB
9142,PSY-P 426,LEC,CLOSED,,4,0,0,IN_PERSON,Garraghty P,MOFR,13:00,16:30,PY,388
9143,PSY-P 426,LEC,OPEN,,4,1,0,IN_PERSON,Garraghty P,TUFR,13:00,16:30,PY,388
9144,PSY-P 426,LEC,CLOSED,,4,0,0,IN_PERSON,Garraghty P,WEFR,13:00,16:30,PY,388
9145,PSY-P 426,LEC,OPEN,,4,3,0,IN_PERSON,Garraghty P,THFR,13:00,16:30,PY,388
9147,EDUC-G 647,LEC,CLOSED,,8,0,0,IN_PERSON,Morrison M,TH,17:30,20:00,ED,1235
9149,MUS-P 110,LAB,CLOSED,,16,0,1,IN_PERSON,Yao E,MOWE,13:55,14:45,MU,101
9150,MUS-P 110,LAB,CLOSED,,8,0,1,IN_PERSON,Yao E,MOWE,15:10,16:00,MA,315
9151,MUS-P 110,LAB,CLOSED,,16,0,0,IN_PERSON,Yao E,TUTH,12:45,13:35,MU,101
9152,MUS-E 625,LEC,CLOSED,,15,0,1,IN_PERSON,Richards G,MOWE,12:45,14:00,SM,149C
9153,EALC-C 543,LEC,OPEN,,20,13,0,IN_PERSON,Tsai Y,MOWEFR,13:55,14:45,BH,315
9154,PSY-K 300,LEC,CLOSED,,100,0,46,,Emerick B,,,,WB,WEB
9158,SPH-A 695,LEC,OPEN,,25,13,0,,Madsen L,,,,ARR,
9163,ARTH-A 779,LEC,OPEN,,5,5,0,,Saletnik J,,,,ARR,
9168,MSCH-X 498,LEC,OPEN,,1,1,0,,,,,,ARR,
9169,SPH-K 799,LEC,OPEN,,10,10,0,,Kawata K,,,,ARR,
9170,MSCH-J 804,LEC,OPEN,,10,10,0,,,,,,ARR,
9171,MSCH-J 804,LEC,OPEN,,10,10,0,,,,,,ARR,
9173,BUS-C 204,LEC,CLOSED,,24,0,6,IN_PERSON,Graham P,MOWE,09:35,10:50,HH,3052
9175,MATH-M 211,LEC,CLOSED,,58,0,9,IN_PERSON,Runge B,MOWEFR,12:45,13:35,BH,005
9176,MATH-M 211,RCT,CLOSED,,29,0,5,IN_PERSON,Runge B; Rosnick N,TH,12:45,13:35,BH,143
9177,MATH-M 211,RCT,CLOSED,,29,0,4,IN_PERSON,Bieneman J; Runge B,TH,12:45,13:35,BH,243
9178,BUS-A 329,LEC,CLOSED,,52,0,4,IN_PERSON,Metz K,TUTH,12:45,14:00,HH,3034
9179,BUS-A 329,LEC,CLOSED,,52,0,6,IN_PERSON,Metz K,TUTH,11:10,12:25,HH,3034
9180,BUS-A 329,LEC,CLOSED,,52,0,5,IN_PERSON,Geisler G,MOWE,12:45,14:00,HH,3030
9181,BUS-A 329,LEC,CLOSED,,52,0,4,IN_PERSON,Coleman F,TUTH,14:20,15:35,HH,3034
9182,BUS-A 327,LEC,CLOSED,,52,0,8,IN_PERSON,Coleman F,MOWE,11:10,12:25,HH,2046
9183,BUS-D 271,LEC,CLOSED,DOING BUSINESS IN EUROPE,50,0,8,IN_PERSON,Dawson B,TUTH,14:20,15:35,HH,2057
9184,BUS-D 271,LEC,CLOSED,DOING BUSINESS IN EUROPE,45,0,2,IN_PERSON,Dawson B,TUTH,15:55,17:10,HH,3057
9185,EDUC-C 705,LEC,CLOSED,,16,0,1,,Rippner J,,,,WB,WEB
9186,BUS-A 310,LEC,CLOSED,,52,0,21,IN_PERSON,Volant D,TUTH,14:20,15:35,HH,3030
9187,CHEM-A 315,LAB,OPEN,,12,1,0,IN_PERSON,Thashmantha S,WE,13:00,17:00,CH,133
9193,CHEM-C 341,DIS,CLOSED,,42,0,0,IN_PERSON,Dover L,WE,13:55,14:45,LH,130
9194,BUS-G 350,LEC,CLOSED,,35,0,2,IN_PERSON,Cakirer K,MOWE,11:10,12:25,HH,3055
9195,BUS-G 350,LEC,CLOSED,,35,0,6,IN_PERSON,Dias De Sousa T,TUTH,12:45,14:00,HH,3006
9196,BUS-G 350,LEC,CLOSED,,35,0,1,IN_PERSON,Lin H,TUTH,14:20,15:35,HH,3055
9197,CHEM-C 341,DIS,CLOSED,,42,0,1,IN_PERSON,Neary B; Schmitt C,WE,16:20,17:10,BH,346
9198,CHEM-C 341,DIS,CLOSED,,43,0,0,IN_PERSON,Dugger D,TH,09:10,10:00,LI,026
9199,BUS-T 175,LEC,OPEN,,45,3,0,IN_PERSON,Dayton K,MO,15:55,17:10,HH,1043
9200,MUS-P 110,LAB,CLOSED,,8,0,0,IN_PERSON,Yao E,TUTH,19:55,20:45,MA,318
9201,MUS-P 110,LAB,CLOSED,,16,0,0,IN_PERSON,Yao E,MOWE,19:55,20:45,MU,101
9202,BUS-T 275,LEC,CLOSED,,45,0,34,IN_PERSON,Packowski J,WE,11:10,12:25,HH,1043
9203,MUS-M 532,LEC,CLOSED,,18,0,0,IN_PERSON,Coates Z,TUTH,12:45,14:00,SM,C141
9204,MUS-F 450,LEC,OPEN,,50,13,0,IN_PERSON,Curnow J; Anspach L,WE,16:30,18:30,HD,TBA
9205,MUS-F 450,LEC,OPEN,,20,18,0,,Curnow J; Anspach L,,,,ARR,
9206,MUS-F 450,LEC,OPEN,,50,17,0,IN_PERSON,Murphy Jr O; Anspach L,WE,16:30,18:30,HD,TBA
9207,MUS-F 450,LEC,OPEN,,20,20,0,,Murphy Jr O; Anspach L,,,,ARR,
9208,MUS-F 450,LEC,OPEN,,90,51,0,IN_PERSON,Ganatra S; Anspach L,WE,16:30,18:30,HD,TBA
9209,MUS-F 450,LEC,OPEN,,20,20,0,,Ganatra S; Anspach L,,,,ARR,
9210,MUS-F 450,LEC,OPEN,,40,39,0,IN_PERSON,Han C; Anspach L,WE,16:30,18:30,HD,TBA
9211,MUS-F 450,LEC,OPEN,,20,20,0,,Han C; Anspach L,,,,ARR,
9212,MUS-F 450,LEC,OPEN,,40,36,0,IN_PERSON,Anspach L,WE,16:30,18:30,HD,TBA
9213,MUS-F 450,LEC,OPEN,,20,20,0,,Anspach L,,,,ARR,
9214,MUS-F 450,LEC,OPEN,,50,50,0,IN_PERSON,Anspach L,WE,16:30,18:30,HD,TBA
9215,MUS-F 550,LEC,OPEN,,40,20,0,IN_PERSON,Curnow J; Anspach L,WE,16:30,18:30,HD,TBA
9216,MUS-F 550,LEC,OPEN,,20,19,0,,Curnow J; Anspach L,,,,ARR,
9217,MUS-F 550,LEC,OPEN,,50,26,0,IN_PERSON,Anspach L; Murphy Jr O,WE,16:30,18:30,HD,TBA
9218,MUS-F 550,LEC,OPEN,,20,20,0,,Anspach L; Murphy Jr O,,,,ARR,
9219,MUS-F 550,LEC,OPEN,,200,96,0,IN_PERSON,Ganatra S; Anspach L,WE,16:30,18:30,HD,TBA
9220,MUS-F 550,LEC,OPEN,,30,30,0,,Ganatra S; Anspach L,,,,ARR,
9221,MUS-F 550,LEC,OPEN,,40,17,0,IN_PERSON,Han C; Anspach L,WE,16:30,18:30,HD,TBA
9222,MUS-F 550,LEC,OPEN,,20,18,0,,Han C; Anspach L,,,,ARR,
9223,MUS-F 550,LEC,OPEN,,40,34,0,IN_PERSON,Anspach L,WE,16:30,18:30,HD,TBA
9224,MUS-F 550,LEC,OPEN,,20,20,0,,Anspach L,,,,ARR,
9225,MUS-F 550,LEC,OPEN,,50,50,0,IN_PERSON,Anspach L,WE,16:30,18:30,HD,TBA
9227,PSY-G 901,LEC,OPEN,,20,10,0,,James K,,,,ARR,
9228,PSY-P 899,LEC,OPEN,,1,1,0,,Hetrick W,,,,ARR,
9229,EAS-E 226,LEC,CLOSED,,32,0,3,IN_PERSON,Johnson K,MOWEFR,10:25,11:15,GY,2049
9230,SPH-I 100,LEC,CLOSED,WALKING FOR PHYSICAL ACTIVITY,50,0,0,,Miller K,,,,WB,WEB
9231,MSCH-J 804,LEC,OPEN,,10,10,0,,,,,,ARR,
9233,PHIL-P 805,LEC,OPEN,,50,49,0,,Ebbs G,,,,WB,WEB
9234,BUS-C 204,LEC,CLOSED,,24,0,2,IN_PERSON,Winston S,TUTH,15:55,17:10,HH,3052
9235,CHEM-X 325,LAB,OPEN,,10,3,0,IN_PERSON,Bundy J; Kasanowsky O,TUTH,15:00,18:00,CX,A710
9239,SPH-I 100,LEC,OPEN,GROUP CARDIO FITNESS,30,1,0,,Kleinlein L,,,,WB,WEB
9240,LATS-L 599,LEC,OPEN,,1,1,0,,Martinez S,,,,ARR,
9242,MUS-I 300,LEC,OPEN,,15,6,0,IN_PERSON,Thomas R,TU,19:00,20:50,JS,315
9243,MUS-I 500,LEC,OPEN,,15,6,0,IN_PERSON,Thomas R,TU,19:00,20:50,JS,315
9245,SPH-K 799,LEC,OPEN,,10,9,0,,Schlader Z,,,,ARR,
9247,SLAV-U 201,LEC,OPEN,,5,4,0,IN_PERSON,Melnyk S,MOWEFR,09:10,10:00,WB,WEB
9248,PSY-X 397,LEC,OPEN,,20,20,0,,Wisner K,,,,ARR,
9249,PSY-X 398,LEC,OPEN,,20,20,0,,Wisner K,,,,ARR,
9250,PSY-X 497,LEC,OPEN,,20,20,0,,Wisner K,,,,ARR,
9251,PSY-X 498,LEC,OPEN,,20,20,0,,Wisner K,,,,ARR,
9252,MUS-M 401,DIS,CLOSED,,12,0,0,IN_PERSON,Saltzstein J,TUTH,11:35,12:25,SM,263
9258,SPH-F 255,LEC,OPEN,,24,18,0,,Brandenburg K,,,,WB,WEB
9261,CHEM-H 127,LEC,OPEN,,36,1,1,IN_PERSON,Wood A,TU,09:10,10:00,CH,033
9262,MUS-I 300,LEC,OPEN,,25,9,0,IN_PERSON,Kaplan M,TU,20:00,22:00,MC,070
9263,MUS-I 500,LEC,OPEN,,25,9,0,IN_PERSON,Kaplan M,TU,20:00,22:00,MC,070
9264,ANTH-A 800,LEC,CLOSED,,1,0,0,,King S,,,,ARR,
9265,ANTH-A 800,LEC,OPEN,,1,1,0,,King S,,,,ARR,
9266,PHYS-P 802,LEC,OPEN,,5,5,0,,Messier M; Campbell J,,,,ARR,
9267,BUS-L 521,LEC,OPEN,,40,5,0,IN_PERSON,Haugh T,TUTH,11:10,12:25,CG,1040
9269,SPEA-V 517,LEC,OPEN,,40,5,0,IN_PERSON,Richards K,MOWE,14:20,15:35,PV,272
9271,SWK-S 102,LEC,CLOSED,,30,0,4,IN_PERSON,Parker V,TUTH,09:35,10:50,AC,C116
9272,CSCI-Y 790,LEC,CLOSED,,0,0,0,,Chen F,,,,WB,WEB
9274,ENGR-E 687,LEC,CLOSED,,0,0,0,,Jadhao V,,,,WB,WEB
9275,ENGR-E 101,LEC,OPEN,,60,15,0,IN_PERSON,Sadik O,MO,15:10,16:00,EP,257
9276,ENGR-E 101,LAB,OPEN,,30,5,0,IN_PERSON,Sadik O,TUTH,12:45,14:00,IF,4010
9277,ENGR-E 101,LAB,OPEN,,30,10,0,IN_PERSON,Sadik O,TUTH,14:20,15:35,IF,4010
9278,GEOG-G 830,LEC,CLOSED,,0,0,0,,Ficklin D; Loyal T,,,,WB,WEB
9280,SPH-E 799,LEC,OPEN,,5,4,0,,Ajelli M,,,,WB,WEB
9283,EDUC-F 401,LEC,OPEN,"TEACH, ENGAGE K-16 ONLINE",18,5,0,,Karlin M,,,,WB,WEB
9284,EDUC-R 505,LEC,OPEN,"TEACH, ENGAGE K-16 ONLINE",15,13,0,,Karlin M,,,,WB,WEB
9286,HPSC-X 104,LEC,OPEN,,55,11,0,IN_PERSON,Sullivan-Clarke A; Anindita A,TUTH,08:00,09:15,GA,1100
9287,MSCI-M 401,LEC,OPEN,,25,13,0,IN_PERSON,Rudick C,MOWEFR,09:10,10:00,WB,WEB
9288,MSCI-M 501,LEC,OPEN,,25,13,0,IN_PERSON,Rudick C,MOWEFR,09:10,10:00,WB,WEB
9290,REL-R 389,LEC,OPEN,BEING HUMAN,15,5,0,IN_PERSON,Michelson P,TU,15:10,17:40,BH,219
9291,THTR-T 574,LEC,CLOSED,,3,0,0,IN_PERSON,Johnson S,WE,13:00,16:00,TH,A300
9292,ILS-Z 503,LEC,OPEN,,25,6,0,IN_PERSON,Ma R,TH,16:20,18:50,SW,218
9293,INFO-I 202,LEC,CLOSED,,60,0,0,IN_PERSON,Terrell J,TUTH,09:35,10:50,GA,1134
9296,INFO-I 304,LEC,OPEN,,60,29,0,IN_PERSON,Wood B,MOWE,17:30,18:45,SB,015
9300,LSTU-L 390,LEC,OPEN,CLASS AND LABOR IN POLITICS,35,29,0,,Walker M,,,,WB,WEB
9301,EAS-X 498,LEC,OPEN,,3,3,0,,Brassell S,,,,ARR,
9302,EAS-X 498,LEC,CLOSED,,1,0,0,,Edmonds D,,,,ARR,
9303,EAS-X 498,LEC,OPEN,,1,1,0,,Gong J,,,,ARR,
9304,EAS-X 498,LEC,OPEN,,1,1,0,,Johnson C,,,,ARR,
9305,EAS-X 498,LEC,OPEN,,1,1,0,,Johnson K,,,,ARR,
9306,EAS-X 498,LEC,OPEN,,1,1,0,,Kelson J,,,,ARR,
9307,EAS-X 498,LEC,OPEN,,1,1,0,,Kieu C,,,,ARR,
9308,EAS-X 498,LEC,OPEN,,1,1,0,,Kravitz B,,,,ARR,
9309,EAS-X 498,LEC,OPEN,,5,5,0,,Lilien D,,,,ARR,
9310,EAS-X 498,LEC,OPEN,,1,1,0,,Njau J,,,,ARR,
9311,EAS-X 498,LEC,OPEN,,1,1,0,,O'Brien T,,,,ARR,
9312,EAS-X 498,LEC,OPEN,,1,1,0,,Polly P,,,,ARR,
9313,EAS-X 498,LEC,OPEN,,1,1,0,,Rader S,,,,ARR,
9314,EAS-X 498,LEC,OPEN,,1,1,0,,Schieber J,,,,ARR,
9315,INFO-I 411,LEC,OPEN,,24,12,0,IN_PERSON,Martin C,MO,18:35,20:00,I,E130
9316,ECON-B 251,LEC,OPEN,,60,1,0,IN_PERSON,Loaiza Marin K,MOWE,15:55,17:10,WH,111
9317,ECON-B 251,LEC,OPEN,,300,102,0,IN_PERSON,Lantis R,TUTH,09:35,10:50,WH,100
9318,ECON-B 251,LEC,CLOSED,,60,0,1,IN_PERSON,Lantis R,MOWE,14:20,15:35,WH,111
9319,ECON-B 251,LEC,OPEN,,60,10,0,IN_PERSON,Chen J,TUTH,14:20,15:35,WH,111
9321,LSTU-L 390,LEC,OPEN,ESSENTIAL WORKRS: PUB HLTH & LAB,35,30,0,,Zanoni J,,,,WB,WEB
9322,INFO-I 514,LEC,OPEN,,35,26,0,IN_PERSON,Nippert-Eng C,TUTH,15:55,17:15,I,107
9323,INFO-I 414,LEC,OPEN,,35,26,0,IN_PERSON,Nippert-Eng C,TUTH,15:55,17:15,I,107
9324,ECON-M 513,LEC,OPEN,,35,17,0,IN_PERSON,Zeidel J,TUTH,14:20,15:35,BH,010
9325,ECON-M 524,LEC,OPEN,,9,4,0,IN_PERSON,Chang Y,TUTH,09:35,10:50,WY,329
9326,ECON-B 252,LEC,CLOSED,,300,0,35,IN_PERSON,Barnette J,TUTH,15:55,17:10,BH,013
9327,ECON-B 252,LEC,CLOSED,,60,0,53,IN_PERSON,Aliyev K,MOWE,14:20,15:35,WH,004
9328,ECON-B 252,LEC,CLOSED,,60,0,33,IN_PERSON,Tao Q,MOWE,15:55,17:10,WH,004
9329,ECON-E 252,LEC,CLOSED,,251,0,45,IN_PERSON,Schwendel J,TUTH,15:55,17:10,FA,015
9332,CSCI-A 216,LEC,OPEN,,14,13,0,IN_PERSON,Whitmer J,MOWE,11:35,12:25,IF,0002
9333,CSCI-A 216,LAB,OPEN,,14,13,0,IN_PERSON,Whitmer J,TUTH,12:45,13:35,IF,0006
9335,CSCI-C 212,LAB,OPEN,,30,12,0,IN_PERSON,Crotts J,FR,13:55,15:50,BH,308
9336,BUS-S 546,LEC,OPEN,,36,1,0,IN_PERSON,Escue C,MOWE,17:30,18:45,CG,1008
9337,EAS-E 105,LEC,CLOSED,,105,0,12,IN_PERSON,Kenderes E,MOWE,10:25,11:15,GY,1045
9338,LING-L 325,LEC,OPEN,,36,17,0,IN_PERSON,Grano T,TUTH,12:45,14:00,BH,343
9339,CSCI-C 322,LAB,OPEN,,25,16,0,IN_PERSON,German D,TH,16:45,18:00,TV,186
9340,THTR-T 254,LEC,OPEN,,15,1,0,IN_PERSON,Carneiro A,MOWE,11:10,12:25,AD,A151
9341,CSCI-C 291,LEC,OPEN,,37,18,0,IN_PERSON,Qaaidi S,MOWE,17:30,18:45,TV,226
9342,CSCI-B 503,LEC,OPEN,,30,6,0,IN_PERSON,Zhang Q,MOWE,14:20,15:35,I,107
9343,PSY-P 102,LEC,OPEN,,255,23,0,IN_PERSON,Finn D,FR,12:45,14:00,PY,100
9346,PSY-P 155,LEC,OPEN,,255,99,0,IN_PERSON,Fyfe E,MOWEFR,09:10,10:00,PY,100
9348,INTL-I 521,LEC,OPEN,,24,12,0,IN_PERSON,Banai H,MOWE,09:35,10:50,ED,1210
9349,INTL-I 428,LEC,CLOSED,INTERNATL INDIGENOUS MOVEMENTS,12,0,0,IN_PERSON,Siqueira A,MOWE,17:30,18:45,BH,238
9350,INTL-I 504,LEC,OPEN,INTERNATL INDIGENOUS MOVEMENTS,12,12,0,IN_PERSON,Siqueira A,MOWE,17:30,18:45,BH,238
9351,INFO-I 511,LEC,OPEN,,24,12,0,IN_PERSON,Martin C,MO,18:35,20:00,I,E130
9352,POLS-Y 300,LEC,OPEN,DC INTERNSHIP COURSE,20,5,0,,Barbour C,,,,ARR,
9353,THTR-T 425,LEC,OPEN,,5,5,0,IN_PERSON,Nelson K,MOWE,11:10,12:25,WB,WEB
9354,THTR-T 539,LEC,OPEN,,5,1,0,IN_PERSON,Nelson K,MOWE,11:10,12:25,WB,WEB
9361,ENGR-E 304,LEC,OPEN,,21,5,0,IN_PERSON,Glazier J,TUTH,09:35,10:50,IF,4012
9362,THTR-T 650,LEC,OPEN,,6,4,0,IN_PERSON,Hahn A,MO,10:00,11:00,TH,A009
9365,GEOG-G 107,LEC,OPEN,,53,21,0,IN_PERSON,Kim Y,MOWE,09:10,10:00,BH,005
9366,GEOG-G 107,LAB,OPEN,,27,6,0,IN_PERSON,,TU,10:25,11:15,SB,131
9367,GEOG-G 500,LEC,OPEN,,15,9,0,IN_PERSON,Dwyer M,FR,09:00,11:30,SB,005
9368,LLLC-Y 101,LEC,OPEN,,72,38,0,IN_PERSON,Munk C,TU,12:45,14:00,TE,F160
9369,SPH-H 150,LEC,OPEN,,140,110,0,,Obeng C,,,,WB,WEB
9370,SPH-N 231,LEC,OPEN,,15,6,0,IN_PERSON,Thiagarajah K; Spence L,TUTH,12:45,14:00,WH,101
9371,SPH-F 346,LEC,OPEN,,10,7,0,,Wong A,,,,WB,WEB
9372,SPH-F 255,LEC,OPEN,,10,6,0,IN_PERSON,Eastman-Mueller H,MOWE,11:10,12:25,IF,0117
9373,SPH-F 150,LEC,CLOSED,,9,0,0,IN_PERSON,Getz D,TUTH,09:35,10:50,PH,C100
9374,CEUS-T 198,LEC,OPEN,INTRODUCTORY KYRGYZ I,10,10,0,IN_PERSON,Kivik P,MOWEFR,10:25,11:15,FQ,B002
9375,CEUS-T 598,LEC,OPEN,INTRODUCTORY KYRGYZ I,10,10,0,IN_PERSON,Kivik P,MOWEFR,10:25,11:15,FQ,B002
9376,CEUS-T 398,LEC,OPEN,ADVANCED KYRGYZ I,5,4,0,IN_PERSON,Daniiar kyzy A,MOWEFR,09:10,10:00,FQ,B002
9377,CEUS-T 798,LEC,OPEN,ADVANCED KYRGYZ I,5,4,0,IN_PERSON,Daniiar kyzy A,MOWEFR,09:10,10:00,FQ,B002
9378,EALC-C 557,LEC,OPEN,"CHINESE CULTURE THRU LIT, FILM",10,3,0,IN_PERSON,Chen Y,TUTH,09:35,10:50,WH,112
9379,PSY-P 457,LEC,OPEN,NEUROBIOLOGY OF COGNITION,20,2,0,IN_PERSON,Hajos N,MOWE,09:35,10:50,PY,230
9382,MUS-I 501,LEC,OPEN,COMPOSITION FORUM,70,34,0,IN_PERSON,Jenks G,WE,16:30,17:45,MC,066
9383,SPH-O 279,LEC,OPEN,,30,16,0,IN_PERSON,McConnell H,MO,13:55,16:25,WH,002
9386,CHEM-C 317,LEC,OPEN,,50,15,0,IN_PERSON,Vazquez R; Medrano O,WEFR,08:00,08:50,CH,001
9388,SPH-W 113,LEC,OPEN,,16,3,0,IN_PERSON,Brown N; Kivland T,WE,18:40,21:10,EG,020
9389,SPH-W 125,LEC,CLOSED,,9,0,0,IN_PERSON,Nolan K; Brown N; Kivland T,WE,18:40,21:10,EG,020
9390,SPH-Q 501,LEC,OPEN,,65,52,0,,Fluharty D,,,,WB,WEB
9391,STAT-S 303,LEC,CLOSED,,100,0,1,IN_PERSON,Yang J,MOWE,17:30,18:45,LH,102
9393,SPH-I 111,LEC,CLOSED,,30,0,0,IN_PERSON,Furman Jr L,MOWE,10:25,11:15,GF,199
9397,SPH-I 140,LEC,CLOSED,,28,0,0,IN_PERSON,Gordon J,MOWE,12:45,13:35,GF,095
9398,SPH-I 140,LEC,OPEN,,28,11,0,IN_PERSON,Lucas G,TUTH,09:10,10:00,GF,095
9399,SPH-I 140,LEC,OPEN,,28,5,0,IN_PERSON,Lucas G,TUTH,12:45,13:35,GF,095
9400,SPH-I 149,LEC,OPEN,,20,6,0,IN_PERSON,Frame S,MOWE,16:20,17:10,GF,095
9401,SPH-I 240,LEC,OPEN,,28,7,0,IN_PERSON,Lucas G,TUTH,11:35,12:25,GF,095
9403,FRIT-M 100,LEC,CLOSED,,22,0,1,IN_PERSON,Fizer H,MOWEFR,10:25,11:15,BH,221
9404,SPH-I 281,LEC,OPEN,,12,6,0,IN_PERSON,Chopra C,MOWEFR,09:00,10:00,HD,TBA
9405,SPH-I 281,LEC,OPEN,,12,3,0,IN_PERSON,Chopra C,MOWEFR,10:00,11:00,HD,TBA
9407,HIST-J 300,LEC,OPEN,MAKING A LIVING IN N. AMERICA,20,4,5,IN_PERSON,Nichols D,TUTH,08:00,09:15,BH,241
9408,FRIT-M 250,LEC,OPEN,,10,2,0,IN_PERSON,Salvo D,WE,19:05,20:20,WB,WEB
9409,EALC-K 201,LEC,OPEN,,27,15,0,IN_PERSON,Lee J,TUTH,10:25,11:15,WI,C111
9410,EALC-K 201,LEC,OPEN,,27,15,0,IN_PERSON,Lee J,TUTH,10:25,11:15,WI,C111
9411,SPH-I 185,LEC,OPEN,,40,12,0,IN_PERSON,Furman Jr L,TUTH,12:45,13:35,GF,199
9413,SPEA-E 260,LEC,OPEN,,40,12,0,IN_PERSON,Lindner G,TUTH,17:30,18:45,PV,278
9414,MSCH-J 465,LEC,CLOSED,,18,0,0,IN_PERSON,Layton S,TUTH,15:55,17:10,FF,062
9415,SOAD-D 374,LEC,OPEN,,13,1,0,IN_PERSON,Vo H,TUTH,08:00,10:45,KH,201
9417,BUS-F 305,LEC,CLOSED,,50,0,41,IN_PERSON,Wegener M,MOWE,11:10,12:25,HH,1050
9418,SOAD-M 350,LEC,CLOSED,,25,0,5,IN_PERSON,Kim M,TUTH,11:10,12:25,KH,116
9419,BUS-F 525,LEC,OPEN,,37,1,0,IN_PERSON,Nam J,TUTH,09:25,10:50,CG,2063
9420,BUS-F 517,LEC,OPEN,,40,2,0,IN_PERSON,Hays G,MOWE,12:45,14:10,CG,1026
9421,BUS-F 419,LEC,CLOSED,,40,0,1,IN_PERSON,Trzcinka C,MOWE,11:10,12:25,HH,3000
9422,BUS-F 212,LEC,CLOSED,,22,0,0,IN_PERSON,Crigler E,FR,14:20,16:50,HH,4006
9423,SOAD-C 381,LEC,OPEN,ENVIRONMENTAL DESIGN,15,2,0,IN_PERSON,Bybee W,MOWE,12:45,15:30,KH,002
9425,SPEA-E 444,LEC,OPEN,,28,15,0,IN_PERSON,Kohler C,TUTH,08:00,09:15,PV,273
9426,SPEA-E 542,LEC,OPEN,,28,15,0,IN_PERSON,Kohler C,TUTH,08:00,09:15,PV,273
9427,BIOL-P 451,LAB,OPEN,,25,3,0,IN_PERSON,Schlegel W,FR,10:20,12:20,JH,122
9429,HISP-S 504,LEC,OPEN,SER I: GRAD STY & PROFESSIONZATN,20,11,0,IN_PERSON,Rosenthal O,FR,16:20,17:50,GA,0009
9430,HISP-S 504,LEC,OPEN,SER II: ADVANCD PROFESSNALZATN,20,17,0,IN_PERSON,Matos Amaral P,FR,16:20,17:50,GA,0013
9432,SPEA-N 534,LEC,OPEN,,28,4,0,IN_PERSON,Brass J,MOWE,11:10,12:25,PV,273
9433,EDUC-Q 205,LEC,CLOSED,,24,0,0,IN_PERSON,Shamsi Pour Siahmazgi G,MOWE,12:45,14:30,ED,3105
9434,EDUC-Q 205,LEC,CLOSED,,24,0,0,IN_PERSON,Shamsi Pour Siahmazgi G,TUTH,09:35,11:20,ED,3105
9435,MELC-A 330,LEC,OPEN,,18,12,0,,Mbarki A,,,,WB,WEB
9436,EDUC-M 300,LEC,CLOSED,,20,0,0,IN_PERSON,Martin A,MOWE,12:45,14:00,ED,1220
9437,EDUC-K 205,LEC,OPEN,,3,3,0,IN_PERSON,Maufuriyah I; Carter Jr R,TUTH,09:35,10:50,ED,1225
9438,BUS-A 306,DIS,CLOSED,,38,0,5,IN_PERSON,Clark J; Anish S,FR,09:35,10:50,HH,1034
9439,BUS-A 304,DIS,CLOSED,,32,0,8,IN_PERSON,Josefy B; Middlemas K,FR,09:35,10:50,HH,2047
9440,BUS-A 304,DIS,CLOSED,,32,0,13,IN_PERSON,Josefy B; Middlemas K,FR,11:10,12:25,HH,2047
9441,BUS-A 304,DIS,CLOSED,,32,0,3,IN_PERSON,Josefy B; Doukakis M,FR,09:35,10:50,HH,3016
9442,MUS-Z 401,LEC,OPEN,,100,54,0,IN_PERSON,Lubell G,TUTH,14:20,15:35,SM,015
9443,EDUC-P 514,LEC,CLOSED,,20,0,5,,Washul T,,,,WB,WEB
9444,EDUC-P 314,LEC,OPEN,,30,1,0,,Davis G,,,,WB,WEB
9445,EDUC-G 625,LEC,OPEN,,15,11,0,,Perez-Rojas A,,,,ARR,
9446,BIOT-T 501,LEC,OPEN,,18,5,0,IN_PERSON,Bollivar D,WE,12:45,13:35,JH,248
9447,BIOT-T 502,LEC,OPEN,,18,6,0,IN_PERSON,Srivastava M,WE,12:45,13:35,JH,248
9448,BUS-A 304,DIS,CLOSED,,32,0,16,IN_PERSON,Josefy B; Lucente III M,FR,11:10,12:25,HH,2049
9449,BUS-A 304,DIS,CLOSED,,32,0,9,IN_PERSON,Josefy B; Middlemas K,FR,12:45,14:00,HH,2047
9450,BUS-A 304,DIS,CLOSED,,32,0,10,IN_PERSON,Josefy B; Lucente III M,FR,12:45,14:00,HH,2049
9451,BUS-A 304,DIS,CLOSED,,32,0,12,IN_PERSON,Josefy B; Shaw M,FR,12:45,14:00,HH,4075
9452,BUS-A 304,DIS,CLOSED,,32,0,6,IN_PERSON,Josefy B; Lucente III M,FR,09:35,10:50,HH,2049
9453,BUS-A 304,DIS,CLOSED,,32,0,6,IN_PERSON,Josefy B; Shaw M,FR,11:10,12:25,HH,4075
9454,BUS-A 304,DIS,CLOSED,,32,0,13,IN_PERSON,Josefy B; Doukakis M,FR,11:10,12:25,HH,3016
9455,BUS-A 304,DIS,CLOSED,,32,0,10,IN_PERSON,Josefy B; Doukakis M,FR,12:45,14:00,HH,3016
9456,BUS-A 304,DIS,CLOSED,,32,0,5,IN_PERSON,Josefy B; Wehr N,FR,09:35,10:50,HH,3022
9457,BIOT-T 521,LEC,OPEN,,18,5,0,IN_PERSON,Edgeworth V,TUTH,08:00,09:15,JH,440
9459,AADM-Y 506,LEC,OPEN,,30,8,0,IN_PERSON,Hatcher S,MOWE,12:45,14:00,PV,163
9460,MUS-M 390,LEC,OPEN,,25,7,0,IN_PERSON,Boeyink N,MOWEFR,09:10,10:00,MA,404
9461,MUS-P 202,LEC,OPEN,,8,2,0,IN_PERSON,Gillespie L,MOWE,17:30,18:20,MA,318
9462,MUS-P 720,LEC,OPEN,,8,2,0,IN_PERSON,Gillespie L,MOWE,17:30,18:20,MA,318
9463,BUS-A 304,DIS,CLOSED,,32,0,4,IN_PERSON,Josefy B; Shaw M,FR,09:35,10:50,HH,4075
9464,BUS-A 304,DIS,CLOSED,,32,0,5,IN_PERSON,Josefy B; Wehr N,FR,11:10,12:25,HH,3022
9465,BUS-A 304,DIS,CLOSED,,32,0,12,IN_PERSON,Josefy B; Wehr N,FR,12:45,14:00,HH,3022
9466,BUS-A 306,DIS,CLOSED,,38,0,3,IN_PERSON,Demere W; Fitzgerald K,FR,09:35,10:50,HH,4026
9467,BUS-A 306,DIS,OPEN,,38,1,1,IN_PERSON,Demere W; Lee A,FR,09:35,10:50,HH,2000
9468,BUS-A 306,DIS,CLOSED,,38,0,3,IN_PERSON,Clark J; Besinger E,FR,09:35,10:50,HH,1030
9469,BUS-A 306,DIS,CLOSED,,38,0,3,IN_PERSON,Demere W; Peck D,FR,09:35,10:50,HH,2050
9470,BUS-A 306,DIS,OPEN,,38,1,5,IN_PERSON,Clark J; Besinger E,FR,11:10,12:25,HH,1030
9471,BUS-A 306,DIS,CLOSED,,38,0,2,IN_PERSON,Clark J; Anish S,FR,11:10,12:25,HH,1034
9472,BUS-A 306,DIS,CLOSED,,38,0,4,IN_PERSON,Demere W; Fitzgerald K,FR,11:10,12:25,HH,4026
9473,BUS-A 306,DIS,CLOSED,,38,0,3,IN_PERSON,Clark J; Collins C,FR,09:35,10:50,HH,4030
9474,BUS-A 306,DIS,CLOSED,,38,0,1,IN_PERSON,Demere W; Lee A,FR,11:10,12:25,HH,2000
9475,BUS-A 306,DIS,CLOSED,,38,0,2,IN_PERSON,Clark J; Collins C,FR,11:10,12:25,HH,4030
9476,BUS-A 306,DIS,CLOSED,,38,0,4,IN_PERSON,Demere W; Peck D,FR,11:10,12:25,HH,2050
9477,MUS-O 590,LEC,OPEN,,5,5,0,,Allen J,,,,ARR,
9478,BUS-A 306,DIS,CLOSED,,38,0,3,IN_PERSON,Clark J; Anish S,FR,12:45,14:00,HH,1034
9479,BUS-A 306,DIS,CLOSED,,38,0,0,IN_PERSON,Clark J; Dasgupta D,FR,09:35,10:50,HH,3006
9480,BUS-A 306,DIS,CLOSED,,38,0,3,IN_PERSON,Demere W; Fitzgerald K,FR,12:45,14:00,HH,4026
9481,MSCH-S 348,LEC,CLOSED,,65,0,15,IN_PERSON,Fritz N,TUTH,12:45,14:00,FF,312
9482,BUS-A 306,DIS,CLOSED,,38,0,2,IN_PERSON,Demere W; Lee A,FR,12:45,14:00,HH,2000
9483,BUS-A 306,DIS,CLOSED,,38,0,2,IN_PERSON,Demere W; Peck D,FR,12:45,14:00,HH,2050
9484,BUS-A 306,DIS,CLOSED,,38,0,0,IN_PERSON,Clark J; Collins C,FR,12:45,14:00,HH,4030
9485,BUS-A 306,DIS,CLOSED,,38,0,0,IN_PERSON,Demere W; Spencer C,FR,09:35,10:50,HH,2057
9486,BUS-A 306,DIS,CLOSED,,38,0,0,IN_PERSON,Clark J; Dasgupta D,FR,11:10,12:25,HH,3006
9487,MSCH-C 209,LEC,CLOSED,,125,0,5,IN_PERSON,Glennon J,TUTH,11:10,12:25,TV,251
9488,MUS-E 518,LEC,OPEN,,20,6,0,IN_PERSON,Richerme L,MOWE,11:10,12:25,SM,149C
9489,BUS-A 306,LEC,CLOSED,,171,0,4,IN_PERSON,Demere W,MO,08:00,09:15,HH,1000
9490,BUS-A 306,LEC,CLOSED,,171,0,9,IN_PERSON,Demere W,MO,09:35,10:50,HH,1000
9491,BUS-A 306,LEC,CLOSED,,171,0,14,IN_PERSON,Demere W,MO,11:10,12:25,HH,1000
9492,BUS-A 306,LEC,CLOSED,,171,0,16,IN_PERSON,Demere W,MO,12:45,14:00,HH,1000
9493,GNDR-G 225,LEC,CLOSED,,125,0,0,IN_PERSON,Maher J,TUTH,11:10,12:25,SW,007
9494,BUS-A 307,LEC,CLOSED,,50,0,13,IN_PERSON,Broderick K,TUTH,08:00,09:15,HH,2046
9495,BUS-A 307,LEC,CLOSED,,50,0,22,IN_PERSON,Broderick K,TUTH,09:35,10:50,HH,2046
9496,BUS-A 306,DIS,CLOSED,,38,0,3,IN_PERSON,Demere W; Stephens A,FR,09:35,10:50,HH,3079
9497,BUS-A 306,DIS,CLOSED,,38,0,0,IN_PERSON,Clark J; Dasgupta D,FR,12:45,14:00,HH,3006
9498,BUS-A 306,DIS,CLOSED,,38,0,2,IN_PERSON,Demere W; Stephens A,FR,11:10,12:25,HH,3079
9499,BUS-A 306,DIS,CLOSED,,38,0,0,IN_PERSON,Clark J; Ferraro N,FR,12:45,14:00,HH,1038
9500,MUS-R 571,LEC,CLOSED,,15,0,0,IN_PERSON,Murphy H,TUTH,11:10,12:25,MC,301
9501,GNDR-G 695,LEC,OPEN,,2,2,0,,Sanders S,,,,ARR,
9502,GNDR-G 695,LEC,OPEN,,2,2,0,,Weber B,,,,ARR,
9503,MUS-R 572,LEC,OPEN,,22,21,0,IN_PERSON,Coates Z; Vaughn T,MOWEFR,11:35,13:15,MC,301
9504,GNDR-X 490,LEC,OPEN,,2,2,0,,Peoples G,,,,ARR,
9505,GNDR-X 490,LEC,OPEN,,2,2,0,,Sanders S,,,,ARR,
9506,GNDR-X 490,LEC,OPEN,,2,2,0,,Weber B,,,,ARR,
9507,SPEA-V 186,LEC,CLOSED,,102,0,13,IN_PERSON,Inman C,TUTH,09:35,10:50,PV,167
9508,SLAV-S 301,LEC,OPEN,,2,2,0,IN_PERSON,Ozcelik T,TUTH,11:10,12:25,WB,WEB
9509,MELC-A 300,LEC,OPEN,,20,6,0,IN_PERSON,Dasan B,MOTUWETH,08:00,08:50,BH,229
9510,SLHS-A 150,LEC,CLOSED,,28,0,9,IN_PERSON,Demeter D,TUTH,12:45,14:00,BH,330
9511,SLHS-A 200,LEC,OPEN,,27,6,0,IN_PERSON,Smith L,MOWE,12:45,14:00,BH,330
9512,SLHS-A 200,LEC,OPEN,,27,9,0,IN_PERSON,Smith L,MOWE,14:20,15:35,BH,330
9513,SLHS-A 200,LEC,OPEN,,27,4,0,IN_PERSON,Gessinger D,MOWE,09:35,10:50,BH,227
9514,SLHS-A 200,LEC,CLOSED,,28,0,1,IN_PERSON,Kochan S,TUTH,09:35,10:50,BH,227
9515,SLHS-A 200,LEC,OPEN,,27,5,0,IN_PERSON,Gessinger D,MOWE,11:10,12:25,BH,227
9516,SLHS-S 201,LEC,CLOSED,,55,0,0,IN_PERSON,Lulich S,MOWE,08:00,09:15,GA,1134
9517,MELC-A 200,LEC,OPEN,,20,15,0,IN_PERSON,Youseif A,MOWE,09:10,10:00,BH,241
9518,MELC-A 200,LEC,CLOSED,,15,0,1,IN_PERSON,Youseif A,MOWE,11:35,12:25,WY,111
9519,MELC-A 100,LEC,OPEN,,17,7,0,IN_PERSON,Albdairat I,MOWE,09:10,10:00,BH,016
9520,MELC-A 100,LEC,OPEN,,20,2,0,IN_PERSON,Albdairat I,MOWE,11:35,12:25,BH,318
9521,MELC-A 100,LEC,OPEN,,20,7,0,IN_PERSON,Oduncu R,MOWE,13:55,14:45,BH,318
9522,EDUC-X 158,LEC,OPEN,,19,2,0,IN_PERSON,Burke M; Harris A,TUTH,12:45,14:00,RA,B111
9523,EDUC-X 158,LEC,OPEN,,19,5,0,IN_PERSON,Burke M; Harris A,TUTH,14:20,15:35,RA,B111
9524,SLHS-S 111,LEC,OPEN,,85,10,0,IN_PERSON,Bent T,MOWE,09:35,10:50,SB,015
9525,MUS-O 601,LEC,OPEN,,25,24,0,,Cartledge D,,,,ARR,
9526,MUS-O 602,LEC,OPEN,,25,25,0,,Cartledge D,,,,ARR,
9527,PHIL-P 145,LEC,CLOSED,,90,0,0,IN_PERSON,Adams M,MOWE,15:10,16:00,CH,001
9528,PHIL-M 302,LEC,CLOSED,,35,0,1,IN_PERSON,Robison J,MOWE,15:55,17:10,BH,343
9529,SLHS-S 104,LEC,CLOSED,,100,0,2,IN_PERSON,Riffle T; Anderson J,TUTH,15:55,16:55,FA,102
9530,SLHS-S 540,LEC,OPEN,,60,15,0,IN_PERSON,Tsai T,TUTH,09:35,10:50,AH,C1021Z
9531,SLHS-S 519,LEC,CLOSED,,12,0,0,IN_PERSON,Lynch E,MOWE,15:55,17:10,AH,C3053
9532,SPEA-V 202,LEC,CLOSED,,100,0,32,IN_PERSON,Ortega A,MOWE,12:45,14:00,PV,169
9533,SPEA-V 370,LEC,CLOSED,,48,0,3,IN_PERSON,Alexeev A,MOWE,14:20,15:35,PV,A201
9534,MSCH-J 410,LEC,OPEN,,25,6,0,IN_PERSON,Coleman J,MOWE,14:20,15:35,FF,114
9535,EDUC-W 200,LEC,CLOSED,,24,0,0,IN_PERSON,Jeong Y; Kale U,MOWE,09:35,10:50,ED,2015
9536,INTL-I 434,LEC,CLOSED,,12,0,0,IN_PERSON,O'Reilly J,TH,12:45,15:15,SY,137
9537,MSCH-P 468,LEC,CLOSED,,12,0,1,IN_PERSON,Schwibs S,TUTH,15:55,17:25,TV,180
9538,MSCH-T 583,LEC,OPEN,,10,3,0,IN_PERSON,Schwibs S,WE,15:55,18:25,TV,157
9539,MSCH-P 361,LEC,CLOSED,,36,0,6,IN_PERSON,Brown B,MO,09:35,10:50,TV,245
9540,MSCH-P 361,LAB,CLOSED,,12,0,1,IN_PERSON,Garland Jr J,TU,10:00,14:00,TV,127
9541,MUS-P 110,LAB,CLOSED,,16,0,0,IN_PERSON,Yao E,TUTH,13:55,14:45,MU,101
9542,MUS-P 120,LAB,OPEN,,16,6,0,IN_PERSON,Yao E,TUTH,17:30,18:20,MU,101
9544,MUS-Q 800,LEC,OPEN,,2,1,0,,Fishell J,,,,ARR,
9545,EDUC-X 105,LEC,CLOSED,,20,0,9,IN_PERSON,Koke A; Raab C,TUTH,18:40,19:30,ED,2101
9546,BUS-BE 375,LEC,CLOSED,,170,0,0,IN_PERSON,Clark R; Blair III J; DeShano M; Fitter J,MOWE,13:10,14:15,HH,1059
9547,BUS-F 370,LEC,CLOSED,,0,0,0,IN_PERSON,Fitter J,TUTH,14:25,15:30,HH,1059
9548,BUS-M 370,LEC,CLOSED,,0,0,0,IN_PERSON,Blair III J,MOWE,14:25,15:30,HH,1059
9549,BUS-P 370,LEC,CLOSED,,0,0,0,IN_PERSON,Clark R,MOWE,13:10,14:15,HH,1059
9550,BUS-Z 370,LEC,CLOSED,,0,0,0,IN_PERSON,DeShano M,TUTH,13:10,14:15,HH,1059
9551,BUS-A 304,LEC,CLOSED,,171,0,12,IN_PERSON,Lyman R,TH,08:00,09:15,HH,1000
9552,BUS-A 304,LEC,CLOSED,,171,0,18,IN_PERSON,Lyman R,TH,09:35,10:50,HH,1000
9553,BUS-A 304,LEC,CLOSED,,171,0,30,IN_PERSON,Lyman R,TH,11:10,12:25,HH,1000
9554,BUS-A 304,LEC,CLOSED,,171,0,26,IN_PERSON,Lyman R,TH,12:45,14:00,HH,1000
9555,BUS-A 306,DIS,OPEN,,38,1,0,IN_PERSON,Clark J; Ferraro N,FR,09:35,10:50,HH,1038
9556,BUS-A 306,DIS,CLOSED,,38,0,1,IN_PERSON,Clark J; Ferraro N,FR,11:10,12:25,HH,1038
9557,BUS-A 306,DIS,CLOSED,,38,0,0,IN_PERSON,Clark J; Besinger E,FR,12:45,14:00,HH,1030
9558,BUS-W 235,LEC,OPEN,,45,2,2,IN_PERSON,Tian R,MOWE,14:20,15:35,HH,3057
9559,BUS-L 318,LEC,CLOSED,,59,0,0,IN_PERSON,Eskew K,MOWE,12:45,14:00,HH,1034
9560,INFO-I 400,LEC,OPEN,VIZ DATA WITH TABLEAU,30,10,0,IN_PERSON,Reed-Buechlein K,TUTH,15:55,17:10,I,E130
9561,INFO-I 590,LEC,OPEN,VIZ DATA WITH TABLEAU,15,13,0,IN_PERSON,Reed-Buechlein K,TUTH,15:55,17:10,I,E130
9562,HISP-S 105,LEC,CLOSED,,24,0,3,IN_PERSON,Gonzalez Calderon J,MOTUWETH,10:25,11:15,BH,238
9563,HISP-S 105,LEC,CLOSED,,24,0,9,IN_PERSON,Rodriguez J,MOTUWETH,12:45,13:35,BH,138
9564,HISP-S 250,LEC,CLOSED,,24,0,1,IN_PERSON,Alishio-Caballero N,MOWEFR,13:55,14:45,JH,440
9565,HISP-S 250,LEC,CLOSED,,24,0,1,IN_PERSON,Cohen B,MOWETH,16:20,17:10,BH,344
9566,HISP-S 250,LEC,CLOSED,,24,0,0,IN_PERSON,Cohen B,MOWETH,17:30,18:20,BH,146
9567,HISP-S 280,LEC,CLOSED,,24,0,3,IN_PERSON,Herrera I,MOWE,11:10,12:25,BH,332
9568,HISP-S 280,LEC,CLOSED,,24,0,7,IN_PERSON,Mora N,TUTH,14:20,15:35,GA,0013
9569,HISP-S 308,LEC,CLOSED,,20,0,0,IN_PERSON,Herrera I,MOWE,09:35,10:50,BH,337
9570,BUS-A 527,LEC,OPEN,,30,12,0,IN_PERSON,Stomberg B,MOWE,11:05,12:30,CG,2063
9571,BUS-A 527,LEC,CLOSED,,43,0,0,IN_PERSON,Stomberg B,MOWE,09:25,10:50,CG,1022
9572,BUS-F 420,LEC,CLOSED,,45,0,2,IN_PERSON,Woeppel M,TUTH,12:45,14:00,HH,2049
9573,BUS-R 305,LEC,CLOSED,,40,0,15,IN_PERSON,McCoy D,MOWE,09:35,10:50,HH,1050
9574,SPH-E 653,LEC,OPEN,,20,19,0,IN_PERSON,Bidulescu A,TUTH,12:45,14:00,SY,006
9575,SPH-E 250,LEC,CLOSED,,56,0,2,,Lin W,,,,WB,WEB
9577,LING-L 245,LEC,OPEN,,25,14,0,IN_PERSON,Kuebler S,MOWE,14:20,15:35,IF,0119
9578,MUS-T 545,LEC,OPEN,,12,6,0,IN_PERSON,Slattery M,MOWE,09:35,10:50,RA,B111
9579,MELC-A 320,LEC,OPEN,,18,18,0,IN_PERSON,Albdairat I,MO,15:00,16:00,WH,110
9581,SPH-M 418,LEC,CLOSED,,150,0,9,IN_PERSON,Kim J,MOWE,11:10,12:25,ED,1120
9585,EDUC-Q 601,LEC,OPEN,,12,5,0,,Akerson V,,,,WB,WEB
9586,EDUC-E 325,LEC,OPEN,,19,19,0,IN_PERSON,Burke A,TUTH,09:35,10:50,ED,3275
9587,EDUC-M 401,LEC,OPEN,,21,21,0,IN_PERSON,Lee D,TUTH,11:35,15:50,HD,TBA
9588,EDUC-E 325,LEC,OPEN,,21,21,0,IN_PERSON,Lee D,MOWE,12:45,14:00,ED,3275
9589,ENGR-E 399,LEC,CLOSED,AUTONOMOUS ROBOTICS,26,0,4,IN_PERSON,Liu L,TUTH,09:35,10:50,LH,023
9592,MSCH-C 203,LEC,OPEN,,134,44,0,IN_PERSON,White T,MOWE,09:35,10:50,BH,310
9593,INFO-I 389,LEC,OPEN,,90,66,0,,Thacker U,,,,ARR,
9594,INFO-I 489,LEC,OPEN,,60,30,0,,Thacker U,,,,ARR,
9595,BUS-F 100,LEC,CLOSED,,100,0,3,IN_PERSON,Arcot S; Masson D,MOWE,14:20,15:35,MN,C210
9596,BUS-F 100,LEC,CLOSED,,100,0,4,IN_PERSON,Arcot S; Masson D,TUTH,14:20,15:35,MN,C210
9599,MUS-Z 284,LEC,CLOSED,,60,0,0,IN_PERSON,Renk C,TUTH,11:10,12:25,MA,454
9600,BUS-C 204,LEC,CLOSED,,24,0,2,IN_PERSON,Chance B,TUTH,14:20,15:35,HH,3050
9601,BUS-C 204,LEC,CLOSED,,24,0,5,IN_PERSON,Chen X,MOWE,09:35,10:50,HH,3050
9602,BUS-C 204,LEC,CLOSED,,24,0,2,IN_PERSON,Winston S,TUTH,17:30,18:45,HH,3052
9605,BUS-T 175,LEC,OPEN,,45,5,0,IN_PERSON,Parker A,TH,08:00,09:15,HH,4034
9606,BUS-T 175,LEC,CLOSED,,45,0,0,IN_PERSON,Parker A,TH,11:10,12:25,HH,4034
9607,BUS-T 175,LEC,CLOSED,,45,0,0,IN_PERSON,Parker A,TH,09:35,10:50,HH,4034
9608,BUS-T 175,LEC,CLOSED,,45,0,0,IN_PERSON,Hamilton L,MO,11:10,12:25,HH,4034
9609,GEOG-G 488,LEC,OPEN,,28,10,0,IN_PERSON,Robeson S,MO,14:20,15:35,SB,005
9610,GEOG-G 588,LEC,OPEN,,28,10,0,IN_PERSON,Robeson S,MO,14:20,15:35,SB,005
9611,BUS-K 303,LEC,CLOSED,,27,0,2,IN_PERSON,Naldi S,TUTH,11:10,12:25,HH,4055
9613,BUS-K 353,LEC,CLOSED,,45,0,0,IN_PERSON,Kan R,MOWE,15:55,17:10,HH,4059
9614,BIOL-S 311,LEC,OPEN,,22,3,0,IN_PERSON,Calvi B,MOWEFR,09:10,10:00,JH,248
9615,SOAD-S 240,LEC,CLOSED,,16,0,0,IN_PERSON,Johnson J,TUTH,14:20,17:05,AZ,130
9616,BIOL-L 211,LEC,OPEN,,96,2,2,IN_PERSON,Mehta S,MO,18:00,19:00,SW,007
9617,BUS-G 303,LEC,CLOSED,,35,0,4,IN_PERSON,Basak D,TUTH,14:20,15:35,WH,008
9618,HON-H 238,LEC,CLOSED,THE SOCIAL IMPACTS OF AI,22,0,3,IN_PERSON,Soe Y,TUTH,09:35,10:55,HU,108
9619,BUS-R 314,LEC,CLOSED,,0,0,0,IN_PERSON,Cockerham C,MOWE,15:55,17:10,CG,1032
9620,SLAV-P 101,LEC,OPEN,,4,3,0,IN_PERSON,Asher S,MOTUWETH,09:10,10:00,WB,WEB
9621,SLAV-P 501,LEC,OPEN,,4,3,0,IN_PERSON,Asher S,MOTUWETH,09:10,10:00,WB,WEB
9622,SLAV-P 503,LEC,OPEN,,9,8,0,IN_PERSON,Sicinski L,MOWEFR,10:25,11:15,WB,WEB
9624,SPCN-V 550,LEC,OPEN,GLOBAL GOV IN 21ST CENTURY,30,21,0,,Afoaku O,,,,WB,WEB
9625,SPCN-V 580,LEC,OPEN,,30,30,0,,Nicholson-Crotty J,,,,WB,WEB
9626,MUS-F 450,LEC,OPEN,,10,10,0,,Anspach L,,,,ARR,
9627,BUS-F 100,LEC,CLOSED,,100,0,0,IN_PERSON,Masson D; Arcot S,TUTH,15:55,17:10,MN,C210
9628,BUS-F 100,LEC,CLOSED,,100,0,2,IN_PERSON,Masson D; Arcot S,MOWE,15:55,17:10,MN,C210
9629,BUS-F 100,LEC,CLOSED,,100,0,3,IN_PERSON,Arcot S,TUTH,12:45,14:00,MN,C210
9630,MUS-F 550,LEC,OPEN,,10,10,0,,Anspach L,,,,ARR,
9632,BUS-D 270,LEC,CLOSED,,220,0,23,IN_PERSON,Kolovou T,MOWE,15:55,17:10,HH,2075
9633,BUS-M 405,LEC,CLOSED,,40,0,5,IN_PERSON,Khamitov M,TUTH,11:10,12:25,HH,3075
9634,CEUS-T 313,LEC,OPEN,,5,5,0,IN_PERSON,Kivik P; Otetileuova A,MOWEFR,09:10,10:00,WB,WEB
9635,CEUS-T 713,LEC,OPEN,,5,5,0,IN_PERSON,Kivik P; Otetileuova A,MOWEFR,09:10,10:00,WB,WEB
9638,LING-L 103,DIS,OPEN,,30,20,0,IN_PERSON,Amick A,FR,15:10,16:00,BH,143
9639,BUS-D 271,LEC,CLOSED,DOING BUSINESS IN CHINA,45,0,0,IN_PERSON,Jia Z,MOWE,17:30,18:45,HH,2047
9640,BUS-K 201,LEC,CLOSED,,40,0,0,IN_PERSON,Davis R,MOWE,15:55,17:10,HH,1047
9642,BUS-K 201,LEC,OPEN,,40,19,0,IN_PERSON,Abshire S,TUTH,08:00,09:15,HH,1047
9643,BUS-A 307,LEC,CLOSED,,50,0,39,IN_PERSON,Broderick K,TUTH,11:10,12:25,HH,2046
9644,AAST-A 201,LEC,CLOSED,,35,0,4,IN_PERSON,Kwong L,MOWE,12:45,14:00,BH,342
9645,MUS-X 1,LEC,OPEN,ALL-CAMPUS BAND,150,88,0,IN_PERSON,Smedley E,MO,19:15,20:45,MC,066
9646,MUS-X 70,LEC,OPEN,,20,20,0,,Walsh T; Graves G; DiOrio D,,,,ARR,
9647,SPH-X 650,LEC,OPEN,,20,13,0,IN_PERSON,Camplain R,MOWE,14:20,15:35,SY,137
9648,SPH-X 660,LEC,OPEN,,20,9,0,IN_PERSON,Guerra Reyes L,MOWE,11:10,12:25,PH,10
9649,MUS-M 469,LEC,OPEN,,24,20,0,IN_PERSON,Ganatra S,TU,12:45,14:00,JS,315
9651,BUS-S 364,LEC,CLOSED,,32,0,4,IN_PERSON,Li J,MOWE,11:10,12:25,CG,3075
9654,BUS-L 304,LEC,OPEN,,40,1,1,IN_PERSON,Rubin J,MOWE,14:20,15:35,HH,3059
9656,CHEM-N 331,DIS,CLOSED,,39,0,0,IN_PERSON,Dawson C,TH,13:55,14:45,JH,A106
9657,CHEM-N 331,DIS,OPEN,,30,1,0,IN_PERSON,Dawson C,TH,15:10,16:00,JH,440
9658,BIOT-T 501,LAB,OPEN,,18,5,0,IN_PERSON,Bollivar D,MOWE,09:00,11:30,JH,033
9659,BIOT-T 502,LAB,OPEN,,18,6,0,IN_PERSON,Srivastava M,MOWE,10:00,12:30,JH,022
9662,SLHS-A 100,LEC,CLOSED,,29,0,12,IN_PERSON,Goodall H,MOWE,09:35,10:50,BH,330
9663,SLHS-A 100,LEC,CLOSED,,24,0,7,IN_PERSON,Loveless R,TUTH,11:10,12:25,LH,035
9664,SLHS-A 100,LEC,CLOSED,,29,0,11,IN_PERSON,Murray J,TUTH,14:20,15:35,BH,227
9665,SLHS-A 100,LEC,CLOSED,,23,0,6,IN_PERSON,Murray J,TUTH,15:55,17:10,BH,209
9666,SLHS-A 100,LEC,CLOSED,,23,0,9,IN_PERSON,Murray J,TUTH,09:35,10:50,LH,035
9667,MUS-K 101,LEC,OPEN,,17,7,0,IN_PERSON,Freund D,WE,12:45,13:35,SM,350
9668,THTR-T 403,LEC,OPEN,,18,4,0,IN_PERSON,Gray D,TUTH,11:15,12:45,AD,A350
9669,CMLT-C 151,LEC,CLOSED,,28,0,15,IN_PERSON,Anwarzai F,TUTH,12:45,14:00,BH,246
9670,POLS-Y 490,LEC,CLOSED,THE RULE OF LAW,24,0,2,IN_PERSON,Scheuerman W,TH,14:20,17:10,WH,218
9673,MUS-K 301,LEC,OPEN,,70,34,0,IN_PERSON,Jenks G,WE,16:30,17:45,MC,066
9674,EDUC-Q 205,LEC,OPEN,,24,7,0,IN_PERSON,Zolfaghari M,TUTH,15:55,17:40,ED,3105
9675,EDUC-M 483,LEC,OPEN,,30,5,0,IN_PERSON,Engebretson K,MO,11:10,13:40,ED,2101
9676,SOAD-M 385,LEC,OPEN,,20,11,0,IN_PERSON,White S,MOWE,09:35,10:50,KH,112
9677,ENGR-E 250,LEC,OPEN,,55,6,0,IN_PERSON,Ferradal S,MOWE,11:10,12:25,WY,015
9678,INTL-I 525,LEC,CLOSED,,12,0,0,IN_PERSON,O'Reilly J,TH,12:45,15:15,SY,137
9679,SPH-A 581,LEC,OPEN,,20,10,0,,Kingma J,,,,HD,TBA
9680,BUS-L 293,LEC,CLOSED,,40,0,6,IN_PERSON,Rubin J,TUTH,09:35,10:50,HH,3059
9681,BUS-L 305,LEC,OPEN,,35,6,0,IN_PERSON,Sellers A,MOWE,14:20,15:35,HH,3059
9682,BUS-L 375,LEC,CLOSED,,50,0,25,IN_PERSON,Jean-Pierre P,TUTH,09:35,10:50,HH,4030
9683,BUS-A 531,LEC,OPEN,,30,14,0,IN_PERSON,Ruiz C,TUTH,14:25,15:50,CG,1008
9684,BIOL-X 150,LEC,OPEN,IMMUNE RESPONSE AND BEHAVIOR,30,5,0,IN_PERSON,Murphy M,FR,12:45,13:35,JH,065
9685,BIOL-X 150,LAB,OPEN,IMMUNE RESPONSE AND BEHAVIOR,15,1,0,IN_PERSON,Murphy M,TU,12:45,16:00,JH,A010
9686,BIOL-X 150,LAB,OPEN,IMMUNE RESPONSE AND BEHAVIOR,15,4,0,IN_PERSON,Murphy M,WE,12:45,16:00,JH,A010
9687,CSCI-A 310,LEC,OPEN,,100,37,0,IN_PERSON,German D,MOWE,15:35,17:15,GY,1045
9688,CSCI-A 310,LAB,OPEN,,25,2,0,IN_PERSON,German D,FR,10:25,12:15,PH,154
9689,CSCI-B 481,LEC,OPEN,,14,8,0,IN_PERSON,Hmeljak M,TUTH,11:10,12:25,IF,4063
9690,CSCI-B 481,LAB,OPEN,,14,8,0,IN_PERSON,Hmeljak M,FR,15:55,17:10,IF,0119
9691,CSCI-B 581,LEC,OPEN,,14,8,0,IN_PERSON,Hmeljak M,TUTH,11:10,12:25,IF,4063
9692,CSCI-B 581,LAB,OPEN,,14,8,0,IN_PERSON,Hmeljak M,FR,15:55,17:10,IF,0119
9694,BUS-C 104,BIDS,OPEN,,32,2,0,IN_PERSON,Kerle' T,MOWE,15:55,17:10,HH,3022
9695,BUS-C 104,BIDS,CLOSED,,32,0,0,IN_PERSON,Nevitt J,TUTH,14:20,15:35,HH,3016
9696,BUS-C 104,BIDS,OPEN,,32,4,0,IN_PERSON,Powell M,MOWE,17:30,18:45,HH,3016
9697,BUS-C 204,LEC,CLOSED,,24,0,5,IN_PERSON,Johnson M,MOWE,15:55,17:10,HH,3050
9698,BUS-C 204,LEC,CLOSED,,24,0,7,IN_PERSON,Hook J,TUTH,14:20,15:35,HH,3046
9699,SOAD-W 400,LEC,OPEN,,13,2,0,IN_PERSON,Fertik M,MOWE,15:55,18:40,TV,139
9700,CHEM-C 321,LEC,OPEN,,50,24,0,IN_PERSON,Ye X; Yan C,TUTH,11:10,12:25,CH,001
9701,BIOL-L 410,LEC,CLOSED,ANIMAL PHYSIOLOGY,15,0,2,IN_PERSON,Fudickar A,TUTH,14:20,15:35,JH,001
9702,CHEM-C 427,LEC,CLOSED,,16,0,0,IN_PERSON,Ye X,MO,13:55,14:45,BH,232
9703,CHEM-C 427,LAB,CLOSED,,8,0,0,IN_PERSON,Hsieh Y,WE,15:00,19:00,CH,141
9704,MUS-E 511,LEC,OPEN,,25,25,0,,Tartell J,,,,ARR,
9705,SWK-S 221,LEC,CLOSED,,25,0,0,,Hamre K,,,,WB,WEB
9706,CHEM-C 581,LEC,OPEN,,25,13,0,IN_PERSON,Morais M,TUTH,10:45,12:00,SI,001
9707,MUS-F 325,LEC,OPEN,,15,10,0,IN_PERSON,Dobbins S,TU,08:00,09:50,JS,031
9708,CEUS-T 493,LEC,OPEN,POST ADV LANG STUDY-MONGOLIAN,2,2,0,,Legden T,,,,ARR,
9709,NEUS-G 901,LEC,OPEN,,5,5,0,,,,,,ARR,
9710,NEUS-N 800,LEC,OPEN,,2,1,0,,Trask S,,,,ARR,
9711,NEUS-N 800,LEC,CLOSED,,1,0,0,,Spencer C,,,,ARR,
9712,NEUS-N 800,LEC,CLOSED,,0,0,0,,Lai C,,,,ARR,
9713,NEUS-N 800,LEC,OPEN,,2,2,0,,Tracey D,,,,ARR,
9714,NEUS-N 800,LEC,CLOSED,,0,0,0,,Zelhof A,,,,ARR,
9715,INFO-I 609,LEC,OPEN,SEMINAR IN ACI,35,26,0,IN_PERSON,Nippert-Eng C,TUTH,15:55,17:15,I,107
9716,MSCH-G 460,LEC,OPEN,,36,14,0,IN_PERSON,Emigh W,MOWE,11:10,12:25,FF,073
9717,CHEM-C 341,DIS,CLOSED,,42,0,0,IN_PERSON,Wellik A,TH,17:30,18:20,CH,001
9718,SWK-S 508,LEC,OPEN,,25,1,0,IN_PERSON,Holle L,TU,09:10,11:55,AH,C1020A
9719,CHEM-C 243,LEC,OPEN,,12,9,0,IN_PERSON,Arnold K,MOWEFR,08:00,08:50,CH,122
9720,CHEM-C 243,LEC,OPEN,,12,5,0,IN_PERSON,Arnold K,MOWEFR,09:10,10:00,CH,122
9721,BUS-W 574,LEC,OPEN,,38,3,0,IN_PERSON,Batchelder S,TUTH,12:45,14:10,CG,2063
9725,EDUC-A 695,LEC,OPEN,,30,19,0,,Woodson N,,,,WB,WEB
9728,BUS-A 591,LEC,CLOSED,,35,0,2,IN_PERSON,Andrews A,TUTH,09:25,10:50,CG,1022
9729,MSCH-X 374,LEC,OPEN,,10,10,0,,Clavio G,,,,ARR,
9730,CSCI-C 200,LAB,OPEN,,23,9,0,IN_PERSON,Dalkilic M,FR,10:25,12:20,ED,1002
9731,CSCI-C 200,LAB,OPEN,,25,16,0,IN_PERSON,Dalkilic M,FR,12:45,14:40,TV,186
9732,CSCI-C 200,LAB,OPEN,,25,15,0,IN_PERSON,Dalkilic M,FR,15:00,16:55,TV,186
9733,MSCH-X 375,LEC,OPEN,,10,10,0,,Clavio G,,,,ARR,
9734,MSCH-X 376,LEC,OPEN,,10,9,0,,Clavio G,,,,ARR,
9735,MSCH-X 377,LEC,OPEN,,20,17,0,,Clavio G,,,,ARR,
9736,MSCH-J 365,LEC,CLOSED,,18,0,2,IN_PERSON,Layton S,TUTH,14:20,15:35,FF,062
9737,MSCH-J 365,LEC,OPEN,,18,5,0,IN_PERSON,Paul C,TUTH,17:30,18:45,FF,060
9738,SPCN-V 506,LEC,CLOSED,,20,0,1,,Nelson A,,,,WB,WEB
9739,SPCN-V 506,LEC,CLOSED,,5,0,1,,Nelson A,,,,WB,WEB
9740,EDUC-P 313,LEC,CLOSED,,30,0,0,,Brownell A,,,,WB,WEB
9741,EDUC-H 340,LEC,CLOSED,,25,0,3,IN_PERSON,Rhoda J,MOWE,14:20,15:35,ED,1250
9743,SPH-F 150,LEC,CLOSED,,150,0,0,,Willis-Grossmann E,,,,WB,WEB
9744,SPH-K 496,LEC,OPEN,,15,6,0,IN_PERSON,Nichols T,TUTH,09:10,10:50,HD,TBA
9745,SWK-S 481,LEC,CLOSED,,20,0,0,IN_PERSON,McIntyre-Gray C,TU,09:10,11:55,AH,C1023A
9746,SWK-S 481,LEC,OPEN,,20,2,0,IN_PERSON,Knight P,TU,09:10,11:55,AH,C1020
9748,NURS-H 355,LEC,OPEN,,60,3,0,IN_PERSON,Wonder A,MO,09:00,12:00,AH,C1020Y
9749,MUS-X 1,LEC,OPEN,ALL-CAMPUS STRING ORCHESTRA,75,31,0,IN_PERSON,Fagen A; Meyer J; Cahyadi H,MO,19:15,20:45,MC,070
9750,MUS-F 419,LEC,OPEN,CLARINET ORCHESTRAL REPERTOIRE,5,3,0,IN_PERSON,Levine A,MO,19:00,20:00,MA,004
9751,MUS-F 519,LEC,OPEN,CLARINET ORCHESTRAL REPERTOIRE,5,3,0,IN_PERSON,Levine A,MO,19:00,20:00,MA,004
9752,BUS-A 304,DIS,CLOSED,,38,0,6,IN_PERSON,Lyman R; Beard J,FR,09:35,10:50,HH,3055
9753,BUS-A 304,LEC,CLOSED,,168,0,25,IN_PERSON,Josefy B,WE,08:00,09:15,HH,1000
9754,BUS-A 304,LEC,CLOSED,,168,0,40,IN_PERSON,Josefy B,WE,09:35,10:50,HH,1000
9755,BUS-A 304,LEC,CLOSED,,168,0,44,IN_PERSON,Josefy B,WE,11:10,12:25,HH,1000
9756,BUS-A 304,LEC,CLOSED,,168,0,56,IN_PERSON,Josefy B,WE,12:45,14:00,HH,1000
9757,BUS-A 304,DIS,CLOSED,,38,0,5,IN_PERSON,Lyman R; Galguera Rivera A,FR,09:35,10:50,HH,3075
9758,BUS-A 304,DIS,CLOSED,,38,0,6,IN_PERSON,Lyman R; Galguera Rivera A,FR,11:10,12:25,HH,3075
9759,BUS-A 304,DIS,CLOSED,,38,0,9,IN_PERSON,Lyman R; Latham W,FR,11:10,12:25,HH,3030
9760,BUS-A 304,DIS,CLOSED,,38,0,4,IN_PERSON,Lyman R; Beard J,FR,11:10,12:25,HH,3055
9761,BUS-A 304,DIS,OPEN,,38,2,20,IN_PERSON,Lyman R; Beard J,FR,12:45,14:00,HH,3055
9762,BUS-A 304,DIS,OPEN,,38,1,2,IN_PERSON,Lyman R; Galguera Rivera A,FR,12:45,14:00,HH,3075
9763,BUS-A 304,DIS,CLOSED,,38,0,4,IN_PERSON,Lyman R; Latham W,FR,12:45,14:00,HH,3030
9764,BUS-A 304,DIS,CLOSED,,38,0,6,IN_PERSON,Lyman R; Littrell W,FR,09:35,10:50,HH,3059
9765,BUS-A 304,DIS,CLOSED,,38,0,2,IN_PERSON,Lyman R; Littrell W,FR,11:10,12:25,HH,3059
9766,BUS-A 304,DIS,CLOSED,,38,0,1,IN_PERSON,Lyman R; Littrell W,FR,12:45,14:00,HH,3059
9767,BUS-A 304,DIS,CLOSED,,38,0,5,IN_PERSON,Lyman R; Mager IV T,FR,09:35,10:50,HH,4000
9768,BUS-A 304,DIS,CLOSED,,38,0,2,IN_PERSON,Lyman R; Mager IV T,FR,11:10,12:25,HH,4000
9769,BUS-A 304,DIS,CLOSED,,38,0,5,IN_PERSON,Lyman R; Mager IV T,FR,12:45,14:00,HH,4000
9770,COLL-C 103,LEC,OPEN,"ORIGINAL SIN: REL, PSY & BEHVR",120,1,2,IN_PERSON,Furey C,MOWE,12:45,13:35,EP,257
9771,COLL-C 103,DIS,CLOSED,"ORIGINAL SIN: REL, PSY & BEHVR",30,0,0,IN_PERSON,Furey C; Huston B,FR,09:10,10:00,FR,C230
9772,COLL-C 103,DIS,OPEN,"ORIGINAL SIN: REL, PSY & BEHVR",30,1,0,IN_PERSON,Furey C; Huston B,FR,10:25,11:15,ED,1225
9773,COLL-C 103,DIS,CLOSED,"ORIGINAL SIN: REL, PSY & BEHVR",30,0,0,IN_PERSON,Furey C; Jones E,FR,11:35,12:25,ED,2101
9774,COLL-C 103,DIS,CLOSED,"ORIGINAL SIN: REL, PSY & BEHVR",30,0,2,IN_PERSON,Furey C; Jones E,FR,12:45,13:35,RA,B109
9775,COGS-Q 350,LEC,OPEN,,25,12,0,IN_PERSON,Alexandrov E,MOWE,09:35,10:50,GY,3060
9776,COGS-Q 350,LAB,OPEN,,25,12,0,IN_PERSON,,FR,09:45,11:00,PV,273
9777,BUS-M 432,LEC,CLOSED,,32,0,0,IN_PERSON,Wight K,MOWE,12:45,14:00,HH,2047
9778,SPEA-V 185,LEC,CLOSED,,100,0,3,IN_PERSON,Kyeong K,MOWE,15:55,17:10,PV,169
9779,BUS-A 304,DIS,CLOSED,,38,0,1,IN_PERSON,Lyman R; Schippert G,FR,09:35,10:50,HH,2046
9780,COLL-P 155,LEC,OPEN,,384,2,17,,Zemlicka K,,,,WB,WEB
9781,COLL-P 155,LEC,OPEN,,24,1,0,IN_PERSON,Sibucks Y,MOFR,08:00,08:50,BH,236
9782,COLL-P 155,LEC,CLOSED,,24,0,1,IN_PERSON,Baker E,MOFR,09:10,10:00,BH,236
9783,COLL-P 155,LEC,CLOSED,,24,0,2,IN_PERSON,Baker E,MOFR,10:25,11:15,BH,236
9785,COLL-P 155,LEC,CLOSED,,24,0,1,IN_PERSON,Dilts K,MOFR,13:55,14:45,BH,236
9786,COLL-P 155,LEC,CLOSED,,24,0,1,IN_PERSON,Sibucks Y,MOFR,15:10,16:00,BH,236
9788,COLL-P 155,LEC,CLOSED,,24,0,2,IN_PERSON,Agyekum N,TUTH,10:25,11:15,BH,236
9790,COLL-P 155,LEC,CLOSED,,24,0,5,IN_PERSON,Smith C,TUTH,11:35,12:25,BH,236
9791,COLL-P 155,LEC,CLOSED,,24,0,1,IN_PERSON,Dilts K,MOFR,12:45,13:35,BH,236
9792,COLL-P 155,LEC,CLOSED,,24,0,3,IN_PERSON,Khaksar M,TUTH,13:55,14:45,BH,236
9793,COLL-P 155,LEC,CLOSED,,24,0,2,IN_PERSON,Fan K,TUTH,15:10,16:00,BH,236
9795,EDUC-G 523,LEC,OPEN,,15,2,0,IN_PERSON,Hornibrook L,TH,11:10,13:40,ED,1004
9796,EAS-E 105,LAB,CLOSED,,21,0,5,IN_PERSON,Kenderes E,WE,12:45,14:45,GY,2033
9797,EAS-E 105,LAB,CLOSED,,21,0,1,IN_PERSON,Kenderes E,WE,15:10,17:10,GY,2033
9798,EAS-E 105,LAB,CLOSED,,21,0,2,IN_PERSON,Kenderes E,WE,17:30,19:30,GY,2033
9799,EAS-E 105,LAB,CLOSED,,21,0,5,IN_PERSON,Kenderes E,TH,12:45,14:45,GY,2033
9800,SPEA-V 434,LEC,OPEN,,28,4,0,IN_PERSON,Brass J,MOWE,11:10,12:25,PV,273
9802,SPH-Y 561,LEC,OPEN,,30,2,0,,Allsop J,,,,WB,WEB
9803,EAS-X 498,LEC,OPEN,,1,1,0,,Staten P,,,,ARR,
9805,COLL-P 155,LEC,CLOSED,,24,0,4,IN_PERSON,Gad A,TUTH,11:35,12:25,WB,WEB
9806,SPEA-H 455,LEC,OPEN,HEALTHCARE INFORMATICS MGMT,40,19,0,IN_PERSON,Duhon J,MOWE,11:10,12:25,LI,028
9807,SPH-I 117,LEC,OPEN,,36,3,0,IN_PERSON,Clemons R; Kosuru I,FR,11:10,12:25,HD,TBA
9810,INFO-I 590,LEC,OPEN,PRODUCT MANAGEMENT,21,16,0,IN_PERSON,Reed-Buechlein K,MOWE,15:55,17:10,I,107
9811,INFO-I 400,LEC,OPEN,PRODUCT MANAGEMENT,14,1,0,IN_PERSON,Reed-Buechlein K,MOWE,15:55,17:10,I,107
9814,SPH-M 404,LEC,CLOSED,SPORT AND SOCIAL JUSTICE,50,0,6,,Sailes G,,,,WB,WEB
9816,CHEM-C 343,LAB,OPEN,,20,5,0,IN_PERSON,Pham T,FR,12:40,16:40,CH,147
9817,MSCH-B 333,LEC,CLOSED,,16,0,0,IN_PERSON,Gray J,MOWE,11:10,12:25,FF,003
9818,LAW-B 614,LEC,OPEN,,204,25,0,IN_PERSON,McFadden A,TH,13:20,14:35,LW,123
9820,LAW-B 634,LEC,CLOSED,MEDIA LAW IN THE DIGITAL AGE,5,0,0,IN_PERSON,Fargo A,MO,09:30,12:00,FF,017
9821,LAW-B 668,LEC,CLOSED,,44,0,1,IN_PERSON,Mac Briedis R,MOTUWE,09:50,10:45,LW,120
9823,SPH-P 309,LEC,OPEN,,100,18,0,IN_PERSON,Pope K,MOWE,08:00,09:20,LU,1001
9824,BUS-C 104,BIDS,CLOSED,,32,0,0,IN_PERSON,Ale-Ebrahim B,MOWE,15:55,17:10,WT,C115
9825,SLHS-A 100,LEC,CLOSED,,24,0,8,IN_PERSON,Loveless R,TUTH,12:45,14:00,LH,035
9826,SPH-H 799,LEC,OPEN,,10,9,0,,Walsh-Buhi E,,,,ARR,
9827,BUS-C 104,BIDS,CLOSED,,32,0,0,IN_PERSON,Walton C,MOWE,14:20,15:35,AC,C112
9829,BUS-C 104,BIDS,CLOSED,,32,0,0,IN_PERSON,Fisher K,TUTH,11:10,12:25,CG,0001
9832,BUS-T 175,LEC,CLOSED,,45,0,0,IN_PERSON,Sylvester R,MO,14:20,15:35,HH,4034
9833,BUS-C 104,BIDS,CLOSED,,32,0,0,IN_PERSON,James K,TUTH,09:35,10:50,AC,C002
9834,BUS-C 104,BIDS,CLOSED,,30,0,0,IN_PERSON,Erwin III J,MOWE,09:35,10:50,MN,C010
9835,BUS-C 104,BIDS,CLOSED,,32,0,0,IN_PERSON,Schmeckebier M,MOWE,15:55,17:10,AC,C112
9836,BUS-C 104,BIDS,OPEN,,32,4,0,IN_PERSON,Nnagboro C,TUTH,14:20,15:35,WT,C115
9837,BUS-C 104,BIDS,CLOSED,,30,0,0,IN_PERSON,Erwin III J,MOWE,11:10,12:25,MN,C010
9838,BUS-T 175,LEC,CLOSED,,45,0,0,IN_PERSON,Beranova L,TU,14:20,15:35,HH,4075
9839,ENGR-E 201,LAB,OPEN,,25,16,0,IN_PERSON,Musser J,TH,13:15,14:30,IF,4111
9840,SPEA-V 381,LEC,OPEN,,50,43,0,,Starnes M,,,,ARR,
9841,BUS-T 175,LEC,OPEN,,45,8,0,IN_PERSON,Sylvester R,MO,15:55,17:10,HH,4034
9842,SPEA-H 466,LEC,OPEN,,50,49,0,,Starnes M,,,,ARR,
9843,BUS-T 175,LEC,CLOSED,,45,0,0,IN_PERSON,Ford J,TU,15:55,17:10,HH,2006
9844,BUS-T 175,LEC,CLOSED,,45,0,0,IN_PERSON,Brothers L,TU,11:10,12:25,HH,2006
9845,BUS-T 175,LEC,CLOSED,,45,0,0,IN_PERSON,Brothers L,TH,09:35,10:50,HH,2006
9846,BUS-T 175,LEC,OPEN,,45,1,0,IN_PERSON,Brothers L,TU,09:35,10:50,HH,2006
9847,BUS-T 175,LEC,OPEN,,45,1,0,IN_PERSON,Brothers L,TH,11:10,12:25,HH,2006
9848,BUS-C 104,BIDS,CLOSED,,32,0,0,IN_PERSON,Ale-Ebrahim B,MOWE,12:45,14:00,WT,C115
9849,BUS-C 104,BIDS,CLOSED,,32,0,0,IN_PERSON,Barrett S,MOWE,11:10,12:25,WT,C115
9850,BUS-C 104,BIDS,CLOSED,,32,0,0,IN_PERSON,Ale-Ebrahim B,MOWE,14:20,15:35,WT,C115
9851,BUS-K 201,LEC,CLOSED,,40,0,0,IN_PERSON,Pranger M,TUTH,12:45,14:00,HH,1047
9852,BUS-K 303,LEC,CLOSED,,27,0,1,IN_PERSON,Naldi S,TUTH,09:35,10:50,HH,4055
9853,BUS-T 175,LEC,CLOSED,,45,0,0,IN_PERSON,Hamilton L,WE,09:35,10:50,HH,4034
9855,BUS-T 175,LEC,OPEN,,45,4,0,IN_PERSON,Sylvester R,MO,12:45,14:00,HH,4034
9856,BUS-T 175,LEC,CLOSED,,45,0,0,IN_PERSON,Dutton E,WE,12:45,14:00,HH,4034
9858,PSY-P 657,LEC,OPEN,NEUROBIOLOGY OF COGNITION,5,4,0,IN_PERSON,Hajos N,MOWE,09:35,10:50,PY,230
9859,MUS-K 501,LEC,OPEN,,70,34,0,IN_PERSON,Jenks G,WE,16:30,17:45,MC,066
9861,LTAM-L 727,LEC,OPEN,ADVANCED HAITIAN CREOLE,3,3,0,IN_PERSON,,MOWE,14:20,15:35,WB,WEB
9862,NEUS-N 800,LEC,OPEN,,3,3,0,,Beer R,,,,ARR,
9864,NEUS-N 800,LEC,OPEN,,2,2,0,,Garyfallidis E,,,,ARR,
9865,NEUS-N 800,LEC,OPEN,,2,2,0,,Hajos N,,,,ARR,
9866,NEUS-N 800,LEC,OPEN,,2,2,0,,Wisner K,,,,ARR,
9867,CEUS-T 761,LEC,OPEN,,5,2,0,IN_PERSON,Legden T,MOWEFR,11:35,12:25,WB,WEB
9876,SPH-I 113,LEC,CLOSED,,18,0,1,IN_PERSON,Clemons R; Kapure S,TUTH,11:35,12:25,HD,TBA
9877,SPH-I 113,LEC,OPEN,,18,5,0,IN_PERSON,Clemons R,MOWE,13:55,14:45,HD,TBA
9878,MUS-X 80,LEC,OPEN,,80,46,0,,Albanese C; Graves G; DiOrio D,,,,HD,TBA
9879,BUS-T 175,LEC,CLOSED,,45,0,0,IN_PERSON,Ford J,WE,15:55,17:10,HH,4034
9880,BUS-K 201,LEC,CLOSED,,34,0,0,IN_PERSON,Richardson A,MOWE,14:20,15:35,HH,4083
9881,CLLC-Q 199,LEC,OPEN,,10,2,0,IN_PERSON,Cluver Y,TUTH,16:20,17:10,EO,C112
9882,CLLC-Q 199,LEC,CLOSED,,10,0,0,IN_PERSON,Cluver Y,MOWE,16:20,17:10,EO,C110
9889,CEUS-T 493,LEC,OPEN,POST ADV LANG STUDY-MONGOLIAN,5,5,0,,Legden T,,,,WB,WEB
9890,EDUC-E 343,LEC,OPEN,,16,16,0,IN_PERSON,Rich E,MOWE,09:35,10:50,ED,3017
9891,MUS-E 510,LEC,OPEN,,25,25,0,,Tartell J,,,,ARR,
9895,MELC-X 399,LEC,OPEN,,10,10,0,,Alsaleh A,,,,ARR,
9901,SWK-S 300,LEC,OPEN,SPIRITUALITY AND HELPING PROF,30,8,0,,Simonton Jr M,,,,WB,WEB
9903,ARTH-X 491,LEC,OPEN,,10,10,0,,Knox G,,,,ARR,
9905,CSCI-B 505,LAB,OPEN,,25,21,0,IN_PERSON,Qaaidi S,FR,12:40,13:30,IF,1019
9906,LAW-B 790,LEC,OPEN,,20,20,0,,Goodwin G,,,,ARR,
9907,SPEA-R 643,LEC,OPEN,,30,1,0,IN_PERSON,Salmon G,TUTH,14:20,15:35,PV,A205
9908,EALC-K 533,LEC,OPEN,,28,13,0,IN_PERSON,Jeong W,TUTH,13:55,14:45,WH,203
9909,EALC-K 533,DRL,OPEN,,14,9,0,IN_PERSON,Jeong W,MOWEFR,11:35,12:25,EP,256
9910,EALC-K 533,DRL,OPEN,,14,4,0,IN_PERSON,Jeong W,MOWEFR,10:25,11:15,EP,256
9911,SEAS-B 101,LEC,OPEN,,15,7,0,IN_PERSON,Myat K,MOWEFR,10:25,11:25,AC,C107
9912,INFO-I 520,LAB,OPEN,,10,4,0,IN_PERSON,Huang Y,FR,12:40,13:30,IF,3115
9913,CSCI-B 544,LAB,OPEN,,6,5,0,IN_PERSON,Huang Y,FR,12:40,13:30,IF,3115
9920,ECON-B 251,LEC,OPEN,,300,107,0,IN_PERSON,Raghav M,TUTH,15:55,17:10,CH,122
9921,SPH-H 494,LEC,OPEN,,47,19,0,IN_PERSON,Crawford B,MOWE,15:55,17:10,LH,035
9922,OVST-M 496,LEC,OPEN,,25,17,0,,Carty S,,,,ARR,
9923,GEOG-G 338,LEC,OPEN,,27,2,0,IN_PERSON,Kim Y,MOWE,11:10,12:25,SB,221
9924,GEOG-G 538,LEC,CLOSED,,8,0,0,IN_PERSON,Kim Y,MOWE,11:10,12:25,SB,221
9938,EDUC-G 523,LEC,CLOSED,,15,0,1,IN_PERSON,Perez-Rojas A,TU,14:20,16:50,ED,1004
9939,SPH-K 693,LEC,OPEN,,25,25,0,,Carter S,,,,ARR,
9940,AAAD-A 479,LEC,CLOSED,,25,0,1,IN_PERSON,Hamilton Abegunde M,MOWE,11:10,12:25,WI,C109
9941,BUS-L 375,LEC,CLOSED,,50,0,37,IN_PERSON,Douglass K,TUTH,12:45,14:00,HH,4030
9942,HISP-C 491,LEC,OPEN,,6,6,0,IN_PERSON,Plymale A,MOWEFR,11:35,12:25,WB,WEB
9943,SPH-N 301,LEC,OPEN,,30,1,0,IN_PERSON,Gletsu Miller N; Lash-Rosenberg K; Spence L,TU,09:10,10:00,WH,007
9944,SPH-N 301,LAB,OPEN,,30,1,0,IN_PERSON,Gletsu Miller N; Lash-Rosenberg K; Spence L,TH,09:05,11:05,PH,09
9950,PSY-P 101,LEC,CLOSED,,255,0,8,,Halcomb M,,,,WB,WEB
9953,MSCH-M 500,LEC,CLOSED,,14,0,0,IN_PERSON,Parameswaran R,TU,09:00,11:30,FF,212
9956,SPH-E 359,LEC,OPEN,,44,33,0,IN_PERSON,Ludema C,MOWE,14:20,15:35,LI,026
9958,SPH-F 150,LEC,OPEN,,10,5,0,IN_PERSON,Lawson T,TUTH,16:20,18:50,GA,1106
9961,CEUS-T 641,LEC,OPEN,,5,3,0,IN_PERSON,Varga V,MOWETHFR,11:35,12:25,WB,WEB
9962,SPEA-V 100,LEC,OPEN,STRESS MGMT & WELLBEING,24,13,0,IN_PERSON,Gilbert R,TUTH,14:45,15:35,PY,109
9963,EDUC-P 403,LEC,CLOSED,,30,0,0,,Byers D,,,,WB,WEB
9964,SPH-K 693,LEC,OPEN,,25,25,0,,Sage B,,,,ARR,
9965,SPH-K 280,LEC,OPEN,,60,1,0,IN_PERSON,Kingma J,MOWE,11:35,12:25,PH,013
9966,AMST-A 100,LEC,OPEN,PEOPLING OF CONTEMP AMERICA,150,3,0,IN_PERSON,Anderson P,MOWE,16:20,17:10,WH,101
9971,SOAD-Z 800,LEC,OPEN,,15,13,0,,Martinez D,,,,ARR,
9974,SPH-H 419,LEC,OPEN,,25,11,0,,Sadler K,,,,WB,WEB
9975,SPH-H 419,LEC,OPEN,,10,8,0,,Sadler K,,,,WB,WEB
9976,SPH-K 486,LEC,OPEN,,5,2,0,,Ryder R,,,,ARR,
9977,ARTH-A 155,LEC,OPEN,,90,5,0,IN_PERSON,Martinez-Ruiz B,MOWE,08:00,09:15,GA,0001
9980,ENG-W 131,LEC,CLOSED,,23,0,0,IN_PERSON,Dodt A; Silvester K,MOWEFR,09:10,10:00,BH,134
9981,ENG-W 131,LEC,CLOSED,,23,0,1,IN_PERSON,Lutz T; Rivera A,MOWEFR,11:35,12:35,BH,140
9983,MUS-F 340,LEC,OPEN,,5,5,0,IN_PERSON,Conjurske J,TUTH,09:10,10:00,SM,C113
9984,MUS-F 540,LEC,OPEN,,7,1,0,IN_PERSON,Conjurske J,TUTH,09:10,10:00,SM,C113
9985,CEUS-T 241,LEC,OPEN,,5,3,0,IN_PERSON,Varga V,MOWETHFR,11:35,12:25,WB,WEB
9986,BUS-F 541,LEC,OPEN,,38,3,0,IN_PERSON,Torabi A,TUTH,12:45,14:10,CG,1022
9987,SPH-E 358,LEC,OPEN,,5,4,0,IN_PERSON,Klopack E,MOWE,12:45,14:00,LI,026
